tau1,tau2,num-tau1,num-tau2,id-tau1,id-tau2
1,-13,2,1,1,-13
2,1,2,2,1,1
-11,1,0,2,-11,1
10,10,5,5,10,10
10,-13,5,1,10,-13
10,-11,5,0,10,-11
2,10,2,5,1,10
1,-13,3,1,0,-13
10,-11,5,0,10,-11
2,12,2,6,1,11
1,2,2,2,1,1
12,-13,6,1,11,-13
10,-11,5,0,10,-11
11,1,5,2,10,1
2,-11,4,0,2,-11
-11,10,0,5,-11,10
1,0,2,3,1,0
-11,11,2,5,1,10
1,-11,2,0,1,-11
0,-13,8,2,-333,1
-13,1,1,2,-13,1
-11,2,0,4,-11,2
-13,-13,2,1,1,-13
-13,1,1,2,-13,1
1,10,5,5,10,10
1,1,2,2,1,1
1,-11,2,0,1,-11
1,0,2,3,1,0
2,-13,2,1,1,-13
0,1,7,2,-222,1
1,1,2,2,1,1
0,1,3,2,0,1
-13,10,1,5,-13,10
0,-11,3,0,0,-11
-11,-11,0,0,-11,-11
1,0,2,2,1,1
-13,1,1,2,-13,1
11,10,6,5,11,10
-13,10,1,5,-13,10
-11,0,0,3,-11,0
0,1,3,2,0,1
-11,0,0,3,-11,0
0,1,3,2,0,1
-13,0,1,3,-13,0
1,2,2,6,1,11
1,-11,2,0,1,-11
-13,-11,1,0,-13,-11
-13,1,2,8,1,-333
11,11,6,6,11,11
-13,0,1,3,-13,0
1,0,4,3,2,0
-11,-11,0,0,-11,-11
11,-13,5,1,10,-13
2,0,2,3,1,0
1,-13,2,8,1,-333
-11,-11,0,0,-11,-11
12,-13,6,1,11,-13
1,1,2,2,1,1
-11,-13,0,1,-11,-13
-11,1,0,2,-11,1
-11,-13,0,1,-11,-13
-13,-13,1,1,-13,-13
-13,0,1,3,-13,0
-13,-13,1,1,-13,-13
2,-13,4,1,2,-13
-13,10,1,5,-13,10
10,-11,5,0,10,-11
10,2,5,4,10,2
1,-11,2,0,1,-11
2,-13,4,1,2,-13
2,10,4,5,2,10
1,-13,2,1,1,-13
10,-11,5,0,10,-11
10,10,5,5,10,10
2,0,4,3,2,0
-13,10,1,5,-13,10
1,-13,2,1,1,-13
10,-13,6,1,11,-13
-13,-11,1,0,-13,-11
1,2,2,2,1,1
-13,0,1,3,-13,0
1,1,2,2,1,1
11,2,5,4,10,2
0,2,3,6,0,11
-13,0,1,6,-13,11
-13,-13,1,1,-13,-13
0,0,6,3,11,0
-11,2,0,6,-11,11
0,11,5,6,10,11
10,-11,5,0,10,-11
-13,10,1,5,-13,10
-13,12,1,6,-13,11
0,11,3,6,0,11
10,10,6,6,11,11
2,1,4,2,2,1
0,10,3,5,0,10
0,10,3,6,0,11
10,-13,6,1,11,-13
1,0,2,3,1,0
11,1,6,0,11,-11
10,1,5,3,10,0
0,-13,5,1,10,-13
-11,0,0,3,-11,0
2,-11,4,2,2,1
-13,1,1,4,-13,2
0,0,3,3,0,0
-11,11,0,6,-11,11
1,-13,2,1,1,-13
1,-11,2,0,1,-11
0,0,2,3,1,0
-11,11,0,6,-11,11
-11,0,3,0,0,-11
-11,1,2,2,1,1
-11,10,0,5,-11,10
1,1,2,2,1,1
11,0,6,3,11,0
0,-13,3,1,0,-13
0,-11,3,3,0,0
-11,-13,0,1,-11,-13
0,-11,3,0,0,-11
1,10,2,5,1,10
10,-13,5,1,10,-13
1,-13,2,1,1,-13
1,1,2,2,1,1
1,10,2,5,1,10
10,-13,5,1,10,-13
2,10,4,5,2,10
2,2,2,4,1,2
10,-13,5,1,10,-13
0,11,3,4,0,2
2,1,4,2,2,1
-13,2,1,2,-13,1
0,-11,3,0,0,-11
10,0,5,3,10,0
-11,0,0,3,-11,0
0,-11,3,0,0,-11
2,1,2,2,1,1
-11,-11,0,8,-11,-333
10,-13,5,1,10,-13
1,10,2,5,1,10
1,1,4,2,2,1
-11,0,0,3,-11,0
0,-13,3,1,0,-13
0,1,3,2,0,1
1,0,2,3,1,0
11,1,5,4,10,2
1,1,2,2,1,1
10,-11,5,0,10,-11
1,11,2,5,1,10
0,1,3,2,0,1
1,11,2,6,1,11
1,2,2,4,1,2
1,0,7,3,-222,0
-11,0,0,3,-11,0
-13,-11,1,0,-13,-11
-11,0,0,2,-11,1
11,0,5,3,10,0
-13,10,1,5,-13,10
2,-13,4,1,2,-13
11,-13,6,1,11,-13
0,2,3,2,0,1
-11,1,0,2,-11,1
0,11,3,5,0,10
0,-11,3,0,0,-11
-13,-11,1,0,-13,-11
-11,0,0,3,-11,0
-11,0,0,3,-11,0
1,2,2,2,1,1
-13,1,1,2,-13,1
1,1,2,2,1,1
-13,-11,1,0,-13,-11
-13,-13,1,1,-13,-13
-11,-13,0,1,-11,-13
1,1,2,2,1,1
10,10,5,2,10,1
1,1,5,2,10,1
11,-13,6,1,11,-13
2,0,4,3,2,0
0,1,3,6,0,11
0,11,2,6,1,11
1,2,2,2,1,1
1,-13,2,1,1,-13
11,1,4,2,2,1
-11,2,0,4,-11,2
10,-11,5,0,10,-11
1,-13,2,1,1,-13
-11,0,0,3,-11,0
0,-11,3,0,0,-11
2,1,2,2,1,1
0,-11,3,0,0,-11
1,-11,2,0,1,-11
-13,-13,1,1,-13,-13
0,-13,3,1,0,-13
10,0,5,3,10,0
2,0,4,3,2,0
11,-13,6,1,11,-13
11,11,5,5,10,10
1,1,2,2,1,1
-11,10,0,5,-11,10
2,1,4,2,2,1
10,0,8,3,-333,0
1,0,2,3,1,0
1,1,2,2,1,1
-11,0,0,3,-11,0
-13,-13,1,1,-13,-13
10,1,6,2,11,1
1,0,2,8,1,-333
10,1,5,2,10,1
0,0,3,3,0,0
1,0,5,3,10,0
-13,1,1,2,-13,1
-13,1,1,2,-13,1
-11,-13,0,1,-11,-13
-11,0,0,3,-11,0
0,-13,3,1,0,-13
1,-11,2,0,1,-11
10,0,5,5,10,10
10,-11,6,0,11,-11
-11,11,0,6,-11,11
0,1,2,4,1,2
10,1,5,2,10,1
0,1,3,2,0,1
10,2,5,2,10,1
1,-13,2,1,1,-13
11,-13,6,1,11,-13
10,0,5,0,10,-11
1,10,2,5,1,10
-11,1,0,2,-11,1
1,-13,2,1,1,-13
-13,2,1,2,-13,1
1,-13,2,1,1,-13
-11,11,0,5,-11,10
0,-11,3,0,0,-11
10,1,5,2,10,1
1,-11,2,0,1,-11
1,2,2,4,1,2
1,1,2,2,1,1
-13,3,1,4,-13,2
10,-11,5,0,10,-11
-13,0,1,3,-13,0
-11,2,0,2,-11,1
11,-11,5,0,10,-11
10,-13,6,1,11,-13
11,-13,6,1,11,-13
2,-13,2,1,1,-13
10,2,5,4,10,2
1,0,4,3,2,0
-11,10,7,2,-222,1
11,1,5,8,10,-333
-11,-13,0,1,-11,-13
11,-11,5,0,10,-11
10,1,5,2,10,1
10,1,5,2,10,1
0,11,5,8,10,-333
10,1,5,2,10,1
-11,0,0,3,-11,0
1,11,6,5,11,10
-11,1,0,2,-11,1
0,-13,3,1,0,-13
0,0,3,2,0,1
1,-13,2,1,1,-13
-11,10,0,6,-11,11
3,1,4,5,2,10
-11,-11,0,0,-11,-11
1,-11,3,0,0,-11
-11,1,0,1,-11,-13
0,1,3,4,0,2
1,-11,2,0,1,-11
1,2,2,2,1,1
2,0,2,5,1,10
-13,-11,1,0,-13,-11
1,1,2,2,1,1
-13,12,1,6,-13,11
10,3,5,4,10,2
10,1,5,2,10,1
2,-13,4,1,2,-13
-13,0,3,2,0,1
0,1,3,6,0,11
-13,1,1,4,-13,2
-13,1,1,2,-13,1
-13,1,1,2,-13,1
-13,-13,1,1,-13,-13
2,11,6,6,11,11
-11,11,0,6,-11,11
-13,0,8,3,-333,0
10,-13,5,1,10,-13
2,11,2,2,1,1
11,-11,5,0,10,-11
4,-13,4,1,2,-13
2,-11,6,0,11,-11
1,-13,2,1,1,-13
1,1,2,2,1,1
-11,11,0,5,-11,10
1,0,2,5,1,10
1,2,2,2,1,1
10,2,5,6,10,11
1,-11,2,0,1,-11
10,0,5,3,10,0
1,-11,2,0,1,-11
-13,-11,1,0,-13,-11
1,1,2,2,1,1
0,12,1,6,-13,11
1,1,2,2,1,1
2,1,2,2,1,1
2,-11,4,0,2,-11
1,0,2,3,1,0
-11,2,2,2,1,1
2,-13,6,1,11,-13
-11,-11,0,0,-11,-11
1,-11,2,0,1,-11
2,1,4,2,2,1
2,2,2,4,1,2
1,1,2,2,1,1
-13,11,1,6,-13,11
1,0,2,1,1,-13
1,-13,2,1,1,-13
1,-11,2,0,1,-11
-11,2,0,6,-11,11
10,11,2,6,1,11
1,2,2,4,1,2
1,1,2,2,1,1
-13,-13,3,1,0,-13
10,2,5,6,10,11
-11,2,0,4,-11,2
1,10,2,5,1,10
1,-13,2,1,1,-13
10,-13,5,1,10,-13
1,0,2,3,1,0
0,1,3,2,0,1
0,-13,3,1,0,-13
0,1,3,2,0,1
1,-13,0,1,-11,-13
2,-11,4,0,2,-11
-11,0,0,3,-11,0
1,-13,2,1,1,-13
-11,2,0,2,-11,1
-11,2,0,2,-11,1
-11,1,0,4,-11,2
1,10,2,5,1,10
2,12,4,6,2,11
1,-13,2,1,1,-13
11,-11,5,0,10,-11
0,2,5,2,10,1
0,1,3,2,0,1
10,2,5,4,10,2
-11,0,0,3,-11,0
-13,-13,1,1,-13,-13
-13,-11,1,0,-13,-11
2,2,2,2,1,1
2,2,4,6,2,11
1,11,2,6,1,11
-11,10,2,6,1,11
-11,1,0,2,-11,1
-11,0,0,3,-11,0
1,0,2,2,1,1
-11,1,8,2,-333,1
-11,-11,0,0,-11,-11
-11,1,0,2,-11,1
1,-13,2,1,1,-13
-13,-13,1,1,-13,-13
1,-13,2,1,1,-13
2,1,2,0,1,-11
-11,1,0,2,-11,1
2,10,6,5,11,10
10,0,5,3,10,0
1,1,2,2,1,1
1,1,2,2,1,1
-13,-11,1,2,-13,1
2,-13,4,1,2,-13
0,-11,5,0,10,-11
1,2,2,4,1,2
1,10,0,5,-11,10
1,2,2,2,1,1
-13,-11,1,0,-13,-11
-11,1,0,2,-11,1
0,0,2,0,1,-11
0,0,0,2,-11,1
-11,2,0,4,-11,2
-11,2,0,2,-11,1
11,-13,5,1,10,-13
2,-13,2,1,1,-13
10,2,5,2,10,1
0,1,3,2,0,1
1,-11,2,0,1,-11
-11,-13,0,1,-11,-13
1,-11,2,0,1,-11
0,-13,3,1,0,-13
-13,-13,1,1,-13,-13
2,0,2,3,1,0
-13,1,1,2,-13,1
-11,10,0,5,-11,10
0,-13,2,1,1,-13
1,1,4,2,2,1
1,1,2,2,1,1
-11,-13,0,1,-11,-13
10,-13,5,1,10,-13
0,11,1,6,-13,11
-11,-13,0,1,-11,-13
2,0,4,3,2,0
1,2,2,2,1,1
0,-11,3,0,0,-11
1,1,2,0,1,-11
10,-13,6,1,11,-13
-13,-13,1,1,-13,-13
1,-11,2,0,1,-11
2,1,4,2,2,1
0,1,3,2,0,1
-11,-13,2,1,1,-13
0,-13,2,1,1,-13
-13,-11,1,0,-13,-11
-13,3,8,6,-333,11
2,-13,2,1,1,-13
1,1,2,2,1,1
-13,1,1,2,-13,1
-13,2,1,2,-13,1
-13,1,1,2,-13,1
-13,1,1,2,-13,1
1,1,2,2,1,1
-13,-11,1,0,-13,-11
-13,1,1,2,-13,1
2,11,4,6,2,11
-11,2,8,3,-333,0
-13,-13,1,1,-13,-13
10,-13,5,1,10,-13
-11,11,2,6,1,11
0,10,3,5,0,10
1,0,2,3,1,0
2,-11,6,0,11,-11
0,2,3,4,0,2
2,-11,4,0,2,-11
10,1,5,2,10,1
-11,10,0,5,-11,10
1,-13,2,1,1,-13
-11,-13,0,1,-11,-13
1,-13,2,1,1,-13
-13,-13,1,1,-13,-13
2,2,6,6,11,11
11,0,5,3,10,0
1,10,2,6,1,11
3,1,4,2,2,1
-13,-13,1,1,-13,-13
-11,11,0,6,-11,11
0,0,0,3,-11,0
0,2,8,7,-333,-222
0,-11,3,0,0,-11
1,1,2,2,1,1
0,1,3,4,0,2
1,-13,2,1,1,-13
1,0,2,3,1,0
1,1,2,2,1,1
11,-13,5,1,10,-13
3,1,2,2,1,1
-11,0,0,3,-11,0
1,4,6,4,11,2
1,3,2,2,1,1
1,-11,2,0,1,-11
-13,0,8,1,-333,-13
1,11,2,5,1,10
-11,10,0,5,-11,10
0,-11,3,0,0,-11
-11,-13,2,1,1,-13
-11,-11,2,0,1,-11
10,10,6,8,11,-333
-11,-11,0,0,-11,-11
1,2,2,6,1,11
11,1,5,2,10,1
1,1,2,4,1,2
10,1,5,2,10,1
-13,10,1,5,-13,10
1,0,6,0,11,-11
1,0,2,3,1,0
-13,10,1,5,-13,10
-11,1,2,2,1,1
-11,1,0,2,-11,1
0,1,3,2,0,1
1,2,2,6,1,11
-11,0,0,2,-11,1
-11,-11,0,2,-11,1
1,1,5,2,10,1
-13,-13,1,1,-13,-13
11,11,6,4,11,2
-13,0,1,2,-13,1
0,10,3,5,0,10
1,-13,6,1,11,-13
3,10,6,5,11,10
1,1,2,2,1,1
1,1,2,2,1,1
2,11,4,6,2,11
-13,11,1,6,-13,11
-13,0,1,2,-13,1
-13,1,1,2,-13,1
-13,-13,1,1,-13,-13
1,-13,2,1,1,-13
1,0,2,3,1,0
-11,1,0,4,-11,2
-13,11,1,5,-13,10
10,-11,5,4,10,2
2,10,6,5,11,10
-13,0,1,3,-13,0
-13,-11,1,0,-13,-11
0,-11,3,0,0,-11
-11,-11,0,0,-11,-11
2,-13,2,8,1,-333
-13,1,8,2,-333,1
-11,10,0,5,-11,10
1,2,2,2,1,1
-11,2,0,2,-11,1
-11,1,0,2,-11,1
12,-13,6,1,11,-13
-11,-11,0,2,-11,1
2,11,6,5,11,10
1,-13,4,1,2,-13
11,1,6,2,11,1
1,1,2,2,1,1
0,-13,2,1,1,-13
-13,-13,1,1,-13,-13
-11,0,0,3,-11,0
1,1,2,2,1,1
-11,1,0,2,-11,1
1,1,3,2,0,1
-11,0,0,3,-11,0
-13,1,8,2,-333,1
-13,1,1,2,-13,1
1,-13,4,1,2,-13
-11,1,0,2,-11,1
11,10,6,6,11,11
10,1,5,0,10,-11
10,10,5,5,10,10
2,11,2,6,1,11
-11,-13,0,1,-11,-13
-11,1,0,2,-11,1
2,1,4,4,2,2
0,0,3,2,0,1
10,-13,5,1,10,-13
-13,1,1,2,-13,1
-11,1,0,2,-11,1
1,10,2,5,1,10
-13,2,1,2,-13,1
2,-13,7,1,-222,-13
-13,10,1,5,-13,10
-11,-13,0,1,-11,-13
-11,1,0,2,-11,1
1,0,2,3,1,0
10,-13,5,1,10,-13
2,-11,4,0,2,-11
0,1,3,2,0,1
1,-13,4,1,2,-13
-13,1,1,2,-13,1
-11,1,0,8,-11,-333
10,-13,5,1,10,-13
-13,1,1,2,-13,1
1,1,2,2,1,1
10,-11,5,2,10,1
11,-13,5,1,10,-13
1,1,2,2,1,1
10,-13,5,1,10,-13
0,-13,3,1,0,-13
-13,-13,1,1,-13,-13
2,1,4,8,2,-333
1,11,2,5,1,10
-13,2,1,2,-13,1
1,1,2,2,1,1
1,1,2,2,1,1
1,10,2,5,1,10
-13,0,1,3,-13,0
-11,-11,0,0,-11,-11
-13,-13,1,1,-13,-13
-11,10,1,5,-13,10
-13,2,1,2,-13,1
2,-13,4,1,2,-13
1,-13,2,1,1,-13
-11,-11,0,0,-11,-11
0,-11,3,0,0,-11
-13,1,1,2,-13,1
-13,1,1,2,-13,1
11,2,5,4,10,2
-11,-13,0,1,-11,-13
-11,-11,0,0,-11,-11
2,1,4,2,2,1
0,-11,3,0,0,-11
10,2,5,2,10,1
10,2,5,4,10,2
0,-11,3,0,0,-11
-13,2,1,2,-13,1
-11,4,0,6,-11,11
1,1,2,2,1,1
-11,-13,0,1,-11,-13
11,-13,5,1,10,-13
-11,-11,0,0,-11,-11
-11,-11,0,1,-11,-13
1,-11,2,0,1,-11
1,-11,8,0,-333,-11
10,11,5,6,10,11
10,11,5,5,10,10
-13,11,1,5,-13,10
1,0,2,2,1,1
2,10,2,5,1,10
1,1,2,2,1,1
1,-11,3,0,0,-11
-13,10,1,5,-13,10
0,-13,3,1,0,-13
-11,-11,0,0,-11,-11
0,0,0,3,-11,0
0,-13,5,1,10,-13
-13,10,1,5,-13,10
-13,-13,1,1,-13,-13
1,-13,6,1,11,-13
0,0,3,3,0,0
2,-11,6,0,11,-11
-11,1,0,5,-11,10
1,10,4,5,2,10
11,2,6,6,11,11
-11,2,0,4,-11,2
0,10,3,5,0,10
11,-11,6,0,11,-11
-11,1,8,8,-333,-333
1,-11,2,0,1,-11
1,1,2,2,1,1
-11,-11,0,0,-11,-11
10,1,5,4,10,2
1,1,2,6,1,11
10,1,5,2,10,1
1,1,2,2,1,1
1,-11,2,0,1,-11
1,-11,2,0,1,-11
-13,1,1,2,-13,1
10,1,5,2,10,1
11,1,6,2,11,1
11,-13,5,1,10,-13
-11,1,0,2,-11,1
0,1,3,0,0,-11
1,2,2,4,1,2
10,1,5,2,10,1
10,2,5,2,10,1
-11,10,0,5,-11,10
3,10,4,5,2,10
10,10,5,5,10,10
1,-11,8,0,-333,-11
0,-13,3,2,0,1
1,0,2,2,1,1
-11,11,0,5,-11,10
0,2,6,2,11,1
-13,2,1,2,-13,1
1,1,2,2,1,1
10,1,5,2,10,1
-13,-13,1,1,-13,-13
1,1,2,2,1,1
-13,0,1,3,-13,0
0,10,5,2,10,1
1,1,6,2,11,1
2,1,2,2,1,1
-11,1,0,4,-11,2
10,1,5,2,10,1
11,-13,6,1,11,-13
1,0,2,3,1,0
3,1,2,2,1,1
1,1,2,2,1,1
-11,-11,0,0,-11,-11
11,1,5,2,10,1
2,2,2,2,1,1
1,-11,2,0,1,-11
1,2,2,4,1,2
1,0,2,3,1,0
-11,11,0,5,-11,10
1,1,2,2,1,1
3,1,4,2,2,1
-13,10,1,5,-13,10
1,-11,2,0,1,-11
1,0,2,3,1,0
-13,1,1,2,-13,1
-13,-13,1,1,-13,-13
0,2,3,2,0,1
1,-13,0,1,-11,-13
1,1,2,2,1,1
1,-11,2,0,1,-11
1,-11,2,0,1,-11
-13,-11,1,0,-13,-11
-11,0,0,3,-11,0
2,2,2,4,1,2
10,-11,5,0,10,-11
2,2,4,4,2,2
-11,1,0,2,-11,1
-13,-11,0,7,-11,-222
10,-11,5,0,10,-11
0,1,8,2,-333,1
0,0,3,3,0,0
-11,1,0,2,-11,1
1,2,6,4,11,2
2,3,6,4,11,2
-13,1,1,5,-13,10
-13,3,1,4,-13,2
-11,10,0,2,-11,1
0,1,3,2,0,1
1,11,2,6,1,11
1,1,2,4,1,2
-11,1,0,2,-11,1
0,-11,3,0,0,-11
-13,0,1,3,-13,0
-13,-11,1,0,-13,-11
1,0,2,3,1,0
-11,-11,0,0,-11,-11
2,0,2,3,1,0
1,1,4,2,2,1
-11,1,0,2,-11,1
1,-11,2,0,1,-11
11,10,5,5,10,10
10,2,5,4,10,2
10,-13,5,1,10,-13
0,-13,3,1,0,-13
1,0,2,3,1,0
1,1,5,2,10,1
1,-13,2,1,1,-13
0,-11,3,0,0,-11
1,1,2,2,1,1
2,-11,2,0,1,-11
1,1,2,2,1,1
-13,1,1,2,-13,1
2,-11,4,2,2,1
-13,-13,1,1,-13,-13
-13,1,1,2,-13,1
0,-13,3,1,0,-13
2,0,2,5,1,10
-13,0,1,3,-13,0
-11,1,0,2,-11,1
1,-13,2,1,1,-13
2,1,4,2,2,1
-11,-13,8,1,-333,-13
2,-13,2,1,1,-13
10,-11,5,0,10,-11
11,1,5,2,10,1
-11,1,0,2,-11,1
-13,-11,1,0,-13,-11
-13,0,1,3,-13,0
-11,11,0,4,-11,2
10,-11,5,0,10,-11
-13,1,1,2,-13,1
1,-13,2,1,1,-13
-11,2,0,2,-11,1
1,1,2,4,1,2
2,2,4,6,2,11
2,-13,2,1,1,-13
2,-11,2,0,1,-11
2,1,4,2,2,1
10,-11,5,0,10,-11
-11,-11,0,0,-11,-11
1,-11,2,0,1,-11
-11,-13,0,1,-11,-13
0,1,0,6,-11,11
1,11,2,6,1,11
1,-13,3,1,0,-13
-11,1,0,2,-11,1
1,0,2,3,1,0
-13,-11,1,2,-13,1
2,0,2,3,1,0
-13,10,1,5,-13,10
1,-13,2,1,1,-13
-13,-13,1,1,-13,-13
1,0,2,3,1,0
11,0,5,2,10,1
12,-11,6,0,11,-11
-13,-13,1,1,-13,-13
0,-11,3,0,0,-11
-13,1,1,2,-13,1
-11,-11,0,0,-11,-11
0,-11,3,0,0,-11
-13,0,1,3,-13,0
10,0,5,3,10,0
-13,-11,1,0,-13,-11
11,1,6,2,11,1
0,1,3,2,0,1
-11,-11,0,0,-11,-11
1,-11,2,0,1,-11
0,-11,5,0,10,-11
1,1,2,2,1,1
-11,-11,0,0,-11,-11
10,-11,5,0,10,-11
1,-11,2,0,1,-11
-13,10,1,5,-13,10
0,-13,3,1,0,-13
10,3,6,4,11,2
1,2,2,2,1,1
-13,-11,1,0,-13,-11
-13,1,1,2,-13,1
10,10,5,5,10,10
10,0,5,3,10,0
-13,10,1,6,-13,11
-11,-11,0,0,-11,-11
-13,2,1,2,-13,1
1,-11,2,0,1,-11
-13,2,1,6,-13,11
-13,-13,1,1,-13,-13
1,2,3,4,0,2
1,1,2,2,1,1
10,-13,5,2,10,1
10,1,5,2,10,1
2,1,4,2,2,1
0,-13,3,2,0,1
1,1,2,2,1,1
-13,-11,1,0,-13,-11
1,-11,2,0,1,-11
-13,10,1,6,-13,11
-13,1,1,2,-13,1
10,-13,6,8,11,-333
1,0,2,3,1,0
-13,1,1,2,-13,1
1,-13,2,1,1,-13
-11,1,0,5,-11,10
1,2,2,8,1,-333
0,1,5,2,10,1
0,-13,3,1,0,-13
-11,10,0,5,-11,10
-11,1,0,2,-11,1
2,10,4,5,2,10
-11,-13,0,1,-11,-13
1,11,2,5,1,10
-11,2,0,2,-11,1
-13,-11,1,0,-13,-11
1,1,2,2,1,1
-13,1,1,2,-13,1
2,10,2,5,1,10
-13,-11,1,0,-13,-11
10,1,5,2,10,1
1,-11,2,0,1,-11
-13,11,1,6,-13,11
1,-11,5,1,10,-13
2,10,2,5,1,10
1,-11,2,0,1,-11
1,0,0,0,-11,-11
1,1,6,7,11,-222
10,1,5,2,10,1
1,1,2,2,1,1
1,11,2,6,1,11
0,-11,3,0,0,-11
-11,0,0,3,-11,0
2,10,2,6,1,11
2,-11,4,0,2,-11
-13,0,1,3,-13,0
1,1,2,2,1,1
1,1,2,4,1,2
10,1,5,2,10,1
2,0,2,2,1,1
0,1,3,5,0,10
1,11,2,6,1,11
1,1,2,2,1,1
-13,1,1,2,-13,1
2,10,4,5,2,10
10,-13,5,1,10,-13
0,1,3,4,0,2
-13,-13,1,1,-13,-13
0,1,5,2,10,1
2,1,2,2,1,1
2,-13,4,1,2,-13
10,1,6,5,11,10
2,0,2,3,1,0
11,2,6,4,11,2
1,1,5,2,10,1
1,1,6,2,11,1
1,10,2,5,1,10
2,1,5,2,10,1
-13,1,1,2,-13,1
1,-13,2,1,1,-13
0,1,3,4,0,2
-13,-11,1,0,-13,-11
0,-11,3,0,0,-11
1,1,0,2,-11,1
-11,1,0,4,-11,2
-13,-11,1,0,-13,-11
-13,1,1,2,-13,1
2,1,4,2,2,1
1,1,2,0,1,-11
0,1,3,2,0,1
1,2,2,4,1,2
1,0,2,3,1,0
1,-11,2,0,1,-11
2,1,6,2,11,1
-13,-11,1,0,-13,-11
-13,0,1,3,-13,0
1,-11,2,0,1,-11
0,-13,3,1,0,-13
1,1,2,2,1,1
10,1,5,2,10,1
-11,-13,0,1,-11,-13
10,1,5,2,10,1
2,-13,6,1,11,-13
10,1,5,2,10,1
11,1,6,2,11,1
10,-11,5,0,10,-11
1,2,2,2,1,1
-13,-13,1,1,-13,-13
-11,1,2,2,1,1
11,-13,6,1,11,-13
-11,-11,0,0,-11,-11
11,-13,6,1,11,-13
-11,1,0,2,-11,1
2,2,6,2,11,1
10,2,5,2,10,1
-11,1,0,2,-11,1
10,1,2,2,1,1
2,-13,4,1,2,-13
2,0,2,3,1,0
-13,1,1,2,-13,1
10,2,5,2,10,1
11,-13,6,1,11,-13
-1,-13,5,1,10,-13
10,1,5,2,10,1
-13,1,1,2,-13,1
1,-13,2,1,1,-13
-11,11,0,5,-11,10
-11,2,0,2,-11,1
1,-13,3,1,0,-13
1,1,2,2,1,1
-11,-11,0,0,-11,-11
1,-11,2,0,1,-11
10,-11,5,0,10,-11
-13,-13,1,1,-13,-13
10,1,5,2,10,1
-11,-13,0,1,-11,-13
2,1,4,2,2,1
-13,2,1,4,-13,2
-11,2,0,4,-11,2
1,0,2,3,1,0
10,1,5,2,10,1
1,2,2,2,1,1
10,-13,5,1,10,-13
2,1,2,2,1,1
-11,-13,0,1,-11,-13
0,3,3,5,0,10
-13,0,1,3,-13,0
-13,0,1,6,-13,11
1,-11,2,0,1,-11
1,10,2,5,1,10
1,-11,2,0,1,-11
-11,-11,0,0,-11,-11
1,-11,2,2,1,1
3,1,6,2,11,1
-13,0,1,3,-13,0
-11,-11,8,0,-333,-11
12,2,6,2,11,1
1,10,2,5,1,10
10,-11,5,0,10,-11
0,-13,3,8,0,-333
1,-11,4,4,2,2
-11,1,0,2,-11,1
-11,-11,0,0,-11,-11
-11,1,0,2,-11,1
1,-13,2,1,1,-13
0,11,3,6,0,11
1,1,2,2,1,1
2,-13,4,1,2,-13
11,0,5,3,10,0
-11,-13,0,1,-11,-13
1,-13,2,1,1,-13
1,-11,2,0,1,-11
2,-13,4,1,2,-13
10,1,5,4,10,2
-11,0,0,3,-11,0
0,1,3,2,0,1
10,-13,5,1,10,-13
-13,-11,1,0,-13,-11
-13,1,1,2,-13,1
-11,-11,0,0,-11,-11
-13,10,1,6,-13,11
-13,1,1,2,-13,1
2,1,6,2,11,1
-13,1,1,2,-13,1
0,-11,3,0,0,-11
1,-11,2,0,1,-11
0,1,3,2,0,1
1,-11,2,0,1,-11
-13,1,1,2,-13,1
-11,0,0,5,-11,10
-11,0,0,3,-11,0
10,11,5,5,10,10
2,11,6,5,11,10
1,2,2,2,1,1
10,10,5,5,10,10
1,-13,2,1,1,-13
-13,0,3,3,0,0
1,-13,2,1,1,-13
0,0,3,3,0,0
11,-11,5,0,10,-11
-11,-13,2,2,1,1
-13,2,1,4,-13,2
-13,0,1,0,-13,-11
2,1,4,2,2,1
10,11,6,6,11,11
1,-13,2,1,1,-13
2,2,5,8,10,-333
0,0,3,3,0,0
-11,1,0,2,-11,1
10,2,5,2,10,1
2,-11,4,0,2,-11
2,1,2,2,1,1
1,1,2,2,1,1
-13,1,1,2,-13,1
2,0,2,3,1,0
10,-13,5,1,10,-13
10,0,6,3,11,0
-11,0,0,3,-11,0
2,-13,2,1,1,-13
-13,10,1,2,-13,1
1,-13,2,1,1,-13
2,1,2,2,1,1
-11,3,0,4,-11,2
-11,0,2,0,1,-11
12,10,6,5,11,10
11,-11,6,0,11,-11
11,1,6,2,11,1
-13,1,1,3,-13,0
1,1,2,2,1,1
1,-11,2,0,1,-11
0,-11,3,0,0,-11
-11,-13,0,1,-11,-13
-13,10,1,5,-13,10
1,-11,2,0,1,-11
-13,11,1,6,-13,11
10,1,5,4,10,2
0,11,3,6,0,11
-13,2,1,2,-13,1
-11,1,0,2,-11,1
1,-11,2,0,1,-11
-13,0,1,3,-13,0
1,-11,2,0,1,-11
-11,1,0,4,-11,2
10,-13,5,1,10,-13
-11,-13,2,1,1,-13
0,-11,5,0,10,-11
11,2,6,4,11,2
-13,1,1,2,-13,1
1,-11,2,0,1,-11
1,0,2,1,1,-13
-13,10,1,5,-13,10
2,-13,2,1,1,-13
-13,2,1,2,-13,1
1,-13,2,1,1,-13
-11,1,0,2,-11,1
2,10,6,6,11,11
1,-11,6,0,11,-11
1,1,2,2,1,1
-13,11,1,5,-13,10
11,1,5,2,10,1
-13,10,1,5,-13,10
1,10,2,5,1,10
10,0,5,2,10,1
-11,3,0,4,-11,2
10,2,5,4,10,2
-11,1,0,2,-11,1
1,1,2,2,1,1
2,-13,4,1,2,-13
-11,2,0,4,-11,2
11,0,6,3,11,0
11,2,6,2,11,1
0,-13,2,1,1,-13
10,2,5,2,10,1
2,0,4,3,2,0
0,1,2,2,1,1
2,1,6,4,11,2
-11,0,0,0,-11,-11
-11,1,0,2,-11,1
-11,-11,0,0,-11,-11
-11,11,0,6,-11,11
2,0,6,4,11,2
-11,0,0,3,-11,0
1,1,2,2,1,1
3,-11,4,2,2,1
10,-11,5,2,10,1
-11,-13,0,1,-11,-13
10,0,5,3,10,0
1,1,6,2,11,1
-11,10,0,5,-11,10
10,1,5,2,10,1
-13,-11,1,0,-13,-11
1,1,2,2,1,1
0,0,3,3,0,0
1,-11,2,0,1,-11
0,-13,3,0,0,-11
10,-13,5,1,10,-13
10,10,5,5,10,10
-11,1,0,2,-11,1
1,1,2,2,1,1
1,-11,2,0,1,-11
1,-11,2,0,1,-11
-11,1,0,2,-11,1
-11,1,0,2,-11,1
0,2,6,2,11,1
2,-13,4,1,2,-13
1,1,2,2,1,1
11,1,6,2,11,1
-11,-13,0,1,-11,-13
-13,-11,1,0,-13,-11
2,0,4,2,2,1
0,1,0,3,-11,0
-13,1,1,2,-13,1
-11,11,0,5,-11,10
11,-13,6,1,11,-13
11,1,6,2,11,1
-13,2,1,4,-13,2
10,-13,5,1,10,-13
0,-11,3,0,0,-11
-13,1,1,2,-13,1
-11,-11,0,0,-11,-11
10,-13,5,1,10,-13
0,-13,3,1,0,-13
-13,2,1,4,-13,2
10,10,5,6,10,11
-11,0,0,3,-11,0
1,0,2,0,1,-11
10,-11,2,0,1,-11
-11,-13,0,1,-11,-13
-13,2,1,4,-13,2
1,-11,2,0,1,-11
-11,-13,0,1,-11,-13
-13,-13,8,1,-333,-13
-13,-11,1,0,-13,-11
-11,1,2,2,1,1
2,-11,6,0,11,-11
10,-13,5,1,10,-13
-11,2,0,4,-11,2
10,11,5,5,10,10
0,1,3,4,0,2
2,1,4,2,2,1
2,-11,5,0,10,-11
0,-11,3,0,0,-11
1,-13,2,1,1,-13
10,1,5,2,10,1
-11,2,0,4,-11,2
2,1,4,2,2,1
2,2,4,2,2,1
0,1,3,2,0,1
1,-11,2,0,1,-11
10,1,5,2,10,1
1,-13,2,1,1,-13
1,0,2,3,1,0
-13,1,1,2,-13,1
0,1,3,2,0,1
1,-13,3,1,0,-13
-13,0,1,3,-13,0
1,-13,2,1,1,-13
2,1,4,2,2,1
10,-11,5,0,10,-11
2,-11,2,0,1,-11
0,-11,3,0,0,-11
10,-13,5,1,10,-13
-11,10,0,5,-11,10
-11,1,0,2,-11,1
1,-11,2,0,1,-11
1,10,2,5,1,10
2,1,2,4,1,2
-11,-13,0,2,-11,1
2,-11,4,0,2,-11
0,0,2,3,1,0
1,1,2,2,1,1
-11,-13,0,1,-11,-13
1,-11,6,0,11,-11
1,-11,7,0,-222,-11
-13,0,1,3,-13,0
2,-13,4,8,2,-333
0,-13,3,1,0,-13
1,-13,2,1,1,-13
0,-13,3,2,0,1
10,1,5,2,10,1
1,10,2,5,1,10
1,3,6,4,11,2
-11,10,2,5,1,10
-13,0,1,3,-13,0
-13,3,1,4,-13,2
-13,-11,1,0,-13,-11
-11,-13,0,1,-11,-13
1,1,2,3,1,0
1,1,2,6,1,11
1,0,5,3,10,0
2,1,4,2,2,1
2,-13,4,1,2,-13
0,-13,3,1,0,-13
0,2,3,4,0,2
10,0,5,2,10,1
-11,2,0,2,-11,1
-11,0,0,5,-11,10
-11,-11,0,0,-11,-11
-11,-11,0,2,-11,1
10,0,5,0,10,-11
0,-11,3,0,0,-11
0,1,3,2,0,1
1,1,4,2,2,1
-11,-13,0,1,-11,-13
1,1,2,2,1,1
0,0,3,3,0,0
2,0,2,3,1,0
-11,11,0,5,-11,10
1,1,2,2,1,1
1,0,2,3,1,0
10,1,5,4,10,2
1,-13,2,1,1,-13
10,0,5,3,10,0
-11,1,0,2,-11,1
0,1,3,2,0,1
1,10,2,6,1,11
-13,0,1,3,-13,0
10,-13,5,1,10,-13
0,2,2,4,1,2
2,-13,6,1,11,-13
-13,1,1,4,-13,2
2,0,4,3,2,0
0,-11,3,0,0,-11
-13,1,1,2,-13,1
0,1,3,2,0,1
10,1,5,2,10,1
-11,10,0,5,-11,10
-11,1,0,2,-11,1
1,-11,2,0,1,-11
0,1,0,2,-11,1
-11,1,2,2,1,1
10,1,5,2,10,1
-11,2,0,4,-11,2
11,10,6,5,11,10
1,1,2,2,1,1
2,1,4,2,2,1
1,2,2,6,1,11
-13,10,1,5,-13,10
-11,-11,0,0,-11,-11
11,1,5,2,10,1
-11,-11,0,0,-11,-11
1,1,2,2,1,1
10,1,5,2,10,1
-11,1,2,4,1,2
11,-13,6,1,11,-13
0,1,3,2,0,1
1,1,2,2,1,1
0,-13,3,1,0,-13
1,-13,2,1,1,-13
-13,10,1,6,-13,11
0,11,3,5,0,10
1,1,2,8,1,-333
10,-11,5,0,10,-11
-11,11,1,6,-13,11
-13,0,1,5,-13,10
-11,-11,0,0,-11,-11
1,10,2,5,1,10
1,10,2,5,1,10
-13,-11,1,0,-13,-11
1,-11,4,0,2,-11
1,1,2,2,1,1
1,1,2,2,1,1
11,-13,6,1,11,-13
2,1,4,2,2,1
-13,-13,1,1,-13,-13
-11,-11,0,0,-11,-11
10,-13,5,1,10,-13
1,0,2,3,1,0
0,-13,3,1,0,-13
-11,-13,0,1,-11,-13
10,10,5,6,10,11
10,3,6,4,11,2
10,-11,5,0,10,-11
-11,0,0,3,-11,0
10,2,6,2,11,1
-11,2,0,4,-11,2
2,1,4,2,2,1
0,1,3,2,0,1
-11,10,0,5,-11,10
-11,-13,0,1,-11,-13
2,-13,2,1,1,-13
-13,-11,1,0,-13,-11
0,1,3,2,0,1
2,0,2,2,1,1
0,-13,3,1,0,-13
1,10,2,5,1,10
1,-13,8,1,-333,-13
-13,-11,1,3,-13,0
1,2,2,4,1,2
0,1,3,2,0,1
10,-11,5,0,10,-11
11,0,6,2,11,1
10,-13,5,1,10,-13
1,1,7,2,-222,1
-13,-13,1,1,-13,-13
-11,1,0,2,-11,1
-11,10,0,6,-11,11
-11,10,2,2,1,1
1,-13,5,1,10,-13
10,1,5,5,10,10
-13,-11,1,0,-13,-11
-13,0,1,3,-13,0
1,-11,4,0,2,-11
1,1,2,2,1,1
11,0,6,3,11,0
2,11,2,6,1,11
-11,0,0,3,-11,0
1,-13,2,0,1,-11
-13,1,1,2,-13,1
-13,12,1,2,-13,1
10,-13,5,1,10,-13
0,0,2,3,1,0
0,-11,3,2,0,1
1,-13,2,1,1,-13
1,-11,2,0,1,-11
1,-11,2,0,1,-11
10,1,5,6,10,11
1,0,2,3,1,0
1,-13,2,1,1,-13
0,-11,2,0,1,-11
1,-11,2,0,1,-11
1,10,2,5,1,10
-11,2,0,4,-11,2
1,1,6,2,11,1
11,-13,6,1,11,-13
-11,-11,0,0,-11,-11
-13,2,1,4,-13,2
-13,-13,1,1,-13,-13
-13,10,1,5,-13,10
1,1,4,2,2,1
-11,2,0,2,-11,1
1,11,2,6,1,11
1,-13,2,1,1,-13
0,-11,3,0,0,-11
-13,-11,1,0,-13,-11
10,-11,5,0,10,-11
-11,-11,0,0,-11,-11
0,1,2,2,1,1
1,-13,6,1,11,-13
-13,1,1,2,-13,1
1,0,2,1,1,-13
0,0,3,1,0,-13
0,-11,5,0,10,-11
1,-13,2,1,1,-13
-13,1,1,2,-13,1
-13,1,1,2,-13,1
1,2,2,4,1,2
10,-13,0,6,-11,11
10,10,5,5,10,10
2,-11,4,0,2,-11
10,2,5,2,10,1
1,0,6,3,11,0
2,10,4,5,2,10
1,1,4,2,2,1
-11,-13,0,1,-11,-13
0,1,3,4,0,2
-11,2,0,4,-11,2
10,1,6,2,11,1
-11,-13,0,1,-11,-13
-13,1,1,6,-13,11
1,1,2,2,1,1
-11,11,2,2,1,1
-11,1,8,2,-333,1
0,-11,2,0,1,-11
-13,0,1,1,-13,-13
-13,1,1,6,-13,11
2,10,4,6,2,11
10,2,5,5,10,10
-13,0,2,3,1,0
0,2,3,4,0,2
-11,0,0,8,-11,-333
11,-11,5,2,10,1
-11,0,0,3,-11,0
1,-11,2,0,1,-11
2,-13,7,1,-222,-13
1,1,2,2,1,1
3,1,4,2,2,1
2,2,4,4,2,2
-13,-11,1,0,-13,-11
-13,-11,1,0,-13,-11
-13,1,1,2,-13,1
2,1,4,2,2,1
11,-11,6,0,11,-11
2,2,2,2,1,1
1,1,2,2,1,1
-13,10,1,5,-13,10
1,-11,6,8,11,-333
1,-11,5,0,10,-11
-13,2,1,4,-13,2
0,-11,2,0,1,-11
-13,1,1,2,-13,1
12,1,6,2,11,1
-11,2,0,4,-11,2
-11,-13,0,1,-11,-13
1,2,2,6,1,11
-11,1,0,4,-11,2
1,-11,2,0,1,-11
-11,1,0,2,-11,1
10,-11,5,0,10,-11
1,1,2,2,1,1
-13,10,1,5,-13,10
3,1,6,2,11,1
2,0,4,3,2,0
10,10,5,5,10,10
1,2,2,2,1,1
1,10,6,5,11,10
10,11,5,6,10,11
-11,2,0,2,-11,1
10,2,5,4,10,2
11,3,6,4,11,2
0,2,3,4,0,2
1,10,2,5,1,10
0,10,3,5,0,10
10,1,5,2,10,1
-13,-13,1,1,-13,-13
-13,-11,1,0,-13,-11
0,1,3,2,0,1
1,1,2,2,1,1
1,2,2,2,1,1
-13,-11,1,0,-13,-11
1,-11,2,0,1,-11
2,1,2,4,1,2
-11,-13,0,1,-11,-13
10,-13,5,1,10,-13
-11,1,0,2,-11,1
-11,11,1,6,-13,11
-13,2,2,4,1,2
10,11,5,6,10,11
-11,0,0,3,-11,0
1,1,2,4,1,2
-11,-11,0,0,-11,-11
1,11,2,6,1,11
10,1,5,4,10,2
1,1,6,4,11,2
-13,1,1,2,-13,1
1,2,2,4,1,2
0,-11,3,0,0,-11
-13,-11,1,0,-13,-11
-11,2,0,4,-11,2
1,1,2,6,1,11
2,-11,2,0,1,-11
1,1,4,4,2,2
1,11,2,6,1,11
2,-11,4,0,2,-11
-13,1,1,6,-13,11
11,-11,6,2,11,1
1,1,2,2,1,1
1,1,2,2,1,1
1,2,5,4,10,2
0,-11,3,0,0,-11
1,0,2,3,1,0
1,-13,2,1,1,-13
1,0,2,2,1,1
2,10,6,5,11,10
2,1,4,2,2,1
-11,0,0,3,-11,0
1,-11,2,0,1,-11
1,1,2,2,1,1
11,11,5,5,10,10
1,1,2,2,1,1
0,1,3,2,0,1
10,10,6,5,11,10
1,0,0,3,-11,0
-13,-13,1,1,-13,-13
-13,-13,1,1,-13,-13
1,1,2,2,1,1
2,1,4,2,2,1
-13,-13,1,1,-13,-13
-11,1,0,2,-11,1
0,0,2,3,1,0
2,1,6,2,11,1
10,10,5,5,10,10
10,-11,5,0,10,-11
10,11,5,5,10,10
0,1,3,2,0,1
-11,-13,0,1,-11,-13
0,1,3,8,0,-333
1,2,2,6,1,11
0,11,3,6,0,11
1,-13,2,1,1,-13
10,10,2,6,1,11
-13,3,1,4,-13,2
-13,0,1,3,-13,0
-11,-13,0,1,-11,-13
-11,2,0,4,-11,2
10,10,5,5,10,10
3,1,6,2,11,1
-11,-13,0,1,-11,-13
1,1,2,2,1,1
1,10,3,5,0,10
-11,1,0,2,-11,1
1,12,2,6,1,11
10,-11,5,0,10,-11
-13,1,1,2,-13,1
10,11,6,6,11,11
1,-13,2,1,1,-13
-11,1,2,2,1,1
-11,10,0,5,-11,10
0,1,3,2,0,1
11,-11,5,0,10,-11
-13,1,1,2,-13,1
-11,2,0,4,-11,2
2,1,4,2,2,1
-13,2,1,4,-13,2
1,0,2,3,1,0
0,1,2,8,1,-333
11,11,5,2,10,1
1,1,2,2,1,1
0,1,3,2,0,1
2,0,2,2,1,1
-11,0,8,3,-333,0
-13,-11,1,0,-13,-11
-13,11,1,6,-13,11
0,1,3,2,0,1
0,0,3,3,0,0
-11,0,0,3,-11,0
-11,1,0,2,-11,1
-13,2,1,2,-13,1
0,-11,2,0,1,-11
-11,1,0,5,-11,10
11,-11,6,0,11,-11
1,-13,2,0,1,-11
-11,1,0,3,-11,0
1,1,2,4,1,2
1,2,2,4,1,2
1,-13,2,1,1,-13
-13,1,1,2,-13,1
10,-13,5,1,10,-13
0,0,3,3,0,0
-13,2,1,6,-13,11
1,-13,6,1,11,-13
10,-11,6,0,11,-11
1,-13,5,1,10,-13
-11,2,0,2,-11,1
0,1,2,0,1,-11
-13,-13,1,1,-13,-13
-11,0,0,3,-11,0
0,-13,3,1,0,-13
11,2,6,4,11,2
11,2,6,2,11,1
11,2,2,2,1,1
-11,-13,0,1,-11,-13
1,-13,2,8,1,-333
1,0,2,3,1,0
-11,-11,0,0,-11,-11
-13,-11,1,0,-13,-11
2,-11,6,0,11,-11
1,11,3,6,0,11
-13,-13,0,1,-11,-13
1,1,2,2,1,1
10,-13,5,1,10,-13
-11,-11,0,0,-11,-11
1,1,2,2,1,1
1,-13,2,1,1,-13
-11,0,0,2,-11,1
-11,0,0,3,-11,0
0,0,3,2,0,1
-13,-11,1,0,-13,-11
-13,1,1,2,-13,1
0,10,3,5,0,10
2,11,2,6,1,11
-13,-11,1,0,-13,-11
10,-11,6,0,11,-11
0,2,3,4,0,2
-13,0,1,2,-13,1
0,-11,3,7,0,-222
-13,2,1,4,-13,2
10,11,5,6,10,11
0,-11,3,0,0,-11
10,-13,5,1,10,-13
0,1,2,2,1,1
1,1,2,6,1,11
2,-11,6,0,11,-11
-13,-11,1,0,-13,-11
-13,-13,1,1,-13,-13
11,1,5,2,10,1
0,1,3,2,0,1
1,2,2,4,1,2
2,0,4,2,2,1
1,10,2,4,1,2
-11,1,0,2,-11,1
10,1,6,2,11,1
-11,1,0,2,-11,1
-11,2,0,2,-11,1
-11,10,0,5,-11,10
1,1,2,2,1,1
-11,-11,0,0,-11,-11
1,-11,2,0,1,-11
10,0,5,2,10,1
1,1,2,2,1,1
1,1,3,2,0,1
2,-11,6,0,11,-11
-11,0,0,3,-11,0
10,-11,2,2,1,1
10,1,6,2,11,1
0,1,3,2,0,1
2,-11,6,0,11,-11
-11,-13,0,2,-11,1
-13,10,1,5,-13,10
-13,-13,1,1,-13,-13
-11,2,0,4,-11,2
2,1,2,2,1,1
1,1,2,2,1,1
-13,-11,1,0,-13,-11
-11,-11,0,0,-11,-11
1,-13,2,1,1,-13
10,1,5,2,10,1
-13,-13,1,1,-13,-13
-11,2,0,2,-11,1
1,-11,2,0,1,-11
-11,1,0,2,-11,1
1,1,2,2,1,1
1,2,2,2,1,1
1,-11,2,0,1,-11
0,1,3,2,0,1
10,1,5,2,10,1
1,0,2,5,1,10
-13,1,1,2,-13,1
0,-13,5,1,10,-13
2,1,6,4,11,2
0,1,8,7,-333,-222
1,-13,2,1,1,-13
-13,10,1,1,-13,-13
-11,10,2,5,1,10
1,-13,2,1,1,-13
0,1,3,2,0,1
1,-11,2,0,1,-11
-13,1,1,4,-13,2
-11,0,0,3,-11,0
11,2,5,4,10,2
-11,10,0,5,-11,10
10,10,5,5,10,10
-11,2,0,4,-11,2
1,-13,2,1,1,-13
2,-11,4,0,2,-11
-11,0,0,3,-11,0
10,1,5,2,10,1
0,1,3,8,0,-333
1,1,2,2,1,1
-11,-13,0,1,-11,-13
1,1,2,0,1,-11
1,-13,2,1,1,-13
12,10,6,5,11,10
2,-11,2,0,1,-11
-11,-13,0,1,-11,-13
0,10,3,5,0,10
10,1,5,2,10,1
10,-11,5,0,10,-11
1,1,4,2,2,1
1,-13,4,8,2,-333
-13,1,1,2,-13,1
1,2,2,5,1,10
-13,2,2,2,1,1
10,-11,2,0,1,-11
1,-11,2,0,1,-11
2,1,4,2,2,1
0,1,2,2,1,1
10,2,5,4,10,2
1,2,2,4,1,2
-13,0,1,2,-13,1
0,-11,3,0,0,-11
1,0,2,3,1,0
2,-11,4,0,2,-11
0,0,3,3,0,0
-13,-11,1,0,-13,-11
10,1,5,2,10,1
2,1,2,5,1,10
2,1,4,2,2,1
1,-13,2,1,1,-13
-11,1,8,4,-333,2
1,0,2,3,1,0
1,-11,5,0,10,-11
-13,-11,0,0,-11,-11
2,10,4,5,2,10
10,1,5,2,10,1
1,10,2,5,1,10
-11,1,0,2,-11,1
10,-11,5,0,10,-11
1,-13,0,8,-11,-333
2,10,6,5,11,10
10,11,5,6,10,11
-11,1,0,2,-11,1
-11,10,0,5,-11,10
1,1,2,2,1,1
-13,2,1,4,-13,2
-13,-11,1,0,-13,-11
-13,-11,1,0,-13,-11
11,1,6,2,11,1
-11,0,0,2,-11,1
-13,10,1,5,-13,10
-13,2,1,4,-13,2
-13,1,1,2,-13,1
2,1,6,2,11,1
-13,-13,1,1,-13,-13
1,-11,2,0,1,-11
1,-13,2,1,1,-13
2,0,2,3,1,0
-11,1,0,2,-11,1
11,-13,6,1,11,-13
2,10,4,5,2,10
2,1,4,2,2,1
1,-11,2,0,1,-11
1,1,2,6,1,11
1,-13,2,1,1,-13
11,1,6,2,11,1
-11,-13,0,1,-11,-13
0,2,8,2,-333,1
-11,1,0,2,-11,1
-13,-11,1,0,-13,-11
11,-13,6,1,11,-13
1,-11,6,0,11,-11
-11,-11,0,0,-11,-11
-11,2,0,4,-11,2
-13,-11,1,0,-13,-11
-11,1,0,2,-11,1
1,0,2,3,1,0
-11,10,8,5,-333,10
-13,-13,1,1,-13,-13
0,2,3,2,0,1
-13,2,1,2,-13,1
0,-13,5,1,10,-13
1,-13,0,5,-11,10
11,-11,6,0,11,-11
-11,2,0,4,-11,2
0,-13,3,1,0,-13
-11,2,0,2,-11,1
-11,1,0,2,-11,1
-11,1,0,2,-11,1
10,-11,5,2,10,1
-13,1,1,2,-13,1
1,2,2,4,1,2
10,-13,5,1,10,-13
1,10,2,5,1,10
1,2,2,4,1,2
1,-11,2,0,1,-11
1,-13,2,1,1,-13
-11,1,0,2,-11,1
1,0,2,3,1,0
11,-13,6,3,11,0
-11,1,0,2,-11,1
1,-11,2,0,1,-11
-13,2,1,4,-13,2
1,1,2,2,1,1
11,-11,6,0,11,-11
-11,0,0,2,-11,1
-11,10,0,5,-11,10
-11,-11,0,3,-11,0
-11,-11,0,0,-11,-11
-13,3,1,4,-13,2
-13,-13,1,3,-13,0
1,1,2,2,1,1
-13,-11,1,0,-13,-11
-11,-11,0,8,-11,-333
-11,1,0,2,-11,1
0,-13,5,1,10,-13
-13,-11,1,0,-13,-11
0,-11,2,3,1,0
1,1,2,2,1,1
1,1,2,2,1,1
11,10,6,5,11,10
0,0,3,3,0,0
-11,1,1,6,-13,11
11,-13,5,1,10,-13
2,0,6,2,11,1
-11,10,2,5,1,10
-11,1,0,2,-11,1
-13,1,1,2,-13,1
-11,-13,0,1,-11,-13
-11,0,0,3,-11,0
-13,-13,1,1,-13,-13
-13,0,1,3,-13,0
1,2,2,4,1,2
0,0,0,8,-11,-333
3,-11,4,0,2,-11
1,1,2,2,1,1
-11,-13,0,1,-11,-13
1,-13,4,1,2,-13
2,2,2,4,1,2
1,1,2,2,1,1
1,1,2,5,1,10
-11,1,0,2,-11,1
0,2,3,6,0,11
1,2,2,4,1,2
-13,-13,1,1,-13,-13
-13,1,1,2,-13,1
10,1,5,2,10,1
0,2,3,4,0,2
1,1,2,3,1,0
2,-11,2,0,1,-11
1,1,2,4,1,2
10,10,5,5,10,10
10,-13,5,1,10,-13
0,1,3,2,0,1
11,1,6,2,11,1
1,0,2,3,1,0
1,1,4,2,2,1
1,1,2,2,1,1
1,11,2,6,1,11
0,-11,3,0,0,-11
1,0,2,5,1,10
0,-13,3,1,0,-13
1,-13,2,1,1,-13
1,-13,0,1,-11,-13
0,11,3,6,0,11
-13,1,1,2,-13,1
2,-11,4,0,2,-11
10,-13,5,1,10,-13
11,1,6,2,11,1
-13,0,1,3,-13,0
2,2,5,4,10,2
1,0,6,0,11,-11
-11,-11,0,0,-11,-11
10,1,5,2,10,1
10,0,5,3,10,0
2,-11,4,0,2,-11
0,-11,2,0,1,-11
1,10,2,2,1,1
2,10,4,5,2,10
-13,1,1,2,-13,1
0,-13,3,1,0,-13
1,0,2,3,1,0
2,10,2,5,1,10
10,0,5,6,10,11
1,1,2,2,1,1
0,10,3,5,0,10
1,0,2,3,1,0
-11,10,1,5,-13,10
0,1,5,5,10,10
-11,1,0,2,-11,1
1,2,2,4,1,2
2,-13,2,1,1,-13
1,10,2,5,1,10
-11,-11,0,1,-11,-13
11,0,6,3,11,0
-13,1,1,2,-13,1
1,-13,2,1,1,-13
0,10,3,5,0,10
1,-11,2,2,1,1
-13,-11,1,0,-13,-11
0,1,3,2,0,1
-13,0,1,0,-13,-11
1,1,2,2,1,1
-13,1,1,6,-13,11
2,-11,4,0,2,-11
2,1,2,2,1,1
10,10,5,5,10,10
-11,-11,1,0,-13,-11
-11,-13,0,1,-11,-13
1,1,2,4,1,2
1,-11,4,0,2,-11
11,-11,6,0,11,-11
-11,-11,0,0,-11,-11
1,1,2,2,1,1
-13,2,1,4,-13,2
-11,1,0,2,-11,1
10,4,5,4,10,2
-11,10,0,5,-11,10
1,-11,2,0,1,-11
-11,-13,0,1,-11,-13
-11,0,0,5,-11,10
-13,-13,1,1,-13,-13
3,1,4,2,2,1
-11,-11,0,0,-11,-11
1,1,2,2,1,1
2,-13,2,1,1,-13
-11,10,0,5,-11,10
2,-11,2,0,1,-11
0,-11,3,0,0,-11
10,-13,5,1,10,-13
1,-13,2,1,1,-13
1,0,2,3,1,0
-13,1,1,2,-13,1
0,-11,3,0,0,-11
1,10,2,5,1,10
0,10,3,5,0,10
-13,-13,1,1,-13,-13
1,1,2,2,1,1
-11,10,0,5,-11,10
3,1,4,2,2,1
1,-11,2,0,1,-11
2,-11,2,0,1,-11
1,0,2,3,1,0
2,-11,2,0,1,-11
-11,10,0,5,-11,10
-13,1,1,2,-13,1
2,1,6,2,11,1
-13,1,1,2,-13,1
1,-13,2,1,1,-13
1,2,2,2,1,1
0,1,3,4,0,2
1,0,2,3,1,0
10,-13,5,7,10,-222
2,2,2,2,1,1
-13,1,1,2,-13,1
-13,1,1,4,-13,2
1,0,4,3,2,0
11,-13,6,1,11,-13
2,-11,4,0,2,-11
-11,0,0,0,-11,-11
1,-13,2,1,1,-13
1,-13,2,1,1,-13
-11,2,0,2,-11,1
1,-13,2,1,1,-13
0,1,3,2,0,1
-13,3,1,4,-13,2
0,11,1,6,-13,11
10,2,5,4,10,2
2,1,2,2,1,1
-13,-11,1,0,-13,-11
11,-11,6,0,11,-11
1,10,2,5,1,10
1,-13,2,1,1,-13
2,0,2,2,1,1
1,1,4,2,2,1
1,3,2,2,1,1
-11,1,0,4,-11,2
10,-11,5,0,10,-11
-13,1,1,2,-13,1
-11,0,0,3,-11,0
1,-11,2,0,1,-11
2,10,4,5,2,10
0,2,3,2,0,1
10,1,5,2,10,1
2,-13,2,1,1,-13
-13,10,1,5,-13,10
1,2,2,2,1,1
0,-13,3,1,0,-13
10,-13,5,1,10,-13
-13,-11,1,0,-13,-11
-11,2,0,2,-11,1
10,-13,5,1,10,-13
0,-11,3,0,0,-11
1,1,2,2,1,1
-11,0,0,3,-11,0
-11,1,0,2,-11,1
2,0,4,3,2,0
-13,1,1,4,-13,2
1,-13,2,1,1,-13
-13,2,1,6,-13,11
-11,1,0,2,-11,1
-11,-13,0,1,-11,-13
-11,2,0,2,-11,1
2,0,4,3,2,0
1,-13,4,1,2,-13
-11,2,0,4,-11,2
3,-11,4,0,2,-11
1,3,2,4,1,2
1,10,5,6,10,11
-11,0,0,4,-11,2
1,1,4,2,2,1
11,10,6,5,11,10
-11,1,0,2,-11,1
-13,10,1,5,-13,10
-11,0,0,2,-11,1
-11,10,0,5,-11,10
1,-11,6,0,11,-11
1,2,2,8,1,-333
0,-13,3,1,0,-13
-13,1,1,2,-13,1
0,1,0,2,-11,1
1,0,2,1,1,-13
2,-13,2,1,1,-13
-13,1,1,2,-13,1
0,-11,3,3,0,0
-11,-11,0,0,-11,-11
1,-13,2,3,1,0
-13,0,1,1,-13,-13
1,-13,2,1,1,-13
1,10,2,5,1,10
0,1,3,2,0,1
1,2,2,6,1,11
-11,0,0,0,-11,-11
-11,1,0,2,-11,1
11,1,5,2,10,1
-11,-13,0,1,-11,-13
0,11,3,6,0,11
11,2,6,2,11,1
0,10,3,5,0,10
1,-11,2,0,1,-11
11,2,5,2,10,1
10,11,5,6,10,11
-13,-11,1,0,-13,-11
-11,1,0,2,-11,1
1,-11,8,0,-333,-11
1,-11,2,0,1,-11
-11,1,0,2,-11,1
10,1,5,2,10,1
2,-11,2,0,1,-11
11,2,6,2,11,1
-13,1,3,2,0,1
10,1,5,2,10,1
2,-11,4,0,2,-11
1,10,2,5,1,10
-11,-13,0,1,-11,-13
-13,1,1,2,-13,1
-13,10,1,5,-13,10
-13,1,1,2,-13,1
-13,-11,1,0,-13,-11
1,10,2,5,1,10
0,1,3,2,0,1
2,-13,4,1,2,-13
0,1,3,2,0,1
10,1,5,2,10,1
2,1,6,2,11,1
1,10,2,5,1,10
1,0,2,3,1,0
10,-13,5,1,10,-13
11,0,6,0,11,-11
10,-13,5,1,10,-13
-11,11,3,2,0,1
2,2,7,4,-222,2
-11,-11,0,0,-11,-11
1,-13,2,1,1,-13
-11,-11,2,0,1,-11
1,-11,2,0,1,-11
1,11,6,5,11,10
-11,-13,0,1,-11,-13
1,-11,2,0,1,-11
10,10,5,5,10,10
2,1,2,2,1,1
1,2,2,4,1,2
1,10,2,6,1,11
-11,1,0,2,-11,1
-13,2,1,4,-13,2
1,2,2,2,1,1
10,-13,5,1,10,-13
0,1,3,2,0,1
-11,10,0,5,-11,10
-11,0,0,3,-11,0
1,1,2,2,1,1
-11,1,0,2,-11,1
-11,2,0,2,-11,1
0,0,3,1,0,-13
-11,0,2,0,1,-11
-11,0,0,3,-11,0
1,1,5,2,10,1
1,0,2,3,1,0
0,1,3,2,0,1
-13,10,1,5,-13,10
11,-13,5,1,10,-13
-13,1,1,2,-13,1
2,2,2,2,1,1
-11,1,2,2,1,1
1,-13,2,3,1,0
10,10,5,5,10,10
0,10,3,5,0,10
-13,-13,1,1,-13,-13
10,2,5,4,10,2
2,11,2,5,1,10
-13,11,1,6,-13,11
-11,0,0,3,-11,0
-11,10,0,5,-11,10
10,0,2,3,1,0
1,-13,2,2,1,1
-11,10,0,5,-11,10
0,2,5,4,10,2
-13,-13,1,1,-13,-13
1,10,2,5,1,10
0,2,3,4,0,2
10,-11,5,0,10,-11
11,-13,5,1,10,-13
-11,0,0,3,-11,0
-13,1,1,2,-13,1
0,-13,3,1,0,-13
1,-13,2,1,1,-13
-13,10,1,6,-13,11
-11,1,0,2,-11,1
10,10,5,5,10,10
0,10,3,5,0,10
10,1,5,8,10,-333
11,0,6,3,11,0
0,2,3,4,0,2
-13,1,1,6,-13,11
10,-13,6,3,11,0
-11,-13,0,1,-11,-13
-13,-13,1,1,-13,-13
-11,1,0,2,-11,1
-13,-13,1,1,-13,-13
10,1,5,2,10,1
1,11,2,6,1,11
0,10,3,5,0,10
10,-11,5,0,10,-11
10,0,5,3,10,0
10,-11,5,0,10,-11
1,10,2,5,1,10
1,1,2,2,1,1
2,1,4,2,2,1
0,10,3,5,0,10
10,10,5,5,10,10
10,0,5,6,10,11
-13,-11,1,0,-13,-11
-13,0,1,3,-13,0
1,-11,2,0,1,-11
1,0,2,2,1,1
-11,1,0,2,-11,1
2,-13,2,1,1,-13
1,2,2,2,1,1
-13,1,1,5,-13,10
-11,0,1,3,-13,0
1,1,2,2,1,1
-11,11,0,6,-11,11
1,1,5,2,10,1
1,10,2,5,1,10
1,-11,2,1,1,-13
10,3,5,4,10,2
-11,-13,0,1,-11,-13
-11,11,0,6,-11,11
-11,10,0,5,-11,10
-11,1,0,2,-11,1
1,10,2,5,1,10
2,-13,4,1,2,-13
10,-11,5,0,10,-11
1,11,2,6,1,11
-11,1,8,2,-333,1
10,-13,6,1,11,-13
-11,-11,0,0,-11,-11
1,2,2,6,1,11
1,-13,2,1,1,-13
-13,1,1,2,-13,1
12,1,6,2,11,1
-13,10,2,5,1,10
-11,1,0,3,-11,0
-13,-11,1,0,-13,-11
1,0,2,3,1,0
-11,12,0,4,-11,2
-13,2,8,4,-333,2
-11,1,0,0,-11,-11
1,1,2,0,1,-11
0,-13,3,1,0,-13
2,10,6,5,11,10
11,2,5,2,10,1
1,-11,2,0,1,-11
-13,0,1,3,-13,0
0,-13,2,0,1,-11
10,1,5,2,10,1
1,1,2,2,1,1
11,1,5,3,10,0
0,1,2,5,1,10
1,1,2,2,1,1
1,10,2,5,1,10
11,0,6,2,11,1
1,2,4,4,2,2
2,2,5,2,10,1
1,-13,2,1,1,-13
10,-13,5,1,10,-13
-11,1,0,2,-11,1
0,0,3,3,0,0
-13,0,1,4,-13,2
0,10,3,5,0,10
2,1,4,2,2,1
1,1,2,4,1,2
-13,2,1,4,-13,2
-11,1,0,2,-11,1
-13,-13,1,1,-13,-13
11,-11,6,0,11,-11
-11,-11,0,0,-11,-11
-13,10,1,5,-13,10
1,1,6,2,11,1
1,1,2,2,1,1
-11,-13,3,1,0,-13
1,2,2,4,1,2
0,-13,2,1,1,-13
-11,-13,0,1,-11,-13
2,-13,2,1,1,-13
1,10,2,5,1,10
2,-11,6,2,11,1
11,2,6,4,11,2
-13,1,1,2,-13,1
0,-13,2,1,1,-13
-11,-11,0,0,-11,-11
10,3,6,4,11,2
10,1,5,8,10,-333
-11,0,0,3,-11,0
1,11,2,5,1,10
1,11,2,6,1,11
2,-13,2,1,1,-13
-13,0,1,5,-13,10
0,2,8,4,-333,2
0,2,5,4,10,2
2,0,2,3,1,0
0,2,5,4,10,2
-11,1,0,2,-11,1
2,1,2,2,1,1
2,0,6,5,11,10
11,1,5,6,10,11
-13,1,1,2,-13,1
1,-13,2,1,1,-13
-11,1,0,2,-11,1
1,-13,2,1,1,-13
10,-11,5,0,10,-11
1,-11,2,0,1,-11
-11,1,2,3,1,0
1,-13,5,1,10,-13
2,4,2,4,1,2
1,10,4,2,2,1
-13,-13,1,1,-13,-13
0,1,3,2,0,1
2,-13,2,1,1,-13
-13,-11,1,0,-13,-11
2,10,4,6,2,11
-11,-11,0,2,-11,1
1,1,2,2,1,1
1,2,2,4,1,2
-11,-11,0,0,-11,-11
2,1,2,0,1,-11
2,10,2,5,1,10
10,1,5,2,10,1
-13,-13,1,1,-13,-13
1,-13,2,1,1,-13
10,1,5,2,10,1
-11,1,0,3,-11,0
-13,-13,1,1,-13,-13
11,-11,6,0,11,-11
1,-11,1,0,-13,-11
1,-11,2,0,1,-11
2,0,4,3,2,0
-11,1,2,2,1,1
2,1,2,2,1,1
2,1,6,2,11,1
-11,10,0,6,-11,11
1,0,2,3,1,0
-11,1,0,2,-11,1
-11,0,0,3,-11,0
2,2,2,2,1,1
-11,1,0,2,-11,1
-11,0,0,3,-11,0
2,-11,4,0,2,-11
-13,1,1,2,-13,1
0,1,2,2,1,1
-1,1,6,2,11,1
0,2,3,4,0,2
-11,-11,0,0,-11,-11
-11,11,0,6,-11,11
0,-11,0,0,-11,-11
1,-13,2,1,1,-13
0,1,3,2,0,1
0,-11,3,0,0,-11
-13,10,1,5,-13,10
3,1,4,2,2,1
0,1,3,6,0,11
-13,2,1,4,-13,2
10,-13,5,1,10,-13
11,1,5,2,10,1
10,-13,6,1,11,-13
10,1,5,2,10,1
0,10,6,5,11,10
-13,1,1,3,-13,0
-13,-11,1,0,-13,-11
0,10,3,5,0,10
1,1,2,2,1,1
0,-13,3,1,0,-13
-11,1,0,2,-11,1
-11,-11,0,0,-11,-11
-11,1,0,2,-11,1
-13,0,1,0,-13,-11
11,-13,6,1,11,-13
-11,1,0,2,-11,1
-11,1,0,2,-11,1
-13,1,1,2,-13,1
-13,2,2,4,1,2
0,-13,3,0,0,-11
0,0,3,3,0,0
11,-11,5,0,10,-11
0,10,3,5,0,10
1,1,3,2,0,1
1,2,2,4,1,2
0,-13,3,1,0,-13
1,1,2,2,1,1
-13,0,1,3,-13,0
12,-13,6,1,11,-13
1,-13,2,1,1,-13
-13,1,1,2,-13,1
1,10,5,6,10,11
-11,2,0,4,-11,2
10,1,6,2,11,1
-13,10,1,6,-13,11
2,-13,2,1,1,-13
1,1,3,3,0,0
10,-11,6,0,11,-11
0,11,5,6,10,11
-11,1,0,2,-11,1
-11,0,0,3,-11,0
0,2,3,6,0,11
1,11,2,5,1,10
1,-13,2,1,1,-13
-11,1,0,2,-11,1
1,-13,4,1,2,-13
1,-11,6,0,11,-11
-11,-11,0,0,-11,-11
-11,1,0,2,-11,1
2,2,4,4,2,2
-13,1,1,2,-13,1
-11,-11,0,0,-11,-11
-11,10,0,5,-11,10
0,2,2,4,1,2
1,2,2,4,1,2
0,-11,3,0,0,-11
10,2,5,2,10,1
-13,3,1,6,-13,11
10,0,5,3,10,0
0,1,3,2,0,1
1,-11,2,0,1,-11
2,1,4,2,2,1
11,2,5,4,10,2
-11,-11,8,2,-333,1
-11,1,0,2,-11,1
1,1,2,2,1,1
-13,0,1,1,-13,-13
-11,1,0,2,-11,1
2,2,4,2,2,1
-11,1,0,2,-11,1
2,-11,4,0,2,-11
-11,2,0,6,-11,11
10,-11,5,1,10,-13
2,0,4,3,2,0
0,-13,3,3,0,0
-13,-13,1,1,-13,-13
0,-11,3,0,0,-11
0,-11,2,0,1,-11
-13,-13,1,1,-13,-13
0,1,3,2,0,1
2,0,4,3,2,0
10,10,5,5,10,10
-13,0,1,3,-13,0
2,0,2,1,1,-13
-13,-11,1,0,-13,-11
1,-13,2,1,1,-13
-13,1,1,5,-13,10
-11,1,0,2,-11,1
1,-11,2,0,1,-11
0,-13,3,1,0,-13
10,1,5,2,10,1
-13,-13,1,1,-13,-13
-13,-11,1,0,-13,-11
-13,3,1,4,-13,2
-13,2,1,4,-13,2
1,11,2,5,1,10
2,-13,2,1,1,-13
11,0,5,3,10,0
0,1,3,2,0,1
-13,12,1,6,-13,11
-11,0,0,3,-11,0
10,1,5,2,10,1
1,10,2,5,1,10
-11,0,0,3,-11,0
-13,0,1,3,-13,0
-11,0,0,3,-11,0
-13,0,1,3,-13,0
2,-11,4,0,2,-11
1,-11,2,0,1,-11
10,12,5,6,10,11
1,-11,2,0,1,-11
1,-13,2,1,1,-13
2,10,2,6,1,11
10,0,5,2,10,1
10,2,6,2,11,1
-13,-11,1,0,-13,-11
2,-11,2,0,1,-11
2,1,4,2,2,1
1,0,2,3,1,0
0,0,3,3,0,0
-11,0,0,2,-11,1
1,-11,3,0,0,-11
11,10,2,5,1,10
1,10,2,5,1,10
0,-11,4,0,2,-11
2,-11,2,0,1,-11
1,10,2,5,1,10
-11,-11,0,0,-11,-11
2,0,2,3,1,0
0,1,5,2,10,1
-13,11,1,6,-13,11
1,0,2,3,1,0
2,0,4,3,2,0
1,2,2,6,1,11
-11,1,0,2,-11,1
1,1,2,2,1,1
-11,0,0,3,-11,0
0,11,3,6,0,11
1,11,2,5,1,10
11,2,5,4,10,2
2,1,4,2,2,1
-11,1,0,2,-11,1
-13,0,1,2,-13,1
2,1,4,2,2,1
-11,11,0,6,-11,11
10,-11,5,0,10,-11
10,10,5,5,10,10
2,2,2,2,1,1
1,-11,2,0,1,-11
1,1,2,2,1,1
0,1,3,2,0,1
-11,-11,0,0,-11,-11
0,10,3,5,0,10
1,1,2,2,1,1
-11,1,0,2,-11,1
10,11,5,6,10,11
10,1,5,2,10,1
2,-11,4,0,2,-11
0,1,3,2,0,1
10,1,5,2,10,1
0,1,4,2,2,1
1,1,2,2,1,1
10,-11,5,0,10,-11
1,11,6,6,11,11
10,2,5,4,10,2
-11,-11,0,0,-11,-11
-13,10,1,5,-13,10
0,-11,3,0,0,-11
11,1,5,2,10,1
2,1,4,2,2,1
0,0,6,3,11,0
-11,1,0,2,-11,1
0,-11,3,0,0,-11
-13,1,2,2,1,1
-11,12,0,6,-11,11
1,10,2,5,1,10
1,0,2,2,1,1
3,-11,4,0,2,-11
1,1,2,2,1,1
1,1,2,0,1,-11
1,1,2,2,1,1
-13,1,1,2,-13,1
-11,-11,0,0,-11,-11
-13,-11,1,0,-13,-11
-13,0,1,3,-13,0
2,10,6,5,11,10
-11,-13,0,1,-11,-13
2,1,4,2,2,1
0,-13,3,1,0,-13
-13,-13,1,1,-13,-13
1,-11,4,0,2,-11
1,1,4,2,2,1
-11,-13,0,1,-11,-13
-13,-13,1,1,-13,-13
1,-11,2,0,1,-11
1,0,2,3,1,0
0,-13,3,1,0,-13
10,-11,5,0,10,-11
1,-13,5,1,10,-13
-11,1,0,2,-11,1
10,-11,5,0,10,-11
-13,1,1,2,-13,1
1,10,7,7,-222,-222
-13,0,1,3,-13,0
2,-11,4,0,2,-11
10,-11,5,0,10,-11
1,1,2,3,1,0
10,-11,6,2,11,1
2,-13,2,1,1,-13
0,1,3,2,0,1
0,1,3,2,0,1
2,-11,4,0,2,-11
1,2,2,4,1,2
-13,-13,1,1,-13,-13
-13,10,1,5,-13,10
-13,-11,1,0,-13,-11
-11,0,0,3,-11,0
1,11,2,6,1,11
0,-11,3,0,0,-11
-11,10,0,5,-11,10
1,0,2,5,1,10
1,1,2,2,1,1
-13,-13,1,1,-13,-13
1,1,2,2,1,1
-13,11,1,6,-13,11
-13,-13,1,8,-13,-333
-11,0,0,3,-11,0
-11,2,0,4,-11,2
-13,10,1,2,-13,1
11,0,6,0,11,-11
1,2,2,2,1,1
1,0,2,3,1,0
10,-11,6,0,11,-11
2,-13,2,3,1,0
-11,-11,7,0,-222,-11
1,1,2,3,1,0
-11,-11,0,0,-11,-11
12,1,6,6,11,11
1,1,2,2,1,1
10,-11,5,0,10,-11
-13,10,1,6,-13,11
1,-13,2,1,1,-13
-11,-11,0,0,-11,-11
1,10,2,5,1,10
2,0,4,2,2,1
1,10,2,5,1,10
1,-11,2,0,1,-11
-11,1,0,2,-11,1
1,-11,2,0,1,-11
1,-11,2,0,1,-11
1,2,2,2,1,1
-13,1,1,2,-13,1
1,10,2,5,1,10
-13,1,1,2,-13,1
1,-11,2,0,1,-11
1,2,2,2,1,1
1,0,2,3,1,0
1,1,2,2,1,1
2,0,2,3,1,0
0,0,3,5,0,10
0,10,3,5,0,10
11,-13,5,1,10,-13
-13,0,1,3,-13,0
-11,2,0,2,-11,1
-11,10,0,6,-11,11
-13,1,1,2,-13,1
0,-11,3,0,0,-11
11,1,6,2,11,1
0,0,3,3,0,0
0,12,4,6,2,11
0,11,3,5,0,10
-13,-11,1,0,-13,-11
2,1,4,2,2,1
-11,1,0,2,-11,1
-11,-13,0,1,-11,-13
0,-11,2,0,1,-11
2,2,2,6,1,11
-13,-11,1,0,-13,-11
1,1,4,2,2,1
0,-13,1,1,-13,-13
1,1,0,8,-11,-333
-11,-11,0,0,-11,-11
0,-13,3,1,0,-13
2,-11,4,0,2,-11
10,-13,5,1,10,-13
1,-11,2,0,1,-11
-13,0,1,3,-13,0
-13,-13,1,1,-13,-13
-11,-11,0,0,-11,-11
-11,-11,0,0,-11,-11
1,-11,2,0,1,-11
2,10,2,4,1,2
-11,-11,0,0,-11,-11
-11,1,0,2,-11,1
1,0,2,3,1,0
1,1,0,8,-11,-333
-13,-13,1,1,-13,-13
1,-13,2,1,1,-13
2,-11,2,0,1,-11
1,1,2,6,1,11
11,-11,6,0,11,-11
1,-13,0,1,-11,-13
1,0,2,3,1,0
10,2,6,4,11,2
0,-11,3,0,0,-11
-13,-11,1,2,-13,1
0,1,5,2,10,1
0,2,3,4,0,2
10,1,5,2,10,1
-13,2,1,2,-13,1
1,1,2,2,1,1
1,-11,2,0,1,-11
1,-13,2,1,1,-13
-11,1,0,5,-11,10
1,-11,2,0,1,-11
1,-13,6,1,11,-13
-13,1,1,2,-13,1
2,10,2,5,1,10
0,-11,3,0,0,-11
1,3,2,2,1,1
0,0,3,0,0,-11
-11,-13,0,1,-11,-13
1,10,8,5,-333,10
-11,0,0,2,-11,1
-13,1,8,2,-333,1
10,-11,5,0,10,-11
1,-11,2,0,1,-11
1,1,2,2,1,1
1,0,2,3,1,0
2,-11,2,8,1,-333
0,-13,4,1,2,-13
0,0,3,2,0,1
1,1,2,4,1,2
-11,10,0,5,-11,10
-11,1,0,2,-11,1
-13,1,1,2,-13,1
2,0,4,3,2,0
11,1,6,2,11,1
1,1,2,2,1,1
1,-13,2,1,1,-13
1,10,2,6,1,11
0,0,3,3,0,0
-11,-13,0,1,-11,-13
-11,-13,0,1,-11,-13
-13,1,1,2,-13,1
2,3,2,4,1,2
3,-11,4,0,2,-11
0,-11,3,0,0,-11
1,1,2,2,1,1
10,1,5,2,10,1
-13,1,1,6,-13,11
1,-11,2,0,1,-11
-11,-13,0,1,-11,-13
0,-11,3,0,0,-11
11,-11,6,2,11,1
-11,10,0,6,-11,11
10,-13,5,3,10,0
0,10,3,5,0,10
1,-13,2,1,1,-13
1,-11,5,0,10,-11
-13,0,1,6,-13,11
1,2,2,4,1,2
1,1,5,6,10,11
1,0,4,3,2,0
1,10,2,5,1,10
-11,0,0,3,-11,0
3,10,6,5,11,10
10,-13,5,1,10,-13
2,1,2,2,1,1
-11,1,0,2,-11,1
1,-13,2,1,1,-13
-13,1,1,5,-13,10
0,-11,3,0,0,-11
10,-11,6,0,11,-11
1,-13,2,1,1,-13
1,2,2,2,1,1
-13,-13,1,1,-13,-13
1,10,2,6,1,11
1,1,2,2,1,1
0,10,3,5,0,10
1,10,2,6,1,11
-11,-11,0,0,-11,-11
1,0,2,0,1,-11
-11,11,0,6,-11,11
10,-11,6,3,11,0
-13,-13,1,1,-13,-13
1,0,2,3,1,0
0,-11,2,0,1,-11
-11,0,0,3,-11,0
-13,0,1,3,-13,0
0,-13,3,1,0,-13
3,-13,4,1,2,-13
1,1,2,2,1,1
1,-11,2,0,1,-11
1,2,2,4,1,2
10,2,5,2,10,1
10,-13,5,1,10,-13
10,-11,5,0,10,-11
1,1,2,2,1,1
-11,-11,0,0,-11,-11
10,-13,5,1,10,-13
1,0,2,3,1,0
1,2,2,4,1,2
-13,1,1,2,-13,1
-13,-11,1,0,-13,-11
1,-13,2,1,1,-13
-11,0,0,2,-11,1
2,1,4,2,2,1
10,-13,5,1,10,-13
-13,-11,1,0,-13,-11
10,1,5,2,10,1
-13,0,1,3,-13,0
10,1,2,2,1,1
0,-13,3,1,0,-13
-13,-13,1,1,-13,-13
-13,1,1,2,-13,1
-11,1,0,2,-11,1
10,1,5,2,10,1
-11,1,0,6,-11,11
1,-13,2,2,1,1
-13,1,1,2,-13,1
1,-11,2,0,1,-11
-13,10,1,6,-13,11
1,0,2,3,1,0
0,1,3,2,0,1
1,0,2,3,1,0
11,1,6,4,11,2
0,-11,3,0,0,-11
10,-13,5,1,10,-13
10,2,5,4,10,2
1,-11,3,0,0,-11
1,1,2,2,1,1
-13,1,1,2,-13,1
-11,1,0,2,-11,1
10,-13,5,1,10,-13
1,0,0,3,-11,0
11,1,6,2,11,1
0,2,3,4,0,2
-11,1,0,2,-11,1
11,-13,6,1,11,-13
2,11,2,6,1,11
1,1,2,2,1,1
-11,-11,0,0,-11,-11
-11,-11,0,0,-11,-11
1,10,2,5,1,10
1,1,2,2,1,1
10,-11,5,0,10,-11
-13,1,1,2,-13,1
0,-11,2,0,1,-11
2,1,4,2,2,1
1,0,2,3,1,0
10,-13,5,1,10,-13
-13,0,1,3,-13,0
-11,0,0,3,-11,0
1,2,2,4,1,2
-13,-13,1,1,-13,-13
3,1,6,6,11,11
1,-11,2,0,1,-11
11,-13,6,1,11,-13
-11,1,0,2,-11,1
0,2,3,6,0,11
-13,1,1,2,-13,1
0,0,3,3,0,0
1,-11,2,0,1,-11
1,-13,2,1,1,-13
-13,1,3,2,0,1
1,-13,2,1,1,-13
0,0,0,0,-11,-11
2,-11,4,8,2,-333
0,-11,3,8,0,-333
0,-13,2,1,1,-13
1,-13,6,1,11,-13
-11,-13,0,1,-11,-13
1,-11,2,2,1,1
-13,2,1,2,-13,1
11,1,5,2,10,1
11,-11,6,2,11,1
1,-11,2,0,1,-11
1,0,4,3,2,0
11,2,5,4,10,2
0,11,3,6,0,11
1,0,2,3,1,0
-13,11,1,6,-13,11
-11,0,0,0,-11,-11
-13,2,1,4,-13,2
2,1,4,2,2,1
10,-11,5,0,10,-11
2,2,4,4,2,2
-13,1,1,2,-13,1
1,1,2,2,1,1
1,1,2,2,1,1
1,1,2,2,1,1
0,-13,3,1,0,-13
-11,-11,0,0,-11,-11
1,0,2,3,1,0
-11,10,0,5,-11,10
-13,0,1,3,-13,0
2,-13,4,1,2,-13
11,10,5,5,10,10
0,11,3,6,0,11
0,1,3,2,0,1
-13,-11,1,1,-13,-13
1,1,2,2,1,1
-11,10,0,5,-11,10
1,2,2,4,1,2
-13,10,2,5,1,10
10,10,6,5,11,10
10,-13,5,1,10,-13
-13,2,2,4,1,2
0,-11,3,0,0,-11
1,2,2,2,1,1
10,-11,5,0,10,-11
1,10,2,5,1,10
-11,11,0,6,-11,11
1,11,2,6,1,11
1,-11,2,0,1,-11
0,-11,3,0,0,-11
1,-13,2,1,1,-13
1,2,2,4,1,2
2,2,4,2,2,1
-13,-13,1,1,-13,-13
-13,-13,1,1,-13,-13
2,10,4,5,2,10
0,1,3,2,0,1
1,-11,2,0,1,-11
-13,2,1,2,-13,1
10,-13,6,1,11,-13
-13,-11,1,0,-13,-11
1,1,2,2,1,1
-13,1,1,2,-13,1
-13,-11,1,2,-13,1
-13,-13,1,1,-13,-13
10,11,5,5,10,10
-13,-11,1,0,-13,-11
1,1,2,2,1,1
10,10,5,6,10,11
-13,-11,1,0,-13,-11
1,1,6,2,11,1
1,-13,2,1,1,-13
0,0,3,3,0,0
10,2,5,4,10,2
1,1,6,0,11,-11
1,-11,2,0,1,-11
-13,-11,1,0,-13,-11
-11,-11,0,0,-11,-11
1,0,2,3,1,0
1,2,2,4,1,2
-11,0,0,3,-11,0
1,1,3,2,0,1
10,0,5,3,10,0
-11,2,0,2,-11,1
1,2,2,4,1,2
10,-13,5,1,10,-13
11,2,5,4,10,2
1,-13,2,1,1,-13
-13,-11,1,0,-13,-11
-13,10,0,5,-11,10
0,2,3,4,0,2
11,-11,6,0,11,-11
10,10,5,5,10,10
2,-11,2,0,1,-11
10,-11,5,0,10,-11
-13,-11,1,0,-13,-11
2,2,6,4,11,2
2,1,2,2,1,1
1,1,2,6,1,11
1,0,3,3,0,0
1,11,2,5,1,10
1,11,2,2,1,1
1,1,4,2,2,1
10,-11,5,0,10,-11
10,-13,5,1,10,-13
-13,-13,1,1,-13,-13
2,1,6,2,11,1
10,-13,2,1,1,-13
-11,0,0,3,-11,0
2,-13,2,1,1,-13
2,-11,4,0,2,-11
-13,-13,1,1,-13,-13
10,1,5,2,10,1
11,1,6,6,11,11
-11,11,0,5,-11,10
1,-11,2,8,1,-333
-13,11,1,6,-13,11
-13,-13,1,1,-13,-13
11,-13,6,1,11,-13
1,1,0,2,-11,1
2,-11,4,0,2,-11
0,1,2,2,1,1
1,11,2,6,1,11
-11,10,0,5,-11,10
11,-11,5,0,10,-11
-13,1,1,2,-13,1
11,-13,5,1,10,-13
-1,0,5,2,10,1
1,-13,2,1,1,-13
2,10,4,6,2,11
10,-11,5,0,10,-11
1,1,2,2,1,1
-13,0,3,3,0,0
-11,-11,0,0,-11,-11
1,1,2,2,1,1
0,1,3,2,0,1
0,-13,3,1,0,-13
10,-11,5,0,10,-11
2,-13,2,1,1,-13
-13,-13,1,1,-13,-13
-13,-11,1,0,-13,-11
0,-13,2,1,1,-13
-11,2,0,2,-11,1
1,1,2,4,1,2
-13,-13,1,1,-13,-13
11,1,6,2,11,1
0,0,3,3,0,0
0,-11,2,0,1,-11
10,-11,6,0,11,-11
-11,-11,0,0,-11,-11
-11,11,0,6,-11,11
1,-13,2,1,1,-13
2,0,4,3,2,0
1,-11,6,0,11,-11
1,-11,2,0,1,-11
4,-11,6,0,11,-11
-13,-13,1,1,-13,-13
1,1,2,2,1,1
10,2,5,2,10,1
1,1,2,2,1,1
1,-13,4,0,2,-11
-11,2,0,4,-11,2
1,2,2,6,1,11
1,-11,2,0,1,-11
1,10,0,5,-11,10
1,-11,2,0,1,-11
10,0,5,3,10,0
-11,-11,0,0,-11,-11
-11,-11,0,0,-11,-11
2,-13,4,1,2,-13
-11,0,0,5,-11,10
1,1,4,2,2,1
-11,10,0,5,-11,10
0,2,3,4,0,2
-13,0,1,3,-13,0
2,10,2,5,1,10
-11,-13,0,1,-11,-13
1,-13,2,1,1,-13
11,-13,5,1,10,-13
-13,2,1,4,-13,2
0,2,6,4,11,2
1,1,4,2,2,1
-11,2,0,4,-11,2
-13,1,1,2,-13,1
-13,-11,1,0,-13,-11
-13,1,1,6,-13,11
1,-13,4,1,2,-13
-11,-11,0,0,-11,-11
-13,-13,1,8,-13,-333
2,1,2,2,1,1
0,10,3,5,0,10
1,11,2,5,1,10
1,1,2,2,1,1
-11,-13,0,1,-11,-13
-11,-13,0,1,-11,-13
-11,2,0,4,-11,2
0,2,3,4,0,2
2,2,4,4,2,2
3,-13,4,1,2,-13
0,-13,3,1,0,-13
10,-13,5,8,10,-333
-11,2,0,2,-11,1
-13,3,1,4,-13,2
-13,1,1,2,-13,1
0,2,3,4,0,2
-13,-11,1,0,-13,-11
10,10,5,5,10,10
-13,-13,8,1,-333,-13
0,1,3,2,0,1
10,2,5,4,10,2
-13,0,1,3,-13,0
-13,-11,1,0,-13,-11
-13,-13,1,1,-13,-13
-13,1,0,2,-11,1
1,0,2,0,1,-11
3,2,6,2,11,1
11,0,6,3,11,0
0,1,8,2,-333,1
11,-13,6,1,11,-13
-11,10,0,5,-11,10
11,1,6,2,11,1
1,-13,2,1,1,-13
0,0,2,6,1,11
11,1,6,6,11,11
1,-11,2,0,1,-11
-11,10,0,5,-11,10
-13,1,3,2,0,1
-11,1,0,2,-11,1
1,-11,2,0,1,-11
1,0,2,2,1,1
-11,-11,0,0,-11,-11
-11,1,0,2,-11,1
0,1,3,2,0,1
0,1,3,5,0,10
1,-13,8,1,-333,-13
-11,-11,0,0,-11,-11
10,2,5,2,10,1
0,0,3,3,0,0
-11,1,0,2,-11,1
11,10,5,5,10,10
10,0,5,3,10,0
11,2,5,2,10,1
-11,-13,0,0,-11,-11
1,1,2,2,1,1
1,-13,2,1,1,-13
-11,2,0,4,-11,2
-11,1,0,2,-11,1
1,11,2,5,1,10
1,1,2,2,1,1
-13,-13,1,1,-13,-13
-11,11,0,5,-11,10
1,-13,2,1,1,-13
2,10,4,6,2,11
0,2,3,2,0,1
0,10,3,5,0,10
1,-13,2,1,1,-13
2,-11,2,0,1,-11
-13,11,1,6,-13,11
0,1,3,2,0,1
-13,-11,1,0,-13,-11
2,-11,6,0,11,-11
1,1,2,2,1,1
-11,10,0,5,-11,10
0,0,3,3,0,0
-13,0,1,3,-13,0
1,1,2,2,1,1
2,2,5,4,10,2
-11,1,0,2,-11,1
1,1,2,2,1,1
1,1,2,2,1,1
0,0,3,3,0,0
0,10,3,5,0,10
0,11,3,6,0,11
11,1,6,2,11,1
-11,0,0,3,-11,0
1,0,2,3,1,0
1,-13,2,1,1,-13
-13,2,1,2,-13,1
2,-11,4,0,2,-11
0,-11,3,0,0,-11
1,-13,2,1,1,-13
1,1,2,2,1,1
0,0,3,3,0,0
-13,0,1,3,-13,0
1,-13,2,1,1,-13
-11,11,0,5,-11,10
0,-13,3,3,0,0
-11,11,0,6,-11,11
-13,10,1,5,-13,10
10,-11,6,0,11,-11
1,0,8,3,-333,0
-11,2,3,4,0,2
0,10,3,5,0,10
1,1,2,2,1,1
-13,1,1,2,-13,1
2,0,4,2,2,1
-11,2,2,2,1,1
-13,-11,0,8,-11,-333
3,0,4,3,2,0
1,-11,2,0,1,-11
0,10,2,6,1,11
0,-11,3,0,0,-11
-13,0,1,5,-13,10
-13,-11,1,0,-13,-11
2,2,2,2,1,1
2,10,2,5,1,10
1,1,2,2,1,1
1,2,4,4,2,2
1,10,2,6,1,11
1,1,2,2,1,1
10,10,5,5,10,10
1,-13,2,1,1,-13
0,1,3,2,0,1
10,2,5,4,10,2
1,10,2,5,1,10
-11,-13,0,1,-11,-13
1,1,2,3,1,0
1,-13,2,1,1,-13
1,2,6,2,11,1
2,-11,4,0,2,-11
1,-13,2,1,1,-13
10,0,5,3,10,0
10,12,6,6,11,11
0,-13,3,1,0,-13
1,1,2,2,1,1
-13,10,1,5,-13,10
1,-11,2,0,1,-11
0,1,3,2,0,1
11,0,6,2,11,1
1,1,2,2,1,1
0,1,3,2,0,1
0,-13,3,1,0,-13
0,-13,3,1,0,-13
2,11,2,5,1,10
1,2,2,2,1,1
-11,1,0,2,-11,1
-13,-11,1,0,-13,-11
10,0,5,3,10,0
2,10,4,5,2,10
1,-11,2,0,1,-11
0,1,5,4,10,2
-11,-11,2,0,1,-11
1,1,2,6,1,11
1,2,2,2,1,1
1,1,2,2,1,1
-11,0,0,3,-11,0
2,-13,2,1,1,-13
1,-11,2,0,1,-11
0,-11,3,3,0,0
0,2,3,4,0,2
-11,2,0,4,-11,2
-13,-13,1,1,-13,-13
11,0,5,5,10,10
1,1,2,4,1,2
1,1,2,2,1,1
-11,-13,8,1,-333,-13
-11,1,0,2,-11,1
2,-13,4,1,2,-13
1,1,2,2,1,1
0,-11,3,0,0,-11
-13,-13,1,1,-13,-13
1,-13,2,1,1,-13
-13,-11,1,0,-13,-11
-13,12,1,6,-13,11
0,10,3,6,0,11
0,1,3,2,0,1
1,1,2,2,1,1
0,10,3,6,0,11
-13,10,8,5,-333,10
11,1,5,2,10,1
1,-11,2,0,1,-11
0,0,1,3,-13,0
0,1,2,2,1,1
1,1,2,2,1,1
0,1,3,2,0,1
1,1,3,2,0,1
1,-11,2,0,1,-11
-11,1,0,2,-11,1
0,0,3,3,0,0
2,-11,2,0,1,-11
0,-11,2,0,1,-11
1,1,2,2,1,1
-11,10,0,5,-11,10
-11,1,0,2,-11,1
1,-11,5,0,10,-11
-13,-13,1,1,-13,-13
1,10,2,5,1,10
0,1,3,2,0,1
1,1,2,2,1,1
11,11,6,5,11,10
-13,11,1,5,-13,10
3,2,4,4,2,2
-13,11,1,5,-13,10
2,-13,6,1,11,-13
1,2,2,4,1,2
11,1,6,6,11,11
1,1,3,2,0,1
-13,-11,1,0,-13,-11
0,-11,3,0,0,-11
2,10,6,5,11,10
10,10,5,5,10,10
2,0,6,2,11,1
0,1,3,2,0,1
1,-13,2,1,1,-13
10,11,5,5,10,10
11,1,6,2,11,1
-13,2,1,2,-13,1
0,-13,3,1,0,-13
-13,1,1,2,-13,1
10,1,5,2,10,1
1,1,2,2,1,1
-13,2,1,2,-13,1
-13,-13,1,1,-13,-13
10,1,3,2,0,1
0,1,3,2,0,1
-11,-13,0,1,-11,-13
1,-13,4,1,2,-13
10,-13,6,1,11,-13
-11,1,0,2,-11,1
-13,0,2,2,1,1
1,-13,2,1,1,-13
1,1,2,2,1,1
10,1,5,2,10,1
-13,-11,1,0,-13,-11
10,1,5,2,10,1
-11,-11,0,0,-11,-11
1,10,2,5,1,10
2,-11,4,0,2,-11
1,10,5,5,10,10
0,1,2,4,1,2
0,11,3,6,0,11
1,0,2,1,1,-13
1,1,4,2,2,1
0,-13,3,3,0,0
0,-11,3,0,0,-11
2,10,4,5,2,10
1,0,2,3,1,0
10,1,5,0,10,-11
10,0,6,3,11,0
-13,1,1,3,-13,0
1,-11,4,0,2,-11
0,0,3,3,0,0
1,1,2,2,1,1
11,0,5,3,10,0
2,-13,4,1,2,-13
1,-11,2,0,1,-11
1,1,4,4,2,2
1,2,2,5,1,10
10,10,5,5,10,10
1,2,2,2,1,1
0,-11,3,2,0,1
10,11,5,6,10,11
11,0,6,1,11,-13
1,-13,2,1,1,-13
-13,2,1,4,-13,2
10,-11,5,0,10,-11
-13,10,1,5,-13,10
-13,-11,1,0,-13,-11
11,-11,6,0,11,-11
0,-13,0,1,-11,-13
-13,11,2,5,1,10
-13,1,1,2,-13,1
11,-13,6,1,11,-13
12,-11,6,0,11,-11
1,1,2,6,1,11
1,1,2,2,1,1
-11,1,0,2,-11,1
-11,-11,0,0,-11,-11
-11,1,0,2,-11,1
2,-11,2,0,1,-11
-13,-13,1,1,-13,-13
1,-11,2,0,1,-11
11,1,5,2,10,1
0,11,2,0,1,-11
10,-13,5,1,10,-13
2,11,4,5,2,10
1,1,2,2,1,1
-13,2,1,4,-13,2
10,2,5,2,10,1
1,-13,2,1,1,-13
0,1,5,2,10,1
1,0,4,3,2,0
1,0,5,2,10,1
2,-13,2,1,1,-13
1,-11,2,0,1,-11
1,-11,2,0,1,-11
2,-11,4,0,2,-11
1,1,2,2,1,1
12,-11,6,0,11,-11
-11,10,0,5,-11,10
-11,2,0,4,-11,2
10,2,5,4,10,2
1,1,2,2,1,1
0,0,3,3,0,0
10,1,5,2,10,1
0,-11,2,0,1,-11
10,-11,5,0,10,-11
3,11,4,6,2,11
-11,1,0,2,-11,1
2,0,4,3,2,0
-11,11,0,2,-11,1
10,1,6,2,11,1
-13,10,1,5,-13,10
10,2,5,2,10,1
1,11,2,6,1,11
0,1,3,2,0,1
1,-13,0,1,-11,-13
-13,10,1,5,-13,10
-11,2,0,2,-11,1
0,0,3,3,0,0
-13,1,1,2,-13,1
-13,1,1,2,-13,1
2,2,2,2,1,1
2,1,2,5,1,10
1,3,2,4,1,2
0,-11,3,0,0,-11
-11,0,0,8,-11,-333
10,-11,5,0,10,-11
-13,0,1,1,-13,-13
1,0,2,3,1,0
-13,-13,1,1,-13,-13
-13,-13,1,1,-13,-13
1,-13,2,1,1,-13
1,2,2,4,1,2
-11,-11,0,0,-11,-11
1,-13,2,1,1,-13
2,11,2,5,1,10
1,1,2,5,1,10
11,-13,6,1,11,-13
0,-13,3,1,0,-13
1,10,2,5,1,10
-13,-13,1,1,-13,-13
-13,-13,1,1,-13,-13
10,-11,5,0,10,-11
-11,-11,0,0,-11,-11
-11,-13,0,1,-11,-13
1,-13,2,1,1,-13
10,1,6,2,11,1
1,11,2,6,1,11
1,-13,2,1,1,-13
-11,-13,0,1,-11,-13
-11,1,0,6,-11,11
0,-11,3,0,0,-11
1,1,2,4,1,2
1,-13,2,1,1,-13
1,-13,0,1,-11,-13
-13,-11,1,0,-13,-11
1,-11,2,0,1,-11
1,-11,2,0,1,-11
1,-13,7,8,-222,-333
-11,-11,0,0,-11,-11
2,1,6,4,11,2
1,-13,2,1,1,-13
-11,-11,0,0,-11,-11
1,1,2,2,1,1
1,1,2,2,1,1
1,1,2,5,1,10
1,-11,2,0,1,-11
2,1,2,3,1,0
-13,0,1,2,-13,1
-13,2,1,4,-13,2
1,1,2,2,1,1
3,1,2,2,1,1
2,11,4,6,2,11
0,-13,6,1,11,-13
2,1,4,2,2,1
3,-13,4,1,2,-13
0,-11,3,0,0,-11
-11,-13,0,2,-11,1
-11,1,0,2,-11,1
-11,1,0,2,-11,1
-13,-11,1,0,-13,-11
2,-13,4,1,2,-13
10,-11,5,0,10,-11
-13,10,1,5,-13,10
2,1,2,2,1,1
11,1,6,2,11,1
2,10,2,6,1,11
10,1,5,2,10,1
10,-13,5,1,10,-13
1,-13,2,1,1,-13
-11,-11,0,0,-11,-11
-13,1,1,2,-13,1
-13,0,1,2,-13,1
-13,10,1,5,-13,10
-13,1,1,2,-13,1
1,-13,2,1,1,-13
1,-13,2,8,1,-333
1,1,2,2,1,1
-11,10,0,5,-11,10
1,11,4,6,2,11
-11,2,1,4,-13,2
2,1,4,2,2,1
10,1,6,2,11,1
-11,11,0,6,-11,11
-13,-13,1,1,-13,-13
-13,-11,1,0,-13,-11
10,-11,5,0,10,-11
-11,1,0,2,-11,1
-11,-13,2,1,1,-13
0,10,3,6,0,11
11,0,2,3,1,0
-11,2,0,4,-11,2
1,-13,2,1,1,-13
-11,2,1,2,-13,1
2,-13,2,1,1,-13
-11,2,0,2,-11,1
0,10,3,5,0,10
2,1,4,5,2,10
-11,-11,0,0,-11,-11
0,-13,3,2,0,1
11,1,6,2,11,1
0,-13,3,1,0,-13
11,1,6,2,11,1
-13,-11,1,0,-13,-11
0,-11,3,0,0,-11
1,-11,2,0,1,-11
0,-13,2,1,1,-13
10,2,5,4,10,2
-13,-13,1,1,-13,-13
-13,-11,1,0,-13,-11
0,1,2,2,1,1
-13,11,1,6,-13,11
0,2,3,2,0,1
1,0,2,3,1,0
-13,1,1,2,-13,1
10,1,6,2,11,1
2,2,6,4,11,2
1,-13,2,1,1,-13
2,-13,4,1,2,-13
-11,0,0,3,-11,0
1,1,2,2,1,1
1,-13,2,7,1,-222
0,2,3,2,0,1
2,-13,6,1,11,-13
-11,1,0,2,-11,1
11,1,6,2,11,1
-13,-13,1,1,-13,-13
-13,-11,1,0,-13,-11
-13,0,1,3,-13,0
0,-11,3,0,0,-11
1,-11,2,0,1,-11
0,1,5,2,10,1
-11,-11,0,0,-11,-11
-11,-11,0,0,-11,-11
2,2,4,2,2,1
-13,11,1,6,-13,11
-11,-13,0,1,-11,-13
-13,0,1,2,-13,1
-11,1,0,2,-11,1
1,0,2,2,1,1
1,1,2,2,1,1
-13,1,1,6,-13,11
-13,-13,1,1,-13,-13
-11,-11,0,0,-11,-11
-11,1,0,2,-11,1
2,10,2,6,1,11
-13,1,1,5,-13,10
1,-13,2,1,1,-13
1,10,2,5,1,10
-11,-11,0,0,-11,-11
-13,-13,8,1,-333,-13
2,10,6,5,11,10
-13,1,2,2,1,1
-13,1,1,0,-13,-11
-11,1,0,2,-11,1
2,2,2,2,1,1
1,10,2,5,1,10
-11,-11,0,0,-11,-11
-13,2,1,2,-13,1
0,2,3,2,0,1
-11,-13,0,1,-11,-13
11,2,6,4,11,2
1,10,6,5,11,10
2,1,4,2,2,1
10,0,5,5,10,10
0,-11,3,0,0,-11
1,10,2,5,1,10
-11,0,0,3,-11,0
-11,2,0,4,-11,2
-13,2,1,4,-13,2
0,-1,3,5,0,10
1,1,2,6,1,11
-13,-13,1,1,-13,-13
2,-13,2,1,1,-13
0,-13,3,1,0,-13
10,11,5,5,10,10
-11,1,0,6,-11,11
1,-11,2,0,1,-11
11,1,5,3,10,0
3,2,6,4,11,2
11,-11,5,0,10,-11
1,-13,2,1,1,-13
-13,-13,1,1,-13,-13
-13,2,3,4,0,2
0,-11,3,0,0,-11
2,-13,4,1,2,-13
11,10,6,5,11,10
0,1,6,4,11,2
10,-11,6,0,11,-11
-13,-13,1,1,-13,-13
10,-11,5,0,10,-11
1,-13,2,1,1,-13
2,11,4,6,2,11
1,10,2,6,1,11
-11,2,0,2,-11,1
0,0,3,3,0,0
1,10,2,5,1,10
1,0,2,3,1,0
-13,0,1,3,-13,0
-13,-11,1,0,-13,-11
1,10,2,6,1,11
1,1,2,2,1,1
-11,1,0,2,-11,1
2,10,4,6,2,11
10,1,5,2,10,1
1,-13,2,1,1,-13
-13,1,1,4,-13,2
10,-11,6,0,11,-11
1,-11,3,0,0,-11
0,-11,7,8,-222,-333
-13,0,1,2,-13,1
-13,-13,1,1,-13,-13
10,1,5,3,10,0
0,10,3,5,0,10
1,1,4,2,2,1
-11,10,0,5,-11,10
-13,10,1,5,-13,10
10,-11,5,0,10,-11
1,-11,4,0,2,-11
-13,1,3,2,0,1
-11,1,0,2,-11,1
-11,-13,7,1,-222,-13
-13,10,1,5,-13,10
2,2,4,4,2,2
-11,1,0,2,-11,1
-13,10,1,5,-13,10
1,1,2,4,1,2
1,0,2,3,1,0
0,-11,2,0,1,-11
-13,0,1,3,-13,0
2,10,2,5,1,10
1,10,2,5,1,10
1,-13,2,1,1,-13
-13,-13,1,2,-13,1
2,1,4,2,2,1
2,-13,4,1,2,-13
-11,-11,0,0,-11,-11
-11,-13,0,1,-11,-13
1,0,4,3,2,0
-11,1,0,2,-11,1
2,-13,2,1,1,-13
-13,2,1,4,-13,2
1,-11,4,0,2,-11
1,-11,2,0,1,-11
1,-13,2,1,1,-13
1,1,2,2,1,1
11,11,6,2,11,1
2,10,2,3,1,0
-11,2,0,4,-11,2
10,-11,5,0,10,-11
-11,1,0,6,-11,11
0,-13,3,1,0,-13
0,0,3,3,0,0
1,10,2,5,1,10
2,0,0,4,-11,2
10,-13,8,8,-333,-333
1,-13,3,2,0,1
0,-13,3,1,0,-13
-11,-11,0,0,-11,-11
0,-11,3,0,0,-11
0,-13,2,1,1,-13
1,0,2,3,1,0
-11,-11,0,0,-11,-11
11,10,6,5,11,10
1,10,2,5,1,10
11,-13,6,1,11,-13
-13,11,1,5,-13,10
0,1,3,2,0,1
-11,-11,2,2,1,1
-11,0,0,4,-11,2
10,2,5,4,10,2
1,10,2,6,1,11
0,10,3,5,0,10
1,2,2,2,1,1
-11,1,0,4,-11,2
0,-11,3,0,0,-11
1,0,2,3,1,0
10,-11,5,2,10,1
1,10,2,2,1,1
0,3,2,4,1,2
10,-11,5,2,10,1
-11,-11,0,0,-11,-11
1,1,2,2,1,1
2,2,2,4,1,2
11,1,6,6,11,11
-11,-13,0,1,-11,-13
11,10,5,5,10,10
2,11,2,5,1,10
1,-13,2,1,1,-13
1,-13,4,1,2,-13
1,0,6,3,11,0
1,-13,2,1,1,-13
2,2,2,4,1,2
-11,1,0,2,-11,1
0,1,5,2,10,1
1,1,4,4,2,2
-13,1,1,2,-13,1
-13,10,0,5,-11,10
1,1,2,2,1,1
-11,1,0,2,-11,1
2,1,6,2,11,1
2,-13,2,1,1,-13
0,1,2,2,1,1
11,-11,6,0,11,-11
1,2,4,4,2,2
-11,1,0,2,-11,1
-11,-11,0,0,-11,-11
1,-11,2,0,1,-11
-13,-13,1,1,-13,-13
1,2,6,4,11,2
-11,11,0,6,-11,11
-11,0,8,3,-333,0
-11,-13,0,1,-11,-13
1,-13,2,1,1,-13
1,2,2,4,1,2
-13,0,1,3,-13,0
11,1,5,2,10,1
10,10,5,5,10,10
-13,1,1,2,-13,1
2,0,5,3,10,0
1,-11,2,0,1,-11
-11,2,0,8,-11,-333
-11,-11,0,2,-11,1
10,0,6,3,11,0
-11,11,0,6,-11,11
-13,0,1,5,-13,10
1,10,2,5,1,10
-13,1,1,2,-13,1
2,12,2,4,1,2
10,-11,5,0,10,-11
1,-11,2,0,1,-11
1,1,2,2,1,1
11,-13,6,1,11,-13
-11,0,0,3,-11,0
11,-11,6,0,11,-11
-11,1,2,2,1,1
10,11,5,6,10,11
1,10,6,2,11,1
10,1,5,2,10,1
1,1,4,2,2,1
-13,-11,1,0,-13,-11
0,0,0,3,-11,0
0,2,3,4,0,2
10,-13,5,1,10,-13
1,10,2,5,1,10
-13,-11,1,0,-13,-11
1,1,2,2,1,1
1,1,0,2,-11,1
10,10,5,5,10,10
-13,-13,1,1,-13,-13
1,-11,2,0,1,-11
-11,0,0,5,-11,10
1,1,2,2,1,1
-13,2,1,4,-13,2
1,1,2,2,1,1
11,2,5,4,10,2
0,11,3,6,0,11
1,10,4,5,2,10
0,-13,5,2,10,1
0,-13,3,1,0,-13
-11,0,0,3,-11,0
-13,1,0,2,-11,1
1,1,2,2,1,1
10,-11,5,0,10,-11
-13,-13,1,1,-13,-13
-11,0,0,3,-11,0
-11,2,0,2,-11,1
1,10,2,5,1,10
1,-13,7,1,-222,-13
1,10,6,6,11,11
2,1,2,2,1,1
2,10,2,5,1,10
2,11,6,6,11,11
1,11,2,6,1,11
12,-13,6,1,11,-13
11,10,6,6,11,11
2,-11,6,0,11,-11
1,1,2,2,1,1
2,0,4,3,2,0
-11,1,0,2,-11,1
1,-11,2,0,1,-11
0,3,3,6,0,11
1,0,2,2,1,1
-11,-13,0,1,-11,-13
2,0,2,2,1,1
11,-13,6,1,11,-13
0,-11,3,0,0,-11
3,2,6,2,11,1
1,10,2,2,1,1
1,1,2,2,1,1
10,-11,5,0,10,-11
-13,-13,1,1,-13,-13
1,-11,2,0,1,-11
-13,-13,1,1,-13,-13
0,-13,3,1,0,-13
10,-13,5,1,10,-13
-11,1,0,4,-11,2
-11,-13,3,0,0,-11
1,1,2,2,1,1
-11,10,0,5,-11,10
1,10,2,5,1,10
-11,-11,0,0,-11,-11
1,1,2,2,1,1
10,-13,5,1,10,-13
-13,1,1,2,-13,1
2,2,2,0,1,-11
2,1,4,2,2,1
0,10,8,2,-333,1
1,2,2,2,1,1
-11,2,0,4,-11,2
0,1,3,2,0,1
10,3,5,4,10,2
10,-11,5,0,10,-11
-13,1,1,2,-13,1
-13,1,1,2,-13,1
0,1,3,2,0,1
-13,10,1,2,-13,1
-13,0,1,3,-13,0
-13,1,8,2,-333,1
0,1,5,0,10,-11
1,-13,2,2,1,1
1,-11,2,0,1,-11
1,1,4,2,2,1
-13,2,1,6,-13,11
1,11,2,6,1,11
-13,1,1,4,-13,2
0,2,3,4,0,2
10,-13,5,1,10,-13
-11,11,0,6,-11,11
10,2,5,2,10,1
1,3,2,4,1,2
0,-13,3,1,0,-13
2,2,2,6,1,11
0,2,2,2,1,1
0,10,3,2,0,1
-11,-13,0,0,-11,-11
-13,-13,1,1,-13,-13
-11,11,0,5,-11,10
-13,1,1,2,-13,1
-11,-13,0,1,-11,-13
1,0,2,3,1,0
-11,1,0,2,-11,1
10,-13,5,1,10,-13
-11,1,0,2,-11,1
1,-11,2,0,1,-11
1,1,2,5,1,10
1,-13,2,1,1,-13
-11,1,0,2,-11,1
0,-13,3,1,0,-13
-13,2,1,6,-13,11
1,-11,2,0,1,-11
11,10,5,5,10,10
11,-13,6,1,11,-13
10,2,5,4,10,2
2,1,4,2,2,1
1,-13,2,1,1,-13
0,10,3,5,0,10
-11,-13,0,1,-11,-13
2,1,2,2,1,1
11,-13,4,1,2,-13
2,-11,4,0,2,-11
1,0,8,8,-333,-333
2,1,2,2,1,1
1,-13,2,7,1,-222
1,12,2,6,1,11
-13,0,1,3,-13,0
-13,1,1,2,-13,1
1,2,2,6,1,11
-11,1,1,6,-13,11
2,2,4,4,2,2
-11,-13,0,1,-11,-13
10,1,6,2,11,1
-13,-13,1,1,-13,-13
1,11,2,6,1,11
10,-13,5,1,10,-13
0,-13,3,1,0,-13
1,-11,2,0,1,-11
1,1,2,2,1,1
-13,2,1,4,-13,2
2,-11,2,0,1,-11
1,1,2,2,1,1
10,2,5,2,10,1
-11,0,0,2,-11,1
1,0,2,3,1,0
-13,10,1,5,-13,10
1,2,2,6,1,11
-11,1,0,2,-11,1
-13,-13,1,1,-13,-13
11,-13,2,8,1,-333
10,-11,5,0,10,-11
-11,1,0,6,-11,11
-11,0,0,2,-11,1
-13,11,1,6,-13,11
2,1,2,2,1,1
2,10,4,5,2,10
1,-11,2,2,1,1
-13,-13,1,1,-13,-13
-11,0,0,3,-11,0
0,1,4,2,2,1
10,-13,5,1,10,-13
1,2,2,2,1,1
-11,2,0,2,-11,1
-13,2,1,4,-13,2
10,-13,5,1,10,-13
10,1,5,2,10,1
1,-13,2,1,1,-13
1,1,2,2,1,1
1,1,2,2,1,1
1,-11,2,0,1,-11
-11,-13,0,1,-11,-13
2,2,2,4,1,2
10,1,5,2,10,1
1,1,2,2,1,1
2,2,2,2,1,1
12,-11,6,0,11,-11
-13,-13,1,1,-13,-13
-13,-13,1,1,-13,-13
2,2,4,4,2,2
-13,11,1,6,-13,11
0,1,3,2,0,1
1,11,2,6,1,11
0,-11,8,8,-333,-333
-11,-11,2,0,1,-11
-11,1,0,2,-11,1
1,-13,2,1,1,-13
2,-13,6,1,11,-13
-13,0,1,3,-13,0
10,-11,6,0,11,-11
0,1,2,2,1,1
-13,-13,1,5,-13,10
1,1,2,4,1,2
0,0,3,3,0,0
-11,-11,1,0,-13,-11
1,10,2,6,1,11
0,0,3,1,0,-13
-13,0,1,3,-13,0
3,1,4,2,2,1
-13,10,1,5,-13,10
1,1,2,2,1,1
-11,10,0,5,-11,10
-13,1,1,3,-13,0
2,1,2,2,1,1
-11,2,0,4,-11,2
1,1,2,4,1,2
-11,-11,0,2,-11,1
2,-11,2,0,1,-11
0,11,5,5,10,10
-13,1,1,2,-13,1
1,-13,2,1,1,-13
1,1,2,8,1,-333
2,1,4,2,2,1
1,2,6,4,11,2
11,1,6,6,11,11
-13,0,1,3,-13,0
-13,-11,1,0,-13,-11
10,0,5,8,10,-333
0,1,3,2,0,1
10,3,5,6,10,11
0,-13,3,1,0,-13
-11,-13,0,1,-11,-13
1,10,2,6,1,11
-11,-11,8,8,-333,-333
2,1,4,4,2,2
-13,10,1,6,-13,11
1,-11,2,0,1,-11
-1,10,6,5,11,10
0,-13,3,1,0,-13
1,0,2,3,1,0
0,11,3,5,0,10
2,-13,4,1,2,-13
10,1,5,6,10,11
10,10,5,5,10,10
2,-11,5,0,10,-11
-11,1,0,2,-11,1
1,-13,2,1,1,-13
-13,1,1,2,-13,1
-11,1,0,2,-11,1
-13,11,1,6,-13,11
11,0,5,3,10,0
1,-13,2,1,1,-13
-13,1,1,2,-13,1
1,2,2,2,1,1
2,-13,2,1,1,-13
-13,10,1,5,-13,10
0,2,3,2,0,1
11,-11,6,0,11,-11
-11,10,0,5,-11,10
10,10,2,2,1,1
-13,0,1,3,-13,0
1,3,2,6,1,11
10,10,6,5,11,10
1,-11,2,0,1,-11
1,-11,2,0,1,-11
1,1,2,4,1,2
2,1,2,2,1,1
-13,-13,1,1,-13,-13
1,1,2,2,1,1
-13,1,1,4,-13,2
-11,0,0,5,-11,10
-13,1,1,2,-13,1
0,-11,3,0,0,-11
2,10,2,5,1,10
-11,1,0,2,-11,1
-11,11,0,6,-11,11
10,-11,5,0,10,-11
1,1,2,2,1,1
-11,1,2,2,1,1
-11,-11,0,0,-11,-11
2,-11,4,0,2,-11
11,-11,6,0,11,-11
-13,1,1,2,-13,1
1,1,2,2,1,1
-11,1,0,2,-11,1
-13,-11,1,0,-13,-11
1,-11,2,0,1,-11
0,-11,5,0,10,-11
1,1,2,2,1,1
1,-13,2,1,1,-13
1,1,2,2,1,1
1,0,2,5,1,10
11,1,6,2,11,1
2,10,4,5,2,10
11,0,6,5,11,10
10,-11,5,0,10,-11
11,2,6,4,11,2
2,-11,2,0,1,-11
2,0,2,2,1,1
-13,2,1,2,-13,1
1,0,2,3,1,0
0,-13,3,1,0,-13
-11,2,0,4,-11,2
1,1,2,6,1,11
1,1,7,2,-222,1
10,1,5,2,10,1
-13,-13,1,1,-13,-13
2,-11,6,0,11,-11
-13,-13,1,1,-13,-13
-11,1,0,2,-11,1
-11,-11,0,0,-11,-11
-11,-11,2,0,1,-11
3,0,4,3,2,0
-11,-13,0,1,-11,-13
2,-13,4,1,2,-13
10,1,6,2,11,1
10,-13,5,1,10,-13
0,-13,3,1,0,-13
1,1,2,2,1,1
1,1,2,2,1,1
-11,-1,0,5,-11,10
2,-11,4,3,2,0
-13,11,1,5,-13,10
-13,-13,1,0,-13,-11
1,2,2,2,1,1
10,10,5,5,10,10
2,-11,4,0,2,-11
-11,0,0,3,-11,0
1,10,2,5,1,10
1,1,0,8,-11,-333
1,-11,3,0,0,-11
-13,2,1,4,-13,2
-11,2,0,2,-11,1
-11,1,0,2,-11,1
1,1,2,2,1,1
2,-13,2,1,1,-13
1,0,2,3,1,0
-13,0,1,3,-13,0
10,1,5,2,10,1
2,0,6,2,11,1
-13,0,1,3,-13,0
0,-13,3,1,0,-13
0,-11,3,0,0,-11
10,1,5,2,10,1
1,10,2,5,1,10
-13,-11,1,0,-13,-11
11,-11,6,0,11,-11
10,0,6,3,11,0
-11,1,0,2,-11,1
-11,-11,0,8,-11,-333
1,-13,2,1,1,-13
0,0,3,2,0,1
-11,-13,1,1,-13,-13
1,-11,2,0,1,-11
0,1,3,6,0,11
4,10,4,5,2,10
-13,-11,1,0,-13,-11
1,1,2,2,1,1
0,1,3,2,0,1
11,0,6,3,11,0
1,0,2,3,1,0
-13,-13,1,1,-13,-13
-11,1,0,2,-11,1
10,11,5,6,10,11
-11,-13,0,1,-11,-13
2,1,2,6,1,11
1,-13,2,2,1,1
2,-11,4,0,2,-11
-11,1,0,3,-11,0
1,1,0,2,-11,1
-13,-11,1,0,-13,-11
1,-11,2,0,1,-11
-13,10,1,5,-13,10
0,1,2,2,1,1
-13,-11,1,0,-13,-11
1,-13,4,1,2,-13
0,1,2,0,1,-11
3,3,4,4,2,2
2,-11,0,2,-11,1
-11,1,0,2,-11,1
1,0,2,3,1,0
2,-11,4,0,2,-11
1,-11,0,0,-11,-11
-11,2,0,2,-11,1
0,1,3,2,0,1
0,-13,2,1,1,-13
1,2,2,4,1,2
1,2,2,2,1,1
0,11,8,2,-333,1
-13,11,1,6,-13,11
11,0,6,3,11,0
-11,12,0,6,-11,11
10,2,5,2,10,1
-13,0,1,1,-13,-13
-13,-13,1,1,-13,-13
10,-11,4,0,2,-11
0,0,2,3,1,0
1,-13,2,1,1,-13
11,0,6,3,11,0
0,10,3,5,0,10
-13,0,1,3,-13,0
1,3,2,4,1,2
0,1,0,2,-11,1
-13,-13,1,1,-13,-13
11,0,5,3,10,0
1,1,2,2,1,1
-11,1,0,2,-11,1
-11,-11,0,0,-11,-11
-13,1,1,2,-13,1
-13,10,1,5,-13,10
-13,2,1,2,-13,1
-11,-11,8,0,-333,-11
10,-13,3,5,0,10
2,0,4,3,2,0
1,-13,2,1,1,-13
11,1,6,2,11,1
-11,-11,0,0,-11,-11
10,-13,5,1,10,-13
1,10,2,5,1,10
1,-11,2,0,1,-11
1,1,8,2,-333,1
1,1,2,2,1,1
-11,2,0,2,-11,1
1,-11,2,0,1,-11
10,10,2,5,1,10
0,2,3,4,0,2
12,-13,6,3,11,0
1,0,2,3,1,0
0,2,2,4,1,2
0,-13,3,1,0,-13
10,0,5,3,10,0
-11,-11,0,0,-11,-11
0,-13,1,1,-13,-13
10,10,5,6,10,11
-11,-11,0,0,-11,-11
1,-11,2,0,1,-11
-13,-13,1,1,-13,-13
10,10,5,6,10,11
-13,-11,1,0,-13,-11
-13,2,1,2,-13,1
2,-13,2,1,1,-13
2,-11,4,0,2,-11
1,-11,2,0,1,-11
1,-11,2,0,1,-11
-13,1,1,4,-13,2
0,1,3,2,0,1
11,0,5,3,10,0
10,-11,5,0,10,-11
-13,-11,1,0,-13,-11
10,0,6,5,11,10
11,2,5,4,10,2
-11,1,0,5,-11,10
2,0,4,3,2,0
2,3,2,4,1,2
-11,-13,0,1,-11,-13
0,-11,3,0,0,-11
-13,1,1,2,-13,1
1,10,2,5,1,10
-11,0,0,3,-11,0
1,1,2,2,1,1
-13,0,1,5,-13,10
11,-13,6,1,11,-13
1,-13,2,1,1,-13
10,-13,5,1,10,-13
-11,2,0,6,-11,11
-11,0,0,2,-11,1
1,0,2,2,1,1
1,1,2,2,1,1
2,2,4,2,2,1
0,-13,5,1,10,-13
-11,-13,0,1,-11,-13
11,1,6,5,11,10
0,10,3,5,0,10
0,2,3,4,0,2
-11,10,0,5,-11,10
-11,11,0,6,-11,11
-13,1,1,2,-13,1
10,11,5,5,10,10
1,-13,2,1,1,-13
1,-13,2,1,1,-13
1,10,2,6,1,11
10,-11,5,0,10,-11
0,-11,2,0,1,-11
-13,10,8,5,-333,10
1,-13,2,1,1,-13
1,2,2,2,1,1
11,11,6,6,11,11
0,1,3,4,0,2
11,-11,5,0,10,-11
0,10,3,6,0,11
1,-11,6,0,11,-11
1,-13,2,1,1,-13
-13,2,1,4,-13,2
0,-11,1,0,-13,-11
1,-13,3,1,0,-13
-13,-13,1,1,-13,-13
-11,-11,0,0,-11,-11
1,0,2,3,1,0
-11,-13,0,3,-11,0
2,1,4,2,2,1
-13,2,1,4,-13,2
-11,1,0,2,-11,1
-11,1,0,2,-11,1
2,1,2,4,1,2
-13,-13,0,1,-11,-13
1,11,2,6,1,11
-13,1,1,4,-13,2
-11,12,0,6,-11,11
1,11,4,6,2,11
1,11,2,6,1,11
1,-11,2,0,1,-11
-11,-11,0,0,-11,-11
10,2,5,4,10,2
-13,-11,0,0,-11,-11
-11,-13,2,1,1,-13
10,-13,5,3,10,0
1,-13,2,1,1,-13
10,1,5,2,10,1
-13,-13,8,1,-333,-13
-13,-11,1,0,-13,-11
-11,0,0,2,-11,1
1,0,2,3,1,0
0,2,3,2,0,1
2,12,4,6,2,11
-13,2,1,2,-13,1
0,-13,3,1,0,-13
10,-13,5,1,10,-13
-13,0,1,3,-13,0
1,1,2,2,1,1
-13,10,1,5,-13,10
1,-11,2,0,1,-11
0,0,3,3,0,0
0,12,0,2,-11,1
2,1,4,2,2,1
10,11,5,6,10,11
0,-13,3,1,0,-13
-11,1,0,2,-11,1
-11,10,2,5,1,10
1,-11,2,0,1,-11
3,-11,4,8,2,-333
0,1,3,2,0,1
-11,1,0,2,-11,1
1,1,2,2,1,1
-13,1,1,2,-13,1
-11,1,0,2,-11,1
11,-13,6,1,11,-13
1,1,3,2,0,1
0,0,3,3,0,0
10,1,5,2,10,1
11,0,5,3,10,0
1,-11,2,0,1,-11
0,10,3,5,0,10
-13,2,1,2,-13,1
1,-13,2,1,1,-13
-11,-11,0,0,-11,-11
10,1,5,4,10,2
1,1,6,2,11,1
-11,-11,0,0,-11,-11
-11,1,2,4,1,2
-11,-13,0,1,-11,-13
1,0,2,3,1,0
-13,-13,1,1,-13,-13
2,-13,2,1,1,-13
-13,0,1,2,-13,1
1,1,2,2,1,1
10,-11,5,0,10,-11
11,10,6,6,11,11
-13,10,1,5,-13,10
0,1,3,2,0,1
1,1,2,2,1,1
2,-11,7,0,-222,-11
1,1,5,2,10,1
10,1,5,2,10,1
-11,2,2,2,1,1
11,1,6,2,11,1
1,2,2,4,1,2
-11,10,0,6,-11,11
2,2,4,4,2,2
2,2,4,2,2,1
-13,10,1,5,-13,10
11,10,6,5,11,10
2,2,4,6,2,11
-13,-11,1,0,-13,-11
2,0,6,3,11,0
1,-13,2,1,1,-13
1,1,4,2,2,1
-11,11,0,6,-11,11
10,-13,5,1,10,-13
1,0,6,3,11,0
10,-11,5,0,10,-11
1,-13,5,1,10,-13
0,2,3,4,0,2
11,1,6,2,11,1
-11,0,0,3,-11,0
-13,1,1,4,-13,2
-13,11,1,5,-13,10
-13,-11,1,2,-13,1
11,0,6,2,11,1
0,11,3,5,0,10
0,-13,3,1,0,-13
1,2,2,4,1,2
0,1,3,2,0,1
11,-11,6,0,11,-11
-13,2,1,4,-13,2
0,0,2,1,1,-13
1,2,4,4,2,2
-11,-11,0,0,-11,-11
-13,-13,1,1,-13,-13
1,-11,7,0,-222,-11
-11,10,2,5,1,10
-13,10,1,6,-13,11
-11,0,0,3,-11,0
0,-11,5,0,10,-11
11,0,5,3,10,0
-13,11,1,6,-13,11
0,-13,3,1,0,-13
1,0,2,3,1,0
1,-11,2,0,1,-11
-13,1,1,2,-13,1
1,0,2,3,1,0
0,-13,3,1,0,-13
-11,-13,0,1,-11,-13
-11,0,1,3,-13,0
10,10,5,5,10,10
-13,1,1,2,-13,1
-13,0,1,1,-13,-13
1,1,8,2,-333,1
-11,-11,0,0,-11,-11
2,-13,6,1,11,-13
-11,-11,0,0,-11,-11
0,-13,3,1,0,-13
1,-11,6,0,11,-11
1,10,2,5,1,10
-11,10,0,5,-11,10
2,-13,4,1,2,-13
10,-13,5,1,10,-13
1,2,2,4,1,2
-13,0,1,3,-13,0
1,1,6,2,11,1
1,-11,2,0,1,-11
-13,2,1,4,-13,2
1,0,2,3,1,0
-13,-13,1,1,-13,-13
-11,-11,3,0,0,-11
2,4,2,4,1,2
1,10,2,5,1,10
-13,-13,8,1,-333,-13
1,1,2,2,1,1
1,10,2,5,1,10
1,-11,2,0,1,-11
2,-11,2,0,1,-11
11,0,2,0,1,-11
1,-13,2,1,1,-13
2,1,2,2,1,1
-11,1,0,2,-11,1
2,1,4,2,2,1
1,0,2,2,1,1
1,1,2,2,1,1
1,0,3,3,0,0
-11,-13,0,3,-11,0
1,1,2,2,1,1
-11,2,2,4,1,2
0,-11,3,2,0,1
1,1,2,2,1,1
-13,2,1,4,-13,2
0,0,3,2,0,1
-13,1,1,2,-13,1
1,0,2,3,1,0
-11,-11,8,0,-333,-11
-11,1,7,2,-222,1
-13,2,1,4,-13,2
-11,-11,0,0,-11,-11
10,1,5,2,10,1
1,-13,2,1,1,-13
1,2,4,4,2,2
1,-13,2,1,1,-13
-11,-11,0,0,-11,-11
0,-13,3,1,0,-13
1,1,2,2,1,1
1,1,2,2,1,1
0,2,3,2,0,1
10,-13,5,1,10,-13
1,-13,3,1,0,-13
-1,1,5,2,10,1
0,-11,3,0,0,-11
1,-11,2,0,1,-11
1,-13,2,1,1,-13
0,-11,3,0,0,-11
0,0,3,3,0,0
-13,-13,1,1,-13,-13
-11,10,0,5,-11,10
-13,1,1,2,-13,1
-13,2,1,4,-13,2
0,0,3,3,0,0
-13,-13,1,1,-13,-13
0,1,3,2,0,1
1,-13,4,1,2,-13
-13,0,1,3,-13,0
2,2,2,2,1,1
-11,1,0,2,-11,1
-13,2,1,4,-13,2
-11,-11,0,0,-11,-11
11,0,5,3,10,0
1,1,4,2,2,1
2,1,4,2,2,1
3,-11,6,0,11,-11
-11,1,0,6,-11,11
0,1,3,2,0,1
0,-11,3,0,0,-11
3,1,4,2,2,1
-13,1,1,2,-13,1
2,1,4,2,2,1
-13,-11,1,0,-13,-11
-11,0,0,3,-11,0
11,10,6,6,11,11
-13,10,1,5,-13,10
12,-11,6,0,11,-11
11,1,6,2,11,1
10,11,5,5,10,10
1,1,2,2,1,1
10,1,5,2,10,1
2,11,4,5,2,10
-11,1,0,2,-11,1
-13,-11,1,0,-13,-11
1,11,2,6,1,11
-13,-13,1,1,-13,-13
0,10,3,5,0,10
-11,0,0,3,-11,0
1,1,2,2,1,1
1,-11,2,0,1,-11
-11,0,3,3,0,0
1,10,2,5,1,10
-11,-11,0,8,-11,-333
1,0,4,3,2,0
10,0,5,3,10,0
2,1,4,2,2,1
10,1,6,2,11,1
0,11,3,6,0,11
1,-11,2,0,1,-11
10,-11,5,0,10,-11
10,10,5,5,10,10
-13,-13,1,1,-13,-13
2,-13,4,1,2,-13
-11,0,0,3,-11,0
-13,1,1,2,-13,1
-11,10,0,5,-11,10
1,3,2,2,1,1
11,1,6,2,11,1
0,-13,3,0,0,-11
1,-13,4,1,2,-13
1,-11,2,0,1,-11
-11,10,0,5,-11,10
-13,-11,1,0,-13,-11
0,-13,8,1,-333,-13
1,10,2,5,1,10
-13,2,1,6,-13,11
-11,0,0,3,-11,0
-13,1,1,2,-13,1
-13,-13,1,1,-13,-13
0,0,5,3,10,0
-11,-13,0,1,-11,-13
12,0,6,3,11,0
1,-13,2,1,1,-13
0,10,2,5,1,10
2,-11,2,0,1,-11
0,1,2,2,1,1
11,-11,6,0,11,-11
2,0,2,3,1,0
1,0,2,3,1,0
11,-11,6,0,11,-11
-13,2,1,4,-13,2
1,1,2,0,1,-11
1,-13,2,1,1,-13
0,0,3,2,0,1
1,0,2,5,1,10
-11,-13,0,1,-11,-13
-11,-11,2,0,1,-11
-11,1,0,2,-11,1
-13,10,1,5,-13,10
1,3,6,2,11,1
10,11,5,5,10,10
-13,1,1,2,-13,1
2,1,2,3,1,0
2,10,2,5,1,10
1,10,2,5,1,10
-11,1,0,6,-11,11
0,0,3,3,0,0
0,1,3,2,0,1
2,0,2,3,1,0
-11,-11,0,0,-11,-11
-11,2,0,2,-11,1
1,1,2,2,1,1
1,-13,2,1,1,-13
-13,1,2,2,1,1
-11,1,0,2,-11,1
1,0,2,3,1,0
1,-13,2,1,1,-13
1,-13,7,1,-222,-13
-11,1,0,2,-11,1
0,1,3,2,0,1
11,1,5,2,10,1
0,2,0,4,-11,2
-13,-11,1,0,-13,-11
1,10,5,5,10,10
10,1,6,2,11,1
1,10,2,5,1,10
-11,1,0,6,-11,11
-13,-11,1,0,-13,-11
1,1,2,2,1,1
1,0,2,3,1,0
-13,10,1,5,-13,10
-11,-11,0,0,-11,-11
1,2,2,4,1,2
-11,-11,0,0,-11,-11
11,-13,6,1,11,-13
-13,1,1,2,-13,1
1,1,6,2,11,1
0,10,3,5,0,10
-11,10,0,5,-11,10
-13,1,1,2,-13,1
-11,1,2,7,1,-222
-11,-11,0,0,-11,-11
1,2,2,6,1,11
10,11,5,5,10,10
-13,-11,1,0,-13,-11
10,-13,5,1,10,-13
-13,2,1,2,-13,1
2,-13,4,1,2,-13
-13,-13,1,1,-13,-13
1,-13,2,1,1,-13
-13,-11,1,0,-13,-11
11,-13,6,1,11,-13
1,-11,2,0,1,-11
-13,0,1,3,-13,0
-13,-13,1,1,-13,-13
10,10,5,5,10,10
2,1,4,3,2,0
10,0,5,3,10,0
3,10,4,5,2,10
11,10,5,6,10,11
-13,0,1,2,-13,1
-13,-13,1,1,-13,-13
1,-13,2,1,1,-13
0,-11,3,0,0,-11
-11,-11,0,0,-11,-11
1,10,2,5,1,10
1,-13,2,1,1,-13
2,1,4,2,2,1
-11,-11,0,0,-11,-11
0,-11,3,0,0,-11
-11,10,0,5,-11,10
11,10,6,5,11,10
0,2,2,2,1,1
10,2,5,4,10,2
11,0,6,3,11,0
-11,-11,0,0,-11,-11
1,-13,2,1,1,-13
-13,-11,1,0,-13,-11
0,0,3,3,0,0
11,1,5,2,10,1
-13,11,1,6,-13,11
-13,-13,1,1,-13,-13
2,-11,2,0,1,-11
1,1,2,0,1,-11
1,10,2,5,1,10
-13,2,1,4,-13,2
1,-11,2,0,1,-11
1,11,2,6,1,11
11,-11,5,8,10,-333
-13,1,1,2,-13,1
2,-13,4,1,2,-13
2,-11,4,0,2,-11
-13,1,1,2,-13,1
-11,-13,0,1,-11,-13
10,-13,6,1,11,-13
1,1,2,8,1,-333
1,0,2,3,1,0
-13,1,1,2,-13,1
0,1,3,2,0,1
-13,10,1,5,-13,10
0,-11,1,0,-13,-11
2,-13,2,1,1,-13
11,-11,6,0,11,-11
0,1,3,2,0,1
-13,0,1,1,-13,-13
-13,1,1,2,-13,1
2,1,4,2,2,1
2,-13,4,1,2,-13
-13,10,1,2,-13,1
0,-13,3,1,0,-13
1,1,4,2,2,1
10,3,5,6,10,11
1,-11,2,0,1,-11
1,0,2,6,1,11
0,1,3,2,0,1
-13,-13,1,1,-13,-13
1,-13,2,1,1,-13
1,1,2,2,1,1
-11,0,0,3,-11,0
1,-13,2,1,1,-13
-11,1,0,2,-11,1
1,-13,2,1,1,-13
0,1,3,2,0,1
-13,-13,1,1,-13,-13
-11,1,0,2,-11,1
-13,0,1,5,-13,10
2,0,2,3,1,0
-13,2,1,2,-13,1
-11,-13,2,1,1,-13
2,-11,4,0,2,-11
-11,3,0,6,-11,11
-11,10,0,5,-11,10
-11,10,2,5,1,10
1,1,4,2,2,1
1,2,4,2,2,1
3,10,4,5,2,10
-11,1,0,2,-11,1
-13,10,1,6,-13,11
-11,-11,0,0,-11,-11
2,1,2,2,1,1
-13,10,1,6,-13,11
10,1,6,2,11,1
-13,-13,1,1,-13,-13
0,1,2,2,1,1
1,-11,2,0,1,-11
2,1,4,2,2,1
0,-11,3,0,0,-11
0,1,5,2,10,1
-11,2,7,2,-222,1
1,0,2,3,1,0
0,-13,3,1,0,-13
0,1,3,2,0,1
10,1,5,2,10,1
-11,0,0,0,-11,-11
2,1,0,8,-11,-333
-11,0,0,3,-11,0
10,-13,5,1,10,-13
11,1,6,2,11,1
0,11,3,5,0,10
12,-13,5,1,10,-13
1,1,2,2,1,1
10,-11,5,0,10,-11
10,-13,5,1,10,-13
11,1,5,2,10,1
-13,-13,1,1,-13,-13
1,1,2,4,1,2
1,11,6,5,11,10
0,1,3,2,0,1
11,11,6,6,11,11
0,1,3,2,0,1
-11,1,0,2,-11,1
-13,11,3,5,0,10
10,11,4,2,2,1
0,-13,3,1,0,-13
-11,1,0,6,-11,11
-11,2,0,4,-11,2
-13,0,1,3,-13,0
-11,1,0,2,-11,1
-11,1,0,2,-11,1
-13,2,1,4,-13,2
-13,2,1,4,-13,2
-11,1,2,3,1,0
-11,1,0,2,-11,1
-11,0,0,5,-11,10
1,-11,2,0,1,-11
-11,1,0,2,-11,1
0,11,3,2,0,1
1,-13,2,1,1,-13
-13,11,1,6,-13,11
2,-11,2,0,1,-11
-13,11,1,5,-13,10
-11,2,0,2,-11,1
1,-13,4,1,2,-13
-13,0,1,3,-13,0
10,-11,5,0,10,-11
11,1,6,2,11,1
-11,-13,0,1,-11,-13
4,-11,4,0,2,-11
1,2,2,6,1,11
11,0,6,3,11,0
-13,-13,1,1,-13,-13
2,-11,4,0,2,-11
2,11,4,6,2,11
0,1,3,6,0,11
1,2,2,2,1,1
-13,0,8,3,-333,0
0,-11,3,0,0,-11
1,1,0,8,-11,-333
-13,1,1,2,-13,1
-11,0,0,3,-11,0
-11,0,2,3,1,0
11,-13,6,1,11,-13
10,1,5,2,10,1
1,10,2,5,1,10
-11,10,0,5,-11,10
1,10,2,5,1,10
11,2,5,2,10,1
-11,1,0,3,-11,0
-11,-13,0,1,-11,-13
11,2,6,4,11,2
-13,-13,1,1,-13,-13
-13,10,1,5,-13,10
-13,2,1,2,-13,1
1,-11,2,8,1,-333
-11,-11,2,0,1,-11
1,-11,2,0,1,-11
-13,-11,1,0,-13,-11
-13,11,1,6,-13,11
0,2,3,4,0,2
-13,1,1,2,-13,1
3,10,2,5,1,10
-13,10,1,5,-13,10
-11,-11,0,0,-11,-11
0,-11,3,0,0,-11
-13,1,1,2,-13,1
-11,-13,2,1,1,-13
10,-11,5,0,10,-11
1,0,2,3,1,0
1,1,2,2,1,1
1,2,2,4,1,2
1,10,2,5,1,10
-11,1,0,2,-11,1
-11,-13,0,1,-11,-13
-11,10,0,6,-11,11
1,0,2,3,1,0
10,2,5,2,10,1
1,2,2,6,1,11
-13,1,1,2,-13,1
1,-11,2,0,1,-11
2,-11,4,0,2,-11
2,1,2,2,1,1
1,1,2,2,1,1
-11,-13,0,1,-11,-13
-11,1,0,2,-11,1
-13,-13,1,1,-13,-13
1,2,2,4,1,2
10,0,5,6,10,11
-11,1,0,2,-11,1
2,1,4,2,2,1
0,0,3,3,0,0
0,1,3,2,0,1
1,0,2,3,1,0
1,1,2,2,1,1
1,10,2,6,1,11
1,-11,2,0,1,-11
3,-13,2,1,1,-13
-13,-13,1,1,-13,-13
1,2,2,4,1,2
10,0,5,0,10,-11
11,1,6,3,11,0
-11,-11,0,0,-11,-11
10,-13,6,1,11,-13
-11,0,0,3,-11,0
1,1,2,2,1,1
2,1,6,6,11,11
0,-11,3,0,0,-11
0,1,2,2,1,1
-11,0,0,3,-11,0
0,1,3,2,0,1
2,1,2,2,1,1
0,2,0,8,-11,-333
10,1,6,2,11,1
-13,-11,1,0,-13,-11
1,2,2,4,1,2
-11,1,0,2,-11,1
-13,1,1,2,-13,1
-11,-11,3,0,0,-11
2,-13,4,1,2,-13
2,-13,4,1,2,-13
10,11,5,6,10,11
10,1,5,2,10,1
1,2,2,2,1,1
1,-13,2,1,1,-13
1,0,2,3,1,0
-13,-11,1,0,-13,-11
-11,-13,0,1,-11,-13
1,1,2,2,1,1
1,-13,2,1,1,-13
2,-13,4,1,2,-13
0,1,3,2,0,1
-13,-11,1,0,-13,-11
11,1,6,6,11,11
1,-13,2,1,1,-13
-11,1,0,2,-11,1
11,1,6,3,11,0
1,1,4,2,2,1
1,10,2,5,1,10
1,-13,2,1,1,-13
-11,0,0,3,-11,0
-13,-13,1,1,-13,-13
3,1,4,2,2,1
1,2,2,4,1,2
1,11,4,5,2,10
-11,0,0,3,-11,0
2,1,2,2,1,1
10,10,5,6,10,11
0,1,3,2,0,1
-13,-13,1,1,-13,-13
1,1,2,2,1,1
-11,1,0,2,-11,1
-11,-13,0,1,-11,-13
1,10,2,5,1,10
10,-11,6,2,11,1
10,11,6,5,11,10
-13,10,1,5,-13,10
-11,1,2,2,1,1
-13,1,1,2,-13,1
10,0,5,3,10,0
10,0,5,3,10,0
-13,-13,1,1,-13,-13
0,-13,2,1,1,-13
11,-13,5,1,10,-13
-11,10,0,6,-11,11
-11,1,0,2,-11,1
1,1,4,2,2,1
10,-13,5,1,10,-13
0,-11,3,0,0,-11
2,-11,2,0,1,-11
-13,-13,1,1,-13,-13
1,-11,6,0,11,-11
0,-13,3,1,0,-13
-11,10,0,5,-11,10
2,-11,2,0,1,-11
2,1,4,2,2,1
2,11,2,6,1,11
-11,1,0,2,-11,1
1,0,2,3,1,0
-11,2,0,2,-11,1
-13,-13,1,1,-13,-13
-13,1,1,4,-13,2
1,1,2,2,1,1
1,2,2,2,1,1
-13,-13,1,1,-13,-13
10,1,5,2,10,1
-13,1,1,2,-13,1
-11,0,0,3,-11,0
0,-13,3,1,0,-13
-11,10,0,5,-11,10
10,2,5,4,10,2
-13,10,1,5,-13,10
2,10,4,5,2,10
1,1,4,2,2,1
10,0,6,2,11,1
1,11,2,5,1,10
1,10,2,5,1,10
10,1,5,5,10,10
1,1,2,2,1,1
10,-11,5,0,10,-11
11,0,6,3,11,0
10,1,5,2,10,1
2,2,6,4,11,2
-11,10,4,5,2,10
1,0,2,3,1,0
1,1,2,2,1,1
1,1,2,2,1,1
-13,-13,1,1,-13,-13
10,1,6,5,11,10
-13,1,1,2,-13,1
10,-11,5,0,10,-11
2,1,2,2,1,1
1,1,2,2,1,1
1,11,2,6,1,11
1,-13,2,1,1,-13
-11,-11,0,0,-11,-11
-11,2,0,2,-11,1
1,1,2,2,1,1
2,-11,4,0,2,-11
-11,0,0,2,-11,1
2,2,6,2,11,1
-11,1,0,2,-11,1
-13,2,1,4,-13,2
0,10,3,5,0,10
1,1,2,2,1,1
1,1,2,2,1,1
11,-11,6,0,11,-11
1,-11,2,0,1,-11
11,2,5,4,10,2
-11,-13,0,1,-11,-13
1,1,6,2,11,1
0,11,3,6,0,11
1,3,4,4,2,2
2,-13,4,1,2,-13
1,1,2,2,1,1
2,-11,4,0,2,-11
1,-13,2,1,1,-13
-11,-11,0,0,-11,-11
1,-13,2,1,1,-13
-13,1,1,2,-13,1
1,1,2,2,1,1
0,-11,3,0,0,-11
1,-11,2,0,1,-11
-13,11,1,2,-13,1
1,11,0,6,-11,11
0,2,5,4,10,2
-13,10,1,5,-13,10
2,11,5,2,10,1
11,1,5,4,10,2
-11,-11,0,0,-11,-11
11,10,6,5,11,10
1,-13,2,1,1,-13
10,-11,5,0,10,-11
1,-11,2,0,1,-11
2,-11,2,0,1,-11
2,2,4,4,2,2
0,-13,3,1,0,-13
-11,-13,0,3,-11,0
1,-11,2,0,1,-11
0,0,6,3,11,0
-13,-11,1,0,-13,-11
2,-11,2,0,1,-11
10,-13,5,1,10,-13
2,0,4,3,2,0
1,0,2,3,1,0
1,1,2,2,1,1
1,0,2,3,1,0
10,0,5,3,10,0
1,1,2,2,1,1
2,-13,8,1,-333,-13
2,-13,4,0,2,-11
-13,-13,1,1,-13,-13
0,2,3,6,0,11
1,11,2,6,1,11
0,1,3,2,0,1
-11,-13,0,1,-11,-13
-13,2,1,2,-13,1
-13,-13,1,1,-13,-13
-13,1,1,2,-13,1
-11,1,0,2,-11,1
-11,2,0,2,-11,1
-13,2,1,4,-13,2
2,-13,4,1,2,-13
0,-13,3,1,0,-13
10,-13,6,1,11,-13
10,0,5,3,10,0
2,1,4,2,2,1
1,-13,2,1,1,-13
1,0,2,3,1,0
10,1,5,2,10,1
11,-11,6,0,11,-11
0,10,3,5,0,10
1,1,2,2,1,1
-13,1,1,2,-13,1
2,-11,2,0,1,-11
2,0,4,3,2,0
0,-13,3,1,0,-13
11,-13,5,1,10,-13
-13,1,1,2,-13,1
0,1,3,2,0,1
0,1,3,2,0,1
-13,1,3,2,0,1
1,0,2,3,1,0
10,-11,6,0,11,-11
1,-11,2,0,1,-11
-11,1,0,2,-11,1
0,2,3,4,0,2
2,1,2,2,1,1
-13,-11,1,0,-13,-11
-11,-11,0,0,-11,-11
-11,1,0,2,-11,1
0,-13,3,1,0,-13
1,10,2,6,1,11
1,0,4,3,2,0
0,10,3,5,0,10
2,10,6,6,11,11
1,-13,5,0,10,-11
-13,11,8,6,-333,11
2,-13,2,1,1,-13
1,2,4,4,2,2
10,-13,5,1,10,-13
11,-13,6,1,11,-13
2,10,2,2,1,1
2,1,4,2,2,1
-11,-11,0,0,-11,-11
1,-11,2,0,1,-11
10,0,5,3,10,0
-13,1,1,2,-13,1
1,11,2,5,1,10
10,1,5,2,10,1
1,-13,2,1,1,-13
-13,10,1,5,-13,10
-11,10,0,5,-11,10
10,-11,6,0,11,-11
-11,0,0,3,-11,0
2,11,4,6,2,11
-13,-13,1,1,-13,-13
1,-13,2,1,1,-13
-13,11,1,5,-13,10
1,-11,2,0,1,-11
1,-13,2,1,1,-13
-13,1,1,2,-13,1
-13,0,1,0,-13,-11
1,1,2,2,1,1
2,10,4,5,2,10
-13,1,1,2,-13,1
1,-11,2,0,1,-11
-11,-13,0,1,-11,-13
1,1,2,2,1,1
2,-13,4,1,2,-13
0,-11,3,0,0,-11
1,0,2,3,1,0
-13,1,1,2,-13,1
-11,2,2,4,1,2
-13,1,1,2,-13,1
-13,-11,1,0,-13,-11
1,-13,2,1,1,-13
11,1,5,2,10,1
-11,-13,0,1,-11,-13
2,0,2,3,1,0
0,-11,3,3,0,0
3,10,2,5,1,10
1,1,0,2,-11,1
1,2,2,2,1,1
1,-11,5,0,10,-11
-13,10,1,5,-13,10
-13,0,1,3,-13,0
-13,-11,1,0,-13,-11
-13,-13,1,1,-13,-13
-13,3,1,4,-13,2
2,1,2,2,1,1
-11,10,0,5,-11,10
-13,-11,1,0,-13,-11
-13,1,1,2,-13,1
-11,0,0,3,-11,0
1,1,2,2,1,1
0,1,3,2,0,1
-13,1,1,2,-13,1
10,1,5,2,10,1
-11,-11,0,0,-11,-11
-11,-13,0,1,-11,-13
0,1,6,2,11,1
0,-13,3,1,0,-13
-13,1,1,2,-13,1
10,-13,5,1,10,-13
0,1,0,2,-11,1
-13,2,1,4,-13,2
0,-11,5,0,10,-11
-13,2,1,4,-13,2
-11,11,0,6,-11,11
10,-11,6,0,11,-11
1,1,2,6,1,11
10,1,6,2,11,1
-11,-11,0,0,-11,-11
10,1,6,2,11,1
1,10,2,5,1,10
10,-13,5,3,10,0
10,10,5,2,10,1
-13,11,2,5,1,10
0,-11,2,0,1,-11
1,0,2,3,1,0
-13,-13,1,1,-13,-13
0,-13,3,1,0,-13
-13,-11,1,0,-13,-11
3,2,2,2,1,1
1,1,2,2,1,1
2,2,4,6,2,11
1,2,2,2,1,1
-11,0,0,3,-11,0
1,-11,2,0,1,-11
-11,11,0,6,-11,11
2,1,2,2,1,1
10,2,5,2,10,1
0,10,2,2,1,1
-11,1,0,2,-11,1
-11,2,0,2,-11,1
3,-13,6,1,11,-13
-13,1,1,2,-13,1
-13,-11,1,0,-13,-11
10,11,6,5,11,10
10,0,5,3,10,0
-11,1,0,2,-11,1
1,0,2,3,1,0
1,2,2,2,1,1
11,1,6,2,11,1
1,1,2,2,1,1
-11,1,0,2,-11,1
11,-13,6,1,11,-13
-13,10,1,5,-13,10
-13,1,1,2,-13,1
2,0,4,8,2,-333
2,-13,2,1,1,-13
2,2,4,4,2,2
1,2,2,4,1,2
0,1,2,2,1,1
-11,10,0,5,-11,10
-11,2,0,2,-11,1
2,-11,4,0,2,-11
11,-13,6,1,11,-13
0,2,3,4,0,2
-13,11,1,6,-13,11
0,1,3,2,0,1
-13,-11,1,0,-13,-11
-13,-11,1,0,-13,-11
0,-13,3,1,0,-13
10,1,5,2,10,1
10,-11,5,0,10,-11
-11,1,0,2,-11,1
-13,-13,1,1,-13,-13
0,10,3,5,0,10
1,10,6,6,11,11
1,1,2,2,1,1
1,10,2,5,1,10
1,1,2,2,1,1
-13,-11,1,0,-13,-11
-11,-11,0,0,-11,-11
10,10,5,5,10,10
2,-13,6,1,11,-13
10,2,5,4,10,2
-11,1,0,2,-11,1
11,2,5,6,10,11
-11,10,0,5,-11,10
1,-11,2,0,1,-11
1,2,2,4,1,2
-13,1,1,2,-13,1
1,2,2,4,1,2
1,-11,2,0,1,-11
-13,0,1,3,-13,0
-11,-13,0,1,-11,-13
-1,11,5,5,10,10
-11,-11,0,0,-11,-11
1,-11,2,0,1,-11
0,1,1,2,-13,1
1,-11,2,0,1,-11
10,11,5,6,10,11
-13,-13,1,1,-13,-13
0,10,3,5,0,10
10,1,6,2,11,1
1,-11,2,0,1,-11
0,1,3,2,0,1
-11,1,0,2,-11,1
-13,10,1,5,-13,10
-11,1,0,2,-11,1
1,-11,2,0,1,-11
0,-11,2,0,1,-11
-13,-13,1,1,-13,-13
0,-11,4,0,2,-11
1,-11,2,0,1,-11
10,0,5,3,10,0
0,10,3,5,0,10
1,10,2,5,1,10
-13,-11,1,0,-13,-11
2,-11,4,0,2,-11
10,0,5,3,10,0
2,-13,0,8,-11,-333
10,0,5,3,10,0
1,-11,2,0,1,-11
2,2,4,2,2,1
0,-13,3,1,0,-13
0,-13,3,1,0,-13
-13,11,1,6,-13,11
-11,1,0,2,-11,1
-11,-11,0,0,-11,-11
-13,1,1,2,-13,1
-11,-13,0,1,-11,-13
-13,-11,1,0,-13,-11
-11,2,0,2,-11,1
2,-13,2,1,1,-13
-13,10,1,5,-13,10
2,1,4,2,2,1
10,10,6,5,11,10
2,0,3,0,0,-11
-1,10,6,5,11,10
-13,2,1,4,-13,2
1,-13,2,1,1,-13
-11,-13,0,1,-11,-13
-13,1,1,2,-13,1
1,1,2,2,1,1
1,1,6,6,11,11
1,1,2,2,1,1
0,-13,3,1,0,-13
1,1,2,2,1,1
-11,1,7,2,-222,1
1,-11,2,0,1,-11
10,2,6,4,11,2
-13,-11,1,0,-13,-11
1,11,2,6,1,11
1,0,2,3,1,0
-11,0,0,3,-11,0
10,-11,6,0,11,-11
1,1,2,2,1,1
2,-11,6,0,11,-11
11,1,5,2,10,1
-13,-13,1,1,-13,-13
0,1,3,2,0,1
1,-11,2,2,1,1
1,1,2,2,1,1
10,1,5,2,10,1
-13,1,1,2,-13,1
0,1,2,2,1,1
1,0,2,0,1,-11
-11,1,0,2,-11,1
2,1,2,2,1,1
1,1,2,2,1,1
-11,-11,0,0,-11,-11
1,1,2,2,1,1
-11,-13,0,0,-11,-11
-13,-11,1,0,-13,-11
10,1,5,4,10,2
10,-13,5,1,10,-13
2,1,2,2,1,1
1,0,2,3,1,0
-13,-13,1,1,-13,-13
-11,0,0,3,-11,0
0,10,3,5,0,10
3,-11,4,0,2,-11
11,-13,0,8,-11,-333
3,-11,4,0,2,-11
-11,1,0,2,-11,1
1,-13,2,1,1,-13
-13,10,1,5,-13,10
-13,10,1,6,-13,11
1,-13,2,1,1,-13
1,1,2,2,1,1
1,-11,2,0,1,-11
1,10,2,6,1,11
0,-13,3,7,0,-222
0,-13,3,1,0,-13
-11,-11,0,0,-11,-11
-11,2,0,4,-11,2
1,1,2,2,1,1
2,-13,5,1,10,-13
0,-11,2,0,1,-11
1,1,4,2,2,1
1,0,2,3,1,0
1,1,2,4,1,2
0,10,2,5,1,10
-11,11,2,6,1,11
1,-13,2,1,1,-13
10,-13,5,1,10,-13
-11,0,0,3,-11,0
11,-13,5,1,10,-13
0,1,3,6,0,11
2,1,2,4,1,2
0,-13,3,1,0,-13
11,-11,5,0,10,-11
0,1,3,2,0,1
0,0,3,3,0,0
0,-13,5,2,10,1
1,-13,2,1,1,-13
-11,11,0,5,-11,10
-11,2,0,6,-11,11
2,-13,2,1,1,-13
0,3,3,4,0,2
-11,1,0,2,-11,1
-13,1,1,4,-13,2
1,0,2,2,1,1
-13,2,1,2,-13,1
0,0,3,3,0,0
-13,-13,1,3,-13,0
-11,1,0,6,-11,11
1,0,2,3,1,0
-13,-11,1,0,-13,-11
-11,2,0,2,-11,1
2,-11,2,0,1,-11
-13,1,1,2,-13,1
-13,-13,1,1,-13,-13
-11,-13,0,1,-11,-13
10,11,6,6,11,11
1,-11,8,2,-333,1
1,0,6,3,11,0
10,1,5,2,10,1
-11,0,8,3,-333,0
-13,11,1,6,-13,11
1,-11,4,0,2,-11
10,0,5,3,10,0
10,0,6,3,11,0
-11,-13,0,1,-11,-13
-11,-13,1,1,-13,-13
-13,1,1,2,-13,1
10,1,5,7,10,-222
11,0,6,3,11,0
10,1,6,5,11,10
0,1,3,2,0,1
-13,-13,1,1,-13,-13
-11,11,0,5,-11,10
-11,11,0,5,-11,10
10,1,5,2,10,1
1,10,2,5,1,10
1,-13,2,2,1,1
11,1,6,2,11,1
-13,10,1,6,-13,11
-11,1,0,2,-11,1
1,1,2,4,1,2
0,2,3,2,0,1
1,-13,2,1,1,-13
2,1,2,2,1,1
1,0,2,3,1,0
-11,1,0,2,-11,1
1,10,2,5,1,10
0,-13,3,1,0,-13
1,1,2,4,1,2
0,1,3,2,0,1
1,0,2,3,1,0
-11,-13,0,1,-11,-13
1,2,2,4,1,2
10,-11,5,0,10,-11
2,0,4,1,2,-13
0,-13,3,1,0,-13
0,2,3,2,0,1
11,0,6,2,11,1
1,-11,2,0,1,-11
-13,1,1,2,-13,1
0,-13,3,1,0,-13
2,1,4,4,2,2
11,-13,5,1,10,-13
1,2,2,2,1,1
-11,1,0,5,-11,10
2,10,6,5,11,10
-11,-11,0,0,-11,-11
11,-13,7,0,-222,-11
-13,3,1,4,-13,2
-11,1,0,2,-11,1
-13,10,1,5,-13,10
1,-11,2,0,1,-11
-13,-11,1,1,-13,-13
10,10,2,5,1,10
10,11,5,5,10,10
-11,1,0,2,-11,1
1,-13,4,2,2,1
2,1,4,2,2,1
2,1,2,2,1,1
2,10,2,6,1,11
10,10,5,5,10,10
2,11,2,5,1,10
1,1,2,2,1,1
-13,0,1,2,-13,1
1,0,2,3,1,0
1,1,4,2,2,1
-13,-11,1,0,-13,-11
1,1,2,2,1,1
1,1,2,2,1,1
10,-13,6,1,11,-13
0,0,5,5,10,10
-11,10,0,5,-11,10
1,0,2,3,1,0
2,1,2,2,1,1
-13,-13,1,1,-13,-13
10,10,5,5,10,10
10,11,5,6,10,11
1,2,2,4,1,2
10,1,5,2,10,1
11,1,6,2,11,1
2,-13,2,1,1,-13
1,-11,2,0,1,-11
0,1,2,2,1,1
-11,1,0,2,-11,1
1,-11,2,0,1,-11
10,12,6,6,11,11
1,1,2,2,1,1
11,2,5,2,10,1
1,1,2,2,1,1
2,-11,2,0,1,-11
0,-13,3,1,0,-13
2,10,2,6,1,11
0,-13,3,1,0,-13
2,-13,2,1,1,-13
1,-13,2,1,1,-13
-13,10,1,5,-13,10
1,2,2,4,1,2
11,-13,6,1,11,-13
1,1,4,2,2,1
-11,-11,0,2,-11,1
-13,11,1,6,-13,11
0,-11,3,2,0,1
-11,0,0,2,-11,1
10,-11,6,0,11,-11
0,1,0,2,-11,1
11,1,6,6,11,11
0,-11,3,0,0,-11
1,10,2,6,1,11
-11,1,0,2,-11,1
1,1,2,2,1,1
-13,-11,1,0,-13,-11
0,-11,3,0,0,-11
1,-11,4,0,2,-11
-11,11,0,5,-11,10
2,-13,2,1,1,-13
1,0,2,3,1,0
1,-13,2,1,1,-13
0,1,3,4,0,2
-13,-13,1,1,-13,-13
1,-13,2,1,1,-13
0,0,3,3,0,0
-11,10,0,5,-11,10
2,-11,4,0,2,-11
1,1,2,2,1,1
-13,0,1,5,-13,10
1,0,2,3,1,0
-13,1,1,2,-13,1
11,1,6,2,11,1
10,-13,6,1,11,-13
-13,-13,1,1,-13,-13
-11,0,3,3,0,0
10,2,5,4,10,2
0,2,1,2,-13,1
2,10,2,5,1,10
10,1,5,2,10,1
1,10,2,5,1,10
0,1,3,2,0,1
-13,10,1,5,-13,10
1,10,2,5,1,10
11,10,6,5,11,10
1,1,2,2,1,1
-11,2,0,2,-11,1
10,0,5,5,10,10
10,2,5,4,10,2
0,10,3,5,0,10
-13,-13,1,1,-13,-13
11,0,6,3,11,0
-11,0,0,3,-11,0
1,10,2,5,1,10
-11,10,0,6,-11,11
10,1,5,2,10,1
-13,10,1,5,-13,10
-13,-13,8,1,-333,-13
10,4,5,4,10,2
10,3,5,4,10,2
11,1,6,2,11,1
-13,10,1,5,-13,10
-11,2,0,4,-11,2
10,-13,5,3,10,0
-13,-13,1,1,-13,-13
-13,-13,1,1,-13,-13
11,11,6,6,11,11
-13,-11,1,0,-13,-11
10,1,6,2,11,1
-13,-13,1,1,-13,-13
1,0,4,3,2,0
2,-13,6,1,11,-13
11,-13,5,1,10,-13
-11,10,0,6,-11,11
1,0,2,3,1,0
11,1,6,3,11,0
2,0,6,3,11,0
0,-11,3,0,0,-11
11,-13,5,1,10,-13
2,10,2,5,1,10
1,-11,2,0,1,-11
0,-11,3,0,0,-11
-11,11,0,5,-11,10
1,2,2,4,1,2
1,1,2,6,1,11
1,2,2,2,1,1
-13,1,1,2,-13,1
-13,-11,1,0,-13,-11
12,1,6,4,11,2
10,-11,5,0,10,-11
12,2,6,4,11,2
2,1,2,2,1,1
10,1,5,2,10,1
1,0,0,2,-11,1
-11,10,0,6,-11,11
-13,1,0,2,-11,1
-13,10,1,5,-13,10
-11,-13,0,1,-11,-13
0,10,3,5,0,10
-13,10,1,5,-13,10
0,-11,3,0,0,-11
1,-11,2,0,1,-11
-13,-13,2,1,1,-13
-11,11,0,6,-11,11
-11,-11,0,0,-11,-11
1,1,2,2,1,1
2,-11,4,0,2,-11
2,1,2,2,1,1
10,0,6,5,11,10
10,2,5,4,10,2
2,-11,6,0,11,-11
0,-13,3,1,0,-13
-13,-11,1,0,-13,-11
1,10,2,5,1,10
11,2,6,4,11,2
0,-11,3,0,0,-11
2,-13,2,1,1,-13
0,-11,3,0,0,-11
0,2,3,6,0,11
-11,-13,0,1,-11,-13
2,11,2,5,1,10
1,-13,2,1,1,-13
-13,1,1,2,-13,1
0,1,3,6,0,11
0,0,3,3,0,0
-13,0,1,3,-13,0
10,0,5,3,10,0
1,0,2,3,1,0
11,-13,6,1,11,-13
1,-13,3,1,0,-13
10,1,5,2,10,1
2,10,4,5,2,10
1,1,2,2,1,1
10,3,6,4,11,2
1,1,2,2,1,1
-11,1,0,2,-11,1
1,-13,2,8,1,-333
0,0,3,3,0,0
-11,-13,0,1,-11,-13
1,-13,2,1,1,-13
0,1,3,2,0,1
0,-13,3,1,0,-13
-11,2,0,6,-11,11
-11,2,0,2,-11,1
-11,0,0,3,-11,0
-11,10,0,7,-11,-222
10,0,6,3,11,0
-11,10,0,5,-11,10
0,-13,3,1,0,-13
2,2,2,4,1,2
1,-13,2,3,1,0
1,-11,4,0,2,-11
-13,-13,1,1,-13,-13
11,-11,5,0,10,-11
-13,1,1,2,-13,1
-13,0,1,3,-13,0
1,-13,2,1,1,-13
1,2,2,2,1,1
1,1,2,2,1,1
2,0,4,3,2,0
10,1,5,0,10,-11
2,2,4,4,2,2
2,1,2,2,1,1
-13,-13,1,1,-13,-13
-13,-13,0,0,-11,-11
-13,-11,1,0,-13,-11
10,3,5,4,10,2
-13,-13,1,1,-13,-13
10,-13,5,1,10,-13
-13,-11,1,0,-13,-11
11,-13,6,1,11,-13
10,-13,5,1,10,-13
-13,11,1,6,-13,11
10,0,5,0,10,-11
1,-13,2,1,1,-13
-13,-13,1,1,-13,-13
1,11,2,5,1,10
-11,1,0,2,-11,1
-13,-13,1,1,-13,-13
2,1,2,2,1,1
0,2,2,2,1,1
0,1,3,3,0,0
-11,2,0,2,-11,1
1,-13,2,1,1,-13
-11,-11,0,0,-11,-11
-13,1,1,2,-13,1
1,0,2,3,1,0
-13,1,1,2,-13,1
-11,-11,0,0,-11,-11
-13,-11,1,0,-13,-11
-11,1,0,2,-11,1
0,1,3,2,0,1
2,-13,2,1,1,-13
2,1,2,2,1,1
2,-13,4,1,2,-13
-13,-11,1,0,-13,-11
2,0,4,3,2,0
1,0,2,3,1,0
-11,10,0,5,-11,10
0,0,3,3,0,0
11,0,5,3,10,0
1,2,2,4,1,2
1,0,2,3,1,0
1,-13,2,1,1,-13
-11,2,1,2,-13,1
-13,-13,0,1,-11,-13
-13,-11,1,0,-13,-11
10,0,6,5,11,10
2,2,4,4,2,2
-13,-13,1,1,-13,-13
-11,0,0,3,-11,0
0,-11,3,0,0,-11
1,1,2,0,1,-11
1,-13,2,1,1,-13
-11,10,0,5,-11,10
1,-11,2,0,1,-11
-13,1,1,2,-13,1
2,3,4,4,2,2
1,2,2,4,1,2
1,1,2,5,1,10
-11,0,0,2,-11,1
1,-13,2,1,1,-13
1,3,2,2,1,1
1,-13,2,1,1,-13
-13,1,1,2,-13,1
1,11,6,4,11,2
1,10,2,6,1,11
1,1,2,2,1,1
1,10,2,5,1,10
1,-13,2,1,1,-13
-13,10,1,5,-13,10
10,0,5,3,10,0
-11,-13,0,1,-11,-13
2,1,2,2,1,1
-13,11,1,6,-13,11
11,1,6,2,11,1
1,-11,2,3,1,0
1,1,2,2,1,1
1,-13,2,1,1,-13
-13,12,1,6,-13,11
11,1,5,4,10,2
10,1,5,2,10,1
1,0,2,3,1,0
-13,1,1,2,-13,1
2,1,6,4,11,2
-13,1,1,2,-13,1
1,2,6,2,11,1
-11,1,2,2,1,1
-13,-13,1,1,-13,-13
-13,1,1,2,-13,1
0,-11,3,0,0,-11
-13,-13,1,2,-13,1
-13,0,1,3,-13,0
10,-13,5,1,10,-13
-13,1,1,2,-13,1
11,1,5,2,10,1
1,2,2,2,1,1
-11,10,0,5,-11,10
-13,-13,1,1,-13,-13
1,2,2,2,1,1
2,10,4,5,2,10
-13,10,1,5,-13,10
-11,12,1,5,-13,10
-13,11,1,6,-13,11
-11,1,0,2,-11,1
1,0,2,0,1,-11
-13,-13,1,1,-13,-13
11,-11,6,0,11,-11
-13,2,1,2,-13,1
-13,-11,1,0,-13,-11
2,1,4,2,2,1
2,0,2,3,1,0
0,2,3,4,0,2
1,-11,2,0,1,-11
1,1,2,0,1,-11
0,1,3,2,0,1
-13,3,1,2,-13,1
1,-13,2,1,1,-13
11,-11,5,0,10,-11
1,1,2,2,1,1
1,-11,2,0,1,-11
-11,11,3,6,0,11
-11,1,0,3,-11,0
0,-13,3,1,0,-13
2,0,2,3,1,0
-13,-11,1,2,-13,1
-11,1,0,6,-11,11
10,2,6,4,11,2
-13,2,1,2,-13,1
-11,1,0,2,-11,1
-11,0,0,2,-11,1
0,-13,3,1,0,-13
-11,-13,2,1,1,-13
0,-13,3,1,0,-13
10,-11,2,3,1,0
1,1,2,2,1,1
1,-11,3,0,0,-11
-13,1,1,0,-13,-11
-11,1,0,2,-11,1
11,1,5,2,10,1
1,1,2,2,1,1
0,0,3,3,0,0
11,10,6,5,11,10
1,0,2,5,1,10
1,0,8,3,-333,0
2,0,4,3,2,0
-13,-13,1,1,-13,-13
1,1,2,2,1,1
1,2,2,2,1,1
-13,1,1,4,-13,2
-13,-13,1,1,-13,-13
-11,-13,0,1,-11,-13
-13,-13,1,1,-13,-13
0,-13,3,1,0,-13
1,1,2,2,1,1
3,2,6,2,11,1
0,1,3,2,0,1
-11,-13,0,1,-11,-13
1,10,4,2,2,1
0,0,3,3,0,0
3,1,6,2,11,1
-11,10,0,5,-11,10
-11,-13,0,1,-11,-13
1,10,2,5,1,10
10,1,5,3,10,0
1,-11,2,0,1,-11
1,-11,2,0,1,-11
1,1,2,4,1,2
10,1,5,4,10,2
-13,2,1,4,-13,2
1,-13,2,1,1,-13
1,11,4,6,2,11
11,0,5,3,10,0
-11,-11,0,0,-11,-11
-13,1,1,2,-13,1
-11,1,0,2,-11,1
1,-11,2,0,1,-11
-13,10,1,5,-13,10
-13,0,1,3,-13,0
1,-11,2,0,1,-11
1,10,4,5,2,10
0,2,3,4,0,2
1,-13,2,1,1,-13
-13,-11,1,0,-13,-11
-13,1,0,2,-11,1
-11,-13,0,1,-11,-13
11,-13,5,5,10,10
0,1,3,2,0,1
1,10,2,5,1,10
-11,2,0,2,-11,1
-11,-13,0,1,-11,-13
-11,1,0,2,-11,1
10,0,5,3,10,0
10,-11,6,0,11,-11
0,-13,3,1,0,-13
1,10,2,6,1,11
0,1,3,2,0,1
2,1,4,2,2,1
-13,1,1,2,-13,1
-11,-11,0,8,-11,-333
1,-11,2,0,1,-11
-11,1,0,6,-11,11
-13,2,1,2,-13,1
2,1,2,2,1,1
0,10,3,6,0,11
-13,-11,1,0,-13,-11
1,-11,2,0,1,-11
1,11,2,6,1,11
-13,0,1,3,-13,0
-13,-13,1,1,-13,-13
-13,-11,1,0,-13,-11
1,0,4,3,2,0
1,0,2,3,1,0
-13,1,1,0,-13,-11
-11,0,0,6,-11,11
11,-13,6,1,11,-13
1,2,2,4,1,2
1,-11,2,0,1,-11
-11,1,0,2,-11,1
-11,-11,0,0,-11,-11
-13,1,0,8,-11,-333
2,0,4,3,2,0
-13,1,1,2,-13,1
0,1,5,0,10,-11
3,1,6,2,11,1
-11,11,0,6,-11,11
-11,1,0,2,-11,1
2,-11,4,0,2,-11
-13,3,1,6,-13,11
0,1,3,4,0,2
2,-13,4,1,2,-13
-11,1,0,2,-11,1
0,2,3,4,0,2
1,1,2,2,1,1
1,1,2,2,1,1
1,-13,2,1,1,-13
1,2,2,4,1,2
2,1,4,4,2,2
10,-11,5,0,10,-11
1,-13,2,1,1,-13
10,1,5,2,10,1
-11,1,0,2,-11,1
-11,-11,0,0,-11,-11
1,1,2,2,1,1
11,0,6,2,11,1
2,1,6,4,11,2
-13,-11,1,0,-13,-11
-11,2,2,2,1,1
10,-11,5,0,10,-11
1,-11,2,0,1,-11
1,-11,2,0,1,-11
2,10,4,6,2,11
-11,11,7,2,-222,1
11,-11,6,0,11,-11
-11,10,0,5,-11,10
1,0,2,3,1,0
-11,12,0,6,-11,11
-11,1,0,0,-11,-11
1,-11,6,0,11,-11
0,10,5,5,10,10
2,-13,4,1,2,-13
2,-11,2,0,1,-11
2,1,4,2,2,1
10,-11,5,0,10,-11
-13,-13,1,1,-13,-13
10,-11,5,2,10,1
10,-13,5,1,10,-13
-13,10,1,5,-13,10
-13,1,1,2,-13,1
-13,0,8,3,-333,0
0,2,3,2,0,1
0,1,3,2,0,1
1,11,2,6,1,11
-11,-11,2,0,1,-11
12,-11,6,0,11,-11
1,1,2,2,1,1
1,3,2,4,1,2
2,-11,4,0,2,-11
-13,1,8,0,-333,-11
10,-11,5,2,10,1
10,-13,5,1,10,-13
0,1,3,2,0,1
-11,-13,0,1,-11,-13
1,-13,2,1,1,-13
2,1,2,2,1,1
1,-13,2,1,1,-13
-11,1,0,2,-11,1
2,-11,4,1,2,-13
-13,10,1,5,-13,10
-11,-11,0,0,-11,-11
-13,-11,1,2,-13,1
10,1,6,2,11,1
-13,1,1,2,-13,1
10,0,2,3,1,0
0,-13,2,1,1,-13
1,3,2,4,1,2
-11,-11,0,0,-11,-11
0,-13,2,1,1,-13
-11,10,0,5,-11,10
1,-11,2,0,1,-11
10,1,5,2,10,1
-13,1,1,2,-13,1
1,0,2,3,1,0
10,-11,5,0,10,-11
10,-13,5,1,10,-13
1,1,2,2,1,1
-11,1,2,2,1,1
10,1,5,2,10,1
-11,-13,0,1,-11,-13
-13,2,1,4,-13,2
11,1,6,4,11,2
1,1,2,2,1,1
2,2,2,4,1,2
2,2,2,0,1,-11
2,11,2,5,1,10
1,1,2,6,1,11
10,0,5,3,10,0
-13,10,1,5,-13,10
2,-11,6,0,11,-11
-13,1,1,2,-13,1
-11,-13,0,1,-11,-13
1,-13,2,1,1,-13
-13,2,1,2,-13,1
10,1,5,2,10,1
-11,1,0,2,-11,1
-13,-13,1,1,-13,-13
-13,0,1,2,-13,1
-13,-13,1,1,-13,-13
-11,1,0,2,-11,1
-11,11,0,5,-11,10
11,-13,6,1,11,-13
-11,0,0,3,-11,0
2,-11,2,0,1,-11
-11,10,0,5,-11,10
-11,3,0,4,-11,2
-11,-13,0,1,-11,-13
-11,-11,0,0,-11,-11
-11,-13,0,1,-11,-13
2,-13,4,1,2,-13
2,-13,4,1,2,-13
1,-11,2,0,1,-11
2,-13,2,1,1,-13
-13,1,1,2,-13,1
2,-11,4,0,2,-11
0,1,3,3,0,0
-11,-11,0,2,-11,1
1,1,2,2,1,1
-11,1,0,2,-11,1
2,10,4,5,2,10
10,10,5,6,10,11
1,-13,2,1,1,-13
3,-11,4,0,2,-11
-13,2,1,2,-13,1
1,0,2,3,1,0
0,0,3,3,0,0
1,-13,2,1,1,-13
1,1,2,2,1,1
2,2,2,2,1,1
1,-11,2,0,1,-11
-13,1,1,2,-13,1
2,0,6,3,11,0
2,0,4,3,2,0
1,0,2,2,1,1
1,1,6,2,11,1
1,1,2,2,1,1
-11,1,0,2,-11,1
1,-11,2,0,1,-11
1,11,2,6,1,11
10,-13,5,1,10,-13
2,10,4,5,2,10
1,-13,2,1,1,-13
-11,11,0,6,-11,11
1,1,2,4,1,2
1,-11,2,0,1,-11
1,10,2,5,1,10
-11,-11,0,0,-11,-11
2,11,4,5,2,10
-13,-11,1,0,-13,-11
0,-13,3,1,0,-13
1,0,2,3,1,0
0,-11,2,0,1,-11
1,-13,2,1,1,-13
-13,0,1,3,-13,0
1,0,2,3,1,0
0,-13,2,1,1,-13
0,1,3,2,0,1
1,-13,2,1,1,-13
0,-13,3,1,0,-13
-11,2,0,4,-11,2
0,10,3,5,0,10
0,1,2,2,1,1
11,10,5,5,10,10
-11,10,0,6,-11,11
2,-13,2,1,1,-13
-13,1,1,2,-13,1
10,-11,5,2,10,1
1,1,2,2,1,1
-11,1,0,2,-11,1
1,0,2,2,1,1
11,-13,5,1,10,-13
1,-11,2,0,1,-11
0,-11,3,0,0,-11
1,1,2,2,1,1
1,0,3,3,0,0
0,12,2,6,1,11
2,-11,2,0,1,-11
11,1,6,2,11,1
-11,0,0,2,-11,1
1,-13,2,1,1,-13
0,1,8,4,-333,2
1,1,2,2,1,1
-13,0,1,3,-13,0
10,1,5,2,10,1
0,-11,3,0,0,-11
-13,-11,1,0,-13,-11
2,0,2,0,1,-11
1,-11,3,0,0,-11
1,0,2,3,1,0
3,2,4,4,2,2
10,12,5,4,10,2
1,1,2,2,1,1
0,10,6,5,11,10
-11,-13,0,1,-11,-13
1,-11,2,1,1,-13
10,-11,5,1,10,-13
1,0,2,3,1,0
1,10,2,5,1,10
-13,2,1,4,-13,2
3,-13,4,1,2,-13
-11,1,0,2,-11,1
1,0,2,0,1,-11
-13,1,1,2,-13,1
0,1,3,2,0,1
-11,2,0,4,-11,2
10,0,5,2,10,1
10,0,5,3,10,0
1,2,2,4,1,2
10,-13,5,1,10,-13
-11,11,0,5,-11,10
1,2,2,4,1,2
-13,10,8,5,-333,10
1,0,1,3,-13,0
0,10,2,2,1,1
1,1,2,8,1,-333
10,10,6,5,11,10
1,-13,2,1,1,-13
-11,0,2,0,1,-11
-13,-13,1,1,-13,-13
0,11,2,6,1,11
10,1,5,2,10,1
10,0,5,3,10,0
-13,10,8,5,-333,10
1,11,2,6,1,11
10,2,5,2,10,1
2,-13,6,1,11,-13
-13,-13,1,1,-13,-13
-13,0,1,3,-13,0
3,-11,4,0,2,-11
-13,1,1,2,-13,1
-11,1,0,2,-11,1
1,-13,2,1,1,-13
11,-13,5,1,10,-13
1,2,4,2,2,1
1,-13,2,1,1,-13
1,1,2,2,1,1
-11,-11,0,0,-11,-11
-11,-11,0,0,-11,-11
-11,0,0,3,-11,0
10,2,5,6,10,11
-13,0,1,3,-13,0
0,-13,3,1,0,-13
1,2,2,4,1,2
11,-13,5,1,10,-13
1,10,2,5,1,10
1,-13,2,1,1,-13
10,-11,6,0,11,-11
1,10,6,5,11,10
1,10,2,5,1,10
2,1,4,5,2,10
0,-13,2,1,1,-13
0,1,3,2,0,1
-11,1,0,2,-11,1
-11,-13,0,1,-11,-13
-11,1,0,6,-11,11
10,1,5,2,10,1
-13,0,1,3,-13,0
2,1,4,2,2,1
-13,1,3,2,0,1
0,-11,2,0,1,-11
-11,1,0,2,-11,1
1,11,2,5,1,10
-13,10,1,6,-13,11
10,10,5,5,10,10
1,1,2,2,1,1
1,-11,2,0,1,-11
1,10,2,5,1,10
10,10,5,5,10,10
-13,-13,1,1,-13,-13
-13,11,1,5,-13,10
0,-11,3,0,0,-11
-13,2,1,4,-13,2
-11,-11,0,0,-11,-11
2,0,2,3,1,0
1,0,2,3,1,0
-11,2,0,4,-11,2
-13,1,1,5,-13,10
10,1,7,2,-222,1
-11,-11,0,0,-11,-11
2,10,2,5,1,10
1,2,2,4,1,2
0,10,2,2,1,1
1,-13,4,1,2,-13
1,0,2,3,1,0
1,1,2,2,1,1
-13,1,2,2,1,1
1,-13,2,1,1,-13
-11,10,0,5,-11,10
0,-13,5,1,10,-13
-13,1,1,2,-13,1
-11,-11,0,0,-11,-11
-13,1,1,2,-13,1
1,0,2,5,1,10
1,2,3,4,0,2
1,1,2,0,1,-11
-11,0,0,3,-11,0
2,0,4,3,2,0
-11,-11,0,0,-11,-11
0,0,3,5,0,10
-11,-13,0,1,-11,-13
0,3,3,4,0,2
1,-13,2,1,1,-13
-13,-13,1,1,-13,-13
2,-11,4,0,2,-11
2,10,4,6,2,11
2,2,4,6,2,11
0,-11,3,0,0,-11
-13,1,1,2,-13,1
1,-13,5,1,10,-13
1,11,2,6,1,11
0,2,3,2,0,1
0,1,3,5,0,10
1,-11,0,0,-11,-11
1,2,2,2,1,1
-13,1,1,2,-13,1
1,12,2,6,1,11
0,12,3,6,0,11
1,-13,3,1,0,-13
0,-13,5,1,10,-13
10,2,5,4,10,2
-11,10,0,5,-11,10
-13,1,0,2,-11,1
0,1,3,2,0,1
-13,0,1,3,-13,0
1,-13,2,1,1,-13
-11,10,0,6,-11,11
-13,10,1,5,-13,10
-13,-13,1,1,-13,-13
11,11,6,6,11,11
-11,10,0,5,-11,10
0,1,3,2,0,1
3,1,4,2,2,1
10,-13,5,1,10,-13
10,-13,2,1,1,-13
2,-11,4,0,2,-11
-13,10,1,5,-13,10
-11,1,0,2,-11,1
0,2,3,2,0,1
1,2,2,2,1,1
2,-13,2,1,1,-13
0,1,3,2,0,1
1,1,2,2,1,1
-13,1,1,2,-13,1
10,0,5,2,10,1
0,2,3,2,0,1
10,2,6,2,11,1
0,1,3,2,0,1
10,0,5,3,10,0
-13,1,1,2,-13,1
-13,10,1,6,-13,11
0,10,3,5,0,10
1,10,2,5,1,10
-13,1,1,2,-13,1
10,11,5,6,10,11
1,-13,2,1,1,-13
1,1,2,2,1,1
2,1,4,2,2,1
0,11,6,5,11,10
0,0,3,3,0,0
0,-13,3,0,0,-11
1,2,2,2,1,1
2,-13,4,1,2,-13
1,10,2,5,1,10
2,10,2,5,1,10
-13,2,1,2,-13,1
10,0,5,3,10,0
11,-11,6,0,11,-11
10,10,5,5,10,10
1,2,6,2,11,1
1,1,3,2,0,1
1,-11,2,0,1,-11
10,12,5,6,10,11
1,11,2,6,1,11
1,-13,2,1,1,-13
10,11,5,6,10,11
1,0,2,3,1,0
-11,1,0,2,-11,1
1,-11,2,2,1,1
0,-13,3,0,0,-11
10,1,5,2,10,1
1,0,0,3,-11,0
0,0,3,8,0,-333
10,1,5,2,10,1
-11,1,0,2,-11,1
2,0,4,3,2,0
2,0,4,3,2,0
0,-11,3,0,0,-11
0,10,3,5,0,10
-11,-13,0,1,-11,-13
-11,2,0,4,-11,2
-13,-13,1,1,-13,-13
-13,1,3,2,0,1
-13,-13,1,1,-13,-13
1,1,2,2,1,1
1,1,2,4,1,2
2,-11,6,0,11,-11
0,1,3,2,0,1
-11,-11,0,0,-11,-11
2,3,4,2,2,1
0,0,3,3,0,0
10,-11,5,1,10,-13
0,0,3,3,0,0
-13,1,1,2,-13,1
-11,1,0,2,-11,1
1,0,6,3,11,0
1,1,2,2,1,1
1,-13,2,1,1,-13
1,10,2,5,1,10
1,2,2,4,1,2
1,-11,2,0,1,-11
10,0,5,3,10,0
10,1,5,2,10,1
1,-11,2,0,1,-11
-13,1,1,2,-13,1
10,10,5,5,10,10
11,11,6,5,11,10
2,-11,2,0,1,-11
1,-11,2,0,1,-11
0,11,3,5,0,10
-11,-11,0,0,-11,-11
-13,1,1,2,-13,1
-13,1,1,2,-13,1
1,0,2,3,1,0
-11,0,0,3,-11,0
0,-11,3,0,0,-11
1,1,2,2,1,1
-13,-11,1,0,-13,-11
1,1,5,2,10,1
10,0,5,3,10,0
1,1,2,2,1,1
1,1,2,2,1,1
-11,0,0,5,-11,10
10,-11,5,0,10,-11
0,2,3,4,0,2
1,-11,2,0,1,-11
10,1,3,3,0,0
1,10,7,5,-222,10
11,2,6,2,11,1
-13,2,1,2,-13,1
1,2,2,2,1,1
1,-13,2,1,1,-13
-13,0,1,3,-13,0
-13,2,1,4,-13,2
-11,1,0,2,-11,1
-11,-13,0,1,-11,-13
-13,0,1,3,-13,0
-13,-13,1,1,-13,-13
-11,1,0,2,-11,1
1,1,2,2,1,1
2,-13,4,1,2,-13
-13,11,1,6,-13,11
-13,1,1,2,-13,1
0,-11,3,8,0,-333
1,-13,4,1,2,-13
1,-13,2,1,1,-13
1,11,2,2,1,1
10,-13,5,1,10,-13
-11,1,0,2,-11,1
-11,10,0,6,-11,11
0,-13,2,1,1,-13
-11,-13,0,1,-11,-13
0,-11,3,0,0,-11
-13,1,8,4,-333,2
1,1,2,2,1,1
-13,-11,1,0,-13,-11
1,0,5,2,10,1
11,-11,6,0,11,-11
-11,-13,0,1,-11,-13
2,-13,4,1,2,-13
1,1,2,2,1,1
11,-13,5,1,10,-13
0,2,3,4,0,2
-11,10,0,5,-11,10
-11,-13,0,1,-11,-13
1,0,2,3,1,0
-13,0,1,3,-13,0
-13,1,1,2,-13,1
0,2,5,2,10,1
1,10,2,5,1,10
0,-11,3,0,0,-11
-11,-11,0,0,-11,-11
1,1,2,2,1,1
1,0,2,3,1,0
11,0,6,3,11,0
1,-11,6,0,11,-11
2,-11,2,0,1,-11
1,-11,2,0,1,-11
0,11,3,5,0,10
1,1,2,2,1,1
1,10,2,5,1,10
2,-11,4,0,2,-11
1,10,2,5,1,10
-13,-13,1,1,-13,-13
2,-13,4,1,2,-13
-11,2,0,4,-11,2
0,-11,3,0,0,-11
11,-11,5,0,10,-11
1,-11,2,2,1,1
-13,0,2,3,1,0
0,0,3,3,0,0
10,2,6,2,11,1
10,1,5,2,10,1
1,-11,2,0,1,-11
-13,-11,0,1,-11,-13
1,0,2,3,1,0
1,10,2,5,1,10
-13,10,1,5,-13,10
0,1,3,2,0,1
10,1,5,6,10,11
0,0,3,3,0,0
-13,-11,1,0,-13,-11
10,1,5,2,10,1
1,1,6,2,11,1
1,1,2,2,1,1
2,1,2,2,1,1
-11,2,2,4,1,2
10,-13,6,2,11,1
-13,-11,1,0,-13,-11
-13,1,1,2,-13,1
-11,2,0,4,-11,2
-13,-13,1,1,-13,-13
10,-13,5,1,10,-13
-11,1,0,2,-11,1
-13,1,1,2,-13,1
-13,10,1,5,-13,10
2,-11,8,0,-333,-11
0,-13,3,2,0,1
-13,2,1,4,-13,2
0,-13,3,1,0,-13
-11,1,2,2,1,1
10,-11,5,0,10,-11
2,0,6,3,11,0
0,1,3,2,0,1
1,2,2,4,1,2
10,0,5,3,10,0
2,1,4,4,2,2
-13,12,2,6,1,11
-11,1,2,2,1,1
-11,0,0,3,-11,0
0,-13,2,1,1,-13
-13,-13,1,1,-13,-13
-11,-13,0,1,-11,-13
1,1,2,2,1,1
-13,1,1,2,-13,1
-11,-13,0,1,-11,-13
-11,11,2,6,1,11
11,2,5,4,10,2
10,0,5,2,10,1
-11,-11,2,0,1,-11
-13,-13,1,1,-13,-13
1,11,2,5,1,10
11,1,6,2,11,1
3,-11,2,0,1,-11
1,10,2,5,1,10
-13,-13,1,1,-13,-13
-11,11,0,5,-11,10
-11,1,0,2,-11,1
11,1,6,2,11,1
0,0,3,3,0,0
-11,-11,0,0,-11,-11
1,1,6,6,11,11
-11,1,2,8,1,-333
-13,1,1,2,-13,1
2,2,4,4,2,2
1,-13,5,1,10,-13
-11,0,0,3,-11,0
0,-11,3,0,0,-11
-11,-13,0,1,-11,-13
1,1,2,2,1,1
1,1,2,4,1,2
10,-11,5,0,10,-11
0,-11,3,8,0,-333
-13,2,1,2,-13,1
1,1,8,0,-333,-11
1,-11,2,0,1,-11
0,-13,2,1,1,-13
-13,-13,1,1,-13,-13
1,1,2,2,1,1
10,10,5,5,10,10
0,0,3,3,0,0
12,-11,6,0,11,-11
-11,-11,0,0,-11,-11
-11,-13,0,1,-11,-13
11,10,6,5,11,10
1,10,2,5,1,10
-13,11,1,6,-13,11
1,-13,2,1,1,-13
-13,1,1,2,-13,1
-11,1,0,2,-11,1
-11,1,0,2,-11,1
-11,2,0,4,-11,2
3,-13,4,1,2,-13
-11,-11,0,0,-11,-11
1,-11,2,0,1,-11
1,1,4,2,2,1
10,10,6,5,11,10
-13,0,1,6,-13,11
2,10,4,5,2,10
2,-11,4,0,2,-11
2,11,4,5,2,10
1,-13,2,8,1,-333
-13,10,0,5,-11,10
1,-11,2,2,1,1
0,1,5,2,10,1
0,-11,3,0,0,-11
2,1,4,3,2,0
1,12,2,6,1,11
2,-13,2,1,1,-13
1,0,2,5,1,10
10,1,5,2,10,1
1,1,2,2,1,1
1,12,4,6,2,11
1,0,2,3,1,0
2,-13,4,1,2,-13
1,2,2,4,1,2
-11,1,2,2,1,1
12,1,6,2,11,1
2,-13,4,1,2,-13
0,1,3,2,0,1
10,1,5,2,10,1
10,-11,5,0,10,-11
2,1,2,2,1,1
10,11,5,6,10,11
-13,1,1,2,-13,1
10,-11,5,0,10,-11
1,1,2,2,1,1
-11,1,0,2,-11,1
1,-13,2,1,1,-13
1,1,5,2,10,1
2,10,6,5,11,10
2,0,5,3,10,0
10,0,5,5,10,10
1,-13,2,1,1,-13
1,10,2,5,1,10
1,1,6,2,11,1
1,10,2,5,1,10
-11,1,1,4,-13,2
10,-13,5,1,10,-13
1,-11,2,0,1,-11
-13,4,1,4,-13,2
-13,10,1,5,-13,10
-11,1,8,2,-333,1
11,-11,6,8,11,-333
-11,0,0,3,-11,0
4,-11,6,0,11,-11
2,0,4,3,2,0
1,-13,2,1,1,-13
-11,-13,0,1,-11,-13
1,1,2,6,1,11
1,-11,2,0,1,-11
1,1,2,2,1,1
1,-11,2,0,1,-11
-11,-11,0,0,-11,-11
-13,-11,1,0,-13,-11
1,1,2,2,1,1
0,11,3,6,0,11
1,2,2,4,1,2
10,1,5,2,10,1
-13,3,1,4,-13,2
1,1,2,2,1,1
10,1,6,2,11,1
-13,0,1,3,-13,0
-13,1,1,2,-13,1
-11,1,0,2,-11,1
1,-11,0,0,-11,-11
1,-11,2,0,1,-11
2,2,2,4,1,2
-13,1,1,2,-13,1
11,1,2,2,1,1
-11,1,0,2,-11,1
-13,1,1,2,-13,1
-11,1,2,2,1,1
11,10,6,5,11,10
-11,1,0,2,-11,1
2,-11,2,0,1,-11
11,1,5,2,10,1
1,1,2,2,1,1
0,1,3,2,0,1
10,11,5,5,10,10
1,1,2,2,1,1
2,10,4,5,2,10
1,2,2,4,1,2
-13,11,2,2,1,1
-11,-13,0,1,-11,-13
-13,-1,1,6,-13,11
2,0,4,3,2,0
2,1,2,2,1,1
10,-11,5,0,10,-11
1,1,2,2,1,1
-13,10,1,5,-13,10
10,-13,5,1,10,-13
-13,1,1,2,-13,1
-11,-13,0,1,-11,-13
-13,2,1,4,-13,2
-11,2,2,4,1,2
-11,1,0,2,-11,1
2,-13,2,1,1,-13
-13,-11,1,0,-13,-11
3,1,6,2,11,1
1,1,2,2,1,1
1,1,2,2,1,1
1,10,2,5,1,10
-13,1,1,2,-13,1
10,-11,5,0,10,-11
-13,0,1,3,-13,0
2,0,4,2,2,1
-13,1,1,4,-13,2
-11,-13,0,1,-11,-13
0,1,2,2,1,1
-11,1,0,2,-11,1
2,1,2,2,1,1
1,0,2,3,1,0
-11,2,2,4,1,2
10,1,5,2,10,1
-13,2,1,2,-13,1
1,0,2,3,1,0
2,0,2,3,1,0
-11,0,0,3,-11,0
1,-13,2,1,1,-13
1,-11,2,0,1,-11
-11,-13,0,1,-11,-13
1,2,2,4,1,2
-13,0,1,3,-13,0
0,1,3,4,0,2
0,-11,5,0,10,-11
-13,1,1,6,-13,11
-13,-13,1,1,-13,-13
2,-11,4,0,2,-11
0,-11,3,0,0,-11
1,1,2,2,1,1
2,1,4,2,2,1
1,-11,2,0,1,-11
2,0,4,3,2,0
-11,2,0,4,-11,2
0,1,3,2,0,1
2,2,2,2,1,1
0,1,3,2,0,1
1,1,5,2,10,1
10,0,5,3,10,0
-11,1,0,2,-11,1
10,11,5,6,10,11
1,-11,2,0,1,-11
2,12,4,6,2,11
0,-13,3,1,0,-13
1,-13,2,1,1,-13
10,2,5,4,10,2
-11,1,0,2,-11,1
1,1,2,2,1,1
1,10,2,5,1,10
0,2,3,2,0,1
1,2,2,4,1,2
-13,0,1,3,-13,0
11,1,5,2,10,1
3,-11,4,0,2,-11
0,1,1,2,-13,1
-11,0,0,3,-11,0
-11,10,0,5,-11,10
1,-13,2,1,1,-13
1,1,2,2,1,1
1,-11,2,0,1,-11
10,-11,5,8,10,-333
1,-13,4,1,2,-13
2,-13,4,1,2,-13
1,-11,2,0,1,-11
1,-11,2,3,1,0
-11,1,0,2,-11,1
0,10,3,5,0,10
0,1,3,2,0,1
-11,1,0,5,-11,10
-11,-11,0,0,-11,-11
1,1,2,2,1,1
-11,0,0,6,-11,11
2,0,4,3,2,0
1,-13,4,1,2,-13
0,1,3,2,0,1
1,2,2,2,1,1
10,1,5,2,10,1
-11,0,0,3,-11,0
-11,3,0,4,-11,2
-13,-11,1,2,-13,1
1,-11,2,0,1,-11
1,10,2,5,1,10
1,-11,2,0,1,-11
1,1,2,2,1,1
0,0,3,3,0,0
-13,-13,1,1,-13,-13
-13,-11,1,0,-13,-11
10,0,5,3,10,0
-13,-11,1,1,-13,-13
1,1,6,4,11,2
0,1,2,2,1,1
1,11,2,6,1,11
-13,0,1,5,-13,10
-11,10,0,5,-11,10
1,-13,2,1,1,-13
-11,-11,0,0,-11,-11
0,1,3,4,0,2
10,1,5,2,10,1
10,0,5,3,10,0
-13,0,1,6,-13,11
1,1,4,4,2,2
1,-11,2,0,1,-11
1,11,0,5,-11,10
0,0,3,3,0,0
2,2,6,4,11,2
1,-11,2,0,1,-11
10,1,5,2,10,1
2,-13,4,1,2,-13
-11,10,0,5,-11,10
1,-13,3,1,0,-13
1,1,2,2,1,1
-11,1,0,2,-11,1
0,1,3,2,0,1
-13,2,1,4,-13,2
-11,-13,0,1,-11,-13
2,-13,2,1,1,-13
-13,1,1,2,-13,1
1,-11,2,0,1,-11
-13,-13,1,1,-13,-13
10,10,6,5,11,10
-13,-13,1,1,-13,-13
10,1,5,2,10,1
0,0,3,3,0,0
-11,1,0,2,-11,1
1,2,2,4,1,2
10,-11,5,0,10,-11
-13,-13,1,1,-13,-13
1,1,5,2,10,1
1,-11,2,8,1,-333
-11,-13,0,1,-11,-13
1,0,7,3,-222,0
1,1,2,2,1,1
0,-13,3,1,0,-13
-13,-13,1,1,-13,-13
-13,10,1,5,-13,10
10,2,6,2,11,1
-11,-11,0,2,-11,1
1,1,2,2,1,1
1,0,2,3,1,0
1,2,2,2,1,1
-13,3,1,4,-13,2
1,-11,2,0,1,-11
0,-11,3,0,0,-11
-13,1,1,2,-13,1
1,10,6,6,11,11
2,1,6,2,11,1
11,1,5,2,10,1
1,-13,2,1,1,-13
0,-13,3,1,0,-13
1,12,2,6,1,11
0,-11,3,0,0,-11
11,11,5,6,10,11
-13,-13,1,1,-13,-13
2,2,2,2,1,1
10,0,5,3,10,0
-11,1,0,2,-11,1
-13,1,1,2,-13,1
2,-11,5,0,10,-11
-11,10,0,5,-11,10
1,-13,2,1,1,-13
10,2,5,2,10,1
1,-13,8,0,-333,-11
0,2,3,4,0,2
1,-11,5,0,10,-11
-13,1,1,2,-13,1
1,2,2,2,1,1
-13,0,1,2,-13,1
0,-13,2,1,1,-13
-13,10,1,2,-13,1
-13,11,1,6,-13,11
1,0,2,3,1,0
1,0,2,3,1,0
-13,-11,1,0,-13,-11
1,0,2,3,1,0
1,10,2,7,1,-222
1,1,2,2,1,1
10,-11,5,0,10,-11
-13,0,1,3,-13,0
-13,1,1,2,-13,1
10,-13,5,1,10,-13
-13,1,1,2,-13,1
10,0,5,3,10,0
1,-11,2,0,1,-11
1,1,2,2,1,1
10,10,5,5,10,10
-13,-11,1,2,-13,1
1,1,2,2,1,1
-11,0,0,3,-11,0
1,0,2,3,1,0
10,10,5,5,10,10
1,-11,2,0,1,-11
10,-11,6,0,11,-11
1,0,2,5,1,10
-11,1,0,2,-11,1
0,1,3,2,0,1
-11,-13,0,1,-11,-13
10,-11,5,0,10,-11
-13,-13,1,1,-13,-13
1,-11,2,0,1,-11
11,1,5,2,10,1
1,2,2,2,1,1
-11,-13,0,1,-11,-13
2,-11,4,0,2,-11
1,1,2,2,1,1
1,1,2,2,1,1
10,-11,5,0,10,-11
-13,0,2,5,1,10
10,-13,5,1,10,-13
2,-13,4,1,2,-13
0,1,3,6,0,11
-11,11,0,5,-11,10
-11,-11,0,0,-11,-11
1,-11,2,0,1,-11
-13,0,1,3,-13,0
0,-13,3,1,0,-13
1,1,0,2,-11,1
-13,2,2,2,1,1
0,1,3,2,0,1
-13,1,1,2,-13,1
-11,-11,0,0,-11,-11
0,-13,3,1,0,-13
2,0,4,2,2,1
1,1,2,2,1,1
1,0,2,3,1,0
1,-13,8,6,-333,11
1,10,2,6,1,11
1,-11,2,0,1,-11
2,2,4,4,2,2
-13,-13,1,1,-13,-13
1,-13,2,8,1,-333
-13,10,1,6,-13,11
0,1,3,2,0,1
-11,-11,0,0,-11,-11
10,1,6,2,11,1
0,-13,2,1,1,-13
1,-11,2,0,1,-11
-13,0,1,3,-13,0
1,-11,2,0,1,-11
-11,-11,0,0,-11,-11
1,-13,2,1,1,-13
11,-11,6,2,11,1
-11,0,0,2,-11,1
-11,1,0,2,-11,1
1,10,2,5,1,10
-11,1,0,2,-11,1
1,-13,4,1,2,-13
0,2,5,4,10,2
0,1,3,2,0,1
-13,-11,1,0,-13,-11
0,0,3,2,0,1
12,10,6,5,11,10
1,2,2,2,1,1
0,1,3,2,0,1
-11,2,0,6,-11,11
10,1,5,5,10,10
2,0,2,3,1,0
0,2,3,4,0,2
10,12,6,5,11,10
-13,0,1,3,-13,0
2,0,2,5,1,10
-11,-11,0,2,-11,1
1,10,2,5,1,10
1,0,2,3,1,0
0,1,3,2,0,1
-11,10,2,5,1,10
-13,2,1,4,-13,2
1,-13,6,1,11,-13
0,10,2,6,1,11
-11,1,7,2,-222,1
-13,1,1,2,-13,1
0,-11,3,0,0,-11
1,2,2,2,1,1
10,0,5,2,10,1
0,10,3,5,0,10
-13,2,1,4,-13,2
1,0,2,1,1,-13
1,-11,2,0,1,-11
-13,1,1,4,-13,2
-11,10,0,6,-11,11
0,2,2,4,1,2
2,10,2,5,1,10
0,-11,3,0,0,-11
10,11,5,5,10,10
1,-13,2,1,1,-13
-11,2,0,4,-11,2
-11,-13,1,1,-13,-13
0,1,3,2,0,1
-11,1,0,2,-11,1
0,2,2,4,1,2
-13,-13,1,1,-13,-13
-11,0,0,3,-11,0
-11,1,0,2,-11,1
-13,-11,1,0,-13,-11
10,-13,5,1,10,-13
2,-11,2,3,1,0
11,10,6,6,11,11
-13,0,1,3,-13,0
1,0,2,2,1,1
-11,1,0,2,-11,1
1,0,2,1,1,-13
10,1,5,8,10,-333
1,0,2,2,1,1
2,11,4,6,2,11
0,1,3,4,0,2
11,10,5,6,10,11
3,1,6,2,11,1
1,2,2,2,1,1
1,2,2,2,1,1
0,1,3,6,0,11
1,-13,2,1,1,-13
11,10,6,5,11,10
1,0,2,3,1,0
0,10,3,5,0,10
1,-13,2,1,1,-13
1,-13,2,1,1,-13
2,0,2,1,1,-13
-13,12,1,6,-13,11
0,1,3,2,0,1
1,-13,2,1,1,-13
2,-13,2,1,1,-13
2,0,4,3,2,0
0,-13,3,1,0,-13
-13,0,1,1,-13,-13
1,1,2,2,1,1
-11,2,0,4,-11,2
1,1,2,2,1,1
10,0,5,0,10,-11
-13,-13,1,1,-13,-13
1,11,2,6,1,11
-13,0,1,3,-13,0
1,2,2,4,1,2
10,-13,5,1,10,-13
10,-13,5,1,10,-13
-13,-11,1,0,-13,-11
1,2,2,2,1,1
-13,-11,3,0,0,-11
1,-13,2,1,1,-13
-11,1,0,2,-11,1
0,-13,3,1,0,-13
0,1,3,2,0,1
-13,1,1,2,-13,1
-11,0,0,3,-11,0
-13,1,1,2,-13,1
1,2,7,2,-222,1
10,-11,5,0,10,-11
2,-11,4,0,2,-11
0,1,0,2,-11,1
-11,-13,2,1,1,-13
-11,2,0,4,-11,2
-13,1,1,4,-13,2
1,1,2,2,1,1
10,1,5,2,10,1
10,-13,2,1,1,-13
0,11,3,5,0,10
1,1,2,4,1,2
-13,-11,1,0,-13,-11
11,0,5,5,10,10
-13,0,0,3,-11,0
-11,-13,0,1,-11,-13
1,-11,2,0,1,-11
2,-13,2,1,1,-13
-13,1,1,2,-13,1
-11,1,0,2,-11,1
1,-13,2,1,1,-13
-13,-11,1,8,-13,-333
-11,1,0,2,-11,1
10,-11,5,0,10,-11
1,0,2,2,1,1
2,11,6,6,11,11
-11,-13,0,1,-11,-13
11,-11,6,0,11,-11
-13,-13,1,1,-13,-13
1,-11,2,0,1,-11
1,10,2,5,1,10
-13,11,1,6,-13,11
-11,0,0,3,-11,0
10,1,5,4,10,2
2,-13,6,1,11,-13
-13,-13,1,1,-13,-13
-11,-13,0,1,-11,-13
1,2,2,4,1,2
-11,-11,0,0,-11,-11
2,2,4,2,2,1
0,11,3,6,0,11
0,2,3,2,0,1
-13,-11,1,0,-13,-11
2,11,2,6,1,11
10,2,6,4,11,2
10,-13,5,1,10,-13
2,2,2,2,1,1
-11,10,0,5,-11,10
-13,-13,2,1,1,-13
-11,1,8,2,-333,1
10,-11,5,0,10,-11
0,-11,2,0,1,-11
1,1,6,2,11,1
1,10,2,5,1,10
0,1,3,2,0,1
2,10,4,5,2,10
1,1,2,2,1,1
-11,10,0,2,-11,1
10,1,5,2,10,1
-13,1,1,2,-13,1
1,-13,2,1,1,-13
-13,1,1,2,-13,1
1,-11,2,0,1,-11
1,-11,4,0,2,-11
10,1,5,6,10,11
2,1,4,2,2,1
-11,1,0,2,-11,1
-13,1,1,2,-13,1
1,0,2,3,1,0
1,0,2,3,1,0
-13,0,1,3,-13,0
1,0,2,3,1,0
10,1,5,2,10,1
-11,1,8,6,-333,11
-11,10,0,5,-11,10
0,-13,3,1,0,-13
1,2,2,4,1,2
10,-13,5,0,10,-11
1,1,2,2,1,1
2,1,4,2,2,1
1,1,2,2,1,1
-13,11,1,6,-13,11
2,11,4,6,2,11
0,2,8,2,-333,1
1,10,2,5,1,10
-11,-11,0,0,-11,-11
11,10,6,5,11,10
0,2,3,4,0,2
-13,1,1,2,-13,1
1,-13,2,1,1,-13
10,-13,5,1,10,-13
0,1,3,2,0,1
-13,-11,1,0,-13,-11
10,-11,5,0,10,-11
0,-11,3,0,0,-11
2,-11,5,0,10,-11
-13,0,3,3,0,0
-11,-13,0,1,-11,-13
1,-13,2,1,1,-13
-13,1,1,2,-13,1
-11,-11,0,0,-11,-11
1,-13,2,1,1,-13
-11,0,0,3,-11,0
-11,-11,0,8,-11,-333
-11,1,0,2,-11,1
-11,1,0,2,-11,1
-11,1,0,2,-11,1
-13,0,1,2,-13,1
1,10,2,6,1,11
1,0,2,3,1,0
10,-13,5,1,10,-13
12,10,6,5,11,10
11,2,6,4,11,2
10,-11,5,0,10,-11
-11,1,0,2,-11,1
10,1,5,2,10,1
1,1,0,8,-11,-333
-11,1,0,4,-11,2
1,1,3,2,0,1
1,11,2,6,1,11
-11,0,0,3,-11,0
-11,10,0,5,-11,10
1,-13,2,1,1,-13
1,3,6,4,11,2
-11,0,0,3,-11,0
1,-13,2,1,1,-13
0,-11,2,8,1,-333
1,-13,2,1,1,-13
10,0,5,2,10,1
-11,10,0,5,-11,10
-13,0,1,8,-13,-333
-13,0,1,3,-13,0
11,-13,5,0,10,-11
12,1,6,2,11,1
0,0,3,3,0,0
-11,-11,0,0,-11,-11
2,10,4,5,2,10
2,1,2,2,1,1
1,-13,6,1,11,-13
1,-13,0,1,-11,-13
1,1,2,2,1,1
-13,1,1,2,-13,1
-13,-13,1,1,-13,-13
0,1,0,2,-11,1
2,2,4,2,2,1
-11,-13,0,1,-11,-13
2,-11,4,0,2,-11
10,2,5,4,10,2
-11,1,0,2,-11,1
0,0,3,2,0,1
-11,1,0,2,-11,1
1,-11,2,0,1,-11
2,-13,2,1,1,-13
0,11,3,5,0,10
1,1,6,2,11,1
1,1,2,2,1,1
2,1,5,2,10,1
1,1,2,2,1,1
10,2,5,4,10,2
-13,1,1,2,-13,1
-13,2,1,4,-13,2
1,-11,2,0,1,-11
0,-11,3,0,0,-11
-13,10,1,5,-13,10
2,2,4,2,2,1
2,-11,4,0,2,-11
0,10,2,5,1,10
1,0,4,3,2,0
2,1,2,2,1,1
1,2,2,2,1,1
-13,1,1,2,-13,1
10,0,5,3,10,0
1,-11,2,0,1,-11
1,1,2,6,1,11
0,1,3,2,0,1
0,2,2,2,1,1
0,1,3,2,0,1
1,-13,2,1,1,-13
-13,11,1,6,-13,11
10,1,0,8,-11,-333
10,-11,5,8,10,-333
0,2,3,4,0,2
2,2,4,4,2,2
1,1,2,2,1,1
1,-13,2,1,1,-13
-13,10,8,5,-333,10
0,3,3,4,0,2
1,11,2,6,1,11
-13,1,2,0,1,-11
2,1,2,3,1,0
0,2,3,6,0,11
10,0,6,3,11,0
1,1,2,2,1,1
1,1,2,2,1,1
11,2,5,4,10,2
-13,1,1,2,-13,1
0,1,3,2,0,1
-13,-13,1,1,-13,-13
1,10,8,5,-333,10
-13,1,1,2,-13,1
-11,-13,0,1,-11,-13
0,-11,3,0,0,-11
-13,-11,1,0,-13,-11
1,-13,2,1,1,-13
10,10,5,5,10,10
-13,-11,1,0,-13,-11
-13,1,1,2,-13,1
-13,11,1,6,-13,11
1,1,2,2,1,1
2,10,2,5,1,10
11,0,5,3,10,0
0,0,3,6,0,11
11,0,2,5,1,10
-13,1,1,2,-13,1
1,1,6,2,11,1
1,2,2,4,1,2
-11,-13,3,1,0,-13
2,-13,4,1,2,-13
1,1,2,2,1,1
2,0,4,3,2,0
1,1,2,6,1,11
10,-13,5,1,10,-13
10,10,3,5,0,10
-13,10,1,5,-13,10
1,1,4,2,2,1
0,1,3,2,0,1
3,1,4,2,2,1
-13,0,1,5,-13,10
-11,-13,0,1,-11,-13
10,1,5,5,10,10
-13,1,1,2,-13,1
1,1,2,2,1,1
2,11,2,6,1,11
-11,-11,0,0,-11,-11
-13,-11,1,0,-13,-11
10,-13,6,1,11,-13
1,-13,2,1,1,-13
-11,-11,0,0,-11,-11
0,-11,2,2,1,1
10,10,5,5,10,10
2,-13,2,1,1,-13
0,1,3,2,0,1
10,11,5,6,10,11
1,-13,2,1,1,-13
2,0,6,5,11,10
1,-11,2,0,1,-11
-11,2,0,4,-11,2
-11,1,0,2,-11,1
1,-13,2,1,1,-13
1,3,2,4,1,2
-13,0,1,3,-13,0
2,-11,2,3,1,0
1,-13,2,7,1,-222
-11,-13,0,1,-11,-13
1,-11,6,0,11,-11
2,1,2,2,1,1
10,2,5,4,10,2
-13,10,1,6,-13,11
10,1,6,2,11,1
0,-13,3,1,0,-13
1,-13,2,2,1,1
-11,-11,0,0,-11,-11
-13,1,1,2,-13,1
-13,11,1,5,-13,10
1,2,2,4,1,2
0,-13,3,1,0,-13
1,-13,2,1,1,-13
2,1,2,2,1,1
0,-11,3,0,0,-11
-11,-13,0,1,-11,-13
-11,2,0,4,-11,2
1,0,2,3,1,0
-11,0,0,5,-11,10
10,1,5,2,10,1
1,2,2,2,1,1
0,1,3,6,0,11
10,0,6,3,11,0
1,1,4,2,2,1
0,0,3,3,0,0
1,0,2,3,1,0
10,11,5,6,10,11
10,-13,6,1,11,-13
-13,1,1,2,-13,1
1,-11,2,0,1,-11
1,-11,2,0,1,-11
2,1,4,2,2,1
-11,-11,0,0,-11,-11
2,1,2,2,1,1
-13,1,1,2,-13,1
-11,10,0,5,-11,10
1,10,2,5,1,10
1,0,2,3,1,0
-13,-13,1,1,-13,-13
1,0,2,3,1,0
0,2,3,0,0,-11
2,-13,2,1,1,-13
1,1,2,2,1,1
10,-13,5,1,10,-13
1,-11,2,0,1,-11
10,-11,5,0,10,-11
2,-13,2,2,1,1
11,1,6,2,11,1
10,-13,5,1,10,-13
-13,1,1,2,-13,1
1,1,2,2,1,1
-11,-13,0,1,-11,-13
11,-11,6,0,11,-11
-13,0,1,3,-13,0
-11,2,0,4,-11,2
0,-11,3,0,0,-11
-11,-11,0,0,-11,-11
1,1,2,5,1,10
-11,-11,0,2,-11,1
-11,1,0,2,-11,1
-13,1,1,2,-13,1
-13,2,1,2,-13,1
0,10,6,5,11,10
0,2,3,2,0,1
0,10,3,5,0,10
0,10,3,5,0,10
-13,1,1,5,-13,10
-13,-13,1,1,-13,-13
-11,2,0,2,-11,1
1,1,2,2,1,1
-11,10,0,6,-11,11
11,-13,6,1,11,-13
-11,-11,0,0,-11,-11
1,0,4,5,2,10
-13,10,1,5,-13,10
-13,10,1,5,-13,10
-13,1,1,2,-13,1
-11,-11,0,0,-11,-11
10,-11,5,0,10,-11
11,1,5,2,10,1
1,-13,2,1,1,-13
-11,10,0,5,-11,10
-13,-11,1,0,-13,-11
-13,-13,1,1,-13,-13
10,-11,5,0,10,-11
0,1,2,2,1,1
-13,-11,1,0,-13,-11
11,1,6,2,11,1
1,1,4,2,2,1
1,1,2,4,1,2
-11,11,1,6,-13,11
-13,-13,1,1,-13,-13
10,-11,5,0,10,-11
-13,1,0,2,-11,1
-11,1,0,2,-11,1
0,-11,3,0,0,-11
0,10,3,5,0,10
1,1,2,2,1,1
-11,-11,0,0,-11,-11
1,2,2,4,1,2
2,0,3,2,0,1
-11,1,0,2,-11,1
1,1,2,6,1,11
2,0,4,3,2,0
1,0,2,3,1,0
-11,-11,0,0,-11,-11
-11,0,0,2,-11,1
-13,-13,2,1,1,-13
1,-13,2,1,1,-13
1,-13,2,1,1,-13
1,-13,8,1,-333,-13
-13,1,1,2,-13,1
0,-11,5,0,10,-11
-11,-13,0,1,-11,-13
10,10,5,5,10,10
-11,12,0,6,-11,11
1,1,5,2,10,1
11,2,6,4,11,2
0,10,2,5,1,10
-13,-13,1,2,-13,1
-13,10,1,5,-13,10
1,2,2,2,1,1
1,1,2,2,1,1
11,2,5,4,10,2
1,1,2,2,1,1
10,1,5,4,10,2
0,0,3,2,0,1
11,1,8,2,-333,1
1,3,2,4,1,2
1,-11,3,3,0,0
0,10,3,5,0,10
10,11,5,5,10,10
1,-13,6,1,11,-13
-11,1,0,2,-11,1
-13,0,1,1,-13,-13
2,-11,6,0,11,-11
0,-11,3,0,0,-11
10,-11,5,3,10,0
10,1,5,2,10,1
11,11,6,6,11,11
-11,-11,2,0,1,-11
-11,-11,0,0,-11,-11
0,11,3,4,0,2
0,-11,3,2,0,1
-11,-11,0,0,-11,-11
10,-13,5,1,10,-13
3,1,2,2,1,1
0,2,3,6,0,11
1,-13,2,1,1,-13
-11,1,0,2,-11,1
12,2,6,2,11,1
0,-11,2,2,1,1
-13,-11,1,0,-13,-11
1,10,2,5,1,10
1,-11,2,1,1,-13
1,-11,2,8,1,-333
-11,-11,0,2,-11,1
-11,0,0,3,-11,0
2,-11,4,0,2,-11
3,10,4,5,2,10
-13,0,1,3,-13,0
-11,1,2,2,1,1
2,-13,4,2,2,1
1,-11,4,0,2,-11
-13,10,1,5,-13,10
10,1,5,2,10,1
0,-11,3,8,0,-333
10,-11,5,0,10,-11
10,1,2,2,1,1
0,-13,3,1,0,-13
1,-11,2,0,1,-11
-13,1,1,2,-13,1
-11,1,0,2,-11,1
-11,-11,0,0,-11,-11
-11,2,0,2,-11,1
0,1,2,2,1,1
-13,1,1,2,-13,1
0,0,3,1,0,-13
-13,1,1,3,-13,0
1,1,2,2,1,1
1,1,2,2,1,1
1,-11,2,0,1,-11
1,0,2,5,1,10
-11,0,0,2,-11,1
-13,11,1,5,-13,10
1,0,2,3,1,0
10,2,6,4,11,2
-11,1,8,2,-333,1
10,1,5,2,10,1
1,1,2,2,1,1
1,-13,3,1,0,-13
-13,10,1,6,-13,11
1,0,2,3,1,0
1,1,2,2,1,1
-13,1,1,2,-13,1
0,3,1,6,-13,11
-13,-13,1,1,-13,-13
0,-13,4,1,2,-13
1,0,2,5,1,10
1,-13,2,1,1,-13
1,0,2,3,1,0
-11,-13,0,2,-11,1
10,-13,5,1,10,-13
1,1,2,2,1,1
-11,0,0,3,-11,0
0,-11,0,2,-11,1
2,2,6,2,11,1
-11,1,0,2,-11,1
-11,-13,8,1,-333,-13
1,-13,2,1,1,-13
-11,-11,0,0,-11,-11
-11,1,0,4,-11,2
10,1,2,2,1,1
-11,1,0,2,-11,1
0,10,3,5,0,10
-11,2,0,4,-11,2
-13,-11,1,0,-13,-11
-13,-13,1,1,-13,-13
10,1,6,2,11,1
1,1,2,2,1,1
-13,0,1,3,-13,0
1,-13,2,1,1,-13
1,2,2,4,1,2
1,10,2,5,1,10
11,-11,6,0,11,-11
10,0,5,3,10,0
-11,0,0,3,-11,0
0,10,2,6,1,11
10,2,5,2,10,1
-11,-11,0,0,-11,-11
2,12,2,6,1,11
0,10,3,5,0,10
0,0,3,3,0,0
0,1,5,2,10,1
-13,1,1,4,-13,2
0,10,3,5,0,10
-13,1,1,2,-13,1
0,-13,3,1,0,-13
-13,1,1,2,-13,1
-11,1,0,2,-11,1
2,-13,2,1,1,-13
1,1,4,2,2,1
-13,-13,1,1,-13,-13
-11,10,0,5,-11,10
-11,10,0,5,-11,10
0,-13,3,1,0,-13
0,10,3,5,0,10
1,11,2,6,1,11
-13,11,4,6,2,11
-11,1,0,2,-11,1
-11,-11,0,0,-11,-11
-13,-13,1,1,-13,-13
2,-13,4,7,2,-222
2,1,4,4,2,2
1,1,2,2,1,1
10,10,5,5,10,10
1,-11,2,0,1,-11
-11,-13,0,1,-11,-13
2,0,4,2,2,1
-13,1,1,2,-13,1
1,-11,2,0,1,-11
1,10,2,5,1,10
0,1,3,2,0,1
1,10,2,6,1,11
11,1,6,2,11,1
0,-11,3,0,0,-11
10,-13,5,1,10,-13
1,-13,2,1,1,-13
-13,-11,1,0,-13,-11
1,10,2,5,1,10
0,-11,2,0,1,-11
11,2,6,6,11,11
1,0,4,3,2,0
-11,1,0,4,-11,2
-13,1,1,2,-13,1
2,1,4,2,2,1
1,11,2,6,1,11
-11,-11,0,2,-11,1
1,-13,2,1,1,-13
0,-13,3,1,0,-13
0,-11,3,0,0,-11
1,1,2,2,1,1
-13,10,1,5,-13,10
-11,1,0,2,-11,1
-11,-11,0,8,-11,-333
2,-13,2,1,1,-13
1,2,2,4,1,2
-11,0,0,1,-11,-13
-11,1,0,4,-11,2
10,-13,6,1,11,-13
1,10,2,5,1,10
10,0,5,3,10,0
-11,1,0,2,-11,1
1,-11,2,0,1,-11
1,1,4,4,2,2
1,-13,5,1,10,-13
-13,1,1,2,-13,1
10,-11,5,0,10,-11
-11,0,0,3,-11,0
1,0,2,1,1,-13
1,10,2,5,1,10
-13,11,1,6,-13,11
-13,1,1,2,-13,1
11,10,5,6,10,11
-11,-13,0,1,-11,-13
1,2,2,6,1,11
-11,10,2,3,1,0
-11,1,0,2,-11,1
1,0,2,3,1,0
-11,-13,0,1,-11,-13
1,0,2,3,1,0
-11,-13,0,1,-11,-13
1,-11,2,0,1,-11
-11,-13,0,1,-11,-13
1,-11,2,0,1,-11
-13,-11,1,0,-13,-11
-13,11,1,5,-13,10
1,2,4,2,2,1
2,1,4,2,2,1
1,0,2,5,1,10
0,1,2,2,1,1
1,0,2,3,1,0
-11,-11,0,0,-11,-11
1,1,2,2,1,1
-11,10,0,5,-11,10
-11,-11,0,0,-11,-11
-11,0,0,3,-11,0
-11,1,0,2,-11,1
-13,10,1,5,-13,10
2,-13,6,1,11,-13
10,-13,5,1,10,-13
1,10,2,6,1,11
10,2,5,6,10,11
10,-13,5,1,10,-13
1,11,2,5,1,10
0,-11,1,0,-13,-11
10,3,5,2,10,1
10,2,5,2,10,1
-11,11,2,6,1,11
2,-13,2,3,1,0
0,-13,3,1,0,-13
1,1,2,2,1,1
0,1,3,2,0,1
1,-11,2,0,1,-11
0,1,3,2,0,1
2,2,2,4,1,2
-11,2,0,2,-11,1
-13,1,1,2,-13,1
-11,10,0,5,-11,10
1,1,2,2,1,1
-11,0,0,3,-11,0
-13,1,1,2,-13,1
-11,1,7,2,-222,1
-11,10,0,5,-11,10
1,-13,2,1,1,-13
-13,-11,1,0,-13,-11
-11,-11,0,0,-11,-11
-11,-13,0,1,-11,-13
3,1,8,2,-333,1
-13,1,1,4,-13,2
-13,1,1,2,-13,1
1,0,2,0,1,-11
12,-11,6,0,11,-11
-13,-11,1,0,-13,-11
-13,-11,1,0,-13,-11
2,0,4,3,2,0
1,0,2,3,1,0
0,-11,3,0,0,-11
0,-13,3,1,0,-13
0,0,3,3,0,0
-13,1,1,2,-13,1
0,1,3,2,0,1
3,1,6,2,11,1
1,11,2,5,1,10
2,0,2,3,1,0
1,10,2,6,1,11
-11,0,0,2,-11,1
1,11,2,6,1,11
2,1,4,2,2,1
2,-13,4,1,2,-13
2,1,4,2,2,1
10,-13,5,1,10,-13
-11,-11,0,0,-11,-11
10,-13,5,1,10,-13
1,1,2,2,1,1
1,10,2,5,1,10
-11,-11,0,0,-11,-11
-13,-13,1,1,-13,-13
1,0,2,3,1,0
1,1,2,2,1,1
1,1,2,2,1,1
2,0,4,3,2,0
-13,1,8,2,-333,1
0,-13,3,1,0,-13
10,-11,6,0,11,-11
1,1,4,6,2,11
10,2,2,2,1,1
-11,-13,0,1,-11,-13
2,0,2,3,1,0
-11,1,0,2,-11,1
2,-13,2,1,1,-13
0,-13,3,1,0,-13
1,1,6,2,11,1
1,-13,2,1,1,-13
1,-11,2,0,1,-11
2,0,4,3,2,0
0,-11,3,0,0,-11
1,11,2,5,1,10
-13,1,1,2,-13,1
1,0,2,3,1,0
1,-11,2,0,1,-11
-13,1,1,2,-13,1
1,1,2,4,1,2
10,1,5,2,10,1
2,3,2,4,1,2
-11,0,0,3,-11,0
1,1,2,2,1,1
-13,-11,1,0,-13,-11
-13,2,1,2,-13,1
1,1,2,4,1,2
10,1,5,2,10,1
2,1,2,2,1,1
-13,1,1,2,-13,1
2,2,6,2,11,1
1,11,4,6,2,11
-13,1,1,2,-13,1
10,1,5,2,10,1
-13,1,1,4,-13,2
-1,-13,6,1,11,-13
-11,2,0,4,-11,2
-13,10,1,5,-13,10
1,0,2,3,1,0
-11,0,0,3,-11,0
1,-13,2,1,1,-13
11,1,6,2,11,1
2,2,2,4,1,2
-13,0,3,2,0,1
0,10,3,5,0,10
1,-13,2,1,1,-13
11,1,5,2,10,1
0,2,3,4,0,2
-13,1,1,2,-13,1
2,11,4,6,2,11
-11,2,0,4,-11,2
10,1,5,2,10,1
0,0,3,3,0,0
-13,-11,1,0,-13,-11
1,0,2,3,1,0
0,-11,3,4,0,2
1,2,2,4,1,2
11,10,6,6,11,11
0,1,3,2,0,1
1,-13,2,1,1,-13
2,2,2,4,1,2
-13,-11,1,2,-13,1
1,1,2,2,1,1
2,1,4,2,2,1
0,-13,4,1,2,-13
-13,0,1,3,-13,0
-11,-13,0,1,-11,-13
10,-11,5,0,10,-11
1,10,2,5,1,10
2,1,2,2,1,1
2,-11,6,8,11,-333
-13,2,1,2,-13,1
-13,-11,1,0,-13,-11
1,0,2,0,1,-11
1,-11,2,0,1,-11
-13,1,8,2,-333,1
10,-13,6,1,11,-13
2,-13,2,2,1,1
1,10,2,5,1,10
0,0,3,2,0,1
-13,1,1,2,-13,1
-11,1,0,2,-11,1
-11,1,8,2,-333,1
-13,-13,1,1,-13,-13
10,-11,6,0,11,-11
-13,1,1,3,-13,0
-13,-13,1,1,-13,-13
1,1,2,2,1,1
-11,2,0,2,-11,1
-11,2,0,2,-11,1
1,2,2,4,1,2
-13,1,1,2,-13,1
-11,11,0,5,-11,10
-11,-13,0,1,-11,-13
-11,2,0,4,-11,2
2,-13,2,1,1,-13
1,0,2,3,1,0
2,-13,4,1,2,-13
1,11,5,6,10,11
-13,11,1,5,-13,10
-13,1,1,4,-13,2
1,1,2,2,1,1
-11,1,0,2,-11,1
1,-11,2,0,1,-11
1,11,2,5,1,10
2,-13,6,1,11,-13
1,0,2,5,1,10
2,11,2,6,1,11
1,-13,2,3,1,0
-13,1,1,2,-13,1
2,-11,4,0,2,-11
10,-13,5,1,10,-13
0,1,3,2,0,1
11,-13,6,1,11,-13
0,2,3,2,0,1
11,1,6,2,11,1
10,-11,5,2,10,1
1,-11,2,0,1,-11
1,10,2,5,1,10
1,1,2,2,1,1
-11,1,0,2,-11,1
11,1,5,2,10,1
1,-11,2,0,1,-11
2,11,2,6,1,11
10,1,5,2,10,1
0,-11,3,0,0,-11
1,1,2,2,1,1
11,10,5,5,10,10
0,0,3,6,0,11
-11,0,0,2,-11,1
1,0,2,3,1,0
1,3,6,4,11,2
0,0,6,3,11,0
1,1,2,2,1,1
-13,2,1,4,-13,2
-13,-11,1,0,-13,-11
1,0,2,3,1,0
-13,1,1,2,-13,1
1,10,2,5,1,10
0,-11,2,0,1,-11
-13,-11,1,0,-13,-11
-13,1,2,2,1,1
10,-11,5,0,10,-11
2,1,2,2,1,1
2,1,4,2,2,1
0,2,3,2,0,1
1,2,2,4,1,2
-13,-11,1,0,-13,-11
-13,10,1,5,-13,10
-11,-11,0,0,-11,-11
-11,12,0,5,-11,10
0,-13,3,1,0,-13
0,1,1,3,-13,0
0,-11,3,0,0,-11
-11,10,0,6,-11,11
1,-11,2,0,1,-11
-13,10,1,5,-13,10
12,0,6,3,11,0
-11,2,0,4,-11,2
11,-13,6,1,11,-13
1,-13,3,1,0,-13
-13,-13,1,1,-13,-13
1,2,2,2,1,1
-13,2,1,2,-13,1
-13,1,1,2,-13,1
10,-13,5,1,10,-13
11,0,6,3,11,0
-11,0,0,3,-11,0
-11,1,0,2,-11,1
1,-13,2,1,1,-13
-13,1,2,0,1,-11
-11,1,0,2,-11,1
1,-13,2,1,1,-13
11,10,6,5,11,10
1,0,2,3,1,0
1,-13,2,3,1,0
1,-13,2,1,1,-13
-13,-13,1,1,-13,-13
-13,1,1,2,-13,1
1,1,4,2,2,1
1,1,2,2,1,1
1,11,4,6,2,11
11,0,5,1,10,-13
0,-13,3,0,0,-11
0,0,3,3,0,0
1,-13,4,1,2,-13
10,-13,5,1,10,-13
0,0,3,6,0,11
2,1,4,6,2,11
1,-13,2,1,1,-13
1,-11,2,0,1,-11
1,-13,2,1,1,-13
-11,3,0,4,-11,2
10,10,6,5,11,10
-13,1,3,2,0,1
-11,0,0,3,-11,0
-11,0,0,3,-11,0
0,10,3,5,0,10
-11,1,0,2,-11,1
1,11,2,6,1,11
-13,-13,1,1,-13,-13
-13,10,1,6,-13,11
0,-13,3,1,0,-13
-13,2,1,4,-13,2
-11,1,0,4,-11,2
10,1,6,2,11,1
2,1,4,2,2,1
0,1,3,2,0,1
-13,2,1,4,-13,2
2,1,4,2,2,1
-13,1,1,2,-13,1
1,1,2,2,1,1
10,-11,5,0,10,-11
10,-13,6,1,11,-13
0,-11,2,0,1,-11
-13,10,1,5,-13,10
0,1,3,2,0,1
0,2,3,6,0,11
1,-11,6,0,11,-11
1,0,4,3,2,0
1,-11,2,0,1,-11
1,-11,2,0,1,-11
-13,11,1,6,-13,11
2,-11,4,0,2,-11
1,1,2,2,1,1
-13,10,1,5,-13,10
0,1,2,2,1,1
0,-11,3,0,0,-11
-11,1,0,2,-11,1
10,1,6,2,11,1
-13,-13,1,1,-13,-13
-13,1,1,4,-13,2
10,0,5,3,10,0
11,-11,6,0,11,-11
-13,10,1,2,-13,1
-13,-13,1,1,-13,-13
-11,11,0,6,-11,11
0,10,3,5,0,10
1,0,2,3,1,0
1,1,2,8,1,-333
2,-11,6,0,11,-11
-11,-11,0,0,-11,-11
-13,10,2,5,1,10
-13,2,1,4,-13,2
-11,1,0,2,-11,1
-11,0,0,3,-11,0
-13,1,1,2,-13,1
1,-13,2,1,1,-13
10,2,5,2,10,1
2,10,4,5,2,10
-13,10,1,5,-13,10
0,1,3,3,0,0
-11,0,0,3,-11,0
-13,10,0,6,-11,11
-13,10,1,5,-13,10
1,2,2,2,1,1
-11,-13,0,1,-11,-13
0,0,3,3,0,0
1,1,2,2,1,1
0,0,3,3,0,0
10,-11,5,0,10,-11
2,-11,4,3,2,0
1,-13,2,1,1,-13
2,-13,4,3,2,0
-11,-13,0,1,-11,-13
1,10,2,5,1,10
-13,1,1,6,-13,11
3,1,4,2,2,1
1,-13,2,1,1,-13
1,1,2,2,1,1
11,10,6,6,11,11
2,-11,6,0,11,-11
12,2,5,2,10,1
-11,1,0,4,-11,2
10,1,5,2,10,1
10,1,5,2,10,1
-13,3,1,4,-13,2
-13,1,1,2,-13,1
1,2,6,2,11,1
1,1,2,2,1,1
1,-11,2,2,1,1
1,2,2,4,1,2
2,-11,2,0,1,-11
-13,2,3,2,0,1
10,11,5,5,10,10
11,-11,6,0,11,-11
1,-13,2,1,1,-13
1,10,2,5,1,10
10,1,5,2,10,1
2,2,2,4,1,2
1,-13,2,1,1,-13
-13,11,1,2,-13,1
1,0,6,2,11,1
-11,1,0,2,-11,1
-11,-11,0,0,-11,-11
-11,10,0,6,-11,11
10,0,5,2,10,1
1,-11,2,0,1,-11
1,1,2,2,1,1
-13,1,1,2,-13,1
1,1,6,2,11,1
10,2,5,2,10,1
-13,1,1,2,-13,1
1,1,2,2,1,1
2,0,4,3,2,0
1,1,2,5,1,10
0,-11,3,0,0,-11
10,2,6,2,11,1
2,-11,4,0,2,-11
1,1,2,2,1,1
10,-13,5,1,10,-13
1,-13,4,1,2,-13
0,0,3,3,0,0
10,1,6,2,11,1
1,-13,2,1,1,-13
-11,-11,0,8,-11,-333
1,-13,6,1,11,-13
-11,-11,0,0,-11,-11
-11,-13,0,1,-11,-13
2,0,2,5,1,10
2,-11,6,0,11,-11
1,-13,2,1,1,-13
1,-13,2,1,1,-13
1,1,4,2,2,1
10,4,6,6,11,11
-13,-13,1,1,-13,-13
10,2,6,4,11,2
-13,10,1,5,-13,10
0,0,3,3,0,0
-11,0,0,2,-11,1
-11,-11,0,8,-11,-333
0,-11,3,0,0,-11
10,1,5,3,10,0
10,0,5,3,10,0
10,0,5,3,10,0
-11,-11,0,0,-11,-11
-13,-13,1,1,-13,-13
0,1,3,2,0,1
-11,11,2,2,1,1
0,1,3,2,0,1
1,0,2,3,1,0
0,10,2,5,1,10
-13,0,1,5,-13,10
-13,1,1,3,-13,0
-13,1,1,2,-13,1
0,0,1,3,-13,0
-11,0,0,2,-11,1
1,10,2,5,1,10
10,1,5,2,10,1
-13,1,1,2,-13,1
2,0,4,3,2,0
1,1,2,2,1,1
-13,0,1,2,-13,1
10,-11,5,0,10,-11
1,2,2,4,1,2
1,1,2,2,1,1
2,2,2,2,1,1
10,1,5,2,10,1
-11,2,0,2,-11,1
1,1,2,2,1,1
-13,2,1,2,-13,1
2,1,4,2,2,1
1,1,2,2,1,1
11,1,6,2,11,1
-11,-13,0,1,-11,-13
0,-11,3,0,0,-11
1,2,2,4,1,2
-13,1,1,2,-13,1
0,1,3,2,0,1
-11,1,0,4,-11,2
10,0,5,3,10,0
1,-13,2,1,1,-13
0,11,3,6,0,11
2,1,6,2,11,1
11,-11,2,0,1,-11
-11,1,0,2,-11,1
-11,0,0,3,-11,0
1,0,2,3,1,0
1,2,2,2,1,1
1,-11,2,8,1,-333
2,-11,4,0,2,-11
-11,1,0,4,-11,2
10,0,5,3,10,0
1,2,2,2,1,1
2,-11,4,0,2,-11
0,-13,3,1,0,-13
1,1,2,2,1,1
-13,2,1,4,-13,2
2,11,5,6,10,11
1,1,2,2,1,1
10,-13,5,1,10,-13
10,10,5,6,10,11
-13,2,1,2,-13,1
1,-11,2,0,1,-11
-13,2,1,2,-13,1
1,1,6,2,11,1
2,1,2,0,1,-11
1,-13,2,1,1,-13
-13,-13,1,1,-13,-13
10,1,5,2,10,1
10,1,5,2,10,1
1,-11,2,0,1,-11
1,1,4,2,2,1
-13,-11,1,0,-13,-11
1,10,2,6,1,11
2,0,2,3,1,0
0,11,0,6,-11,11
-11,0,0,3,-11,0
1,-11,2,0,1,-11
2,10,4,5,2,10
1,-11,2,0,1,-11
-13,0,1,3,-13,0
1,0,2,5,1,10
-11,-13,0,1,-11,-13
11,-11,6,0,11,-11
-13,-13,1,1,-13,-13
-13,2,1,4,-13,2
2,11,2,2,1,1
0,1,2,2,1,1
-11,-13,0,8,-11,-333
0,1,1,2,-13,1
11,-11,5,0,10,-11
0,1,3,8,0,-333
-11,-13,0,1,-11,-13
-13,11,3,5,0,10
11,1,6,2,11,1
10,1,5,2,10,1
10,-13,5,1,10,-13
1,0,2,3,1,0
1,1,2,2,1,1
-13,1,1,2,-13,1
11,2,6,6,11,11
1,0,2,3,1,0
-13,1,1,2,-13,1
1,-11,2,0,1,-11
10,0,6,3,11,0
-11,1,1,2,-13,1
10,-13,5,1,10,-13
1,11,6,5,11,10
-11,1,0,2,-11,1
1,11,2,6,1,11
-13,-13,1,1,-13,-13
1,1,2,2,1,1
12,-13,6,1,11,-13
3,2,4,4,2,2
1,1,3,2,0,1
10,2,6,4,11,2
-11,0,0,3,-11,0
-11,1,0,2,-11,1
-11,-11,1,0,-13,-11
-13,-13,1,1,-13,-13
-13,10,1,5,-13,10
1,1,2,2,1,1
0,1,2,2,1,1
1,1,2,2,1,1
1,-13,2,1,1,-13
2,1,4,2,2,1
2,1,2,2,1,1
10,1,5,2,10,1
0,12,3,6,0,11
-13,-11,1,0,-13,-11
2,0,4,3,2,0
2,-13,4,1,2,-13
0,-13,3,1,0,-13
-11,1,0,0,-11,-11
-11,-13,0,8,-11,-333
-11,1,0,3,-11,0
0,-13,3,2,0,1
-13,-11,1,0,-13,-11
-13,1,1,2,-13,1
1,-13,2,1,1,-13
11,2,6,4,11,2
0,11,3,6,0,11
1,-13,2,1,1,-13
2,1,2,2,1,1
10,-13,5,2,10,1
2,0,4,3,2,0
-13,11,1,5,-13,10
-11,11,0,5,-11,10
-11,-13,0,1,-11,-13
0,1,0,2,-11,1
0,11,3,5,0,10
2,1,4,6,2,11
1,-13,2,1,1,-13
11,1,6,2,11,1
2,1,2,2,1,1
10,1,5,2,10,1
0,1,3,2,0,1
11,1,6,6,11,11
-13,0,1,3,-13,0
1,-11,2,0,1,-11
-13,-13,1,1,-13,-13
-13,-11,1,0,-13,-11
2,-13,2,1,1,-13
0,1,2,2,1,1
11,-13,5,1,10,-13
-11,-11,0,0,-11,-11
-11,1,0,2,-11,1
1,10,2,5,1,10
-11,1,0,2,-11,1
2,0,4,3,2,0
-13,10,1,5,-13,10
-11,-11,0,0,-11,-11
-13,1,1,2,-13,1
10,1,2,4,1,2
-13,1,1,2,-13,1
-13,2,1,6,-13,11
10,-11,5,8,10,-333
-13,1,1,4,-13,2
-13,1,1,2,-13,1
2,11,2,6,1,11
1,-13,2,1,1,-13
-11,-11,0,2,-11,1
2,-11,2,0,1,-11
1,3,2,4,1,2
2,0,6,3,11,0
-11,10,0,5,-11,10
-13,2,1,2,-13,1
2,10,4,5,2,10
-13,11,1,5,-13,10
0,11,3,5,0,10
-13,10,1,5,-13,10
0,1,3,2,0,1
-11,-11,0,2,-11,1
1,-13,4,1,2,-13
1,11,4,6,2,11
-13,-11,3,0,0,-11
10,-13,5,1,10,-13
0,2,3,4,0,2
11,-11,6,0,11,-11
10,-11,6,0,11,-11
2,-13,4,1,2,-13
1,2,2,5,1,10
10,0,5,2,10,1
-13,11,1,6,-13,11
1,0,2,2,1,1
-11,-13,0,1,-11,-13
1,-11,2,0,1,-11
-11,-13,0,1,-11,-13
0,-13,3,1,0,-13
1,1,2,2,1,1
-13,10,1,2,-13,1
-13,0,1,3,-13,0
10,1,5,2,10,1
-11,10,0,5,-11,10
2,0,4,3,2,0
-11,2,0,4,-11,2
1,-13,2,1,1,-13
-11,-13,0,1,-11,-13
0,-13,3,1,0,-13
-13,-13,1,1,-13,-13
-13,-13,1,1,-13,-13
-11,-13,0,1,-11,-13
1,0,3,3,0,0
0,-13,3,1,0,-13
-11,11,0,6,-11,11
1,10,4,5,2,10
10,-13,5,1,10,-13
1,-13,2,1,1,-13
10,1,5,2,10,1
0,1,3,2,0,1
-13,1,1,6,-13,11
2,11,4,6,2,11
0,-11,3,0,0,-11
-13,1,1,3,-13,0
1,11,2,6,1,11
-11,2,0,4,-11,2
-11,11,0,6,-11,11
11,2,6,2,11,1
-13,11,1,5,-13,10
-13,-11,1,1,-13,-13
10,1,5,2,10,1
0,0,3,3,0,0
1,-11,5,0,10,-11
10,11,5,6,10,11
2,-13,4,1,2,-13
-13,-13,1,1,-13,-13
-13,-13,1,1,-13,-13
-13,0,1,3,-13,0
11,1,6,2,11,1
2,10,4,6,2,11
-13,-11,1,0,-13,-11
-13,-13,1,2,-13,1
0,-13,3,1,0,-13
-11,10,2,5,1,10
-13,-13,1,1,-13,-13
-13,10,1,5,-13,10
1,-13,2,1,1,-13
-11,-11,0,0,-11,-11
-11,0,7,2,-222,1
0,12,3,5,0,10
1,-13,0,1,-11,-13
10,-13,5,0,10,-11
-13,-11,2,0,1,-11
-11,1,0,6,-11,11
-13,-11,1,0,-13,-11
-13,11,1,6,-13,11
1,1,2,2,1,1
0,-13,3,1,0,-13
2,-13,2,1,1,-13
12,0,6,3,11,0
1,-11,2,0,1,-11
2,-13,4,1,2,-13
1,11,2,5,1,10
-11,-11,2,0,1,-11
10,-11,5,2,10,1
-13,1,1,2,-13,1
0,2,0,4,-11,2
-13,-13,1,1,-13,-13
-11,0,0,3,-11,0
10,11,6,6,11,11
2,2,2,6,1,11
-13,1,8,5,-333,10
2,-13,4,1,2,-13
1,1,2,2,1,1
2,1,2,2,1,1
-13,1,1,2,-13,1
10,2,5,4,10,2
0,1,3,2,0,1
-11,2,0,4,-11,2
-13,1,1,2,-13,1
0,10,3,5,0,10
0,1,3,2,0,1
1,1,2,5,1,10
-13,-11,1,0,-13,-11
10,2,5,2,10,1
-13,2,1,4,-13,2
-11,-13,0,1,-11,-13
1,11,2,6,1,11
0,-13,3,1,0,-13
0,2,3,6,0,11
1,-11,0,0,-11,-11
10,11,6,5,11,10
-11,-11,0,0,-11,-11
11,1,2,2,1,1
-11,0,0,3,-11,0
-13,-11,1,0,-13,-11
10,-13,6,1,11,-13
-11,2,0,2,-11,1
0,-11,2,0,1,-11
1,0,2,5,1,10
1,1,2,2,1,1
0,10,2,5,1,10
0,1,3,4,0,2
-11,0,0,3,-11,0
1,-13,2,1,1,-13
4,-13,4,1,2,-13
2,-11,4,0,2,-11
10,1,5,4,10,2
0,-11,2,0,1,-11
10,1,5,2,10,1
10,-13,5,1,10,-13
-11,1,0,2,-11,1
2,10,4,6,2,11
1,12,4,6,2,11
2,11,4,6,2,11
1,-13,5,1,10,-13
1,-13,2,2,1,1
-11,-13,0,1,-11,-13
1,1,2,2,1,1
-11,1,0,4,-11,2
11,2,6,2,11,1
0,0,3,3,0,0
-13,-11,1,0,-13,-11
-11,10,0,5,-11,10
1,0,2,8,1,-333
1,1,2,2,1,1
-11,2,0,2,-11,1
1,1,2,2,1,1
-13,1,1,6,-13,11
-11,1,0,2,-11,1
1,-11,2,1,1,-13
2,-11,6,0,11,-11
2,1,6,2,11,1
0,10,3,5,0,10
0,-11,1,0,-13,-11
0,2,3,6,0,11
-11,-13,0,8,-11,-333
1,-11,2,0,1,-11
-11,10,0,5,-11,10
-11,1,0,6,-11,11
1,-11,2,0,1,-11
-13,1,1,2,-13,1
2,-13,0,1,-11,-13
1,1,2,2,1,1
-13,-11,1,0,-13,-11
-11,-13,0,1,-11,-13
11,2,6,2,11,1
-13,-13,1,1,-13,-13
-11,-13,0,1,-11,-13
0,-13,3,1,0,-13
-11,1,0,2,-11,1
-13,1,1,8,-13,-333
-11,-11,0,0,-11,-11
-11,1,2,2,1,1
-11,10,0,5,-11,10
1,-13,2,1,1,-13
1,1,2,2,1,1
-13,1,1,2,-13,1
0,-11,3,8,0,-333
1,11,2,5,1,10
11,1,6,2,11,1
0,-11,3,0,0,-11
10,2,5,4,10,2
-13,1,1,2,-13,1
11,10,6,5,11,10
2,-13,4,1,2,-13
0,-11,3,0,0,-11
1,-13,5,1,10,-13
10,2,5,2,10,1
0,1,3,5,0,10
1,-11,2,0,1,-11
-13,-13,1,1,-13,-13
1,1,2,2,1,1
1,1,2,2,1,1
2,-11,4,0,2,-11
1,-11,2,0,1,-11
11,-11,6,0,11,-11
-11,-13,0,1,-11,-13
-13,0,1,3,-13,0
2,0,2,3,1,0
1,1,2,2,1,1
-13,1,1,2,-13,1
1,10,2,5,1,10
1,10,2,5,1,10
10,0,5,3,10,0
0,1,2,2,1,1
-13,0,1,3,-13,0
0,-13,5,1,10,-13
1,10,2,5,1,10
10,1,6,2,11,1
-11,-13,8,1,-333,-13
-11,-13,0,1,-11,-13
-13,-11,1,0,-13,-11
11,1,6,2,11,1
-13,-11,1,0,-13,-11
10,-11,5,0,10,-11
1,3,2,4,1,2
0,-13,3,1,0,-13
-11,1,0,2,-11,1
0,1,2,2,1,1
-13,1,1,0,-13,-11
-13,-11,1,0,-13,-11
0,10,8,5,-333,10
-11,10,0,6,-11,11
1,-13,6,1,11,-13
1,1,2,2,1,1
3,1,6,2,11,1
0,-13,2,1,1,-13
-13,-11,1,0,-13,-11
1,-11,2,0,1,-11
0,-11,2,2,1,1
1,-11,4,0,2,-11
-13,2,1,6,-13,11
1,-11,4,0,2,-11
-13,2,1,4,-13,2
2,1,2,2,1,1
-13,-13,1,1,-13,-13
-13,2,1,4,-13,2
1,2,0,4,-11,2
10,1,5,8,10,-333
-13,-11,1,0,-13,-11
-11,1,0,2,-11,1
-13,-13,1,0,-13,-11
-11,2,0,6,-11,11
1,1,2,2,1,1
-11,1,0,2,-11,1
2,1,2,2,1,1
-11,1,0,4,-11,2
0,10,3,6,0,11
-11,-11,0,0,-11,-11
1,-13,2,1,1,-13
-13,0,1,3,-13,0
-11,1,0,2,-11,1
1,2,2,4,1,2
0,1,3,2,0,1
-13,1,1,2,-13,1
3,2,6,4,11,2
-13,1,1,2,-13,1
0,2,3,2,0,1
1,-11,6,0,11,-11
1,0,2,2,1,1
11,-13,2,1,1,-13
1,-13,2,1,1,-13
0,-13,3,1,0,-13
-11,10,0,5,-11,10
-11,10,0,5,-11,10
-13,-13,1,1,-13,-13
-13,1,1,2,-13,1
-11,1,0,2,-11,1
0,0,3,3,0,0
-13,-11,1,0,-13,-11
11,1,6,2,11,1
1,-13,2,1,1,-13
-13,2,1,2,-13,1
1,0,2,2,1,1
10,10,5,5,10,10
1,1,4,2,2,1
-11,0,2,3,1,0
1,-11,2,0,1,-11
-13,-11,1,0,-13,-11
-13,11,1,6,-13,11
-11,-11,0,0,-11,-11
-11,-13,1,1,-13,-13
-13,1,1,2,-13,1
-13,-11,1,0,-13,-11
10,-11,5,0,10,-11
10,10,5,5,10,10
10,10,6,6,11,11
0,1,3,2,0,1
0,2,3,2,0,1
-13,-11,1,0,-13,-11
-11,-11,0,0,-11,-11
-13,-11,1,0,-13,-11
2,-13,4,1,2,-13
2,-13,4,1,2,-13
0,0,3,3,0,0
-13,0,1,3,-13,0
0,1,3,2,0,1
2,11,6,5,11,10
1,0,2,3,1,0
-11,0,8,3,-333,0
-13,1,1,2,-13,1
10,-13,6,1,11,-13
-13,0,2,3,1,0
-13,-1,1,6,-13,11
1,0,2,3,1,0
0,0,3,5,0,10
-11,10,0,5,-11,10
2,10,2,6,1,11
1,-11,2,0,1,-11
2,-13,4,1,2,-13
-11,0,0,3,-11,0
1,10,6,5,11,10
2,-11,2,8,1,-333
2,2,4,4,2,2
-13,11,1,6,-13,11
1,1,4,2,2,1
0,1,3,2,0,1
0,11,3,5,0,10
1,11,2,5,1,10
2,1,4,2,2,1
-11,10,0,5,-11,10
1,-13,2,1,1,-13
-11,0,0,3,-11,0
10,1,5,2,10,1
-11,1,0,2,-11,1
-11,-13,0,1,-11,-13
0,0,3,4,0,2
1,-13,2,3,1,0
10,-13,6,1,11,-13
-11,2,0,2,-11,1
1,-11,2,0,1,-11
2,1,5,2,10,1
-11,11,0,5,-11,10
1,2,3,6,0,11
2,1,4,2,2,1
1,-11,2,0,1,-11
1,0,2,3,1,0
-11,-13,2,1,1,-13
-13,1,1,2,-13,1
11,10,6,5,11,10
1,1,2,2,1,1
-13,10,1,5,-13,10
1,10,2,6,1,11
1,0,2,3,1,0
1,10,2,5,1,10
10,2,5,4,10,2
1,2,2,4,1,2
-13,1,5,2,10,1
1,-11,2,2,1,1
1,2,2,2,1,1
-13,-13,1,1,-13,-13
1,2,2,5,1,10
3,0,4,3,2,0
11,-11,6,3,11,0
-11,0,0,5,-11,10
1,1,2,2,1,1
-11,0,0,3,-11,0
10,-11,5,0,10,-11
-13,-11,1,0,-13,-11
10,1,5,2,10,1
0,1,3,2,0,1
-13,-11,1,1,-13,-13
0,0,3,3,0,0
-11,10,0,5,-11,10
-13,1,1,2,-13,1
1,1,2,2,1,1
11,2,6,4,11,2
1,-11,2,0,1,-11
2,1,4,3,2,0
-13,1,1,2,-13,1
1,2,2,4,1,2
-13,10,1,5,-13,10
2,1,2,2,1,1
0,-11,3,0,0,-11
11,2,6,4,11,2
1,0,2,2,1,1
0,1,3,2,0,1
0,-13,3,1,0,-13
-13,-11,1,0,-13,-11
-11,-13,2,1,1,-13
-13,-11,1,0,-13,-11
4,-11,4,0,2,-11
-13,1,1,2,-13,1
3,2,4,6,2,11
10,11,6,6,11,11
11,0,6,6,11,11
0,0,3,3,0,0
-11,-11,0,0,-11,-11
10,-11,5,0,10,-11
-13,11,3,6,0,11
1,1,4,2,2,1
11,11,5,5,10,10
10,0,5,2,10,1
10,0,5,3,10,0
1,1,2,2,1,1
0,1,3,2,0,1
-13,-13,1,1,-13,-13
11,2,6,4,11,2
-11,-13,0,1,-11,-13
-11,-13,0,1,-11,-13
1,2,2,2,1,1
11,0,6,5,11,10
-13,-11,1,2,-13,1
0,-13,3,1,0,-13
11,2,6,2,11,1
-11,1,0,2,-11,1
1,1,2,2,1,1
0,-13,2,1,1,-13
-13,3,1,4,-13,2
1,-11,2,0,1,-11
2,0,4,3,2,0
2,1,4,5,2,10
1,0,4,3,2,0
2,1,4,2,2,1
2,-11,4,0,2,-11
-11,-13,0,1,-11,-13
-11,2,0,4,-11,2
1,1,2,2,1,1
2,-13,4,1,2,-13
-13,-13,1,1,-13,-13
11,1,6,2,11,1
-11,-13,0,1,-11,-13
11,11,5,5,10,10
-11,1,2,5,1,10
-13,10,1,6,-13,11
10,0,5,2,10,1
0,1,0,2,-11,1
10,2,5,2,10,1
10,-11,6,0,11,-11
2,0,4,3,2,0
1,1,2,2,1,1
1,1,2,2,1,1
11,-11,4,0,2,-11
2,2,2,4,1,2
2,-13,8,1,-333,-13
1,-11,2,0,1,-11
0,-11,3,0,0,-11
0,-11,3,0,0,-11
1,11,2,6,1,11
1,1,4,2,2,1
0,-13,3,1,0,-13
0,-11,3,0,0,-11
0,-13,3,1,0,-13
-11,0,0,3,-11,0
1,11,2,6,1,11
0,1,3,2,0,1
-11,-13,3,2,0,1
0,1,3,2,0,1
0,-13,0,1,-11,-13
0,1,3,2,0,1
1,-13,2,1,1,-13
11,12,6,5,11,10
1,0,2,3,1,0
0,-11,3,0,0,-11
-13,1,1,2,-13,1
-11,3,0,4,-11,2
10,-13,5,0,10,-11
-13,2,1,4,-13,2
10,1,6,2,11,1
1,10,2,5,1,10
-13,-11,1,0,-13,-11
11,-13,6,1,11,-13
2,-13,4,1,2,-13
10,0,5,3,10,0
1,11,2,6,1,11
10,1,5,2,10,1
-11,-13,0,1,-11,-13
2,2,4,4,2,2
11,1,5,2,10,1
2,1,2,2,1,1
1,2,2,4,1,2
11,-11,6,0,11,-11
1,2,2,2,1,1
2,1,4,2,2,1
-11,-13,0,1,-11,-13
4,10,4,5,2,10
1,10,2,5,1,10
0,1,3,2,0,1
-13,1,1,2,-13,1
-11,1,0,6,-11,11
1,1,2,2,1,1
1,0,8,3,-333,0
-11,-13,0,1,-11,-13
0,2,5,2,10,1
1,1,4,2,2,1
10,11,5,5,10,10
11,0,2,0,1,-11
11,2,5,2,10,1
1,-11,2,0,1,-11
0,-13,3,1,0,-13
1,3,2,4,1,2
2,10,2,5,1,10
1,2,2,4,1,2
-13,-11,1,2,-13,1
1,-11,2,0,1,-11
-11,11,0,5,-11,10
10,1,6,2,11,1
10,0,5,2,10,1
12,-11,6,0,11,-11
1,-13,4,1,2,-13
2,1,4,2,2,1
10,2,5,4,10,2
1,-13,2,1,1,-13
0,-11,3,0,0,-11
-13,10,1,5,-13,10
1,-11,2,0,1,-11
0,0,5,6,10,11
0,-13,0,1,-11,-13
-13,-13,1,2,-13,1
10,1,5,2,10,1
1,1,2,2,1,1
10,0,5,3,10,0
1,2,2,2,1,1
-13,0,1,3,-13,0
-13,2,1,2,-13,1
-13,2,1,2,-13,1
2,1,2,2,1,1
-13,1,1,4,-13,2
-13,-11,1,0,-13,-11
-11,-11,0,0,-11,-11
0,-11,3,0,0,-11
-13,1,1,3,-13,0
-11,1,0,2,-11,1
1,0,2,3,1,0
3,2,6,2,11,1
2,11,2,6,1,11
-13,2,1,2,-13,1
-13,1,1,2,-13,1
0,0,3,2,0,1
0,-13,3,1,0,-13
2,-13,2,1,1,-13
-11,1,0,2,-11,1
11,0,6,3,11,0
2,0,4,1,2,-13
1,-11,2,0,1,-11
0,2,3,4,0,2
2,10,8,6,-333,11
1,-13,6,1,11,-13
0,-13,2,1,1,-13
-11,2,0,4,-11,2
1,-13,2,1,1,-13
-13,-13,1,1,-13,-13
10,-11,5,0,10,-11
1,-11,2,0,1,-11
-13,2,1,4,-13,2
10,1,5,2,10,1
-11,0,0,3,-11,0
10,10,5,5,10,10
1,10,2,5,1,10
1,0,2,3,1,0
-13,1,1,2,-13,1
10,-11,5,8,10,-333
-13,-13,1,1,-13,-13
1,12,2,4,1,2
2,-11,2,0,1,-11
-13,2,1,2,-13,1
10,0,5,1,10,-13
0,1,3,2,0,1
1,-11,2,0,1,-11
1,0,2,3,1,0
2,1,3,5,0,10
1,2,2,4,1,2
-11,0,0,3,-11,0
-11,1,2,0,1,-11
-11,0,0,3,-11,0
1,3,2,6,1,11
-11,1,0,2,-11,1
-11,-11,0,0,-11,-11
0,0,0,3,-11,0
2,-13,6,1,11,-13
-11,-13,7,1,-222,-13
0,0,3,3,0,0
10,1,5,2,10,1
-11,0,0,3,-11,0
1,0,2,3,1,0
1,0,2,8,1,-333
1,-11,2,0,1,-11
-13,-13,1,1,-13,-13
-13,-13,1,1,-13,-13
-11,1,0,2,-11,1
-11,-11,2,0,1,-11
-13,0,1,3,-13,0
2,10,4,5,2,10
-11,-11,0,0,-11,-11
0,-11,3,0,0,-11
0,0,2,3,1,0
1,1,2,2,1,1
2,-13,6,1,11,-13
11,2,6,4,11,2
1,11,2,6,1,11
-11,2,0,4,-11,2
10,-11,5,2,10,1
-11,0,0,2,-11,1
11,-11,6,0,11,-11
0,-13,3,1,0,-13
0,10,3,5,0,10
2,10,4,5,2,10
10,-11,6,0,11,-11
2,-13,4,1,2,-13
1,2,2,4,1,2
1,1,2,2,1,1
-11,1,0,2,-11,1
-11,-11,0,2,-11,1
-11,1,0,2,-11,1
-13,-11,1,0,-13,-11
0,-13,3,1,0,-13
11,0,5,2,10,1
-13,10,1,5,-13,10
1,1,3,2,0,1
-11,-13,0,1,-11,-13
-13,2,1,4,-13,2
2,-13,4,1,2,-13
-13,-11,1,0,-13,-11
-13,3,1,4,-13,2
-13,0,1,2,-13,1
3,1,6,2,11,1
0,0,3,3,0,0
10,1,5,2,10,1
10,11,5,2,10,1
-13,11,1,6,-13,11
-11,11,0,6,-11,11
0,-13,3,1,0,-13
0,10,3,6,0,11
-11,-13,0,1,-11,-13
1,10,2,5,1,10
-13,-11,1,0,-13,-11
-11,0,0,1,-11,-13
-13,3,1,6,-13,11
-13,1,1,2,-13,1
-11,11,0,5,-11,10
3,2,6,2,11,1
-11,-13,0,1,-11,-13
-13,-13,1,1,-13,-13
10,-13,5,1,10,-13
2,-13,2,2,1,1
0,1,1,2,-13,1
-13,-13,1,1,-13,-13
10,-13,6,1,11,-13
1,0,2,3,1,0
-11,1,2,2,1,1
11,11,5,6,10,11
1,-13,2,1,1,-13
10,1,5,2,10,1
0,10,3,5,0,10
0,11,2,5,1,10
-11,2,0,4,-11,2
10,2,6,2,11,1
0,-13,3,1,0,-13
-13,-11,1,3,-13,0
-13,2,1,4,-13,2
-13,2,1,4,-13,2
0,11,3,5,0,10
2,1,2,2,1,1
10,-13,6,1,11,-13
-13,-13,1,1,-13,-13
2,-11,2,0,1,-11
-13,1,2,4,1,2
-11,-11,8,0,-333,-11
0,11,3,6,0,11
-13,0,1,3,-13,0
1,1,2,2,1,1
10,-11,5,0,10,-11
10,-13,6,0,11,-11
2,-11,6,0,11,-11
0,-13,3,1,0,-13
2,1,4,2,2,1
1,-11,4,0,2,-11
-13,-11,1,0,-13,-11
1,-13,2,1,1,-13
-13,0,1,3,-13,0
0,1,3,2,0,1
11,0,6,3,11,0
1,1,2,5,1,10
1,-13,2,1,1,-13
1,2,2,4,1,2
1,-13,2,1,1,-13
-13,-13,1,1,-13,-13
0,0,6,3,11,0
-13,0,1,3,-13,0
-13,1,1,2,-13,1
1,2,2,6,1,11
10,1,5,2,10,1
-13,-11,1,0,-13,-11
1,1,2,2,1,1
1,2,2,2,1,1
1,0,2,2,1,1
-13,-13,2,1,1,-13
-11,0,0,2,-11,1
-11,-11,0,0,-11,-11
-11,-13,0,1,-11,-13
-11,1,0,2,-11,1
-11,10,0,5,-11,10
-11,3,0,4,-11,2
10,1,5,2,10,1
0,-11,1,8,-13,-333
1,-11,2,0,1,-11
-11,11,0,5,-11,10
10,2,6,4,11,2
10,-13,5,1,10,-13
10,0,6,2,11,1
-11,1,0,2,-11,1
10,-13,6,1,11,-13
-13,1,1,2,-13,1
0,1,3,2,0,1
-11,1,0,2,-11,1
-13,0,1,3,-13,0
10,10,5,5,10,10
1,1,2,2,1,1
-13,0,1,3,-13,0
1,10,6,6,11,11
10,1,5,2,10,1
1,-11,2,0,1,-11
0,1,3,4,0,2
-11,2,0,4,-11,2
1,1,2,2,1,1
11,1,5,2,10,1
10,2,5,6,10,11
-11,-13,0,1,-11,-13
2,-11,2,0,1,-11
-13,0,1,2,-13,1
1,-11,2,2,1,1
-11,1,0,2,-11,1
-13,1,1,2,-13,1
-13,1,1,2,-13,1
1,10,2,6,1,11
-13,2,2,2,1,1
0,-13,3,1,0,-13
0,-13,3,1,0,-13
0,1,3,2,0,1
1,-13,2,1,1,-13
-13,-11,1,2,-13,1
1,1,2,2,1,1
-13,-13,1,1,-13,-13
1,-11,2,0,1,-11
2,-13,2,1,1,-13
11,-13,6,1,11,-13
1,-13,2,1,1,-13
2,11,4,6,2,11
1,11,2,5,1,10
1,-13,2,2,1,1
11,1,5,2,10,1
1,-11,2,0,1,-11
-11,0,0,2,-11,1
0,2,3,4,0,2
2,10,2,5,1,10
-11,-11,0,0,-11,-11
11,1,6,2,11,1
0,0,2,6,1,11
4,-11,2,0,1,-11
-11,0,0,3,-11,0
-13,1,1,2,-13,1
1,1,2,6,1,11
1,-11,2,0,1,-11
11,-13,5,1,10,-13
1,1,2,2,1,1
-11,-13,0,1,-11,-13
-13,-13,1,1,-13,-13
2,2,2,2,1,1
-13,10,1,5,-13,10
2,0,2,4,1,2
-13,2,1,4,-13,2
-11,1,0,2,-11,1
1,-13,2,1,1,-13
-13,10,1,5,-13,10
1,-13,2,1,1,-13
-11,11,0,6,-11,11
2,-11,6,0,11,-11
11,0,6,2,11,1
0,1,2,2,1,1
0,-13,3,1,0,-13
1,1,2,6,1,11
-13,2,1,4,-13,2
11,1,6,2,11,1
2,2,4,4,2,2
0,-13,3,1,0,-13
-13,1,1,2,-13,1
1,-11,2,0,1,-11
1,0,2,3,1,0
1,-13,2,2,1,1
10,-11,5,0,10,-11
-11,1,0,2,-11,1
1,-11,2,0,1,-11
-11,-13,0,1,-11,-13
0,2,3,4,0,2
3,1,4,2,2,1
10,10,5,5,10,10
-13,1,1,2,-13,1
1,0,3,3,0,0
-13,0,1,5,-13,10
-11,10,2,5,1,10
1,1,2,2,1,1
0,10,3,5,0,10
1,0,2,3,1,0
1,-11,2,0,1,-11
-11,1,0,2,-11,1
1,2,5,4,10,2
-11,1,0,2,-11,1
0,-13,5,1,10,-13
1,-13,2,1,1,-13
10,-13,5,1,10,-13
0,1,3,2,0,1
1,-13,2,1,1,-13
2,1,4,2,2,1
-13,-13,8,1,-333,-13
1,12,2,6,1,11
-11,10,0,5,-11,10
-11,1,0,2,-11,1
0,-13,3,1,0,-13
1,-11,2,0,1,-11
-11,-11,2,8,1,-333
2,10,4,6,2,11
1,1,2,2,1,1
0,1,3,2,0,1
-11,0,0,3,-11,0
1,0,2,2,1,1
1,2,2,2,1,1
11,-13,6,1,11,-13
1,-13,4,1,2,-13
1,-13,2,1,1,-13
-11,0,0,2,-11,1
-11,10,0,5,-11,10
2,-13,2,1,1,-13
1,2,2,2,1,1
10,-11,6,0,11,-11
1,-13,2,1,1,-13
10,1,5,2,10,1
3,1,6,0,11,-11
10,1,5,2,10,1
-13,10,1,5,-13,10
2,1,6,4,11,2
1,1,2,4,1,2
11,-11,6,0,11,-11
0,11,3,6,0,11
-13,-13,8,1,-333,-13
11,-13,6,1,11,-13
1,-11,2,0,1,-11
1,-11,2,8,1,-333
-11,-11,1,0,-13,-11
0,-11,3,3,0,0
3,11,4,6,2,11
1,1,2,2,1,1
1,1,2,2,1,1
1,0,3,3,0,0
11,-13,5,1,10,-13
-11,-11,2,0,1,-11
-13,0,1,3,-13,0
2,1,2,6,1,11
-11,2,0,4,-11,2
-13,-11,1,0,-13,-11
11,1,6,2,11,1
1,-11,6,0,11,-11
1,3,2,6,1,11
10,1,5,2,10,1
-11,11,0,6,-11,11
11,1,6,2,11,1
11,1,6,2,11,1
1,-13,6,1,11,-13
-13,11,1,6,-13,11
11,-11,6,0,11,-11
1,-11,2,0,1,-11
-13,1,1,2,-13,1
-13,2,1,4,-13,2
-13,1,1,2,-13,1
2,-11,6,0,11,-11
0,10,2,5,1,10
1,0,2,2,1,1
11,11,6,6,11,11
1,2,2,2,1,1
-11,1,0,6,-11,11
1,-13,2,1,1,-13
1,0,2,3,1,0
-11,-11,0,0,-11,-11
10,-11,5,0,10,-11
1,0,2,3,1,0
2,11,6,4,11,2
-13,0,1,3,-13,0
10,-13,5,1,10,-13
2,0,4,3,2,0
1,1,2,2,1,1
1,1,2,2,1,1
2,2,2,4,1,2
-11,0,0,3,-11,0
-11,-11,0,0,-11,-11
1,2,2,2,1,1
-13,2,1,4,-13,2
1,10,2,5,1,10
1,0,2,3,1,0
-13,1,1,4,-13,2
2,-13,4,1,2,-13
1,0,2,0,1,-11
10,0,5,3,10,0
0,-11,3,0,0,-11
-13,1,1,2,-13,1
11,1,6,6,11,11
0,-13,3,1,0,-13
1,10,2,5,1,10
2,1,4,2,2,1
11,-13,2,1,1,-13
1,1,2,2,1,1
1,2,4,2,2,1
2,-11,4,1,2,-13
0,-13,3,1,0,-13
1,0,2,1,1,-13
-13,-13,1,1,-13,-13
1,-11,5,1,10,-13
-11,-13,0,1,-11,-13
1,1,6,2,11,1
-11,1,0,2,-11,1
-13,-13,1,1,-13,-13
1,11,2,6,1,11
-11,-11,8,0,-333,-11
10,2,2,2,1,1
1,10,2,5,1,10
1,2,5,2,10,1
1,-11,2,0,1,-11
10,0,5,3,10,0
1,1,2,2,1,1
1,2,4,4,2,2
1,-11,2,0,1,-11
0,-13,5,1,10,-13
-11,2,0,4,-11,2
-11,-13,0,1,-11,-13
-13,-11,1,0,-13,-11
0,-11,3,0,0,-11
-11,-13,0,1,-11,-13
-13,-11,1,0,-13,-11
1,10,2,5,1,10
2,1,4,2,2,1
1,2,2,4,1,2
10,1,5,2,10,1
1,1,2,2,1,1
-11,1,0,2,-11,1
1,10,6,5,11,10
11,1,6,2,11,1
-11,-11,0,8,-11,-333
1,1,2,2,1,1
-13,11,1,6,-13,11
11,2,6,4,11,2
1,-11,2,0,1,-11
1,-13,2,1,1,-13
-11,-11,0,0,-11,-11
-13,1,2,5,1,10
10,1,5,2,10,1
-13,1,1,6,-13,11
1,2,4,2,2,1
1,-13,4,1,2,-13
0,2,3,4,0,2
0,-11,3,0,0,-11
-13,-11,1,0,-13,-11
1,-11,2,0,1,-11
1,-13,2,1,1,-13
-11,-13,0,1,-11,-13
-13,-11,1,0,-13,-11
1,-13,2,1,1,-13
-13,1,2,2,1,1
-11,-11,0,0,-11,-11
-13,-11,3,2,0,1
1,0,2,3,1,0
-11,-13,0,1,-11,-13
-13,-11,1,0,-13,-11
1,3,2,4,1,2
-13,-13,1,0,-13,-11
1,11,2,6,1,11
1,-13,0,1,-11,-13
1,1,6,2,11,1
1,0,6,3,11,0
0,1,3,2,0,1
-13,1,1,2,-13,1
-13,-11,1,0,-13,-11
1,-11,2,0,1,-11
2,-13,2,1,1,-13
2,-13,4,1,2,-13
-11,0,0,2,-11,1
1,-13,4,1,2,-13
1,0,2,3,1,0
0,-13,3,1,0,-13
-11,1,2,6,1,11
-13,1,1,2,-13,1
-13,10,1,6,-13,11
-13,0,1,6,-13,11
10,10,5,5,10,10
-11,1,0,2,-11,1
-11,-11,0,1,-11,-13
-13,-11,1,8,-13,-333
-13,11,1,6,-13,11
0,1,3,2,0,1
1,1,6,2,11,1
-11,10,2,5,1,10
1,1,2,2,1,1
-11,3,0,4,-11,2
2,-11,2,0,1,-11
-13,1,2,2,1,1
-13,3,1,4,-13,2
1,1,2,2,1,1
10,-11,5,0,10,-11
-11,-11,0,0,-11,-11
10,1,5,2,10,1
-13,-11,1,0,-13,-11
11,1,6,2,11,1
11,1,6,2,11,1
-11,1,2,2,1,1
2,1,4,2,2,1
2,0,6,3,11,0
-11,2,0,4,-11,2
4,2,4,6,2,11
0,-13,3,1,0,-13
1,-13,5,1,10,-13
-11,1,1,2,-13,1
-13,1,1,2,-13,1
-13,1,1,2,-13,1
0,1,3,2,0,1
1,0,2,3,1,0
1,2,2,2,1,1
2,1,4,2,2,1
10,2,5,2,10,1
1,-11,2,0,1,-11
11,0,6,3,11,0
-11,-11,0,2,-11,1
-13,2,1,4,-13,2
1,-13,2,1,1,-13
0,10,3,5,0,10
-11,0,0,3,-11,0
10,-11,5,0,10,-11
1,1,2,2,1,1
10,1,5,5,10,10
-13,-11,1,0,-13,-11
0,0,3,3,0,0
-13,-11,1,0,-13,-11
-13,-13,1,1,-13,-13
11,1,6,2,11,1
11,1,6,2,11,1
10,-13,5,1,10,-13
0,10,3,5,0,10
10,2,5,2,10,1
2,1,4,2,2,1
2,11,2,6,1,11
1,1,2,2,1,1
-11,-11,0,0,-11,-11
11,0,5,3,10,0
1,-13,2,1,1,-13
0,10,3,5,0,10
-13,1,1,2,-13,1
2,2,2,4,1,2
1,-13,0,1,-11,-13
-11,1,0,2,-11,1
1,1,2,2,1,1
1,-11,4,0,2,-11
-13,0,1,3,-13,0
0,0,3,5,0,10
10,1,5,6,10,11
0,-11,3,2,0,1
-11,0,0,2,-11,1
-13,1,1,2,-13,1
0,1,3,2,0,1
0,1,3,2,0,1
-13,0,1,6,-13,11
0,-13,3,1,0,-13
-13,-13,1,1,-13,-13
-11,1,0,2,-11,1
2,2,4,2,2,1
1,11,2,6,1,11
1,0,2,2,1,1
-11,-13,0,1,-11,-13
-11,0,0,3,-11,0
-13,-11,1,0,-13,-11
1,1,2,2,1,1
1,1,2,2,1,1
-13,0,1,3,-13,0
-11,1,0,2,-11,1
-11,1,0,6,-11,11
2,1,4,2,2,1
2,2,4,6,2,11
11,1,6,2,11,1
0,1,1,6,-13,11
2,2,2,4,1,2
-11,-13,0,1,-11,-13
2,-11,2,0,1,-11
0,-11,3,0,0,-11
0,10,3,5,0,10
-11,0,0,6,-11,11
-13,-11,1,0,-13,-11
1,-13,2,1,1,-13
10,-11,5,0,10,-11
-13,-13,1,1,-13,-13
-13,-13,1,1,-13,-13
0,0,3,3,0,0
1,11,2,6,1,11
1,-13,8,1,-333,-13
-11,1,1,7,-13,-222
1,1,2,4,1,2
0,1,1,6,-13,11
-13,0,1,3,-13,0
10,-13,6,1,11,-13
2,1,2,2,1,1
1,10,4,5,2,10
1,-11,2,0,1,-11
10,-11,5,0,10,-11
-11,-11,0,0,-11,-11
-13,0,1,3,-13,0
-11,-13,0,1,-11,-13
11,10,5,5,10,10
-13,-13,1,1,-13,-13
1,1,4,2,2,1
0,-11,3,0,0,-11
1,11,7,6,-222,11
2,-13,4,8,2,-333
2,-13,2,1,1,-13
1,1,2,4,1,2
0,-13,3,1,0,-13
-13,-13,1,1,-13,-13
10,-13,5,1,10,-13
1,0,4,3,2,0
-13,1,1,2,-13,1
1,-11,2,0,1,-11
2,1,5,2,10,1
1,-13,2,2,1,1
-11,2,2,4,1,2
1,-11,6,0,11,-11
-13,1,1,2,-13,1
1,1,8,5,-333,10
1,1,8,2,-333,1
1,-13,2,1,1,-13
10,1,5,2,10,1
1,1,2,3,1,0
1,1,2,2,1,1
-13,1,1,2,-13,1
10,1,5,2,10,1
1,0,2,3,1,0
1,2,4,2,2,1
1,-11,2,0,1,-11
-11,1,0,2,-11,1
11,11,6,6,11,11
3,1,4,2,2,1
11,11,2,2,1,1
-11,2,0,2,-11,1
0,1,3,2,0,1
2,2,4,4,2,2
-13,-11,1,0,-13,-11
1,1,2,8,1,-333
-13,-13,1,1,-13,-13
2,1,0,3,-11,0
2,-13,4,1,2,-13
1,1,2,2,1,1
-11,11,0,6,-11,11
-11,-11,0,0,-11,-11
2,-11,2,0,1,-11
-11,-11,0,0,-11,-11
1,-13,2,1,1,-13
1,2,2,4,1,2
-11,0,0,3,-11,0
-13,1,1,4,-13,2
1,-13,3,1,0,-13
-11,10,0,5,-11,10
10,0,5,3,10,0
-13,-13,8,1,-333,-13
-11,2,0,2,-11,1
10,-11,6,0,11,-11
-11,-11,0,0,-11,-11
-11,0,0,2,-11,1
0,1,2,2,1,1
-11,2,0,2,-11,1
-11,-11,0,0,-11,-11
0,3,3,6,0,11
1,1,2,8,1,-333
1,2,2,4,1,2
-11,1,0,2,-11,1
10,1,6,2,11,1
0,-11,3,0,0,-11
1,0,2,3,1,0
12,-11,6,0,11,-11
-13,-13,8,1,-333,-13
-13,10,1,5,-13,10
11,-13,6,1,11,-13
-13,1,1,2,-13,1
-13,-13,1,1,-13,-13
2,-11,4,0,2,-11
1,1,2,4,1,2
1,2,2,0,1,-11
2,2,2,4,1,2
-13,1,1,3,-13,0
1,0,2,3,1,0
-11,1,0,4,-11,2
-11,0,0,0,-11,-11
0,2,3,2,0,1
1,-13,2,1,1,-13
-11,-13,0,1,-11,-13
1,-11,2,0,1,-11
10,-13,5,3,10,0
1,1,2,6,1,11
2,0,2,2,1,1
1,-11,2,0,1,-11
2,4,4,4,2,2
1,-11,2,0,1,-11
-13,1,1,2,-13,1
0,1,4,2,2,1
-11,1,0,2,-11,1
-13,1,1,2,-13,1
-13,-11,1,0,-13,-11
2,1,2,2,1,1
-13,-13,1,1,-13,-13
2,2,6,2,11,1
1,1,2,4,1,2
2,1,4,2,2,1
-13,-13,1,1,-13,-13
0,3,3,6,0,11
1,-11,2,0,1,-11
-11,-13,0,1,-11,-13
-11,-13,0,1,-11,-13
-11,0,0,3,-11,0
-13,3,1,4,-13,2
0,1,3,2,0,1
10,11,6,6,11,11
-13,-13,1,1,-13,-13
1,1,2,2,1,1
1,0,4,3,2,0
-11,-11,0,0,-11,-11
1,1,4,2,2,1
0,-11,3,0,0,-11
1,-11,2,0,1,-11
-13,10,1,5,-13,10
1,1,2,2,1,1
2,2,6,2,11,1
1,10,2,5,1,10
1,1,2,6,1,11
-13,0,1,3,-13,0
0,-13,2,1,1,-13
10,-11,5,8,10,-333
0,1,3,4,0,2
1,1,0,2,-11,1
10,1,5,2,10,1
2,-13,2,1,1,-13
2,1,4,2,2,1
1,2,2,2,1,1
-13,10,1,6,-13,11
1,-11,4,0,2,-11
-13,1,1,2,-13,1
-13,10,1,5,-13,10
1,1,2,2,1,1
1,11,2,6,1,11
1,-11,2,0,1,-11
1,1,2,2,1,1
10,-13,5,1,10,-13
1,-13,2,1,1,-13
2,-13,2,1,1,-13
1,-11,2,0,1,-11
2,-13,2,1,1,-13
0,1,0,2,-11,1
1,-11,2,0,1,-11
10,10,6,5,11,10
10,-13,5,1,10,-13
1,-11,2,0,1,-11
10,-11,5,0,10,-11
-11,10,0,5,-11,10
-13,1,1,2,-13,1
-11,11,0,6,-11,11
11,-13,5,1,10,-13
10,1,6,2,11,1
-11,1,0,2,-11,1
-11,10,0,5,-11,10
2,-11,4,0,2,-11
10,0,5,3,10,0
-11,-11,0,0,-11,-11
-13,1,1,4,-13,2
10,11,5,6,10,11
1,1,6,2,11,1
1,-13,3,1,0,-13
1,-11,2,2,1,1
10,-13,5,1,10,-13
1,1,2,2,1,1
-13,-11,1,0,-13,-11
2,0,2,3,1,0
2,1,4,5,2,10
10,-13,5,1,10,-13
1,1,2,2,1,1
-11,10,0,7,-11,-222
1,10,6,6,11,11
2,0,2,3,1,0
2,1,4,2,2,1
-11,0,0,3,-11,0
2,0,6,0,11,-11
-11,1,0,2,-11,1
2,0,4,3,2,0
11,0,4,6,2,11
1,-13,2,1,1,-13
10,0,5,3,10,0
1,1,2,2,1,1
0,-13,3,1,0,-13
-11,-11,0,0,-11,-11
11,0,6,1,11,-13
-13,-11,0,2,-11,1
1,-13,2,1,1,-13
-13,-11,1,0,-13,-11
1,-11,2,0,1,-11
-11,0,2,2,1,1
-11,1,1,2,-13,1
-11,1,0,2,-11,1
2,1,6,2,11,1
10,-11,5,0,10,-11
10,1,5,2,10,1
-11,1,0,2,-11,1
0,-11,3,0,0,-11
-11,-13,0,1,-11,-13
1,10,2,5,1,10
10,0,5,3,10,0
0,-13,3,1,0,-13
2,0,4,3,2,0
1,11,2,5,1,10
1,1,2,2,1,1
1,-11,2,2,1,1
-13,1,1,2,-13,1
-13,-11,1,0,-13,-11
10,-13,5,2,10,1
1,-13,2,2,1,1
-11,-11,8,3,-333,0
10,-13,6,8,11,-333
-11,1,0,2,-11,1
1,10,2,5,1,10
-13,1,1,2,-13,1
-13,1,1,2,-13,1
-11,0,1,3,-13,0
-11,-11,0,0,-11,-11
1,2,2,2,1,1
1,1,4,8,2,-333
1,-13,4,1,2,-13
0,-13,3,1,0,-13
-11,0,0,3,-11,0
0,-11,3,0,0,-11
-13,-13,1,1,-13,-13
10,-11,5,0,10,-11
1,-11,2,0,1,-11
1,1,2,2,1,1
1,0,2,3,1,0
-13,-11,1,0,-13,-11
11,10,5,5,10,10
0,2,3,4,0,2
2,-11,4,0,2,-11
-11,-11,0,0,-11,-11
2,11,2,5,1,10
-11,-11,0,0,-11,-11
-13,11,1,6,-13,11
1,-11,0,7,-11,-222
1,1,2,2,1,1
-11,11,0,5,-11,10
1,-11,2,0,1,-11
-13,-13,1,3,-13,0
1,0,2,3,1,0
1,1,2,2,1,1
-13,-11,1,0,-13,-11
-11,-13,2,3,1,0
2,-13,2,1,1,-13
10,10,5,5,10,10
-13,-13,1,8,-13,-333
-11,11,0,5,-11,10
-11,1,2,5,1,10
2,11,4,6,2,11
2,-11,2,0,1,-11
2,0,2,3,1,0
-11,-11,0,0,-11,-11
1,-11,4,0,2,-11
-11,0,0,0,-11,-11
1,1,2,2,1,1
11,2,6,4,11,2
11,11,7,5,-222,10
2,10,4,5,2,10
1,10,2,6,1,11
-13,0,1,3,-13,0
0,10,3,5,0,10
2,-13,4,1,2,-13
-11,-11,0,0,-11,-11
2,-13,4,1,2,-13
0,10,6,5,11,10
1,-11,2,0,1,-11
3,10,6,5,11,10
0,-13,3,1,0,-13
0,-11,0,8,-11,-333
1,1,2,2,1,1
-11,0,0,2,-11,1
-11,11,0,6,-11,11
0,-11,5,0,10,-11
1,1,2,2,1,1
-11,-13,0,1,-11,-13
1,10,6,6,11,11
0,-11,6,0,11,-11
1,1,2,0,1,-11
11,10,5,5,10,10
0,1,3,2,0,1
1,2,2,2,1,1
-13,1,1,2,-13,1
0,1,3,2,0,1
1,10,2,5,1,10
2,10,6,5,11,10
0,-13,3,1,0,-13
-11,-13,0,1,-11,-13
0,-13,3,1,0,-13
-13,-11,1,0,-13,-11
-11,-13,0,1,-11,-13
-13,-11,1,0,-13,-11
10,10,5,5,10,10
-11,2,0,2,-11,1
1,0,5,3,10,0
2,-13,4,1,2,-13
-11,10,0,5,-11,10
2,-13,2,1,1,-13
-11,1,0,2,-11,1
1,1,6,2,11,1
-11,0,0,3,-11,0
-11,1,0,2,-11,1
1,1,2,2,1,1
1,1,2,2,1,1
2,-13,2,1,1,-13
-11,-13,0,1,-11,-13
-13,10,1,6,-13,11
-11,1,0,2,-11,1
2,1,6,2,11,1
2,0,6,3,11,0
-11,10,0,5,-11,10
-13,1,1,2,-13,1
1,1,4,2,2,1
-11,-11,0,0,-11,-11
1,10,2,5,1,10
11,0,5,3,10,0
-11,-11,0,0,-11,-11
-11,1,3,2,0,1
-13,1,1,2,-13,1
0,-11,3,0,0,-11
0,1,3,2,0,1
-11,1,0,2,-11,1
2,10,6,5,11,10
0,1,3,2,0,1
0,2,3,4,0,2
1,11,2,6,1,11
1,1,2,2,1,1
-11,-11,0,0,-11,-11
1,1,2,2,1,1
0,-13,3,1,0,-13
11,-13,5,1,10,-13
1,1,2,2,1,1
2,-13,2,1,1,-13
1,1,2,2,1,1
10,0,5,3,10,0
1,2,5,6,10,11
-11,11,0,4,-11,2
-11,-11,0,0,-11,-11
-13,0,1,3,-13,0
0,-13,5,1,10,-13
1,-11,2,0,1,-11
-13,11,1,6,-13,11
0,-11,3,0,0,-11
-13,-13,1,3,-13,0
2,10,4,6,2,11
-11,0,0,3,-11,0
-13,1,1,2,-13,1
2,0,2,3,1,0
1,-11,2,0,1,-11
1,-13,2,1,1,-13
2,-11,2,0,1,-11
0,10,3,5,0,10
2,1,2,6,1,11
1,0,2,3,1,0
10,-13,5,8,10,-333
3,1,4,2,2,1
2,1,4,2,2,1
1,-13,2,1,1,-13
10,0,6,2,11,1
10,1,6,2,11,1
10,3,6,6,11,11
1,0,2,3,1,0
-11,1,0,2,-11,1
11,0,6,3,11,0
2,-1,2,5,1,10
-13,0,1,3,-13,0
-11,2,0,4,-11,2
0,1,3,2,0,1
0,-13,3,1,0,-13
-13,-13,1,1,-13,-13
-11,10,0,5,-11,10
11,-11,5,0,10,-11
1,-11,2,0,1,-11
1,2,2,4,1,2
11,1,6,2,11,1
10,1,5,3,10,0
2,-13,2,1,1,-13
10,1,5,2,10,1
11,10,5,5,10,10
1,-13,3,1,0,-13
10,1,5,8,10,-333
-13,0,1,3,-13,0
10,2,5,2,10,1
-11,1,0,2,-11,1
10,-11,6,0,11,-11
1,2,2,4,1,2
-13,1,1,2,-13,1
-13,-13,1,1,-13,-13
1,-13,4,1,2,-13
10,-13,5,1,10,-13
-13,0,1,3,-13,0
-11,1,0,2,-11,1
2,-13,2,1,1,-13
2,1,4,2,2,1
1,1,2,2,1,1
10,-13,5,1,10,-13
1,1,2,2,1,1
11,0,6,1,11,-13
-11,11,0,5,-11,10
-13,1,1,2,-13,1
-11,-11,0,0,-11,-11
-11,0,0,3,-11,0
1,11,4,6,2,11
10,-11,5,0,10,-11
-11,-13,0,3,-11,0
-11,2,0,2,-11,1
-13,1,1,2,-13,1
-13,1,1,2,-13,1
0,-11,3,0,0,-11
-13,1,1,2,-13,1
0,-13,5,1,10,-13
1,10,4,5,2,10
1,-11,2,0,1,-11
1,-11,2,0,1,-11
10,-13,5,1,10,-13
-11,11,0,6,-11,11
1,-13,5,1,10,-13
-11,2,0,4,-11,2
-13,1,1,2,-13,1
-11,1,0,2,-11,1
-13,1,1,2,-13,1
-13,-11,1,0,-13,-11
10,2,5,4,10,2
1,11,2,5,1,10
11,0,6,3,11,0
10,-11,5,0,10,-11
2,1,4,2,2,1
-11,-11,0,0,-11,-11
10,-11,5,8,10,-333
2,1,2,2,1,1
-13,2,1,2,-13,1
10,10,5,6,10,11
-13,2,1,2,-13,1
-13,-11,1,0,-13,-11
2,-11,6,0,11,-11
-13,1,1,2,-13,1
10,1,5,2,10,1
-13,-13,1,1,-13,-13
-13,0,1,2,-13,1
-13,-13,1,1,-13,-13
1,-13,2,1,1,-13
1,1,2,2,1,1
10,10,5,5,10,10
0,-11,3,0,0,-11
1,1,2,2,1,1
1,0,3,3,0,0
-11,2,0,4,-11,2
2,1,2,2,1,1
1,-13,4,1,2,-13
1,11,2,5,1,10
-11,1,1,0,-13,-11
10,2,5,2,10,1
1,0,2,5,1,10
10,1,5,4,10,2
-11,1,3,3,0,0
-11,-13,0,1,-11,-13
0,11,3,5,0,10
10,0,5,2,10,1
10,1,5,2,10,1
0,2,3,2,0,1
1,10,2,5,1,10
-13,2,0,4,-11,2
2,1,2,2,1,1
4,0,4,3,2,0
1,11,2,5,1,10
-13,1,1,2,-13,1
-11,-13,1,1,-13,-13
1,0,2,3,1,0
1,1,2,2,1,1
2,0,8,2,-333,1
0,2,3,2,0,1
12,0,6,1,11,-13
-13,10,1,5,-13,10
3,0,6,3,11,0
2,1,2,2,1,1
-11,0,0,2,-11,1
1,-13,4,1,2,-13
10,-13,5,1,10,-13
-11,1,0,2,-11,1
-13,2,1,2,-13,1
-13,1,1,2,-13,1
0,-11,3,0,0,-11
0,1,3,2,0,1
0,10,3,5,0,10
-13,-11,1,0,-13,-11
0,1,3,4,0,2
-13,-11,1,0,-13,-11
-13,-13,1,1,-13,-13
-11,-13,2,1,1,-13
1,-13,2,1,1,-13
1,-11,2,0,1,-11
1,1,2,2,1,1
0,2,3,4,0,2
1,0,4,3,2,0
-11,-13,0,1,-11,-13
1,0,2,3,1,0
11,10,6,5,11,10
-11,1,0,3,-11,0
0,0,5,3,10,0
0,10,3,6,0,11
2,1,2,2,1,1
-11,-11,0,0,-11,-11
-11,1,2,2,1,1
-13,-11,1,0,-13,-11
0,10,3,5,0,10
2,1,5,2,10,1
-11,1,0,2,-11,1
2,-13,5,1,10,-13
-13,10,1,5,-13,10
10,0,5,3,10,0
-11,-11,0,0,-11,-11
1,-11,2,0,1,-11
-13,0,1,3,-13,0
0,10,3,5,0,10
10,1,5,2,10,1
0,1,3,2,0,1
-11,11,0,5,-11,10
1,10,2,5,1,10
-11,0,0,3,-11,0
-11,1,0,2,-11,1
-11,11,0,5,-11,10
1,10,2,5,1,10
-11,-13,0,1,-11,-13
3,10,4,5,2,10
10,0,5,3,10,0
-11,1,0,2,-11,1
-13,1,1,2,-13,1
-13,-13,1,1,-13,-13
-13,-11,1,0,-13,-11
0,2,2,4,1,2
1,10,3,5,0,10
1,1,6,2,11,1
1,11,2,6,1,11
-11,-13,0,1,-11,-13
10,1,5,2,10,1
-11,1,1,2,-13,1
10,1,5,2,10,1
10,1,5,4,10,2
-13,-11,1,0,-13,-11
0,0,3,2,0,1
0,1,3,2,0,1
-11,1,0,2,-11,1
-11,-13,0,1,-11,-13
0,3,3,4,0,2
-11,2,0,4,-11,2
1,1,2,6,1,11
-13,-13,1,1,-13,-13
-13,2,1,4,-13,2
-13,1,1,2,-13,1
2,0,6,3,11,0
10,-13,5,1,10,-13
0,0,4,3,2,0
1,12,2,6,1,11
1,0,2,3,1,0
1,0,2,3,1,0
0,0,5,6,10,11
10,2,5,4,10,2
2,-13,2,1,1,-13
-11,0,0,5,-11,10
0,-11,3,0,0,-11
0,-11,3,0,0,-11
0,2,3,2,0,1
0,0,3,3,0,0
1,-11,3,0,0,-11
1,-11,2,0,1,-11
-11,-13,0,1,-11,-13
-11,0,8,3,-333,0
1,10,2,5,1,10
1,1,2,2,1,1
-13,-13,1,1,-13,-13
-13,1,1,2,-13,1
-11,-13,0,1,-11,-13
-13,2,1,4,-13,2
0,-11,3,0,0,-11
0,2,2,2,1,1
1,2,2,4,1,2
-11,-13,0,1,-11,-13
-13,-13,1,1,-13,-13
11,-11,6,0,11,-11
10,1,5,0,10,-11
0,-11,3,0,0,-11
10,-13,6,1,11,-13
2,-11,4,0,2,-11
-11,1,0,2,-11,1
1,1,2,2,1,1
0,-11,3,0,0,-11
-13,10,1,5,-13,10
-13,0,1,3,-13,0
-13,2,2,4,1,2
10,0,5,3,10,0
11,11,6,6,11,11
11,0,5,3,10,0
2,-11,2,3,1,0
-13,11,1,6,-13,11
-13,-13,1,1,-13,-13
11,-13,5,2,10,1
-11,10,0,5,-11,10
1,2,2,4,1,2
2,1,2,2,1,1
0,1,3,2,0,1
-13,10,1,5,-13,10
10,1,5,2,10,1
1,0,2,0,1,-11
11,-11,6,0,11,-11
-11,0,0,3,-11,0
1,10,3,0,0,-11
1,10,2,5,1,10
-13,-13,2,8,1,-333
1,0,2,2,1,1
3,2,4,4,2,2
1,2,5,2,10,1
10,-11,5,0,10,-11
2,10,2,5,1,10
1,0,2,6,1,11
-13,1,1,4,-13,2
-13,-11,1,3,-13,0
-11,-11,0,0,-11,-11
2,1,4,2,2,1
2,10,2,5,1,10
0,-11,3,0,0,-11
-11,0,0,3,-11,0
0,-13,3,1,0,-13
1,1,2,2,1,1
2,0,2,3,1,0
2,-13,4,1,2,-13
-11,11,0,5,-11,10
-11,-11,0,0,-11,-11
1,-11,2,0,1,-11
1,1,4,2,2,1
-11,0,0,3,-11,0
-13,11,1,5,-13,10
-11,-11,0,0,-11,-11
0,-13,3,1,0,-13
-13,10,1,6,-13,11
0,-13,3,1,0,-13
0,-13,2,1,1,-13
1,0,2,3,1,0
1,1,2,2,1,1
-11,0,0,3,-11,0
1,1,2,2,1,1
1,1,2,2,1,1
10,1,5,2,10,1
-11,-11,0,0,-11,-11
0,-11,3,0,0,-11
-11,-11,0,0,-11,-11
0,1,3,2,0,1
2,2,2,2,1,1
2,1,2,2,1,1
1,0,2,3,1,0
2,1,4,2,2,1
3,-13,2,3,1,0
-13,1,1,0,-13,-11
-11,-11,0,0,-11,-11
0,1,3,2,0,1
-13,11,1,6,-13,11
0,1,2,2,1,1
0,1,3,2,0,1
0,10,5,5,10,10
1,-13,2,1,1,-13
2,1,4,2,2,1
2,-13,4,1,2,-13
-11,2,0,6,-11,11
-13,1,8,2,-333,1
2,10,2,5,1,10
1,0,2,1,1,-13
11,10,6,5,11,10
1,3,2,4,1,2
-13,2,1,2,-13,1
11,-13,6,1,11,-13
-11,-11,0,8,-11,-333
11,1,6,2,11,1
-11,2,8,4,-333,2
11,11,5,5,10,10
1,-11,2,0,1,-11
-11,1,0,4,-11,2
10,-11,5,3,10,0
1,0,2,5,1,10
1,-13,2,1,1,-13
1,-11,2,0,1,-11
1,-11,2,0,1,-11
-13,10,1,5,-13,10
1,-11,2,0,1,-11
-13,11,1,6,-13,11
0,0,2,3,1,0
-11,0,0,5,-11,10
0,-11,3,0,0,-11
10,0,0,6,-11,11
1,1,2,2,1,1
1,-13,2,1,1,-13
-11,10,2,5,1,10
-11,-13,0,1,-11,-13
-13,-13,1,1,-13,-13
-11,0,0,3,-11,0
1,11,2,6,1,11
2,1,4,2,2,1
-11,-11,0,0,-11,-11
1,1,2,2,1,1
1,2,4,2,2,1
1,-11,2,0,1,-11
-11,1,2,2,1,1
1,1,2,2,1,1
2,-11,4,0,2,-11
1,-11,2,0,1,-11
1,1,2,2,1,1
1,-11,2,0,1,-11
1,-13,2,1,1,-13
2,1,4,2,2,1
3,11,6,5,11,10
1,11,2,6,1,11
10,-13,5,1,10,-13
-13,0,1,3,-13,0
0,1,3,2,0,1
0,-11,0,0,-11,-11
-11,1,0,2,-11,1
0,-13,3,1,0,-13
1,0,2,3,1,0
-11,11,0,6,-11,11
1,1,2,2,1,1
-13,-11,1,0,-13,-11
1,1,5,2,10,1
-11,1,0,2,-11,1
-13,12,1,6,-13,11
10,1,5,2,10,1
10,1,5,2,10,1
1,2,2,2,1,1
-11,0,0,2,-11,1
-11,11,0,6,-11,11
1,-11,6,0,11,-11
-13,2,1,4,-13,2
1,-13,2,2,1,1
2,10,2,5,1,10
1,-13,2,1,1,-13
1,2,2,6,1,11
1,-11,2,0,1,-11
-11,1,0,2,-11,1
1,1,2,2,1,1
1,-13,2,1,1,-13
2,0,2,3,1,0
1,-11,3,0,0,-11
-11,-11,0,0,-11,-11
1,0,2,3,1,0
1,10,2,5,1,10
0,1,3,2,0,1
-13,-11,1,0,-13,-11
1,11,2,6,1,11
-13,1,1,2,-13,1
10,0,5,5,10,10
0,1,3,2,0,1
1,-13,2,1,1,-13
1,1,2,2,1,1
10,1,6,6,11,11
10,1,5,2,10,1
1,-11,2,0,1,-11
2,10,4,5,2,10
0,0,3,3,0,0
1,1,2,2,1,1
1,3,2,6,1,11
0,2,3,4,0,2
-13,-11,1,0,-13,-11
10,-13,6,1,11,-13
0,-11,2,0,1,-11
1,-11,2,0,1,-11
-11,1,0,2,-11,1
-11,-13,0,1,-11,-13
10,1,5,2,10,1
-11,2,0,4,-11,2
-13,3,1,4,-13,2
10,-11,5,0,10,-11
11,1,6,2,11,1
2,-11,8,0,-333,-11
11,-13,6,1,11,-13
0,1,1,4,-13,2
-13,-13,1,1,-13,-13
11,-13,6,1,11,-13
0,-13,0,1,-11,-13
10,11,5,2,10,1
-13,1,1,2,-13,1
-13,-13,1,1,-13,-13
0,1,2,2,1,1
10,-11,5,0,10,-11
0,-13,3,1,0,-13
0,3,3,4,0,2
-13,-13,1,1,-13,-13
1,1,2,2,1,1
10,11,5,5,10,10
-11,-13,0,1,-11,-13
1,0,2,3,1,0
0,0,2,3,1,0
0,2,3,4,0,2
-13,-11,1,0,-13,-11
1,-13,2,1,1,-13
2,10,4,3,2,0
-13,-11,1,0,-13,-11
1,1,2,2,1,1
2,1,2,2,1,1
0,2,3,4,0,2
1,-13,2,1,1,-13
-13,-13,1,1,-13,-13
2,11,4,2,2,1
-11,2,8,2,-333,1
11,0,2,3,1,0
-11,-11,0,0,-11,-11
-13,-11,1,0,-13,-11
11,-11,6,0,11,-11
2,0,2,3,1,0
0,1,3,2,0,1
2,0,4,3,2,0
10,0,5,3,10,0
2,0,4,3,2,0
2,11,2,6,1,11
-13,-11,1,0,-13,-11
-11,-11,0,0,-11,-11
0,1,3,2,0,1
1,-11,2,0,1,-11
-13,-13,1,1,-13,-13
1,-11,2,0,1,-11
10,1,5,2,10,1
0,1,3,3,0,0
1,-13,2,1,1,-13
11,-13,5,1,10,-13
-13,2,0,4,-11,2
-11,1,0,2,-11,1
1,2,3,4,0,2
1,-11,2,0,1,-11
1,-13,2,1,1,-13
10,1,5,4,10,2
10,0,5,2,10,1
1,0,2,3,1,0
-13,1,1,2,-13,1
11,1,2,2,1,1
-13,-11,1,2,-13,1
11,-11,5,0,10,-11
-11,1,0,2,-11,1
-11,1,0,2,-11,1
-13,-11,1,0,-13,-11
-11,1,2,2,1,1
1,1,2,2,1,1
2,-13,4,1,2,-13
11,10,5,6,10,11
0,10,3,5,0,10
11,-11,6,2,11,1
-13,1,1,4,-13,2
2,11,4,6,2,11
11,-11,5,0,10,-11
-13,-13,1,1,-13,-13
-13,-13,1,1,-13,-13
1,11,6,6,11,11
1,0,2,2,1,1
0,2,5,4,10,2
10,-13,5,1,10,-13
1,10,2,5,1,10
1,2,2,4,1,2
0,-13,3,1,0,-13
1,0,2,3,1,0
-11,-13,0,1,-11,-13
2,-13,4,1,2,-13
2,0,2,2,1,1
1,-13,2,0,1,-11
-11,-13,0,1,-11,-13
1,2,6,2,11,1
-11,-11,0,0,-11,-11
10,0,5,3,10,0
2,1,4,2,2,1
-11,0,0,6,-11,11
1,0,2,3,1,0
-11,1,0,2,-11,1
2,1,2,2,1,1
1,1,2,4,1,2
10,2,6,4,11,2
1,1,2,2,1,1
-11,1,0,4,-11,2
1,1,2,3,1,0
0,-11,3,0,0,-11
-11,-13,0,1,-11,-13
-11,1,0,6,-11,11
-11,-13,0,1,-11,-13
-11,1,0,2,-11,1
1,1,2,2,1,1
1,10,2,5,1,10
0,-11,3,0,0,-11
2,1,6,2,11,1
-11,1,0,2,-11,1
1,1,2,0,1,-11
10,0,5,3,10,0
1,-13,2,1,1,-13
-11,2,0,4,-11,2
2,1,2,2,1,1
1,1,2,5,1,10
2,1,4,2,2,1
1,1,2,0,1,-11
-13,10,1,5,-13,10
-11,10,0,5,-11,10
10,11,6,6,11,11
-11,-11,0,0,-11,-11
0,-13,2,1,1,-13
1,0,2,3,1,0
-13,-13,1,1,-13,-13
2,-11,4,0,2,-11
0,1,2,2,1,1
1,-11,6,0,11,-11
1,-13,2,1,1,-13
2,1,2,2,1,1
-13,10,1,2,-13,1
10,12,5,6,10,11
1,-11,2,0,1,-11
10,0,5,5,10,10
10,2,6,4,11,2
2,10,4,5,2,10
1,11,2,6,1,11
2,-11,4,0,2,-11
-13,1,1,2,-13,1
1,-13,2,1,1,-13
-11,-11,0,3,-11,0
1,10,5,5,10,10
0,2,3,6,0,11
1,-13,2,1,1,-13
11,2,6,4,11,2
2,-13,4,1,2,-13
0,-13,3,1,0,-13
1,-11,2,0,1,-11
1,-13,2,1,1,-13
0,0,3,3,0,0
0,0,3,3,0,0
10,10,5,5,10,10
1,1,2,2,1,1
-13,1,8,2,-333,1
-11,2,0,2,-11,1
2,10,2,5,1,10
0,0,3,3,0,0
1,1,2,2,1,1
0,1,3,2,0,1
1,2,2,4,1,2
1,-11,2,0,1,-11
0,-11,3,0,0,-11
1,1,2,2,1,1
0,0,3,3,0,0
0,2,3,4,0,2
11,-11,6,0,11,-11
-11,1,0,2,-11,1
-11,0,0,3,-11,0
-13,-13,1,3,-13,0
1,2,2,4,1,2
1,-13,2,1,1,-13
1,0,2,3,1,0
-13,-11,1,0,-13,-11
1,-13,2,1,1,-13
-11,1,0,2,-11,1
0,0,5,2,10,1
10,11,5,6,10,11
1,0,2,2,1,1
1,2,2,4,1,2
12,1,6,3,11,0
-11,1,0,2,-11,1
-11,-13,0,1,-11,-13
10,1,5,2,10,1
0,10,3,5,0,10
-13,10,1,6,-13,11
0,-11,3,0,0,-11
-13,0,1,3,-13,0
0,0,3,5,0,10
11,0,6,3,11,0
0,1,3,2,0,1
-13,10,1,5,-13,10
10,2,5,4,10,2
-13,-11,1,0,-13,-11
-13,-11,1,0,-13,-11
-13,-11,1,0,-13,-11
-13,-11,1,0,-13,-11
2,-11,2,0,1,-11
0,-13,3,1,0,-13
-11,11,0,6,-11,11
0,-13,2,1,1,-13
2,-11,4,0,2,-11
-13,-13,1,1,-13,-13
1,10,2,6,1,11
-11,1,0,2,-11,1
-13,-11,1,0,-13,-11
1,0,2,3,1,0
1,1,2,2,1,1
10,10,5,6,10,11
1,-13,0,1,-11,-13
1,10,2,5,1,10
0,-11,3,0,0,-11
-11,-13,0,1,-11,-13
1,1,6,2,11,1
10,10,5,5,10,10
0,0,3,3,0,0
1,-13,2,1,1,-13
-11,-13,0,1,-11,-13
1,1,2,2,1,1
11,-11,5,3,10,0
2,-11,2,0,1,-11
10,-11,5,0,10,-11
-11,-11,0,0,-11,-11
-11,-11,0,0,-11,-11
-11,-13,0,3,-11,0
-13,-11,1,0,-13,-11
3,1,6,2,11,1
1,-13,2,1,1,-13
2,2,2,2,1,1
1,-11,2,0,1,-11
0,-13,3,1,0,-13
2,10,4,5,2,10
-13,1,1,2,-13,1
1,1,2,2,1,1
-11,1,0,2,-11,1
-13,10,2,5,1,10
1,-13,2,1,1,-13
1,-11,2,0,1,-11
1,10,6,5,11,10
10,3,5,4,10,2
10,1,5,2,10,1
-11,2,0,6,-11,11
-11,-13,0,1,-11,-13
1,0,2,3,1,0
1,1,2,2,1,1
-11,0,0,2,-11,1
1,-11,2,0,1,-11
1,0,2,3,1,0
-13,10,1,5,-13,10
-11,1,0,2,-11,1
3,1,4,2,2,1
-11,1,0,2,-11,1
-1,-11,6,0,11,-11
2,-13,4,1,2,-13
0,-11,5,0,10,-11
10,1,5,2,10,1
1,-13,2,3,1,0
-11,-13,0,1,-11,-13
-11,2,0,4,-11,2
1,3,2,4,1,2
-13,0,1,3,-13,0
3,-13,2,1,1,-13
10,-11,6,1,11,-13
2,-13,2,1,1,-13
-11,11,0,5,-11,10
-13,-11,1,2,-13,1
-11,2,0,4,-11,2
-13,2,1,2,-13,1
1,10,2,5,1,10
0,1,1,2,-13,1
1,-11,2,2,1,1
2,1,2,2,1,1
-13,1,1,2,-13,1
1,1,2,2,1,1
10,10,5,2,10,1
-13,-13,1,1,-13,-13
-13,1,1,2,-13,1
-13,-13,1,1,-13,-13
2,-11,6,0,11,-11
1,1,2,2,1,1
-13,2,1,4,-13,2
0,1,3,2,0,1
1,1,2,2,1,1
11,-11,5,0,10,-11
-13,1,1,2,-13,1
0,10,3,5,0,10
0,-13,2,1,1,-13
1,0,2,3,1,0
-11,-11,0,0,-11,-11
-11,10,0,5,-11,10
-13,-11,1,0,-13,-11
0,1,3,4,0,2
-13,1,1,2,-13,1
-13,1,1,2,-13,1
1,2,2,4,1,2
-11,2,0,4,-11,2
11,10,5,5,10,10
1,1,2,2,1,1
11,1,6,6,11,11
-11,-11,0,0,-11,-11
10,1,5,2,10,1
-11,11,0,6,-11,11
10,1,5,2,10,1
2,1,2,2,1,1
1,1,2,2,1,1
1,1,2,2,1,1
0,-11,2,0,1,-11
10,-11,5,0,10,-11
-11,-13,0,1,-11,-13
1,2,2,2,1,1
11,-11,6,0,11,-11
-11,1,0,6,-11,11
-13,-11,1,0,-13,-11
2,0,2,3,1,0
1,1,2,2,1,1
1,2,2,4,1,2
10,-11,5,0,10,-11
1,1,2,2,1,1
1,0,2,1,1,-13
-13,1,1,2,-13,1
-11,0,0,3,-11,0
1,1,2,2,1,1
2,1,4,2,2,1
10,-11,6,0,11,-11
1,1,2,2,1,1
0,1,3,4,0,2
2,1,2,2,1,1
1,1,4,2,2,1
1,-11,2,0,1,-11
1,1,2,2,1,1
11,1,5,2,10,1
3,-11,4,0,2,-11
-11,0,0,3,-11,0
-11,10,0,5,-11,10
-11,1,0,2,-11,1
1,10,2,5,1,10
-13,-13,1,1,-13,-13
-13,11,1,6,-13,11
11,2,2,8,1,-333
-11,1,0,4,-11,2
-13,-13,2,1,1,-13
-11,1,0,2,-11,1
-13,10,1,5,-13,10
2,2,4,2,2,1
1,-13,4,1,2,-13
2,-11,4,0,2,-11
-11,2,0,4,-11,2
-11,10,0,5,-11,10
-11,-13,0,1,-11,-13
1,0,2,3,1,0
10,-13,5,1,10,-13
1,0,2,3,1,0
2,11,2,2,1,1
-13,2,1,4,-13,2
-11,10,0,6,-11,11
0,12,3,6,0,11
-13,1,1,2,-13,1
0,2,3,4,0,2
1,1,2,2,1,1
-13,0,1,3,-13,0
1,-11,2,0,1,-11
11,0,6,5,11,10
1,-13,2,1,1,-13
1,2,2,4,1,2
0,-11,2,0,1,-11
-11,0,0,3,-11,0
-11,10,0,5,-11,10
1,11,5,5,10,10
-13,-11,1,0,-13,-11
-11,1,0,2,-11,1
1,1,2,2,1,1
0,2,3,4,0,2
1,11,2,5,1,10
-13,10,1,5,-13,10
11,-11,5,0,10,-11
10,1,5,2,10,1
-11,0,0,3,-11,0
10,1,5,2,10,1
2,-13,2,1,1,-13
1,-13,4,1,2,-13
1,1,2,2,1,1
-11,1,0,2,-11,1
-11,1,0,2,-11,1
-11,2,0,4,-11,2
-11,-13,0,1,-11,-13
0,10,3,5,0,10
1,1,2,2,1,1
0,1,3,2,0,1
1,10,2,5,1,10
1,0,2,3,1,0
2,-13,4,1,2,-13
1,0,2,3,1,0
10,-11,5,0,10,-11
0,-13,3,1,0,-13
-11,-11,0,0,-11,-11
-11,1,0,2,-11,1
11,-13,6,1,11,-13
-11,2,0,2,-11,1
-11,2,0,4,-11,2
-11,1,0,2,-11,1
2,10,2,5,1,10
1,-11,2,0,1,-11
10,-11,5,0,10,-11
-11,1,0,4,-11,2
0,0,3,3,0,0
1,1,5,2,10,1
10,1,6,2,11,1
-11,-13,0,1,-11,-13
-11,10,2,5,1,10
1,0,2,3,1,0
0,0,3,5,0,10
11,1,6,2,11,1
-13,1,5,0,10,-11
-11,0,0,3,-11,0
1,1,2,2,1,1
1,1,2,2,1,1
11,-11,5,0,10,-11
-11,1,0,2,-11,1
-11,2,0,4,-11,2
1,3,2,4,1,2
1,-13,2,1,1,-13
10,11,5,6,10,11
2,1,2,4,1,2
1,2,2,0,1,-11
11,10,6,5,11,10
1,-13,4,1,2,-13
-11,-11,0,0,-11,-11
-11,-13,0,3,-11,0
0,-11,3,0,0,-11
0,-11,3,0,0,-11
10,1,5,2,10,1
-13,10,1,5,-13,10
0,-13,3,1,0,-13
1,1,3,2,0,1
1,1,2,2,1,1
2,1,4,2,2,1
-11,1,0,2,-11,1
1,10,2,5,1,10
2,0,2,3,1,0
-11,-13,0,1,-11,-13
-11,1,0,2,-11,1
1,1,6,2,11,1
10,11,2,6,1,11
10,0,5,3,10,0
11,1,6,2,11,1
-13,-11,1,0,-13,-11
11,-11,6,1,11,-13
-13,-13,1,2,-13,1
1,0,2,3,1,0
10,2,5,4,10,2
-13,1,1,2,-13,1
-13,-13,1,1,-13,-13
-11,1,2,2,1,1
1,-11,2,0,1,-11
1,10,5,6,10,11
1,3,2,6,1,11
0,-13,3,1,0,-13
-13,10,1,5,-13,10
-11,2,0,4,-11,2
2,0,2,1,1,-13
-13,1,1,2,-13,1
10,3,5,4,10,2
-13,-13,1,1,-13,-13
1,1,4,2,2,1
-13,1,1,2,-13,1
-13,11,1,6,-13,11
1,-11,2,0,1,-11
-13,-11,1,0,-13,-11
-11,10,0,5,-11,10
-11,10,0,5,-11,10
1,11,5,6,10,11
1,1,2,2,1,1
1,0,2,3,1,0
-13,-13,1,1,-13,-13
10,1,5,6,10,11
11,1,6,2,11,1
-13,1,1,2,-13,1
11,-13,6,1,11,-13
-11,1,0,2,-11,1
1,0,2,3,1,0
1,2,2,2,1,1
2,12,4,6,2,11
0,0,3,3,0,0
1,11,2,6,1,11
1,1,2,2,1,1
-13,-13,1,1,-13,-13
-11,-13,0,3,-11,0
1,-11,8,0,-333,-11
0,0,3,3,0,0
0,1,2,6,1,11
0,-13,3,1,0,-13
1,-11,2,0,1,-11
-11,-13,0,1,-11,-13
0,1,3,2,0,1
10,2,5,2,10,1
1,0,2,3,1,0
0,-13,3,1,0,-13
2,1,2,6,1,11
1,0,2,3,1,0
-13,0,1,3,-13,0
-11,11,1,6,-13,11
-11,-13,3,1,0,-13
0,-13,2,1,1,-13
1,1,2,2,1,1
1,-11,2,0,1,-11
-11,-13,0,1,-11,-13
-11,1,0,4,-11,2
10,0,5,3,10,0
0,1,2,2,1,1
1,-11,2,0,1,-11
1,-11,1,0,-13,-11
-11,-13,0,1,-11,-13
-11,-11,0,2,-11,1
-11,0,0,3,-11,0
1,11,2,5,1,10
-13,10,1,2,-13,1
-11,0,0,8,-11,-333
1,-13,2,1,1,-13
10,11,6,6,11,11
0,2,2,6,1,11
3,-11,6,0,11,-11
0,0,3,3,0,0
-13,-11,1,0,-13,-11
-11,-11,0,0,-11,-11
0,-11,2,0,1,-11
10,11,5,6,10,11
1,-11,2,0,1,-11
0,1,3,2,0,1
-11,-13,0,1,-11,-13
1,-11,2,0,1,-11
2,1,2,2,1,1
-13,1,1,2,-13,1
-11,11,1,6,-13,11
-11,10,0,5,-11,10
-11,10,0,5,-11,10
-13,-11,1,0,-13,-11
-13,10,1,5,-13,10
1,1,2,6,1,11
-13,10,3,5,0,10
1,-11,2,0,1,-11
1,1,2,2,1,1
0,1,3,2,0,1
-13,0,1,3,-13,0
1,-11,2,0,1,-11
0,1,3,6,0,11
-11,-13,0,1,-11,-13
-11,-1,0,5,-11,10
1,0,5,3,10,0
0,1,5,2,10,1
1,1,2,2,1,1
1,-13,2,1,1,-13
1,2,2,4,1,2
10,0,5,3,10,0
-11,1,0,2,-11,1
10,1,2,2,1,1
-13,1,1,2,-13,1
1,-11,4,0,2,-11
2,1,4,2,2,1
1,-13,2,1,1,-13
1,-11,2,0,1,-11
1,-11,0,3,-11,0
1,-11,0,8,-11,-333
1,0,2,3,1,0
-11,-11,8,0,-333,-11
1,1,5,2,10,1
10,-13,5,1,10,-13
1,0,2,3,1,0
1,10,4,5,2,10
3,1,4,2,2,1
10,1,5,2,10,1
-11,10,0,5,-11,10
2,-11,4,0,2,-11
-11,-11,0,0,-11,-11
1,0,2,3,1,0
-11,1,0,2,-11,1
-13,0,1,3,-13,0
1,1,2,2,1,1
10,-11,5,0,10,-11
-13,0,1,3,-13,0
-13,1,1,2,-13,1
2,1,2,4,1,2
1,2,2,4,1,2
-13,10,1,5,-13,10
-11,1,0,2,-11,1
1,0,2,3,1,0
11,1,6,8,11,-333
0,1,2,2,1,1
10,2,5,2,10,1
-11,0,3,3,0,0
-13,2,1,2,-13,1
-13,0,1,3,-13,0
-13,1,8,8,-333,-333
12,2,5,4,10,2
1,2,2,2,1,1
0,0,3,3,0,0
-13,1,1,2,-13,1
1,1,2,2,1,1
1,-13,4,1,2,-13
2,1,6,2,11,1
-13,0,1,2,-13,1
-13,1,1,2,-13,1
-13,1,8,2,-333,1
0,11,2,5,1,10
2,11,4,5,2,10
2,-11,2,0,1,-11
1,1,2,2,1,1
1,10,2,5,1,10
-13,0,1,3,-13,0
1,1,2,2,1,1
10,11,2,6,1,11
10,0,6,7,11,-222
-13,11,3,6,0,11
1,1,2,2,1,1
-11,1,0,2,-11,1
2,-11,2,0,1,-11
1,-13,2,1,1,-13
10,1,5,2,10,1
-13,-11,1,0,-13,-11
-13,1,1,6,-13,11
-13,1,1,2,-13,1
-11,1,0,2,-11,1
1,1,2,4,1,2
11,2,6,6,11,11
1,-11,2,0,1,-11
-13,-13,1,1,-13,-13
1,10,2,5,1,10
10,1,5,2,10,1
-13,1,1,0,-13,-11
1,10,2,5,1,10
11,1,6,4,11,2
-11,1,0,4,-11,2
0,11,2,6,1,11
0,0,5,3,10,0
1,0,2,3,1,0
-11,-11,0,0,-11,-11
10,1,5,2,10,1
1,1,2,2,1,1
11,-11,6,2,11,1
-11,1,0,2,-11,1
-11,-11,0,0,-11,-11
-11,1,0,2,-11,1
-13,-11,1,0,-13,-11
-11,0,0,6,-11,11
0,1,3,2,0,1
-13,1,1,2,-13,1
10,11,5,6,10,11
-11,-11,2,0,1,-11
-13,-11,1,0,-13,-11
-13,-11,1,0,-13,-11
11,-13,6,1,11,-13
2,0,4,3,2,0
-11,-13,2,0,1,-11
-13,11,1,6,-13,11
-11,1,2,2,1,1
10,-13,5,1,10,-13
-11,0,0,3,-11,0
-13,-11,1,0,-13,-11
10,2,5,2,10,1
1,-11,2,0,1,-11
0,-13,3,1,0,-13
0,1,3,4,0,2
0,1,3,2,0,1
0,-11,3,0,0,-11
-11,2,0,4,-11,2
0,1,3,2,0,1
-11,-11,0,0,-11,-11
1,-13,4,1,2,-13
11,-13,5,1,10,-13
1,1,2,2,1,1
2,1,2,2,1,1
-11,0,0,3,-11,0
2,-11,2,0,1,-11
11,0,6,5,11,10
0,2,3,2,0,1
1,11,2,5,1,10
-11,-11,0,0,-11,-11
-13,2,1,2,-13,1
1,10,2,5,1,10
2,11,2,6,1,11
0,0,3,3,0,0
1,1,2,5,1,10
1,1,2,2,1,1
0,11,3,5,0,10
1,-13,2,1,1,-13
0,1,3,2,0,1
-11,-11,0,0,-11,-11
1,0,2,3,1,0
0,-11,2,0,1,-11
-13,10,1,5,-13,10
-11,1,0,2,-11,1
-11,-13,0,1,-11,-13
1,11,2,6,1,11
-13,10,1,6,-13,11
-13,1,1,6,-13,11
1,-11,4,0,2,-11
2,1,2,2,1,1
-13,-11,1,0,-13,-11
0,2,3,6,0,11
-11,2,0,4,-11,2
-13,1,1,2,-13,1
-11,1,0,5,-11,10
-13,1,1,2,-13,1
0,11,3,6,0,11
-13,-11,1,0,-13,-11
-13,-13,1,1,-13,-13
2,1,6,2,11,1
1,-11,2,0,1,-11
-11,-11,0,0,-11,-11
-13,1,1,6,-13,11
-13,-11,1,8,-13,-333
-11,-13,0,2,-11,1
-13,10,1,6,-13,11
10,11,5,6,10,11
0,-13,2,1,1,-13
1,1,2,2,1,1
-11,-11,0,2,-11,1
11,-11,5,0,10,-11
-11,-13,0,1,-11,-13
-11,-13,0,1,-11,-13
-11,-11,0,0,-11,-11
0,-11,3,0,0,-11
-11,10,0,6,-11,11
-11,10,0,6,-11,11
-11,-13,0,1,-11,-13
-11,-11,0,0,-11,-11
10,-11,6,2,11,1
2,-11,4,0,2,-11
10,1,5,0,10,-11
-13,0,1,3,-13,0
10,-13,5,1,10,-13
1,-13,2,1,1,-13
0,-11,3,0,0,-11
-11,2,0,4,-11,2
10,11,5,5,10,10
0,-11,3,0,0,-11
-11,-11,0,0,-11,-11
2,1,5,2,10,1
11,2,6,2,11,1
10,-11,2,0,1,-11
1,1,2,2,1,1
4,-11,4,0,2,-11
10,1,6,2,11,1
-13,-11,1,0,-13,-11
10,1,5,2,10,1
3,0,4,3,2,0
1,1,2,2,1,1
10,0,5,3,10,0
-13,2,1,4,-13,2
10,-13,5,1,10,-13
10,-11,5,0,10,-11
10,10,6,5,11,10
10,1,5,2,10,1
-13,-11,1,0,-13,-11
-13,0,1,3,-13,0
-13,0,1,3,-13,0
1,10,2,5,1,10
2,1,4,2,2,1
-13,1,1,2,-13,1
1,1,2,2,1,1
2,-11,4,0,2,-11
-11,1,0,2,-11,1
-11,-11,0,0,-11,-11
-11,0,0,3,-11,0
-13,-13,1,1,-13,-13
0,2,5,2,10,1
-11,1,0,2,-11,1
1,-13,2,1,1,-13
0,-13,3,1,0,-13
-13,1,1,2,-13,1
-13,-11,1,0,-13,-11
1,-13,2,1,1,-13
-11,1,0,2,-11,1
10,1,5,4,10,2
-11,1,0,2,-11,1
-13,1,3,2,0,1
0,1,2,2,1,1
-11,1,0,2,-11,1
1,-13,2,1,1,-13
-11,10,3,5,0,10
0,1,3,0,0,-11
0,-13,3,1,0,-13
2,-11,2,0,1,-11
10,2,6,4,11,2
-11,1,0,2,-11,1
1,-13,3,1,0,-13
-11,-13,0,1,-11,-13
1,0,2,3,1,0
-11,1,1,2,-13,1
10,-11,5,0,10,-11
-11,-13,0,1,-11,-13
2,1,6,2,11,1
1,-13,2,1,1,-13
-11,3,0,6,-11,11
1,-13,2,1,1,-13
1,-1,2,5,1,10
0,2,0,2,-11,1
1,2,5,6,10,11
11,0,6,3,11,0
-13,1,1,2,-13,1
1,10,2,6,1,11
1,-11,2,0,1,-11
1,10,6,6,11,11
10,1,5,2,10,1
-11,0,0,3,-11,0
1,1,2,2,1,1
11,1,6,2,11,1
-13,2,1,2,-13,1
1,11,2,2,1,1
-13,0,1,3,-13,0
2,2,2,4,1,2
1,10,2,6,1,11
10,1,6,2,11,1
1,1,2,4,1,2
10,1,5,2,10,1
-13,-11,1,0,-13,-11
-11,-11,0,0,-11,-11
1,1,2,2,1,1
0,-11,3,2,0,1
1,2,2,2,1,1
0,11,3,6,0,11
0,-13,3,1,0,-13
0,-13,3,1,0,-13
-11,2,0,4,-11,2
2,1,4,2,2,1
-11,-11,0,0,-11,-11
1,1,2,2,1,1
1,0,4,3,2,0
1,3,2,4,1,2
-13,0,1,3,-13,0
1,-13,2,1,1,-13
2,10,4,5,2,10
-11,-11,0,0,-11,-11
2,10,2,5,1,10
1,0,2,3,1,0
1,-13,2,1,1,-13
-13,0,1,3,-13,0
1,1,2,2,1,1
-13,1,1,2,-13,1
0,11,3,6,0,11
1,0,2,3,1,0
2,11,6,5,11,10
0,-13,3,1,0,-13
-11,11,0,6,-11,11
2,-13,4,1,2,-13
3,-13,4,1,2,-13
-13,-13,1,1,-13,-13
0,-11,2,0,1,-11
10,-13,6,1,11,-13
1,10,2,5,1,10
-13,10,1,5,-13,10
-13,1,1,2,-13,1
0,-11,3,0,0,-11
1,1,2,2,1,1
-13,2,1,4,-13,2
1,-13,2,1,1,-13
10,0,5,3,10,0
-13,1,1,2,-13,1
10,0,5,3,10,0
4,11,6,6,11,11
-11,1,0,2,-11,1
10,-13,6,1,11,-13
1,1,2,2,1,1
-13,1,1,2,-13,1
10,1,5,3,10,0
1,2,2,4,1,2
0,2,3,2,0,1
-11,1,0,2,-11,1
2,1,4,2,2,1
-13,11,1,6,-13,11
1,2,2,2,1,1
10,1,5,2,10,1
0,11,3,6,0,11
1,1,2,2,1,1
1,-11,2,0,1,-11
1,1,2,4,1,2
12,2,6,2,11,1
-11,1,0,4,-11,2
1,-13,2,1,1,-13
-13,3,1,6,-13,11
1,2,2,8,1,-333
10,-11,5,0,10,-11
-11,2,0,4,-11,2
-11,2,0,2,-11,1
-13,-13,1,1,-13,-13
1,-13,2,1,1,-13
0,1,3,2,0,1
10,1,5,2,10,1
-13,-13,1,1,-13,-13
10,-13,5,1,10,-13
-13,2,1,2,-13,1
2,1,2,2,1,1
1,-13,4,1,2,-13
10,-13,5,1,10,-13
-11,-13,0,1,-11,-13
10,1,5,2,10,1
-13,1,1,2,-13,1
-13,0,1,3,-13,0
0,2,3,6,0,11
0,0,3,3,0,0
2,-13,4,1,2,-13
-11,-11,0,0,-11,-11
0,1,3,2,0,1
1,2,2,2,1,1
2,11,4,5,2,10
-11,10,0,6,-11,11
-11,2,0,4,-11,2
1,0,2,3,1,0
0,11,0,5,-11,10
1,1,2,3,1,0
-11,1,0,2,-11,1
0,1,3,2,0,1
10,10,5,5,10,10
2,11,6,6,11,11
-13,-11,1,0,-13,-11
1,0,2,3,1,0
1,-13,2,1,1,-13
-11,-13,0,1,-11,-13
0,10,3,6,0,11
1,10,2,5,1,10
1,-11,2,0,1,-11
-11,1,0,6,-11,11
-11,0,0,3,-11,0
-11,10,0,5,-11,10
10,-13,5,1,10,-13
2,1,4,2,2,1
0,2,3,4,0,2
2,-13,6,1,11,-13
10,0,5,3,10,0
-13,-11,1,0,-13,-11
-13,-11,1,0,-13,-11
1,10,2,5,1,10
3,1,4,2,2,1
10,-13,6,1,11,-13
-13,10,1,5,-13,10
11,-13,6,1,11,-13
-13,1,1,2,-13,1
0,-11,3,0,0,-11
1,0,2,3,1,0
0,-13,2,7,1,-222
0,-13,3,3,0,0
1,1,2,2,1,1
1,1,4,2,2,1
-11,1,0,6,-11,11
-11,10,0,5,-11,10
1,-11,2,0,1,-11
1,1,2,2,1,1
2,10,6,2,11,1
0,1,3,2,0,1
10,-11,5,0,10,-11
1,10,4,5,2,10
-11,1,8,8,-333,-333
1,0,2,3,1,0
3,11,6,6,11,11
0,0,3,5,0,10
-11,11,0,6,-11,11
2,1,2,2,1,1
1,-11,6,1,11,-13
-11,-11,0,0,-11,-11
2,11,6,6,11,11
10,1,5,2,10,1
0,1,3,2,0,1
1,-13,6,0,11,-11
10,10,5,6,10,11
1,2,2,4,1,2
1,10,2,2,1,1
2,1,2,2,1,1
-11,0,0,3,-11,0
-13,-11,1,0,-13,-11
-11,-11,0,0,-11,-11
1,1,2,5,1,10
0,-13,2,1,1,-13
0,2,3,4,0,2
1,1,3,3,0,0
10,0,3,3,0,0
-11,1,0,2,-11,1
10,0,6,5,11,10
-11,3,0,4,-11,2
-11,1,0,2,-11,1
-13,2,1,4,-13,2
-13,1,1,2,-13,1
1,1,2,2,1,1
1,10,2,6,1,11
1,1,4,2,2,1
-13,-13,1,1,-13,-13
10,1,5,3,10,0
10,11,5,6,10,11
-13,-13,1,7,-13,-222
1,-13,2,1,1,-13
-11,-11,0,0,-11,-11
2,-13,2,1,1,-13
0,0,3,3,0,0
0,-13,3,1,0,-13
0,-13,2,1,1,-13
-11,2,0,6,-11,11
-11,10,0,5,-11,10
-11,-11,3,0,0,-11
1,-11,2,0,1,-11
2,11,2,6,1,11
2,1,2,8,1,-333
1,1,2,2,1,1
1,-13,2,1,1,-13
-11,1,2,2,1,1
0,2,3,6,0,11
2,-11,4,0,2,-11
2,-13,2,1,1,-13
-13,-13,1,1,-13,-13
0,-11,2,0,1,-11
10,0,5,3,10,0
11,0,6,3,11,0
1,10,6,5,11,10
-11,1,0,2,-11,1
2,-13,2,1,1,-13
-11,0,0,3,-11,0
0,-11,3,0,0,-11
10,-11,5,0,10,-11
10,11,5,5,10,10
0,-13,2,1,1,-13
1,11,2,6,1,11
-11,-11,0,0,-11,-11
2,-13,2,3,1,0
1,-13,2,1,1,-13
10,1,6,2,11,1
-13,1,1,2,-13,1
2,11,4,5,2,10
1,-11,2,2,1,1
2,-11,2,0,1,-11
11,3,6,4,11,2
-11,-11,0,8,-11,-333
1,-13,2,1,1,-13
10,1,5,2,10,1
2,-13,4,8,2,-333
12,0,6,3,11,0
11,-11,6,0,11,-11
1,1,2,2,1,1
1,11,2,5,1,10
-11,0,0,2,-11,1
-11,2,0,4,-11,2
3,10,4,5,2,10
1,1,0,2,-11,1
-11,1,0,2,-11,1
1,-11,2,0,1,-11
-11,0,0,3,-11,0
-11,1,0,2,-11,1
1,-11,2,0,1,-11
1,1,2,2,1,1
-13,1,1,2,-13,1
-13,0,1,3,-13,0
-11,-13,0,1,-11,-13
0,1,3,2,0,1
-13,0,1,3,-13,0
-13,0,1,3,-13,0
-13,1,1,2,-13,1
-11,0,7,3,-222,0
0,2,6,4,11,2
2,1,6,2,11,1
1,11,2,6,1,11
1,11,4,2,2,1
-13,1,1,2,-13,1
0,-11,3,0,0,-11
-11,1,0,2,-11,1
1,2,2,4,1,2
1,1,2,2,1,1
1,-13,2,1,1,-13
0,-13,3,1,0,-13
-13,2,3,4,0,2
1,2,2,4,1,2
1,-13,2,1,1,-13
11,-13,6,1,11,-13
-11,-11,0,0,-11,-11
1,1,2,2,1,1
10,1,5,2,10,1
2,10,2,5,1,10
-13,1,1,4,-13,2
-13,-13,1,1,-13,-13
1,1,2,2,1,1
11,10,6,6,11,11
11,-13,6,1,11,-13
-13,-11,1,0,-13,-11
-11,-11,0,2,-11,1
1,2,2,4,1,2
-13,1,1,2,-13,1
2,2,2,2,1,1
1,0,2,3,1,0
0,2,3,4,0,2
-13,-11,1,0,-13,-11
-13,-11,1,0,-13,-11
0,1,3,4,0,2
1,-13,2,1,1,-13
11,1,6,2,11,1
2,-13,4,1,2,-13
-11,-13,0,1,-11,-13
-13,11,1,6,-13,11
10,-13,5,1,10,-13
-13,1,1,2,-13,1
-13,-11,1,0,-13,-11
-13,1,1,2,-13,1
2,1,4,6,2,11
-11,-13,0,1,-11,-13
-13,11,1,6,-13,11
1,-11,2,0,1,-11
10,0,5,3,10,0
-13,3,1,4,-13,2
10,-13,5,1,10,-13
-11,1,0,2,-11,1
1,1,2,2,1,1
3,0,6,3,11,0
1,1,2,2,1,1
0,-13,4,1,2,-13
1,-13,2,2,1,1
-11,-13,0,1,-11,-13
0,0,3,3,0,0
1,0,2,2,1,1
0,-11,3,0,0,-11
0,-11,3,0,0,-11
-13,11,1,6,-13,11
1,10,2,5,1,10
0,-11,3,0,0,-11
-11,-13,0,2,-11,1
0,11,3,6,0,11
1,11,2,6,1,11
2,-11,2,0,1,-11
10,-13,6,1,11,-13
0,-13,3,1,0,-13
3,2,4,4,2,2
-11,10,0,5,-11,10
-11,0,0,3,-11,0
10,-11,5,0,10,-11
-13,10,1,6,-13,11
-13,-11,1,0,-13,-11
11,1,5,2,10,1
1,-11,2,0,1,-11
-13,10,1,5,-13,10
-13,1,1,2,-13,1
1,-11,2,0,1,-11
-13,1,1,2,-13,1
-13,-11,1,0,-13,-11
0,1,3,2,0,1
10,1,5,2,10,1
-11,-13,0,1,-11,-13
-11,1,3,2,0,1
0,-11,3,0,0,-11
10,-13,2,1,1,-13
10,1,5,2,10,1
-11,1,0,2,-11,1
-13,-13,1,8,-13,-333
2,1,4,2,2,1
2,11,4,5,2,10
10,-13,6,1,11,-13
-13,2,1,4,-13,2
-13,11,1,6,-13,11
1,-13,2,1,1,-13
10,0,6,3,11,0
-13,1,1,2,-13,1
2,10,4,5,2,10
-11,1,0,2,-11,1
-11,1,0,2,-11,1
-11,0,0,3,-11,0
0,0,5,3,10,0
1,1,2,2,1,1
1,-11,6,0,11,-11
10,-11,5,0,10,-11
10,-13,5,1,10,-13
11,11,5,5,10,10
1,-13,2,1,1,-13
-13,0,1,3,-13,0
1,0,2,3,1,0
1,10,2,6,1,11
10,1,5,2,10,1
-13,-11,1,0,-13,-11
1,-11,2,0,1,-11
-11,11,0,6,-11,11
1,2,2,6,1,11
-11,10,0,5,-11,10
-11,-13,0,1,-11,-13
-13,1,1,2,-13,1
1,1,2,2,1,1
1,-13,2,1,1,-13
1,10,2,6,1,11
10,10,6,6,11,11
0,2,3,2,0,1
1,-13,2,1,1,-13
1,-11,2,0,1,-11
0,11,6,2,11,1
-11,11,0,6,-11,11
-11,10,0,5,-11,10
10,-11,5,0,10,-11
-11,-11,0,0,-11,-11
1,10,4,6,2,11
1,1,2,5,1,10
0,-11,3,0,0,-11
-11,2,0,4,-11,2
-13,1,1,2,-13,1
-11,11,0,6,-11,11
1,2,2,2,1,1
-11,10,8,5,-333,10
10,0,5,3,10,0
-13,-13,1,1,-13,-13
-11,1,0,2,-11,1
0,10,2,2,1,1
-13,0,1,2,-13,1
0,0,3,2,0,1
11,-13,5,1,10,-13
1,1,2,2,1,1
10,1,5,4,10,2
10,-11,5,2,10,1
2,10,2,5,1,10
-11,-11,0,0,-11,-11
1,1,2,5,1,10
1,0,2,2,1,1
-11,11,0,6,-11,11
1,1,2,2,1,1
2,-13,4,1,2,-13
10,0,6,0,11,-11
10,1,5,2,10,1
-11,-11,0,0,-11,-11
-11,1,0,2,-11,1
1,1,2,2,1,1
0,-13,0,1,-11,-13
1,0,2,3,1,0
1,-11,2,0,1,-11
1,1,2,2,1,1
-13,-13,1,1,-13,-13
1,-11,4,0,2,-11
1,-13,4,1,2,-13
10,2,5,4,10,2
0,1,3,2,0,1
-11,1,8,2,-333,1
-13,11,1,5,-13,10
-13,-13,1,1,-13,-13
-11,1,0,2,-11,1
1,-13,2,1,1,-13
1,0,2,3,1,0
1,1,2,2,1,1
1,0,2,3,1,0
10,2,5,4,10,2
-11,11,0,6,-11,11
11,10,6,5,11,10
1,1,2,4,1,2
-13,1,1,2,-13,1
-11,1,0,2,-11,1
1,-11,4,0,2,-11
1,-13,2,1,1,-13
0,1,3,4,0,2
-13,2,1,2,-13,1
3,-11,6,0,11,-11
0,-11,5,0,10,-11
1,2,4,2,2,1
2,-13,8,8,-333,-333
10,-13,5,1,10,-13
2,1,2,2,1,1
-11,-11,0,0,-11,-11
10,1,5,4,10,2
-13,10,1,5,-13,10
-13,10,1,5,-13,10
1,1,2,6,1,11
0,0,3,2,0,1
2,2,4,2,2,1
1,1,2,2,1,1
10,0,5,3,10,0
10,-13,6,1,11,-13
0,2,3,4,0,2
-11,10,0,5,-11,10
0,-13,3,1,0,-13
1,1,2,2,1,1
-11,2,0,6,-11,11
-11,1,0,3,-11,0
1,-13,2,1,1,-13
1,-11,2,0,1,-11
0,-1,3,5,0,10
10,-11,5,1,10,-13
-11,-13,0,1,-11,-13
0,0,3,2,0,1
-11,1,1,2,-13,1
0,2,3,4,0,2
1,-11,2,3,1,0
2,1,4,2,2,1
-13,-11,1,7,-13,-222
0,3,2,4,1,2
-11,0,0,3,-11,0
10,1,5,2,10,1
11,1,6,2,11,1
-11,10,0,5,-11,10
-11,10,0,5,-11,10
10,-13,5,1,10,-13
-11,2,0,4,-11,2
1,-13,2,1,1,-13
-13,2,1,4,-13,2
-11,-11,0,0,-11,-11
1,-11,2,0,1,-11
-11,1,0,2,-11,1
2,-13,6,1,11,-13
10,10,6,6,11,11
2,1,4,2,2,1
-13,1,1,2,-13,1
-11,-13,0,8,-11,-333
2,-13,4,1,2,-13
0,-13,2,1,1,-13
1,2,2,4,1,2
-11,1,0,2,-11,1
-11,-11,2,0,1,-11
-13,11,1,6,-13,11
-13,-13,1,1,-13,-13
-13,-11,1,0,-13,-11
-11,-13,0,1,-11,-13
10,2,6,4,11,2
1,-11,2,0,1,-11
-13,2,1,2,-13,1
0,-13,2,1,1,-13
1,-11,2,0,1,-11
-11,-11,0,0,-11,-11
0,10,3,5,0,10
-11,0,0,3,-11,0
2,1,2,2,1,1
10,-13,5,1,10,-13
2,1,2,4,1,2
-11,1,0,2,-11,1
-11,-11,0,0,-11,-11
-11,0,0,3,-11,0
-11,-13,0,1,-11,-13
1,0,2,3,1,0
10,-13,6,1,11,-13
2,0,4,1,2,-13
2,1,6,2,11,1
-13,-13,1,1,-13,-13
-13,1,1,2,-13,1
10,10,5,5,10,10
0,-11,2,0,1,-11
10,1,5,2,10,1
-11,0,0,2,-11,1
-11,2,0,4,-11,2
11,-13,6,1,11,-13
-13,1,1,2,-13,1
10,10,5,5,10,10
-11,2,0,4,-11,2
10,1,6,2,11,1
2,1,4,6,2,11
-13,12,1,6,-13,11
2,2,4,2,2,1
1,-13,2,1,1,-13
12,2,6,2,11,1
-13,1,1,2,-13,1
-13,2,1,2,-13,1
10,10,5,5,10,10
2,-11,4,0,2,-11
-13,0,1,5,-13,10
-11,-11,0,0,-11,-11
-13,-11,1,0,-13,-11
10,-13,5,1,10,-13
2,0,4,2,2,1
1,0,2,2,1,1
0,11,3,6,0,11
0,1,3,2,0,1
-11,-11,0,8,-11,-333
1,0,2,3,1,0
2,11,2,5,1,10
-11,0,8,5,-333,10
11,10,5,5,10,10
0,1,3,2,0,1
-13,12,1,6,-13,11
-13,0,1,3,-13,0
-11,-11,0,0,-11,-11
1,1,2,2,1,1
0,1,3,2,0,1
1,1,2,2,1,1
-13,-13,1,1,-13,-13
0,1,3,2,0,1
-11,-11,0,1,-11,-13
-13,-13,1,1,-13,-13
-13,1,1,2,-13,1
-13,1,1,2,-13,1
-13,10,1,5,-13,10
11,-13,6,1,11,-13
2,0,4,3,2,0
0,-13,3,1,0,-13
10,-11,5,0,10,-11
0,1,3,2,0,1
0,1,3,2,0,1
0,-11,3,0,0,-11
-11,10,0,5,-11,10
-11,-11,0,0,-11,-11
1,1,2,2,1,1
1,-11,2,0,1,-11
10,-11,5,0,10,-11
0,1,3,6,0,11
2,-11,4,0,2,-11
2,1,4,2,2,1
1,1,2,2,1,1
2,1,4,6,2,11
4,0,6,2,11,1
1,-13,2,1,1,-13
1,10,2,5,1,10
10,10,6,6,11,11
2,1,4,2,2,1
-13,10,1,5,-13,10
3,-11,6,0,11,-11
-11,1,2,8,1,-333
10,0,6,3,11,0
1,-13,2,1,1,-13
1,10,2,5,1,10
1,2,4,4,2,2
-11,2,0,4,-11,2
1,10,2,5,1,10
2,1,4,2,2,1
1,-11,2,0,1,-11
-13,1,1,4,-13,2
2,2,4,2,2,1
10,0,5,3,10,0
10,-11,5,0,10,-11
1,1,6,2,11,1
11,1,6,6,11,11
2,-11,4,0,2,-11
0,0,3,3,0,0
1,11,2,5,1,10
-11,1,0,2,-11,1
0,0,5,3,10,0
0,1,3,2,0,1
0,-11,3,0,0,-11
-11,-13,0,1,-11,-13
1,10,2,5,1,10
1,-13,2,1,1,-13
-13,1,1,2,-13,1
1,1,2,2,1,1
0,10,3,5,0,10
-13,1,1,2,-13,1
0,-13,3,1,0,-13
-11,2,0,6,-11,11
-11,0,0,3,-11,0
10,1,5,2,10,1
-13,10,1,5,-13,10
0,1,3,6,0,11
-11,1,0,2,-11,1
-13,-11,1,2,-13,1
-11,-13,0,1,-11,-13
0,10,3,5,0,10
-13,1,1,2,-13,1
3,1,4,2,2,1
11,-13,6,1,11,-13
1,-11,2,0,1,-11
10,10,5,5,10,10
-13,1,1,2,-13,1
-13,-11,1,0,-13,-11
-11,11,0,6,-11,11
0,1,3,2,0,1
1,1,2,4,1,2
1,11,2,6,1,11
1,-11,2,8,1,-333
1,1,2,2,1,1
1,-13,2,1,1,-13
1,10,2,5,1,10
-13,1,1,2,-13,1
1,1,2,2,1,1
-13,-13,1,1,-13,-13
-13,-13,8,1,-333,-13
-13,-13,1,1,-13,-13
-13,-13,1,1,-13,-13
10,1,5,2,10,1
0,0,3,3,0,0
0,-13,2,8,1,-333
10,10,5,5,10,10
2,11,2,6,1,11
-11,11,3,5,0,10
-13,11,1,6,-13,11
2,0,2,3,1,0
2,3,6,4,11,2
1,-11,4,0,2,-11
-13,0,1,2,-13,1
2,-11,4,0,2,-11
0,-11,3,0,0,-11
11,0,6,2,11,1
11,2,6,7,11,-222
0,1,4,2,2,1
0,-11,3,0,0,-11
-11,10,0,5,-11,10
-13,1,1,2,-13,1
1,-13,2,1,1,-13
-13,11,7,7,-222,-222
10,2,6,2,11,1
0,-11,3,0,0,-11
2,0,4,3,2,0
0,-11,3,0,0,-11
-11,-11,0,0,-11,-11
1,10,2,5,1,10
1,1,2,2,1,1
-13,1,1,6,-13,11
10,2,5,2,10,1
-11,1,0,2,-11,1
1,0,2,3,1,0
11,0,6,3,11,0
1,1,2,2,1,1
1,1,2,2,1,1
1,1,8,2,-333,1
-11,-11,0,0,-11,-11
-11,1,0,2,-11,1
0,-11,2,0,1,-11
10,1,5,2,10,1
10,2,5,4,10,2
0,4,3,6,0,11
1,-11,2,0,1,-11
1,0,2,3,1,0
1,-11,2,0,1,-11
-11,0,0,3,-11,0
0,-11,3,0,0,-11
0,2,5,2,10,1
3,1,4,2,2,1
1,10,5,5,10,10
1,1,2,2,1,1
10,1,5,2,10,1
-11,0,2,3,1,0
3,-1,6,5,11,10
0,10,2,5,1,10
2,1,0,2,-11,1
-13,1,1,3,-13,0
1,-11,2,0,1,-11
0,11,3,6,0,11
1,1,2,2,1,1
-11,0,0,3,-11,0
1,1,2,3,1,0
-13,-11,1,0,-13,-11
10,-13,5,1,10,-13
10,11,5,6,10,11
-11,1,0,2,-11,1
2,10,4,5,2,10
1,1,3,2,0,1
1,1,4,4,2,2
-11,2,0,2,-11,1
-11,-11,0,0,-11,-11
0,1,3,2,0,1
-11,-13,0,1,-11,-13
11,0,5,5,10,10
2,2,6,4,11,2
-13,2,1,4,-13,2
0,10,3,5,0,10
11,2,5,4,10,2
-11,11,0,5,-11,10
2,0,2,2,1,1
1,-13,2,1,1,-13
1,-13,2,1,1,-13
-11,1,0,4,-11,2
1,1,2,2,1,1
-11,1,0,2,-11,1
-13,-11,1,0,-13,-11
-13,-11,1,0,-13,-11
-11,1,0,2,-11,1
0,1,3,2,0,1
-13,0,1,2,-13,1
-13,0,1,3,-13,0
11,1,6,2,11,1
-13,1,1,2,-13,1
0,-11,5,0,10,-11
10,-13,5,1,10,-13
10,0,5,2,10,1
-13,1,1,2,-13,1
1,-13,2,1,1,-13
-11,1,0,2,-11,1
-13,1,1,2,-13,1
10,-13,6,1,11,-13
0,-13,3,1,0,-13
-13,2,1,4,-13,2
1,-11,2,3,1,0
0,11,8,6,-333,11
-13,1,1,2,-13,1
1,-13,4,1,2,-13
0,-13,2,1,1,-13
1,2,2,2,1,1
11,0,6,3,11,0
-11,-13,0,1,-11,-13
10,2,5,4,10,2
11,1,2,2,1,1
-11,1,0,2,-11,1
-13,-11,1,0,-13,-11
10,-11,5,0,10,-11
1,2,2,4,1,2
-13,-13,1,1,-13,-13
1,-13,2,1,1,-13
0,-13,5,1,10,-13
1,0,2,2,1,1
1,-11,2,0,1,-11
-11,2,0,4,-11,2
1,1,2,2,1,1
1,1,2,2,1,1
-11,1,0,2,-11,1
0,-13,3,1,0,-13
1,0,2,2,1,1
1,10,2,2,1,1
1,-11,2,0,1,-11
2,1,2,2,1,1
10,2,6,4,11,2
11,0,6,8,11,-333
-11,-13,0,1,-11,-13
-11,1,0,2,-11,1
-11,-11,0,0,-11,-11
10,1,5,4,10,2
10,-13,5,1,10,-13
2,1,2,2,1,1
0,-11,3,0,0,-11
2,11,2,2,1,1
0,1,3,2,0,1
10,0,6,3,11,0
1,-11,2,0,1,-11
-13,1,1,2,-13,1
-13,10,1,5,-13,10
0,1,3,2,0,1
-11,-11,0,2,-11,1
-13,1,1,6,-13,11
2,0,2,3,1,0
-13,-13,1,1,-13,-13
2,0,4,2,2,1
10,11,5,6,10,11
0,11,2,6,1,11
10,0,5,3,10,0
1,1,2,6,1,11
0,0,3,3,0,0
-11,-13,0,1,-11,-13
0,-11,3,0,0,-11
0,1,3,5,0,10
11,1,6,2,11,1
-13,1,1,2,-13,1
1,1,2,2,1,1
-11,1,0,2,-11,1
-13,-13,1,1,-13,-13
-11,-11,0,0,-11,-11
-13,0,1,3,-13,0
-13,-13,1,1,-13,-13
-11,1,0,4,-11,2
10,11,6,6,11,11
10,2,5,7,10,-222
1,1,3,6,0,11
-11,11,0,6,-11,11
12,11,6,6,11,11
10,3,5,6,10,11
-13,1,1,2,-13,1
10,11,5,5,10,10
-13,10,1,5,-13,10
11,-11,6,0,11,-11
11,-11,6,0,11,-11
10,1,5,2,10,1
1,-11,1,0,-13,-11
1,-11,4,0,2,-11
-13,10,1,6,-13,11
1,11,2,5,1,10
1,-11,4,0,2,-11
-13,0,1,3,-13,0
-11,-11,0,2,-11,1
2,11,2,5,1,10
1,-11,6,0,11,-11
10,2,5,4,10,2
0,0,3,3,0,0
1,-11,2,0,1,-11
1,1,4,2,2,1
1,-13,2,1,1,-13
0,-13,3,1,0,-13
-11,10,0,6,-11,11
-11,10,0,5,-11,10
-13,11,1,6,-13,11
10,-13,5,1,10,-13
-11,0,0,3,-11,0
-11,-11,0,0,-11,-11
-13,-13,1,1,-13,-13
0,2,2,2,1,1
2,-11,4,0,2,-11
1,1,2,6,1,11
2,-13,4,1,2,-13
0,1,3,2,0,1
10,1,5,2,10,1
10,-13,5,1,10,-13
-13,2,1,2,-13,1
-13,-13,1,1,-13,-13
1,11,2,6,1,11
1,-11,2,0,1,-11
10,1,3,2,0,1
0,1,3,2,0,1
1,1,2,4,1,2
10,-11,5,0,10,-11
1,0,2,3,1,0
-13,-13,1,1,-13,-13
-11,10,0,5,-11,10
10,2,5,4,10,2
2,11,4,6,2,11
11,3,6,4,11,2
10,1,5,2,10,1
1,0,6,3,11,0
10,1,6,2,11,1
10,10,5,5,10,10
-11,1,0,2,-11,1
1,0,2,5,1,10
-11,-11,0,0,-11,-11
0,1,2,2,1,1
-11,0,0,3,-11,0
-11,1,0,3,-11,0
-11,-11,0,0,-11,-11
0,-13,3,1,0,-13
2,1,4,2,2,1
-13,-13,1,1,-13,-13
-11,2,0,4,-11,2
0,2,8,5,-333,10
-13,-13,1,1,-13,-13
-11,3,8,4,-333,2
-11,-13,0,1,-11,-13
-13,11,1,5,-13,10
10,-11,5,0,10,-11
11,-13,6,1,11,-13
-11,1,0,2,-11,1
2,1,2,2,1,1
-13,10,1,6,-13,11
10,-11,5,0,10,-11
1,-13,2,1,1,-13
-13,-11,1,0,-13,-11
1,10,2,6,1,11
1,1,5,0,10,-11
-11,-11,0,0,-11,-11
1,10,2,5,1,10
-13,0,1,3,-13,0
-13,-11,1,0,-13,-11
1,2,2,6,1,11
1,-13,2,8,1,-333
1,-11,2,0,1,-11
-13,0,1,4,-13,2
-13,10,1,5,-13,10
10,-11,5,0,10,-11
-13,11,1,6,-13,11
1,-11,2,0,1,-11
1,-11,2,0,1,-11
1,1,2,2,1,1
0,-11,3,0,0,-11
-11,2,0,2,-11,1
1,0,6,2,11,1
1,10,8,5,-333,10
-13,11,1,6,-13,11
11,-13,6,1,11,-13
0,-13,3,1,0,-13
3,-13,6,1,11,-13
10,-13,5,1,10,-13
0,-13,3,1,0,-13
1,11,2,4,1,2
0,1,3,2,0,1
1,1,8,2,-333,1
0,-13,3,1,0,-13
10,11,5,6,10,11
1,2,1,4,-13,2
-11,0,0,3,-11,0
-11,1,0,2,-11,1
1,-11,2,0,1,-11
-11,10,0,5,-11,10
-11,11,0,6,-11,11
-11,0,0,0,-11,-11
-13,2,1,6,-13,11
2,1,2,2,1,1
-11,0,0,3,-11,0
0,0,3,3,0,0
10,1,5,2,10,1
2,-11,4,0,2,-11
1,2,2,2,1,1
-11,-13,2,1,1,-13
-11,1,0,2,-11,1
1,11,2,5,1,10
-11,-13,0,1,-11,-13
-11,1,0,2,-11,1
-13,-11,1,0,-13,-11
-11,-11,0,0,-11,-11
1,-11,2,0,1,-11
-13,11,1,5,-13,10
11,11,6,6,11,11
0,1,5,2,10,1
-13,10,1,5,-13,10
-13,-13,1,1,-13,-13
-11,1,0,2,-11,1
-11,-13,0,1,-11,-13
-11,-13,0,1,-11,-13
1,1,3,2,0,1
-13,1,7,2,-222,1
1,-11,2,0,1,-11
-11,-11,0,0,-11,-11
1,-13,2,1,1,-13
10,-13,5,1,10,-13
-13,-13,1,1,-13,-13
0,-11,3,0,0,-11
-13,0,1,3,-13,0
-13,10,1,6,-13,11
10,10,5,5,10,10
-11,1,0,2,-11,1
11,0,6,2,11,1
-11,0,0,3,-11,0
10,-11,5,0,10,-11
1,-11,3,0,0,-11
-11,1,0,2,-11,1
-11,10,0,5,-11,10
3,0,4,3,2,0
0,-13,5,1,10,-13
-13,1,1,2,-13,1
0,-13,3,1,0,-13
-13,-13,1,1,-13,-13
0,-11,6,0,11,-11
1,1,2,2,1,1
-11,1,0,2,-11,1
-11,1,0,2,-11,1
1,0,2,3,1,0
-13,11,1,5,-13,10
0,1,3,2,0,1
10,-13,5,1,10,-13
0,-13,2,1,1,-13
0,0,3,3,0,0
-11,-11,0,0,-11,-11
1,2,2,6,1,11
0,-13,3,7,0,-222
-11,-11,0,0,-11,-11
1,-11,2,0,1,-11
10,2,5,2,10,1
10,2,6,2,11,1
1,2,2,4,1,2
1,-11,2,0,1,-11
1,2,2,2,1,1
-11,10,0,5,-11,10
1,-13,2,1,1,-13
-11,2,0,4,-11,2
-13,11,1,6,-13,11
1,10,2,5,1,10
2,11,4,6,2,11
-11,0,0,3,-11,0
1,-13,2,2,1,1
2,-13,4,1,2,-13
0,2,3,2,0,1
-11,-11,0,0,-11,-11
0,1,2,4,1,2
0,-13,3,2,0,1
-11,11,0,5,-11,10
-13,3,1,6,-13,11
0,1,4,2,2,1
-13,10,1,5,-13,10
-13,0,1,3,-13,0
1,2,6,2,11,1
10,11,5,5,10,10
2,-11,2,0,1,-11
10,10,5,5,10,10
1,0,2,3,1,0
1,1,2,2,1,1
0,-13,1,1,-13,-13
1,0,2,3,1,0
1,1,2,2,1,1
0,0,3,3,0,0
11,0,6,3,11,0
2,10,6,6,11,11
-13,1,1,2,-13,1
0,3,2,4,1,2
-11,2,0,2,-11,1
-13,-13,1,1,-13,-13
1,1,2,4,1,2
-11,1,0,2,-11,1
-11,-11,0,0,-11,-11
10,1,5,2,10,1
-13,1,1,2,-13,1
2,11,2,6,1,11
1,-13,2,1,1,-13
-11,11,0,6,-11,11
0,1,2,2,1,1
0,1,2,2,1,1
1,10,2,6,1,11
0,-11,3,0,0,-11
-13,1,1,2,-13,1
10,10,5,5,10,10
10,11,5,5,10,10
-11,-13,0,1,-11,-13
1,2,2,4,1,2
0,-1,3,5,0,10
-11,0,0,5,-11,10
0,1,3,4,0,2
1,1,2,2,1,1
-13,-11,1,0,-13,-11
0,0,4,3,2,0
-13,10,2,5,1,10
12,1,6,2,11,1
-13,1,1,2,-13,1
1,0,2,3,1,0
12,1,2,2,1,1
-11,1,0,2,-11,1
2,1,6,2,11,1
0,0,3,3,0,0
-11,10,0,5,-11,10
1,1,2,2,1,1
10,10,5,5,10,10
-13,-13,1,1,-13,-13
3,-11,4,0,2,-11
-13,11,1,6,-13,11
-13,1,1,4,-13,2
10,-11,6,0,11,-11
-11,-13,0,1,-11,-13
0,-13,3,1,0,-13
-13,1,1,2,-13,1
1,11,2,6,1,11
0,-13,2,3,1,0
10,1,5,2,10,1
-11,10,0,5,-11,10
-11,-13,0,1,-11,-13
11,-11,6,2,11,1
10,10,6,5,11,10
1,-13,2,8,1,-333
-13,-11,1,0,-13,-11
-11,1,8,2,-333,1
1,-11,2,0,1,-11
0,-11,3,0,0,-11
1,-11,2,0,1,-11
-13,-11,1,0,-13,-11
1,1,2,5,1,10
3,1,4,2,2,1
1,-11,2,0,1,-11
1,-11,2,0,1,-11
10,-13,5,1,10,-13
1,-11,2,0,1,-11
-11,0,0,3,-11,0
1,1,2,2,1,1
11,-11,6,2,11,1
-11,1,0,3,-11,0
10,1,6,5,11,10
-13,2,1,2,-13,1
-11,1,0,2,-11,1
2,0,2,3,1,0
11,2,6,4,11,2
1,11,2,5,1,10
0,2,3,4,0,2
-11,11,0,6,-11,11
1,1,2,2,1,1
11,1,6,2,11,1
1,0,2,3,1,0
10,1,5,2,10,1
0,10,3,5,0,10
-11,1,2,2,1,1
-11,2,0,6,-11,11
1,1,4,2,2,1
-11,-13,2,1,1,-13
-11,-13,0,1,-11,-13
1,0,2,3,1,0
1,1,2,2,1,1
1,0,2,3,1,0
1,0,2,3,1,0
2,-11,4,0,2,-11
1,-11,2,0,1,-11
1,-11,2,0,1,-11
3,-13,4,1,2,-13
1,0,2,3,1,0
12,1,6,0,11,-11
1,-13,2,1,1,-13
10,-11,6,0,11,-11
0,1,3,2,0,1
1,0,2,6,1,11
-13,-11,1,0,-13,-11
11,2,6,6,11,11
10,2,5,2,10,1
-13,-13,1,1,-13,-13
10,-13,5,1,10,-13
-11,1,0,5,-11,10
-13,-13,1,1,-13,-13
-13,-11,1,2,-13,1
1,10,2,5,1,10
-13,-11,1,0,-13,-11
1,0,8,2,-333,1
1,-13,2,1,1,-13
11,-11,5,3,10,0
-13,2,1,4,-13,2
1,-13,2,0,1,-11
-11,1,0,2,-11,1
-11,10,0,6,-11,11
11,11,5,6,10,11
1,12,2,6,1,11
1,-13,6,1,11,-13
0,-11,3,0,0,-11
0,1,1,6,-13,11
-13,-11,1,0,-13,-11
1,1,2,2,1,1
10,1,5,2,10,1
10,10,5,5,10,10
0,-11,3,0,0,-11
1,-13,2,1,1,-13
10,1,5,2,10,1
-11,1,0,2,-11,1
10,1,5,2,10,1
10,12,5,6,10,11
1,-13,2,1,1,-13
-13,-13,8,1,-333,-13
1,-11,2,0,1,-11
1,1,2,2,1,1
-13,0,1,4,-13,2
0,1,5,2,10,1
-13,-13,3,1,0,-13
-13,10,1,6,-13,11
-11,2,0,2,-11,1
0,0,1,3,-13,0
11,-13,5,1,10,-13
1,11,2,6,1,11
-11,2,0,2,-11,1
-11,-11,0,0,-11,-11
1,0,2,8,1,-333
11,-13,5,1,10,-13
2,-11,4,0,2,-11
2,-11,4,0,2,-11
-11,-11,0,0,-11,-11
1,-13,2,1,1,-13
1,2,2,2,1,1
-13,0,1,0,-13,-11
0,2,3,4,0,2
2,-11,2,0,1,-11
-11,1,0,2,-11,1
3,-13,6,1,11,-13
0,1,2,2,1,1
1,3,2,4,1,2
0,0,3,5,0,10
-11,1,0,2,-11,1
0,-11,3,0,0,-11
10,-13,5,1,10,-13
10,1,6,2,11,1
-13,1,1,2,-13,1
1,1,2,2,1,1
10,1,5,2,10,1
1,1,2,2,1,1
0,1,3,2,0,1
-13,12,8,5,-333,10
-11,1,0,2,-11,1
10,0,5,3,10,0
0,10,3,5,0,10
-11,2,0,2,-11,1
10,0,6,3,11,0
10,1,5,2,10,1
1,1,2,2,1,1
-11,0,0,5,-11,10
-11,1,2,2,1,1
-11,1,0,2,-11,1
2,-13,4,1,2,-13
1,1,4,2,2,1
11,1,5,2,10,1
1,1,2,2,1,1
0,1,3,2,0,1
1,1,2,2,1,1
-11,10,0,5,-11,10
11,1,6,2,11,1
11,-13,5,1,10,-13
0,0,3,3,0,0
3,-11,4,0,2,-11
-13,1,1,2,-13,1
-11,-11,2,0,1,-11
-13,-13,1,1,-13,-13
-13,0,1,5,-13,10
-13,-13,1,1,-13,-13
-11,2,0,4,-11,2
-13,-11,1,2,-13,1
0,2,3,2,0,1
3,1,6,2,11,1
1,-11,2,0,1,-11
1,-13,2,0,1,-11
0,-11,2,0,1,-11
0,10,3,5,0,10
1,1,8,2,-333,1
10,1,5,2,10,1
10,-13,5,1,10,-13
-11,-13,0,1,-11,-13
10,1,6,8,11,-333
1,-13,4,0,2,-11
1,2,2,4,1,2
-11,0,2,3,1,0
2,-13,4,1,2,-13
-13,1,1,5,-13,10
11,-13,6,1,11,-13
-13,2,1,2,-13,1
1,1,2,2,1,1
10,2,6,6,11,11
-13,-13,1,1,-13,-13
-11,0,2,2,1,1
1,1,2,2,1,1
0,0,3,3,0,0
1,-11,2,0,1,-11
-13,-13,1,1,-13,-13
1,-11,2,0,1,-11
2,-11,4,0,2,-11
-11,-11,0,0,-11,-11
10,10,6,5,11,10
1,-13,2,1,1,-13
-11,11,0,4,-11,2
-11,10,3,5,0,10
2,-11,2,0,1,-11
-11,1,0,2,-11,1
-13,0,1,3,-13,0
11,1,5,2,10,1
1,0,2,2,1,1
1,0,6,3,11,0
0,11,3,2,0,1
1,-13,2,1,1,-13
2,10,4,5,2,10
-11,1,0,4,-11,2
-13,3,2,6,1,11
2,1,2,2,1,1
-11,10,0,5,-11,10
-13,0,1,3,-13,0
-11,-13,0,1,-11,-13
1,-13,2,1,1,-13
-13,-11,1,0,-13,-11
-11,11,3,6,0,11
-11,1,0,2,-11,1
11,-11,6,0,11,-11
-13,0,1,2,-13,1
10,10,5,6,10,11
1,1,2,2,1,1
10,1,5,2,10,1
1,0,4,3,2,0
-11,11,0,4,-11,2
-11,11,0,6,-11,11
-11,0,0,5,-11,10
-11,-13,0,1,-11,-13
-13,-13,2,1,1,-13
-11,-13,0,1,-11,-13
10,1,5,2,10,1
-11,1,5,2,10,1
-13,-13,1,1,-13,-13
1,1,2,2,1,1
1,10,2,5,1,10
2,-11,4,0,2,-11
1,2,2,4,1,2
-13,-13,1,1,-13,-13
0,11,3,6,0,11
1,-13,4,1,2,-13
11,-13,6,1,11,-13
2,10,2,5,1,10
-13,1,1,2,-13,1
1,1,2,2,1,1
1,0,2,3,1,0
0,-13,3,1,0,-13
0,0,2,3,1,0
-13,1,1,0,-13,-11
2,-13,4,1,2,-13
-13,-13,1,1,-13,-13
-13,-13,1,1,-13,-13
-11,-13,0,1,-11,-13
-11,-11,0,0,-11,-11
2,10,2,6,1,11
1,-13,2,1,1,-13
-13,12,1,6,-13,11
2,3,6,4,11,2
10,1,5,2,10,1
-13,-13,1,1,-13,-13
11,-11,6,2,11,1
10,0,6,3,11,0
0,10,3,5,0,10
-13,1,1,2,-13,1
-13,-11,1,0,-13,-11
1,1,2,8,1,-333
10,-11,5,0,10,-11
10,10,5,6,10,11
2,-11,2,0,1,-11
1,0,2,3,1,0
-11,1,0,2,-11,1
1,-11,2,0,1,-11
-13,-13,1,1,-13,-13
-13,1,1,2,-13,1
-11,-13,0,1,-11,-13
10,-11,5,2,10,1
2,2,6,2,11,1
10,1,5,2,10,1
-11,1,0,6,-11,11
-11,10,0,5,-11,10
-11,2,0,2,-11,1
1,-11,2,0,1,-11
0,0,5,3,10,0
1,-11,2,0,1,-11
-13,-11,2,0,1,-11
-11,1,0,2,-11,1
-13,-11,1,2,-13,1
-13,-11,1,0,-13,-11
11,-13,6,1,11,-13
1,-11,2,0,1,-11
0,10,8,5,-333,10
1,-13,3,1,0,-13
-11,-11,0,0,-11,-11
1,11,6,6,11,11
2,1,4,2,2,1
1,10,2,5,1,10
-13,-13,1,7,-13,-222
-13,-13,1,1,-13,-13
-13,11,1,5,-13,10
1,1,2,2,1,1
2,1,2,2,1,1
1,-11,2,0,1,-11
-13,10,1,5,-13,10
1,-13,2,1,1,-13
0,1,3,2,0,1
0,10,3,5,0,10
-13,-11,1,0,-13,-11
10,10,5,5,10,10
2,10,2,5,1,10
-11,-13,0,1,-11,-13
11,10,6,5,11,10
1,2,6,6,11,11
0,1,3,2,0,1
-11,-13,0,1,-11,-13
-13,1,1,2,-13,1
-13,-11,8,8,-333,-333
-13,2,1,4,-13,2
11,0,2,3,1,0
-11,-13,0,1,-11,-13
-13,-13,1,1,-13,-13
-11,1,0,2,-11,1
-11,2,0,4,-11,2
-11,1,0,2,-11,1
11,1,6,2,11,1
-11,-13,0,1,-11,-13
1,-13,2,1,1,-13
-11,2,0,4,-11,2
0,0,3,3,0,0
2,10,6,5,11,10
11,10,6,5,11,10
0,-13,5,1,10,-13
1,1,2,2,1,1
1,1,2,4,1,2
-11,-11,0,0,-11,-11
-11,0,0,3,-11,0
0,1,2,2,1,1
-13,-11,1,0,-13,-11
1,-13,2,1,1,-13
-13,-13,1,1,-13,-13
3,-11,4,0,2,-11
1,10,2,5,1,10
1,-11,2,0,1,-11
-13,2,1,4,-13,2
10,-13,5,0,10,-11
-13,-11,1,0,-13,-11
10,1,5,2,10,1
1,2,6,5,11,10
10,2,6,4,11,2
0,1,3,2,0,1
1,1,2,2,1,1
-11,1,0,2,-11,1
2,10,4,6,2,11
11,-11,2,0,1,-11
10,10,5,6,10,11
1,-11,2,0,1,-11
-11,0,0,3,-11,0
2,0,2,3,1,0
-11,1,0,2,-11,1
-13,0,1,3,-13,0
-13,-13,1,1,-13,-13
1,0,2,3,1,0
1,-13,4,1,2,-13
0,1,3,2,0,1
10,11,5,6,10,11
0,-13,0,1,-11,-13
0,-13,3,1,0,-13
0,11,3,5,0,10
-13,0,1,2,-13,1
-13,2,1,2,-13,1
0,1,3,2,0,1
-13,-11,1,8,-13,-333
1,0,2,3,1,0
1,1,2,2,1,1
-13,10,1,5,-13,10
-11,0,0,2,-11,1
1,-11,2,2,1,1
-13,10,7,5,-222,10
1,0,3,3,0,0
11,12,6,6,11,11
1,10,2,5,1,10
-11,10,0,5,-11,10
-13,-11,1,0,-13,-11
2,-13,2,1,1,-13
-11,0,0,2,-11,1
-11,1,8,6,-333,11
-11,-13,0,1,-11,-13
10,1,5,2,10,1
1,-13,2,1,1,-13
0,0,3,2,0,1
10,1,5,2,10,1
-13,10,1,5,-13,10
1,0,2,0,1,-11
1,1,2,2,1,1
1,1,0,3,-11,0
-11,1,0,2,-11,1
-11,10,0,5,-11,10
-13,1,1,2,-13,1
1,1,2,2,1,1
-11,10,0,5,-11,10
-11,0,0,3,-11,0
10,0,5,3,10,0
2,2,2,2,1,1
1,2,4,2,2,1
-11,1,0,2,-11,1
10,10,5,5,10,10
2,-11,4,0,2,-11
-13,1,3,4,0,2
1,-11,6,0,11,-11
-11,0,0,4,-11,2
11,2,6,4,11,2
-13,1,3,2,0,1
0,2,2,4,1,2
10,-13,5,1,10,-13
1,11,2,6,1,11
0,11,2,0,1,-11
1,-13,2,1,1,-13
1,2,2,4,1,2
0,1,3,2,0,1
0,2,3,4,0,2
0,0,0,3,-11,0
2,-11,2,1,1,-13
1,10,2,5,1,10
-13,10,1,5,-13,10
2,1,2,2,1,1
-13,-13,1,1,-13,-13
2,-13,6,1,11,-13
-11,1,0,2,-11,1
1,-11,2,1,1,-13
11,1,6,2,11,1
10,1,6,2,11,1
0,0,3,3,0,0
1,-13,6,1,11,-13
-13,1,1,2,-13,1
1,-11,2,1,1,-13
-11,-13,0,1,-11,-13
1,10,2,5,1,10
1,-13,6,1,11,-13
-11,-11,0,0,-11,-11
1,11,2,5,1,10
1,-13,2,1,1,-13
11,-13,5,8,10,-333
1,1,2,2,1,1
0,1,6,2,11,1
-13,-13,1,1,-13,-13
1,1,2,2,1,1
10,-11,5,2,10,1
1,1,2,2,1,1
1,2,2,6,1,11
-11,10,0,5,-11,10
-13,0,1,3,-13,0
-13,-13,1,1,-13,-13
0,2,3,2,0,1
-13,-11,1,0,-13,-11
1,0,2,3,1,0
-11,11,0,6,-11,11
-13,1,1,2,-13,1
1,0,2,3,1,0
2,1,2,2,1,1
0,-11,2,0,1,-11
1,10,2,5,1,10
-11,-13,0,1,-11,-13
2,11,2,5,1,10
-11,0,2,3,1,0
10,0,5,3,10,0
-13,1,1,6,-13,11
-13,2,1,2,-13,1
1,-13,2,1,1,-13
11,10,6,5,11,10
-13,1,1,2,-13,1
-13,-11,1,0,-13,-11
1,-13,2,1,1,-13
-11,-11,0,0,-11,-11
-11,10,0,5,-11,10
-11,2,0,2,-11,1
1,1,2,2,1,1
2,-13,3,2,0,1
-13,-13,1,1,-13,-13
1,-11,3,0,0,-11
-11,-13,0,1,-11,-13
-11,2,0,2,-11,1
1,0,2,3,1,0
-13,0,1,8,-13,-333
1,1,2,0,1,-11
-13,1,1,2,-13,1
-13,10,1,5,-13,10
10,-11,5,0,10,-11
2,10,2,5,1,10
1,1,2,2,1,1
1,3,4,4,2,2
0,1,3,2,0,1
0,-11,3,0,0,-11
-13,3,1,4,-13,2
-11,0,0,3,-11,0
1,-11,2,0,1,-11
0,2,5,2,10,1
2,1,2,2,1,1
-11,-13,0,1,-11,-13
10,1,5,2,10,1
0,2,3,2,0,1
0,0,3,3,0,0
1,1,2,2,1,1
-13,1,1,2,-13,1
-11,-11,0,0,-11,-11
-13,10,8,5,-333,10
-13,1,2,2,1,1
0,1,5,2,10,1
1,-13,5,1,10,-13
2,-13,4,1,2,-13
1,1,2,2,1,1
2,-13,4,3,2,0
11,1,5,2,10,1
0,0,2,0,1,-11
-13,1,1,2,-13,1
1,-11,4,0,2,-11
-11,1,0,4,-11,2
1,1,2,2,1,1
1,2,2,4,1,2
2,1,2,2,1,1
10,10,5,5,10,10
-13,1,1,4,-13,2
2,10,6,6,11,11
-13,-11,8,0,-333,-11
10,1,5,2,10,1
-11,10,0,5,-11,10
2,11,2,5,1,10
-13,-11,1,1,-13,-13
-11,-11,0,8,-11,-333
-13,-13,3,1,0,-13
1,1,2,2,1,1
2,1,2,0,1,-11
-11,1,2,4,1,2
0,1,5,2,10,1
-13,-13,1,1,-13,-13
11,1,5,2,10,1
1,-13,2,1,1,-13
11,-11,6,0,11,-11
-11,1,0,2,-11,1
1,2,2,4,1,2
1,1,2,2,1,1
2,2,4,2,2,1
-11,-13,0,1,-11,-13
0,0,3,2,0,1
0,1,3,4,0,2
-13,2,1,2,-13,1
-11,-11,0,0,-11,-11
1,1,2,2,1,1
-13,1,0,2,-11,1
1,0,2,5,1,10
1,-13,2,1,1,-13
-11,1,0,2,-11,1
1,0,2,3,1,0
1,-11,2,0,1,-11
1,1,2,2,1,1
10,2,5,2,10,1
0,-11,3,8,0,-333
-11,10,0,6,-11,11
3,-11,4,0,2,-11
-13,-13,1,0,-13,-11
-13,1,1,2,-13,1
0,0,2,3,1,0
-13,11,1,6,-13,11
2,10,4,5,2,10
-11,1,0,2,-11,1
10,0,5,3,10,0
1,2,2,4,1,2
10,1,5,2,10,1
0,1,3,2,0,1
-11,1,0,3,-11,0
-11,1,0,2,-11,1
10,2,6,4,11,2
-13,-11,1,0,-13,-11
-13,-13,1,1,-13,-13
10,0,5,1,10,-13
1,1,2,2,1,1
1,-11,2,0,1,-11
2,-11,2,0,1,-11
10,11,5,6,10,11
2,-13,4,1,2,-13
1,0,2,3,1,0
0,-11,3,0,0,-11
0,11,3,6,0,11
-11,-11,0,0,-11,-11
0,2,3,2,0,1
10,-13,6,1,11,-13
1,1,4,2,2,1
1,1,4,2,2,1
0,-13,3,1,0,-13
0,0,3,3,0,0
1,12,2,6,1,11
-11,2,0,2,-11,1
10,1,5,2,10,1
11,12,3,5,0,10
10,-13,5,1,10,-13
-11,1,0,2,-11,1
11,2,6,4,11,2
10,0,5,2,10,1
10,1,5,2,10,1
2,1,6,2,11,1
1,-11,2,0,1,-11
2,-11,2,0,1,-11
2,-13,2,1,1,-13
10,2,5,2,10,1
1,11,2,6,1,11
0,0,3,3,0,0
-11,-11,0,0,-11,-11
1,1,2,4,1,2
-11,0,0,2,-11,1
1,1,4,6,2,11
0,-13,3,1,0,-13
10,1,6,2,11,1
-13,-11,1,0,-13,-11
2,3,5,5,10,10
0,0,3,2,0,1
1,1,2,2,1,1
-11,-13,0,7,-11,-222
10,0,5,3,10,0
0,-13,3,1,0,-13
-13,10,1,5,-13,10
1,2,2,2,1,1
11,1,6,2,11,1
-13,-13,1,1,-13,-13
-13,-11,1,0,-13,-11
1,-11,2,0,1,-11
-13,-11,1,0,-13,-11
11,-11,5,0,10,-11
1,11,2,6,1,11
1,0,3,3,0,0
1,-13,2,1,1,-13
1,0,2,3,1,0
10,2,5,2,10,1
1,-11,2,0,1,-11
1,-13,2,1,1,-13
-13,2,1,4,-13,2
0,0,3,3,0,0
-11,-11,0,0,-11,-11
11,-13,6,1,11,-13
10,1,6,2,11,1
-13,1,1,2,-13,1
0,1,2,8,1,-333
-13,1,1,2,-13,1
2,-11,2,0,1,-11
1,-13,2,1,1,-13
-13,-13,1,1,-13,-13
1,10,2,5,1,10
-11,2,0,4,-11,2
11,2,6,2,11,1
-13,2,1,6,-13,11
1,10,2,6,1,11
1,2,2,4,1,2
0,-11,3,0,0,-11
1,-11,5,0,10,-11
2,-13,4,1,2,-13
10,11,5,6,10,11
10,10,5,5,10,10
1,12,2,6,1,11
-13,-13,1,1,-13,-13
3,1,4,2,2,1
10,-13,5,1,10,-13
-13,2,1,2,-13,1
1,10,2,5,1,10
2,0,2,3,1,0
10,0,5,3,10,0
-13,1,0,3,-11,0
1,0,2,3,1,0
-11,-11,0,0,-11,-11
10,10,5,5,10,10
-11,1,0,6,-11,11
0,0,3,2,0,1
-13,0,1,3,-13,0
1,1,2,2,1,1
2,3,4,6,2,11
10,-13,5,1,10,-13
10,0,5,3,10,0
0,-13,2,1,1,-13
1,1,2,2,1,1
1,1,2,2,1,1
10,1,5,2,10,1
-11,10,0,6,-11,11
1,1,2,2,1,1
0,11,5,6,10,11
-11,-11,0,0,-11,-11
-13,1,1,2,-13,1
0,2,3,6,0,11
-11,1,0,2,-11,1
0,-13,3,1,0,-13
-11,0,0,3,-11,0
0,1,3,3,0,0
-13,-13,1,1,-13,-13
2,1,4,6,2,11
-11,-11,2,0,1,-11
-13,3,1,6,-13,11
10,1,6,2,11,1
-11,1,3,6,0,11
-13,0,1,3,-13,0
1,1,2,4,1,2
0,-11,3,0,0,-11
10,-11,5,0,10,-11
11,-11,6,0,11,-11
1,11,2,5,1,10
-11,-11,0,0,-11,-11
-11,2,0,4,-11,2
1,-13,0,1,-11,-13
-11,10,0,5,-11,10
1,-11,2,0,1,-11
-13,0,1,3,-13,0
1,2,2,6,1,11
2,-11,4,0,2,-11
10,-13,5,1,10,-13
-13,1,1,8,-13,-333
10,-13,5,1,10,-13
1,10,2,5,1,10
0,0,3,3,0,0
2,-11,6,0,11,-11
-11,0,0,1,-11,-13
11,1,5,2,10,1
-11,1,0,2,-11,1
0,10,3,5,0,10
10,2,5,4,10,2
0,-13,3,1,0,-13
1,-13,5,1,10,-13
1,-13,2,1,1,-13
1,-13,2,1,1,-13
1,-11,2,0,1,-11
-11,10,0,5,-11,10
1,1,2,2,1,1
0,1,3,2,0,1
-11,1,0,2,-11,1
-11,10,0,5,-11,10
-13,2,1,2,-13,1
0,-13,3,1,0,-13
1,-11,4,0,2,-11
1,-11,2,0,1,-11
1,0,2,3,1,0
-11,-13,0,1,-11,-13
1,-11,4,0,2,-11
10,11,6,6,11,11
-11,1,3,2,0,1
1,0,2,3,1,0
0,-13,3,1,0,-13
-13,-11,1,0,-13,-11
11,4,6,4,11,2
0,10,3,5,0,10
1,-11,2,0,1,-11
11,-11,5,0,10,-11
-13,2,1,4,-13,2
1,1,2,2,1,1
-11,-13,0,1,-11,-13
-13,10,1,6,-13,11
-13,10,1,6,-13,11
-13,10,1,5,-13,10
-13,1,8,2,-333,1
10,1,5,6,10,11
-13,-13,1,1,-13,-13
1,1,2,2,1,1
2,-11,4,0,2,-11
-13,-11,1,0,-13,-11
-13,2,1,4,-13,2
1,1,2,4,1,2
-13,-13,1,1,-13,-13
-11,-11,0,0,-11,-11
-11,-13,0,1,-11,-13
1,11,2,6,1,11
-11,1,2,6,1,11
10,10,5,5,10,10
1,1,2,2,1,1
-11,-13,0,1,-11,-13
2,1,2,2,1,1
1,0,2,3,1,0
11,-11,6,0,11,-11
-13,1,1,2,-13,1
2,1,2,2,1,1
-11,-13,0,1,-11,-13
10,2,5,2,10,1
-13,10,1,5,-13,10
2,-11,6,0,11,-11
1,11,2,5,1,10
2,-13,4,1,2,-13
0,10,3,5,0,10
-11,1,0,2,-11,1
0,-13,3,1,0,-13
10,10,5,5,10,10
-11,10,0,5,-11,10
1,1,2,2,1,1
2,-11,4,0,2,-11
10,2,6,4,11,2
-11,-13,2,1,1,-13
1,-11,2,0,1,-11
1,0,2,3,1,0
11,1,6,2,11,1
1,-13,8,1,-333,-13
11,1,6,2,11,1
0,-11,3,0,0,-11
10,10,5,5,10,10
-13,0,1,3,-13,0
2,-13,2,1,1,-13
1,11,2,6,1,11
1,1,2,6,1,11
2,-13,6,1,11,-13
1,-11,2,0,1,-11
1,0,2,0,1,-11
1,1,2,2,1,1
0,-11,3,0,0,-11
-13,1,1,2,-13,1
1,-13,2,1,1,-13
-13,-11,1,0,-13,-11
10,-11,6,0,11,-11
-11,-13,0,8,-11,-333
0,10,3,5,0,10
0,-11,3,0,0,-11
1,1,2,5,1,10
1,1,2,2,1,1
-11,10,0,5,-11,10
2,-11,6,0,11,-11
11,10,8,5,-333,10
0,2,3,2,0,1
2,1,6,2,11,1
-13,1,1,6,-13,11
0,-11,3,0,0,-11
0,1,3,2,0,1
0,-13,3,1,0,-13
1,1,0,0,-11,-11
-13,-11,1,0,-13,-11
0,1,3,2,0,1
12,1,2,3,1,0
0,-13,3,1,0,-13
2,10,2,5,1,10
2,-11,4,0,2,-11
-13,1,1,2,-13,1
0,10,3,5,0,10
1,0,4,3,2,0
-11,-11,0,0,-11,-11
0,2,3,4,0,2
-11,1,8,2,-333,1
1,0,4,3,2,0
-11,1,4,2,2,1
-11,11,0,6,-11,11
-11,-13,0,1,-11,-13
1,-13,4,1,2,-13
11,-11,6,0,11,-11
0,2,3,4,0,2
1,0,2,3,1,0
2,1,4,2,2,1
-13,1,1,2,-13,1
-13,10,1,5,-13,10
2,-11,4,2,2,1
11,-11,5,0,10,-11
1,-13,2,1,1,-13
2,-13,4,1,2,-13
1,-13,2,1,1,-13
1,0,2,3,1,0
2,1,2,2,1,1
-11,0,0,3,-11,0
-13,-11,1,0,-13,-11
-13,1,1,2,-13,1
-11,1,2,8,1,-333
1,-11,2,0,1,-11
0,1,8,2,-333,1
0,1,3,2,0,1
11,0,6,8,11,-333
-13,0,1,3,-13,0
-13,-11,1,0,-13,-11
0,10,3,5,0,10
2,-11,2,0,1,-11
0,-13,3,1,0,-13
10,-13,5,1,10,-13
-11,0,0,3,-11,0
1,0,6,5,11,10
-13,1,1,2,-13,1
10,1,5,2,10,1
-11,1,0,2,-11,1
10,10,2,5,1,10
1,11,2,6,1,11
2,-11,4,0,2,-11
0,1,3,2,0,1
10,-13,5,1,10,-13
-11,0,0,3,-11,0
2,0,2,3,1,0
-13,-11,1,0,-13,-11
0,-11,3,0,0,-11
1,1,2,2,1,1
1,0,5,3,10,0
1,0,2,3,1,0
-11,-11,0,0,-11,-11
1,1,2,2,1,1
0,-13,3,1,0,-13
-11,0,0,5,-11,10
2,-11,2,0,1,-11
0,1,3,2,0,1
11,-13,6,1,11,-13
1,1,2,2,1,1
-11,0,0,3,-11,0
-13,-13,3,1,0,-13
-13,1,1,2,-13,1
0,-11,3,0,0,-11
0,2,0,2,-11,1
-11,0,0,3,-11,0
-13,1,1,2,-13,1
1,-13,2,1,1,-13
-13,-11,0,2,-11,1
0,-13,2,1,1,-13
1,0,4,3,2,0
0,-11,3,2,0,1
10,-13,6,1,11,-13
0,1,2,0,1,-11
10,1,2,2,1,1
11,-11,6,0,11,-11
-13,-11,1,0,-13,-11
1,-11,2,0,1,-11
-13,10,1,5,-13,10
2,1,2,2,1,1
1,1,4,2,2,1
1,0,2,4,1,2
0,1,3,2,0,1
-13,11,1,6,-13,11
-13,-13,1,1,-13,-13
-13,-13,1,1,-13,-13
1,11,8,2,-333,1
-11,-11,0,0,-11,-11
0,1,3,2,0,1
11,1,6,0,11,-11
-11,-11,0,0,-11,-11
1,1,2,2,1,1
10,0,5,3,10,0
-11,1,0,4,-11,2
1,-13,2,1,1,-13
1,-13,2,1,1,-13
1,-11,2,0,1,-11
1,-13,2,1,1,-13
1,1,2,3,1,0
2,-11,2,0,1,-11
0,0,3,3,0,0
1,-11,2,0,1,-11
2,-11,2,0,1,-11
1,0,6,3,11,0
-13,0,1,5,-13,10
2,1,4,2,2,1
1,-13,2,1,1,-13
0,1,3,2,0,1
-11,10,0,5,-11,10
10,1,6,3,11,0
1,10,8,5,-333,10
0,1,2,2,1,1
1,2,2,2,1,1
11,-13,5,1,10,-13
-11,1,0,2,-11,1
1,-13,2,1,1,-13
0,-11,1,0,-13,-11
-11,1,0,2,-11,1
10,-13,5,1,10,-13
1,-11,2,0,1,-11
-13,0,1,3,-13,0
-13,-11,1,0,-13,-11
10,1,2,2,1,1
-13,-11,1,0,-13,-11
-13,-13,1,1,-13,-13
1,1,2,2,1,1
-11,-13,0,1,-11,-13
0,-11,3,0,0,-11
11,0,5,3,10,0
-13,2,1,8,-13,-333
2,-13,4,2,2,1
3,-11,6,0,11,-11
-13,0,1,3,-13,0
2,2,4,2,2,1
2,1,4,2,2,1
2,-13,6,1,11,-13
11,2,6,7,11,-222
-13,-13,1,1,-13,-13
11,10,5,5,10,10
-13,-13,1,1,-13,-13
2,10,4,5,2,10
1,-11,2,0,1,-11
11,1,6,2,11,1
2,-13,4,0,2,-11
-11,2,8,2,-333,1
2,2,2,4,1,2
-11,10,0,5,-11,10
10,-11,5,0,10,-11
1,-11,2,0,1,-11
2,0,4,3,2,0
1,2,2,4,1,2
1,1,2,5,1,10
2,-11,4,0,2,-11
0,10,3,5,0,10
0,10,3,5,0,10
0,-11,3,0,0,-11
1,-11,2,0,1,-11
-13,1,1,2,-13,1
-13,0,1,3,-13,0
-13,1,1,2,-13,1
-11,-11,0,1,-11,-13
1,1,2,4,1,2
-11,2,2,4,1,2
-11,2,0,2,-11,1
-13,-11,1,0,-13,-11
1,-11,2,0,1,-11
3,1,4,2,2,1
1,2,2,2,1,1
-11,10,0,5,-11,10
0,1,3,2,0,1
3,10,6,6,11,11
10,11,5,6,10,11
2,1,4,2,2,1
2,0,2,5,1,10
-11,-13,0,1,-11,-13
1,10,2,5,1,10
2,1,2,2,1,1
11,2,5,2,10,1
3,-11,4,0,2,-11
-13,-11,1,0,-13,-11
-11,-13,0,1,-11,-13
-13,2,1,2,-13,1
-13,0,1,3,-13,0
-13,1,1,2,-13,1
-13,-13,1,1,-13,-13
11,-11,6,0,11,-11
10,1,6,2,11,1
-11,1,0,2,-11,1
-11,0,0,3,-11,0
0,1,3,2,0,1
1,1,2,2,1,1
-13,-13,1,1,-13,-13
1,10,2,5,1,10
-11,-11,2,0,1,-11
0,1,3,2,0,1
1,-11,2,0,1,-11
-13,1,1,2,-13,1
2,10,2,6,1,11
2,-11,4,0,2,-11
-13,-11,1,1,-13,-13
-13,-11,1,0,-13,-11
1,0,2,2,1,1
-11,-11,0,0,-11,-11
0,-11,2,0,1,-11
-11,1,3,0,0,-11
1,1,2,5,1,10
1,0,2,3,1,0
1,2,2,6,1,11
1,10,2,5,1,10
-13,-13,1,1,-13,-13
1,2,2,2,1,1
1,-11,2,0,1,-11
2,-11,2,0,1,-11
-11,10,0,5,-11,10
-11,-11,0,0,-11,-11
-13,-11,1,0,-13,-11
0,1,3,5,0,10
1,0,2,3,1,0
11,-11,6,0,11,-11
1,-13,2,2,1,1
1,-11,2,0,1,-11
-11,10,0,5,-11,10
10,0,5,3,10,0
10,0,5,2,10,1
-11,-13,0,1,-11,-13
1,11,2,6,1,11
-11,-13,0,1,-11,-13
-13,1,1,2,-13,1
2,1,2,2,1,1
1,11,2,6,1,11
-11,11,0,6,-11,11
1,1,2,2,1,1
-11,10,0,5,-11,10
0,1,2,2,1,1
0,1,3,2,0,1
-13,1,1,2,-13,1
11,0,6,8,11,-333
-13,-11,1,0,-13,-11
1,1,6,2,11,1
1,-13,2,1,1,-13
10,0,5,3,10,0
1,1,2,4,1,2
-11,3,0,6,-11,11
2,-11,4,0,2,-11
2,1,4,5,2,10
1,1,2,2,1,1
-11,10,0,5,-11,10
1,0,2,4,1,2
-11,2,7,4,-222,2
1,1,2,2,1,1
-11,1,0,6,-11,11
-11,2,0,2,-11,1
1,2,2,2,1,1
-13,-13,1,1,-13,-13
1,11,2,6,1,11
1,-11,2,0,1,-11
1,-11,2,0,1,-11
-11,-13,0,1,-11,-13
1,1,2,2,1,1
1,-11,0,0,-11,-11
1,11,2,6,1,11
1,1,3,2,0,1
10,-11,5,0,10,-11
0,-11,1,0,-13,-11
0,-11,3,0,0,-11
0,10,2,5,1,10
2,-11,4,0,2,-11
12,1,6,2,11,1
-11,-13,0,1,-11,-13
1,-11,2,0,1,-11
-13,-11,1,0,-13,-11
-13,-13,1,1,-13,-13
-13,-11,0,1,-11,-13
1,10,2,5,1,10
2,1,4,2,2,1
10,0,5,3,10,0
-11,2,0,2,-11,1
10,-13,5,1,10,-13
11,-13,6,1,11,-13
-11,10,0,5,-11,10
1,1,2,2,1,1
-13,1,1,2,-13,1
0,0,3,3,0,0
11,2,6,6,11,11
-11,-13,8,1,-333,-13
1,1,2,2,1,1
10,2,5,4,10,2
1,2,2,4,1,2
0,0,3,3,0,0
2,-11,4,8,2,-333
-13,-11,8,0,-333,-11
11,-13,6,1,11,-13
-13,-13,1,1,-13,-13
-11,1,0,8,-11,-333
1,0,2,3,1,0
2,1,4,2,2,1
0,-11,3,0,0,-11
0,-11,3,2,0,1
0,-13,3,1,0,-13
1,-11,2,0,1,-11
-13,-11,1,0,-13,-11
1,-13,2,1,1,-13
1,-11,2,0,1,-11
1,1,2,2,1,1
1,2,2,4,1,2
1,1,2,2,1,1
0,-13,5,1,10,-13
1,-13,6,1,11,-13
1,0,3,3,0,0
-11,-11,0,0,-11,-11
1,-13,2,1,1,-13
2,2,6,4,11,2
-13,1,1,2,-13,1
-11,1,1,4,-13,2
12,12,6,6,11,11
-11,-11,0,0,-11,-11
1,1,2,2,1,1
10,10,5,5,10,10
3,-11,6,0,11,-11
10,-11,6,0,11,-11
1,1,2,2,1,1
-13,11,1,6,-13,11
-13,-13,1,1,-13,-13
1,1,2,2,1,1
0,0,3,5,0,10
3,10,2,5,1,10
1,2,2,4,1,2
1,11,2,5,1,10
-13,1,1,4,-13,2
-13,-13,1,1,-13,-13
1,0,2,3,1,0
0,1,3,2,0,1
-11,10,2,5,1,10
10,0,5,3,10,0
-11,-13,0,1,-11,-13
0,-11,3,0,0,-11
0,-11,3,0,0,-11
0,1,3,4,0,2
1,-11,2,1,1,-13
2,-11,2,0,1,-11
2,-11,4,0,2,-11
10,2,5,4,10,2
-11,-11,0,0,-11,-11
2,0,2,3,1,0
2,1,2,2,1,1
0,-13,3,1,0,-13
0,0,3,3,0,0
-11,0,0,3,-11,0
11,-13,5,1,10,-13
-11,-11,0,2,-11,1
-11,-13,0,1,-11,-13
12,0,6,5,11,10
1,1,2,2,1,1
10,-11,2,0,1,-11
-11,1,0,2,-11,1
-13,-13,1,2,-13,1
1,-11,2,0,1,-11
-11,-13,0,1,-11,-13
-13,10,1,5,-13,10
10,0,5,2,10,1
1,1,2,2,1,1
1,0,2,3,1,0
-11,1,0,2,-11,1
1,-11,2,0,1,-11
0,2,3,4,0,2
2,1,2,2,1,1
-13,0,1,8,-13,-333
-11,1,0,2,-11,1
10,1,5,2,10,1
-11,0,0,3,-11,0
-11,1,0,2,-11,1
1,4,2,4,1,2
2,2,0,8,-11,-333
1,11,3,6,0,11
1,-13,4,1,2,-13
1,10,8,6,-333,11
-11,1,2,2,1,1
1,-11,2,0,1,-11
-13,-13,1,1,-13,-13
-11,-11,0,0,-11,-11
10,1,5,2,10,1
-13,11,1,6,-13,11
10,2,5,4,10,2
1,-11,0,0,-11,-11
0,2,0,2,-11,1
1,-11,2,0,1,-11
-13,-11,1,0,-13,-11
-11,-11,0,0,-11,-11
2,-13,6,1,11,-13
2,0,4,3,2,0
0,0,2,3,1,0
1,-11,2,0,1,-11
10,11,5,6,10,11
-13,1,1,2,-13,1
-11,0,0,3,-11,0
0,1,3,2,0,1
3,0,4,3,2,0
1,0,6,3,11,0
0,-13,1,1,-13,-13
-11,-11,0,0,-11,-11
1,-13,6,1,11,-13
-11,-11,0,0,-11,-11
-13,-11,1,0,-13,-11
-13,10,1,5,-13,10
1,2,2,4,1,2
1,2,2,2,1,1
-11,1,0,2,-11,1
10,0,2,3,1,0
-13,-11,1,0,-13,-11
2,1,2,2,1,1
11,0,5,2,10,1
0,10,0,6,-11,11
1,1,2,2,1,1
-13,0,1,3,-13,0
10,2,5,2,10,1
2,1,4,2,2,1
-11,2,0,2,-11,1
1,-13,2,1,1,-13
0,10,3,5,0,10
-13,-13,1,1,-13,-13
1,10,3,0,0,-11
0,-11,3,0,0,-11
-11,1,0,2,-11,1
1,-11,2,0,1,-11
1,11,2,5,1,10
-13,-11,1,0,-13,-11
10,-11,6,0,11,-11
1,-11,2,0,1,-11
0,2,3,2,0,1
0,0,3,0,0,-11
2,1,4,5,2,10
11,10,5,5,10,10
2,0,4,5,2,10
1,-11,2,0,1,-11
11,-11,6,0,11,-11
-13,0,1,3,-13,0
-13,1,1,2,-13,1
-11,0,0,3,-11,0
1,10,2,5,1,10
-11,10,0,6,-11,11
10,-13,6,1,11,-13
-13,11,1,6,-13,11
10,10,5,5,10,10
11,10,5,5,10,10
1,-11,2,0,1,-11
1,0,4,3,2,0
1,10,2,5,1,10
11,2,6,4,11,2
2,-11,4,8,2,-333
-11,0,0,3,-11,0
-11,11,0,6,-11,11
1,-11,2,0,1,-11
1,-11,2,0,1,-11
-11,11,0,6,-11,11
3,1,6,2,11,1
-11,-11,0,0,-11,-11
2,-13,2,1,1,-13
2,-11,4,0,2,-11
-11,-11,0,0,-11,-11
1,-11,2,0,1,-11
0,0,3,3,0,0
-11,1,2,4,1,2
10,-11,5,0,10,-11
0,1,3,2,0,1
-11,-13,2,1,1,-13
-11,1,0,2,-11,1
1,1,2,2,1,1
-13,2,1,4,-13,2
0,10,3,5,0,10
1,-13,2,1,1,-13
1,-11,2,0,1,-11
2,2,6,4,11,2
0,-13,3,1,0,-13
0,-11,3,0,0,-11
0,10,2,5,1,10
1,1,2,2,1,1
0,2,3,2,0,1
-13,1,1,2,-13,1
0,1,3,2,0,1
11,-11,5,2,10,1
2,-13,2,1,1,-13
2,0,2,3,1,0
10,-13,6,1,11,-13
-13,1,1,4,-13,2
1,-11,2,0,1,-11
-13,-11,1,0,-13,-11
2,10,6,5,11,10
-13,-11,1,0,-13,-11
-13,0,1,2,-13,1
-11,10,0,6,-11,11
-11,0,0,3,-11,0
-13,-11,1,0,-13,-11
2,3,2,2,1,1
1,-11,2,0,1,-11
-13,-11,1,0,-13,-11
1,10,2,5,1,10
1,0,2,2,1,1
-13,-11,1,0,-13,-11
-13,1,1,2,-13,1
-13,-13,1,1,-13,-13
1,0,2,3,1,0
1,-11,2,0,1,-11
-13,1,1,2,-13,1
-13,-13,1,1,-13,-13
1,-13,2,1,1,-13
10,1,5,2,10,1
10,1,6,2,11,1
-11,1,8,2,-333,1
1,1,2,2,1,1
1,1,8,6,-333,11
1,-11,2,0,1,-11
1,1,2,2,1,1
10,10,6,5,11,10
-13,10,1,2,-13,1
0,2,3,2,0,1
1,-11,4,0,2,-11
11,1,6,2,11,1
-11,10,0,5,-11,10
11,2,5,4,10,2
0,0,3,3,0,0
-13,-1,1,5,-13,10
10,1,5,2,10,1
-11,10,0,6,-11,11
-13,-11,1,0,-13,-11
12,-13,6,1,11,-13
1,1,2,2,1,1
-11,0,0,3,-11,0
1,10,2,5,1,10
2,1,2,2,1,1
1,12,4,6,2,11
-11,1,0,2,-11,1
3,-11,2,8,1,-333
1,-13,2,1,1,-13
1,2,2,4,1,2
1,0,2,3,1,0
-13,2,1,4,-13,2
10,-11,5,0,10,-11
-11,12,2,6,1,11
-13,1,0,2,-11,1
10,0,6,3,11,0
1,-11,2,8,1,-333
-11,-11,0,0,-11,-11
-11,-13,0,1,-11,-13
-11,1,0,2,-11,1
0,-13,3,1,0,-13
-11,-13,0,1,-11,-13
1,0,2,3,1,0
1,1,2,3,1,0
-11,1,0,2,-11,1
1,0,2,3,1,0
-13,-11,1,0,-13,-11
2,-11,4,0,2,-11
1,1,2,2,1,1
-11,-13,0,1,-11,-13
-13,-11,1,0,-13,-11
-13,-11,1,2,-13,1
0,0,3,3,0,0
1,0,2,3,1,0
1,11,2,6,1,11
1,1,2,2,1,1
0,-13,5,1,10,-13
10,0,5,3,10,0
-11,10,0,5,-11,10
2,-13,2,1,1,-13
2,0,6,3,11,0
2,0,2,3,1,0
2,11,2,5,1,10
10,-13,6,1,11,-13
0,-13,3,1,0,-13
0,0,3,3,0,0
-13,0,1,3,-13,0
1,0,2,4,1,2
10,1,5,2,10,1
-13,2,1,6,-13,11
-11,-13,0,2,-11,1
-11,-11,0,0,-11,-11
0,-11,3,0,0,-11
2,1,7,2,-222,1
-13,0,0,3,-11,0
-13,-11,1,0,-13,-11
1,1,2,2,1,1
1,-11,2,0,1,-11
1,0,2,5,1,10
1,0,2,3,1,0
2,0,4,3,2,0
-13,1,1,2,-13,1
1,-11,2,0,1,-11
1,1,2,2,1,1
10,11,5,6,10,11
1,1,2,0,1,-11
2,12,4,6,2,11
-11,1,0,2,-11,1
1,11,5,6,10,11
1,10,2,5,1,10
0,1,3,2,0,1
1,0,2,3,1,0
1,1,2,2,1,1
-13,0,1,3,-13,0
10,-13,5,1,10,-13
3,2,4,2,2,1
0,2,3,2,0,1
-13,-11,1,0,-13,-11
0,0,3,3,0,0
1,1,2,2,1,1
11,1,6,2,11,1
-11,0,1,1,-13,-13
-13,11,1,6,-13,11
-13,-13,1,1,-13,-13
1,-11,4,0,2,-11
-11,1,0,2,-11,1
-11,-13,2,1,1,-13
-11,1,0,2,-11,1
2,11,6,5,11,10
-11,-11,0,0,-11,-11
-13,11,1,6,-13,11
10,-13,5,1,10,-13
-13,-11,1,0,-13,-11
-11,-13,0,1,-11,-13
2,-13,2,3,1,0
-11,-11,0,0,-11,-11
-11,3,0,4,-11,2
10,1,5,2,10,1
2,1,6,2,11,1
0,0,3,6,0,11
-11,1,0,2,-11,1
0,1,3,2,0,1
2,0,4,3,2,0
-13,-13,1,1,-13,-13
-11,11,0,5,-11,10
-11,-11,0,0,-11,-11
0,1,3,2,0,1
0,-11,3,0,0,-11
10,10,5,6,10,11
-13,0,1,5,-13,10
1,3,2,4,1,2
10,0,5,3,10,0
-11,-11,8,0,-333,-11
10,1,5,2,10,1
-13,-13,1,0,-13,-11
-11,2,0,2,-11,1
1,0,2,3,1,0
2,1,4,2,2,1
1,-11,2,0,1,-11
11,-11,5,2,10,1
2,10,2,5,1,10
10,1,5,2,10,1
1,11,2,6,1,11
1,-11,4,0,2,-11
-13,0,2,3,1,0
-13,-13,1,1,-13,-13
2,0,4,3,2,0
-11,2,0,2,-11,1
-13,-11,1,0,-13,-11
-13,1,2,3,1,0
11,1,6,2,11,1
1,1,2,6,1,11
-11,1,0,4,-11,2
-11,2,0,2,-11,1
1,-13,2,1,1,-13
1,1,2,2,1,1
-11,-13,0,1,-11,-13
2,-13,4,1,2,-13
10,-13,6,1,11,-13
-11,-11,0,0,-11,-11
11,-11,6,0,11,-11
10,-11,5,0,10,-11
1,-13,2,1,1,-13
0,2,2,4,1,2
10,10,5,5,10,10
0,3,3,4,0,2
-11,-11,0,0,-11,-11
1,2,2,2,1,1
10,-11,5,0,10,-11
-13,11,1,6,-13,11
-13,10,1,6,-13,11
1,1,2,2,1,1
-11,0,0,3,-11,0
-11,0,0,3,-11,0
10,0,5,6,10,11
2,11,4,6,2,11
1,1,2,2,1,1
0,-13,1,1,-13,-13
1,-11,2,0,1,-11
10,-11,5,0,10,-11
-13,0,1,3,-13,0
2,1,4,2,2,1
11,4,5,4,10,2
1,0,2,3,1,0
2,10,2,5,1,10
11,-11,6,0,11,-11
-13,10,1,5,-13,10
0,1,3,3,0,0
-11,1,0,2,-11,1
0,10,3,5,0,10
2,-11,2,0,1,-11
-11,-11,3,0,0,-11
-11,0,0,3,-11,0
-11,1,0,2,-11,1
2,10,4,6,2,11
1,2,2,6,1,11
1,10,2,5,1,10
1,-13,2,1,1,-13
1,0,2,2,1,1
1,0,2,3,1,0
-13,-13,1,1,-13,-13
-13,2,1,4,-13,2
1,-13,2,8,1,-333
-11,0,0,3,-11,0
-13,1,1,6,-13,11
1,2,2,4,1,2
2,11,6,6,11,11
-11,-13,2,1,1,-13
1,-11,2,0,1,-11
3,2,6,2,11,1
0,1,6,2,11,1
1,-11,2,0,1,-11
1,0,5,3,10,0
1,2,2,4,1,2
-13,0,1,3,-13,0
-11,1,0,2,-11,1
1,0,2,3,1,0
1,1,2,2,1,1
10,-13,5,1,10,-13
-11,2,0,7,-11,-222
-11,10,0,5,-11,10
-13,-13,1,1,-13,-13
-13,2,1,6,-13,11
1,-13,2,1,1,-13
1,10,2,5,1,10
1,2,2,2,1,1
2,0,2,3,1,0
-11,0,0,3,-11,0
-11,-11,2,0,1,-11
-11,-11,0,0,-11,-11
-11,11,0,6,-11,11
1,0,2,1,1,-13
0,1,3,2,0,1
-13,0,1,3,-13,0
2,3,4,4,2,2
-13,11,1,6,-13,11
-11,-1,0,5,-11,10
0,11,3,6,0,11
1,-13,2,1,1,-13
-13,-13,1,1,-13,-13
0,11,3,6,0,11
1,2,2,2,1,1
-11,1,3,2,0,1
1,-13,2,1,1,-13
0,10,2,5,1,10
1,-11,2,0,1,-11
1,11,2,6,1,11
-13,-11,1,0,-13,-11
1,1,2,2,1,1
1,1,4,2,2,1
-13,-13,1,1,-13,-13
-11,0,0,2,-11,1
0,0,3,3,0,0
1,-11,2,0,1,-11
2,0,4,2,2,1
-13,-13,1,1,-13,-13
1,2,2,2,1,1
2,-11,4,0,2,-11
-11,-11,0,0,-11,-11
-11,10,0,5,-11,10
-13,0,1,6,-13,11
-13,-11,1,0,-13,-11
1,10,2,5,1,10
-11,1,0,2,-11,1
-11,1,0,2,-11,1
0,-13,3,1,0,-13
-11,-11,0,0,-11,-11
10,1,5,2,10,1
-11,0,0,3,-11,0
-11,-11,0,0,-11,-11
1,-11,5,0,10,-11
-13,1,1,2,-13,1
1,0,2,3,1,0
-13,0,1,3,-13,0
0,-13,2,8,1,-333
-11,10,0,5,-11,10
-11,1,0,4,-11,2
2,-11,4,0,2,-11
-13,1,1,2,-13,1
-11,1,0,2,-11,1
-1,-11,5,0,10,-11
1,-13,2,1,1,-13
-13,3,1,6,-13,11
2,0,4,3,2,0
1,10,2,5,1,10
1,2,2,4,1,2
-13,2,1,2,-13,1
1,-11,2,2,1,1
-13,1,1,2,-13,1
-13,-13,1,1,-13,-13
0,-11,3,1,0,-13
-11,0,0,3,-11,0
2,1,4,2,2,1
1,1,4,4,2,2
1,-11,5,3,10,0
1,-13,2,1,1,-13
10,10,6,5,11,10
-11,0,0,3,-11,0
2,1,4,2,2,1
1,2,2,4,1,2
-11,-11,0,0,-11,-11
10,10,5,5,10,10
-13,-11,1,0,-13,-11
1,1,2,2,1,1
1,1,2,2,1,1
11,1,6,2,11,1
2,2,4,4,2,2
10,0,5,3,10,0
0,1,1,2,-13,1
-11,-13,0,1,-11,-13
-11,-13,2,1,1,-13
11,10,6,6,11,11
-13,2,2,2,1,1
-13,-11,1,0,-13,-11
-13,-13,1,1,-13,-13
1,10,2,5,1,10
-11,-11,0,0,-11,-11
-11,-13,0,1,-11,-13
-13,1,8,4,-333,2
1,3,2,4,1,2
10,-11,5,0,10,-11
2,0,2,3,1,0
11,10,6,6,11,11
1,-11,2,7,1,-222
-13,0,0,3,-11,0
-11,1,0,2,-11,1
1,11,2,6,1,11
0,1,3,4,0,2
1,-13,2,1,1,-13
0,-13,3,1,0,-13
0,-13,3,1,0,-13
-13,0,1,3,-13,0
-11,-13,0,1,-11,-13
1,0,4,3,2,0
-13,1,1,2,-13,1
1,-13,2,1,1,-13
10,-13,5,1,10,-13
1,-11,5,0,10,-11
1,-13,2,1,1,-13
0,0,3,3,0,0
3,-13,6,1,11,-13
-11,-11,0,0,-11,-11
-13,0,1,3,-13,0
2,-13,2,1,1,-13
0,-13,2,3,1,0
2,1,6,2,11,1
-11,0,0,3,-11,0
-11,1,0,2,-11,1
-11,-11,0,0,-11,-11
-11,1,2,2,1,1
-13,11,1,6,-13,11
0,0,3,5,0,10
12,-11,6,0,11,-11
1,-13,2,1,1,-13
1,0,4,2,2,1
11,-11,6,0,11,-11
1,11,2,6,1,11
10,-13,5,1,10,-13
0,0,3,3,0,0
-11,1,8,2,-333,1
0,3,6,4,11,2
-13,-11,1,0,-13,-11
11,-13,6,1,11,-13
2,1,4,2,2,1
-13,2,1,2,-13,1
2,10,6,2,11,1
-11,10,0,5,-11,10
-13,1,1,2,-13,1
2,10,2,6,1,11
0,1,3,2,0,1
0,1,3,2,0,1
0,1,1,2,-13,1
-11,1,2,6,1,11
0,1,3,2,0,1
-11,10,0,5,-11,10
1,2,2,4,1,2
-11,2,0,6,-11,11
-13,-13,1,1,-13,-13
-13,0,1,3,-13,0
2,-13,2,1,1,-13
2,-11,4,0,2,-11
1,10,2,5,1,10
2,1,4,2,2,1
-13,-11,3,0,0,-11
-13,10,1,5,-13,10
-13,2,1,4,-13,2
-13,0,1,3,-13,0
10,1,5,2,10,1
2,-13,4,1,2,-13
1,1,0,2,-11,1
0,10,3,6,0,11
1,1,2,2,1,1
1,2,2,4,1,2
-11,-13,0,1,-11,-13
11,10,6,6,11,11
10,10,5,5,10,10
-13,10,1,6,-13,11
-13,-13,1,1,-13,-13
-11,0,0,3,-11,0
-13,2,1,4,-13,2
1,-11,6,0,11,-11
2,-13,4,1,2,-13
10,-11,5,0,10,-11
-13,-13,1,1,-13,-13
-13,0,7,3,-222,0
2,0,4,3,2,0
1,0,2,3,1,0
10,1,5,2,10,1
10,1,5,2,10,1
-13,10,1,5,-13,10
0,1,3,8,0,-333
2,1,4,2,2,1
1,0,2,3,1,0
-13,1,8,6,-333,11
-11,-13,0,1,-11,-13
1,1,2,6,1,11
1,0,2,1,1,-13
-13,1,1,4,-13,2
-13,2,1,4,-13,2
-11,10,0,6,-11,11
10,-13,6,1,11,-13
0,-13,2,0,1,-11
0,1,3,2,0,1
1,-13,2,1,1,-13
-11,1,0,2,-11,1
1,-13,2,1,1,-13
-11,1,0,2,-11,1
-13,10,1,6,-13,11
11,3,6,4,11,2
-13,-11,1,0,-13,-11
1,0,8,3,-333,0
-11,-13,8,1,-333,-13
-11,1,0,2,-11,1
-13,2,1,4,-13,2
2,10,6,5,11,10
-11,-13,0,1,-11,-13
0,2,5,6,10,11
-11,-13,0,1,-11,-13
0,-13,3,1,0,-13
0,-13,3,1,0,-13
0,0,3,3,0,0
-11,1,2,2,1,1
11,-11,6,0,11,-11
1,2,2,6,1,11
3,0,4,3,2,0
-13,10,1,5,-13,10
2,-13,4,1,2,-13
1,-11,2,2,1,1
-13,-13,1,1,-13,-13
1,1,3,2,0,1
1,-13,2,1,1,-13
1,2,2,4,1,2
11,-11,5,0,10,-11
-13,-13,1,1,-13,-13
-11,1,0,2,-11,1
10,2,6,4,11,2
2,0,4,2,2,1
2,11,6,6,11,11
-11,10,0,6,-11,11
1,1,2,2,1,1
0,-11,3,0,0,-11
1,2,2,6,1,11
-11,1,8,2,-333,1
1,-13,2,1,1,-13
11,1,6,2,11,1
-11,1,2,2,1,1
1,-13,2,1,1,-13
1,10,2,5,1,10
1,0,4,8,2,-333
2,2,4,4,2,2
1,-11,1,0,-13,-11
10,1,6,2,11,1
2,1,4,2,2,1
-11,-13,0,1,-11,-13
-11,1,0,2,-11,1
1,12,2,6,1,11
-11,-11,0,3,-11,0
-11,1,0,2,-11,1
10,-11,5,0,10,-11
1,-11,3,0,0,-11
10,2,5,4,10,2
0,1,3,2,0,1
11,-13,5,1,10,-13
1,1,2,4,1,2
0,10,3,5,0,10
2,1,2,2,1,1
-13,1,1,2,-13,1
10,-11,6,0,11,-11
2,-13,4,1,2,-13
-11,1,0,2,-11,1
1,0,2,2,1,1
11,-13,0,8,-11,-333
-11,2,0,2,-11,1
11,1,6,2,11,1
11,0,6,3,11,0
-13,1,1,2,-13,1
-13,-11,3,0,0,-11
-13,-11,1,0,-13,-11
0,1,3,2,0,1
1,-11,2,0,1,-11
2,1,2,2,1,1
-11,1,0,2,-11,1
1,2,2,4,1,2
0,-13,2,1,1,-13
0,0,3,3,0,0
-13,10,1,6,-13,11
1,-11,2,0,1,-11
-13,10,1,5,-13,10
-11,1,0,2,-11,1
2,-13,2,1,1,-13
-11,-11,0,0,-11,-11
0,2,3,4,0,2
-11,-13,0,1,-11,-13
-13,10,1,6,-13,11
-11,-13,0,1,-11,-13
-13,1,1,2,-13,1
1,1,4,2,2,1
-11,1,0,2,-11,1
1,1,2,4,1,2
-13,0,1,3,-13,0
-13,1,1,4,-13,2
0,-11,8,0,-333,-11
-11,10,0,5,-11,10
-11,1,0,2,-11,1
-13,1,2,2,1,1
1,-13,2,1,1,-13
-11,3,0,4,-11,2
-13,-13,1,1,-13,-13
11,0,6,3,11,0
-11,1,0,2,-11,1
1,1,2,6,1,11
0,-13,3,1,0,-13
0,-11,3,0,0,-11
-13,10,1,5,-13,10
-13,-11,1,0,-13,-11
0,-11,3,0,0,-11
1,1,2,2,1,1
1,1,2,5,1,10
2,-13,4,3,2,0
0,0,2,1,1,-13
0,1,3,2,0,1
2,-11,6,0,11,-11
-13,0,1,3,-13,0
1,-13,6,1,11,-13
0,-11,3,0,0,-11
-11,2,0,2,-11,1
10,0,5,3,10,0
-13,1,1,2,-13,1
-11,-11,0,2,-11,1
1,-11,2,0,1,-11
1,-11,2,0,1,-11
-13,-11,1,0,-13,-11
1,2,2,6,1,11
-13,1,1,3,-13,0
10,4,5,6,10,11
1,1,2,2,1,1
-11,1,0,4,-11,2
0,-11,3,0,0,-11
2,10,2,5,1,10
11,3,5,4,10,2
0,10,2,5,1,10
0,2,2,4,1,2
1,11,2,6,1,11
-13,11,1,5,-13,10
0,-13,3,1,0,-13
-13,10,1,5,-13,10
1,0,2,3,1,0
1,0,2,3,1,0
1,-11,2,0,1,-11
-13,-11,1,8,-13,-333
1,2,2,4,1,2
2,2,6,2,11,1
0,2,2,2,1,1
1,1,2,2,1,1
-13,-13,1,1,-13,-13
1,-13,2,1,1,-13
0,-11,3,0,0,-11
1,1,2,2,1,1
1,2,2,2,1,1
-13,-13,1,1,-13,-13
1,1,2,2,1,1
10,12,5,6,10,11
2,2,0,2,-11,1
-13,-13,1,1,-13,-13
-13,1,1,2,-13,1
1,0,5,3,10,0
2,2,4,2,2,1
0,0,3,2,0,1
0,0,3,3,0,0
10,10,5,5,10,10
1,0,2,3,1,0
-13,-11,1,0,-13,-11
1,-11,6,0,11,-11
12,-13,6,1,11,-13
10,2,5,2,10,1
10,1,5,2,10,1
1,-13,3,0,0,-11
10,10,5,6,10,11
-13,-11,1,0,-13,-11
-11,1,0,4,-11,2
1,-11,4,0,2,-11
1,1,2,2,1,1
1,3,2,4,1,2
1,-13,2,1,1,-13
1,-13,2,1,1,-13
0,1,3,2,0,1
2,1,2,2,1,1
1,-11,2,0,1,-11
-11,-13,2,1,1,-13
-11,1,0,2,-11,1
-11,-13,0,1,-11,-13
-13,1,1,2,-13,1
2,0,4,3,2,0
-13,2,1,2,-13,1
-11,1,0,6,-11,11
-11,1,0,2,-11,1
-11,1,0,2,-11,1
-13,1,1,2,-13,1
2,0,2,3,1,0
1,1,2,2,1,1
1,0,4,3,2,0
11,1,6,2,11,1
-13,1,1,2,-13,1
2,1,4,2,2,1
2,1,4,2,2,1
2,0,2,3,1,0
-13,0,3,3,0,0
0,2,2,4,1,2
-11,-11,0,0,-11,-11
2,2,4,4,2,2
10,-13,5,1,10,-13
0,0,2,0,1,-11
-1,-13,6,1,11,-13
-13,11,1,5,-13,10
3,1,4,2,2,1
-11,11,0,2,-11,1
-13,1,1,4,-13,2
1,0,2,3,1,0
10,2,5,4,10,2
-13,2,1,4,-13,2
-13,2,1,2,-13,1
-13,1,1,4,-13,2
11,0,5,3,10,0
1,0,4,3,2,0
10,1,5,2,10,1
-11,11,0,6,-11,11
11,-13,6,1,11,-13
-13,11,2,5,1,10
1,2,0,2,-11,1
1,-11,2,0,1,-11
1,-13,2,1,1,-13
11,2,6,4,11,2
2,-13,4,1,2,-13
-13,1,1,2,-13,1
-13,-13,1,1,-13,-13
1,10,2,6,1,11
10,-13,5,1,10,-13
2,0,4,3,2,0
2,1,6,2,11,1
-11,0,0,2,-11,1
1,-13,6,1,11,-13
-13,2,1,2,-13,1
-11,-13,0,1,-11,-13
0,2,3,2,0,1
2,1,4,2,2,1
0,2,3,4,0,2
0,-13,4,1,2,-13
1,1,4,2,2,1
-11,1,0,2,-11,1
2,0,4,3,2,0
2,-13,4,1,2,-13
-13,-13,1,1,-13,-13
-11,1,0,2,-11,1
0,1,3,2,0,1
2,12,2,6,1,11
10,-11,2,0,1,-11
0,-11,3,3,0,0
2,1,2,2,1,1
-13,11,1,6,-13,11
0,-13,3,1,0,-13
-13,-11,1,0,-13,-11
1,-13,2,1,1,-13
-11,-13,0,3,-11,0
-13,-11,1,0,-13,-11
0,-11,3,0,0,-11
-13,1,1,2,-13,1
-13,11,1,6,-13,11
11,10,6,6,11,11
0,1,8,2,-333,1
-11,-13,0,1,-11,-13
1,-13,2,1,1,-13
-13,0,1,3,-13,0
0,2,3,2,0,1
1,-13,2,1,1,-13
2,-11,2,0,1,-11
-11,-11,0,0,-11,-11
3,-13,4,1,2,-13
10,-11,5,0,10,-11
1,1,2,2,1,1
-13,-13,1,1,-13,-13
-13,-13,3,1,0,-13
-11,1,0,2,-11,1
0,-13,1,1,-13,-13
0,-13,2,1,1,-13
10,1,5,2,10,1
-13,0,1,6,-13,11
-11,-11,0,0,-11,-11
-11,12,0,6,-11,11
-11,1,0,2,-11,1
1,1,2,2,1,1
1,0,2,3,1,0
1,1,2,2,1,1
-13,-11,1,8,-13,-333
10,-11,5,0,10,-11
10,-13,5,1,10,-13
0,10,3,5,0,10
2,-11,2,0,1,-11
-11,-11,0,0,-11,-11
1,10,2,5,1,10
1,-11,2,2,1,1
10,0,5,3,10,0
-13,-11,1,0,-13,-11
0,-11,3,2,0,1
-11,0,0,3,-11,0
11,10,6,5,11,10
-11,11,0,5,-11,10
1,-13,2,1,1,-13
-13,-13,1,1,-13,-13
-11,-13,0,1,-11,-13
1,0,2,3,1,0
3,0,4,3,2,0
0,0,3,3,0,0
1,-11,2,0,1,-11
11,-13,6,1,11,-13
10,-13,6,1,11,-13
0,-13,3,1,0,-13
2,0,4,3,2,0
-11,1,2,2,1,1
-13,1,1,6,-13,11
-11,10,0,5,-11,10
1,0,2,3,1,0
0,-11,3,0,0,-11
0,10,3,5,0,10
-11,11,0,6,-11,11
-11,1,2,2,1,1
1,2,2,4,1,2
10,10,6,5,11,10
1,-13,2,1,1,-13
-11,0,0,3,-11,0
11,-13,5,1,10,-13
1,-11,2,8,1,-333
-13,1,1,2,-13,1
-13,-13,1,1,-13,-13
1,-11,6,0,11,-11
-11,0,0,2,-11,1
1,1,2,2,1,1
11,11,6,5,11,10
1,0,2,3,1,0
-13,1,1,2,-13,1
-13,10,1,5,-13,10
-13,-11,1,0,-13,-11
1,-13,2,1,1,-13
-13,0,1,3,-13,0
0,-11,3,8,0,-333
10,0,6,3,11,0
-13,1,1,2,-13,1
1,0,2,3,1,0
-11,1,7,4,-222,2
1,-13,2,1,1,-13
-13,-11,1,0,-13,-11
-11,10,1,5,-13,10
2,0,2,3,1,0
-13,-13,1,1,-13,-13
1,1,2,2,1,1
0,-13,2,1,1,-13
1,1,2,2,1,1
-11,-13,0,2,-11,1
1,-13,2,1,1,-13
-13,-13,1,1,-13,-13
-11,-11,1,0,-13,-11
-11,1,0,2,-11,1
-11,-11,0,0,-11,-11
1,0,2,3,1,0
-13,-13,1,1,-13,-13
1,1,6,6,11,11
4,2,4,4,2,2
1,-13,2,1,1,-13
1,0,2,3,1,0
10,11,6,5,11,10
0,3,3,2,0,1
-13,2,1,4,-13,2
1,0,8,3,-333,0
10,10,5,6,10,11
3,-13,2,1,1,-13
-11,0,0,3,-11,0
-13,-11,1,0,-13,-11
2,1,4,2,2,1
0,-13,3,1,0,-13
0,1,3,2,0,1
1,0,2,3,1,0
1,10,2,5,1,10
-11,-11,0,0,-11,-11
10,0,2,3,1,0
10,1,6,2,11,1
10,1,6,2,11,1
1,-11,2,0,1,-11
11,0,6,1,11,-13
0,0,3,3,0,0
11,0,6,3,11,0
10,10,6,5,11,10
2,-13,4,1,2,-13
1,-11,3,0,0,-11
-11,0,0,3,-11,0
1,-13,2,1,1,-13
0,1,3,2,0,1
2,10,2,6,1,11
-11,1,0,2,-11,1
0,0,2,3,1,0
-11,-11,0,2,-11,1
-11,1,2,2,1,1
1,1,2,2,1,1
10,11,5,5,10,10
10,-13,5,1,10,-13
0,-13,2,7,1,-222
2,-13,2,1,1,-13
2,1,2,2,1,1
1,-13,4,1,2,-13
1,-13,2,1,1,-13
10,-11,5,0,10,-11
-13,-11,1,0,-13,-11
1,1,2,2,1,1
0,-13,3,1,0,-13
0,-13,3,1,0,-13
-13,-11,1,0,-13,-11
1,2,2,2,1,1
-11,3,0,4,-11,2
-11,1,0,2,-11,1
1,0,2,3,1,0
-13,0,1,2,-13,1
11,-13,2,1,1,-13
1,0,2,8,1,-333
10,1,5,2,10,1
-11,0,0,3,-11,0
2,0,6,3,11,0
1,0,2,3,1,0
-13,0,1,3,-13,0
11,10,5,5,10,10
0,-11,1,0,-13,-11
10,1,6,2,11,1
0,0,2,2,1,1
2,1,4,2,2,1
-13,1,1,3,-13,0
-11,10,0,5,-11,10
-11,10,0,5,-11,10
1,1,2,2,1,1
-11,0,0,3,-11,0
2,10,4,5,2,10
1,-11,2,0,1,-11
-13,-1,1,5,-13,10
2,-11,4,0,2,-11
1,-11,3,8,0,-333
0,1,3,2,0,1
1,-13,2,1,1,-13
-11,-11,0,0,-11,-11
-13,1,1,2,-13,1
1,10,2,5,1,10
1,10,6,5,11,10
-11,1,0,4,-11,2
10,-11,5,0,10,-11
2,-13,2,1,1,-13
1,-13,2,1,1,-13
0,0,3,3,0,0
1,2,2,4,1,2
-11,0,0,3,-11,0
-11,1,0,2,-11,1
1,-11,2,0,1,-11
0,2,2,2,1,1
-13,-11,1,0,-13,-11
-13,11,1,6,-13,11
-11,-11,0,0,-11,-11
-11,1,0,2,-11,1
-13,3,1,2,-13,1
-11,0,0,3,-11,0
11,2,6,2,11,1
0,0,5,2,10,1
-11,-11,0,2,-11,1
1,-11,2,0,1,-11
1,1,4,2,2,1
-13,-13,1,1,-13,-13
-11,-11,0,0,-11,-11
-11,-13,0,1,-11,-13
-11,-13,0,1,-11,-13
-13,1,1,2,-13,1
0,1,3,2,0,1
1,2,2,4,1,2
-11,1,0,2,-11,1
1,1,2,2,1,1
0,-11,3,0,0,-11
-11,-13,0,1,-11,-13
11,-13,6,1,11,-13
10,-1,5,5,10,10
0,11,3,6,0,11
1,1,4,2,2,1
-11,-11,0,0,-11,-11
-11,-11,0,0,-11,-11
1,2,2,4,1,2
0,-13,3,2,0,1
1,1,2,2,1,1
10,1,6,2,11,1
0,1,2,2,1,1
-11,11,2,5,1,10
0,1,2,4,1,2
1,-11,3,2,0,1
0,-13,3,1,0,-13
-11,1,0,2,-11,1
-11,-11,0,0,-11,-11
10,-13,5,1,10,-13
3,2,6,6,11,11
1,1,2,2,1,1
0,10,6,5,11,10
10,11,5,5,10,10
1,0,2,0,1,-11
11,-13,5,1,10,-13
-13,-13,1,1,-13,-13
10,1,5,2,10,1
1,0,4,3,2,0
-13,-13,1,1,-13,-13
-13,10,1,5,-13,10
1,-13,2,1,1,-13
1,2,2,2,1,1
1,-13,2,1,1,-13
1,2,2,4,1,2
11,0,6,3,11,0
-11,-13,2,1,1,-13
-13,1,1,2,-13,1
-13,1,1,5,-13,10
-11,-13,0,1,-11,-13
-11,1,0,2,-11,1
-11,10,0,5,-11,10
2,-13,2,1,1,-13
10,-13,6,1,11,-13
0,10,3,5,0,10
-13,-13,1,1,-13,-13
0,11,3,5,0,10
-11,-13,0,8,-11,-333
10,-13,5,1,10,-13
-11,0,0,3,-11,0
-13,1,1,5,-13,10
1,2,2,4,1,2
1,0,2,3,1,0
2,10,4,5,2,10
-13,11,1,5,-13,10
2,1,4,2,2,1
2,-13,2,2,1,1
1,10,5,6,10,11
0,0,2,3,1,0
-11,2,0,4,-11,2
11,1,6,2,11,1
3,-11,4,0,2,-11
0,1,1,2,-13,1
-13,1,1,2,-13,1
1,-13,7,8,-222,-333
-13,0,1,3,-13,0
-13,10,1,5,-13,10
-13,-11,3,0,0,-11
10,2,5,2,10,1
10,-13,5,1,10,-13
0,-13,3,1,0,-13
0,-11,4,0,2,-11
-13,10,1,6,-13,11
1,0,2,3,1,0
10,-13,6,1,11,-13
1,-11,5,0,10,-11
-13,10,1,5,-13,10
10,10,6,5,11,10
0,1,3,2,0,1
-11,1,0,2,-11,1
1,10,2,5,1,10
10,-11,5,0,10,-11
1,-13,8,8,-333,-333
1,-11,4,0,2,-11
10,0,5,3,10,0
-11,-11,0,0,-11,-11
-11,0,0,3,-11,0
-11,3,0,4,-11,2
-11,0,0,5,-11,10
-11,10,0,6,-11,11
11,3,5,6,10,11
0,0,3,3,0,0
-11,0,0,2,-11,1
10,-13,5,1,10,-13
1,1,2,2,1,1
-13,-11,1,0,-13,-11
10,0,5,5,10,10
-13,10,1,5,-13,10
-11,10,0,5,-11,10
-11,1,3,2,0,1
0,1,3,4,0,2
1,10,2,5,1,10
1,1,2,2,1,1
0,-11,2,0,1,-11
-11,1,0,2,-11,1
-11,0,0,3,-11,0
10,-11,5,0,10,-11
10,2,5,8,10,-333
0,2,5,4,10,2
-11,1,0,2,-11,1
11,-11,5,0,10,-11
0,-13,3,1,0,-13
2,-11,2,0,1,-11
-11,-11,0,0,-11,-11
-11,-13,0,1,-11,-13
-11,1,0,4,-11,2
0,2,3,2,0,1
0,-13,3,1,0,-13
-11,1,0,6,-11,11
-11,1,0,2,-11,1
1,1,2,5,1,10
-11,2,0,4,-11,2
-13,-11,7,0,-222,-11
1,1,2,4,1,2
2,-13,6,1,11,-13
1,-11,2,0,1,-11
0,-13,2,1,1,-13
-13,1,1,4,-13,2
-11,2,0,4,-11,2
-13,2,1,4,-13,2
2,1,2,2,1,1
0,-11,3,0,0,-11
1,-13,3,1,0,-13
-13,1,1,2,-13,1
-13,1,1,2,-13,1
0,-11,3,1,0,-13
1,-13,2,1,1,-13
-13,1,1,2,-13,1
-11,-13,0,1,-11,-13
1,-11,2,0,1,-11
10,1,5,2,10,1
1,-13,2,1,1,-13
-11,-11,0,0,-11,-11
-13,-11,1,8,-13,-333
0,-11,2,0,1,-11
1,1,2,4,1,2
-13,0,1,3,-13,0
1,10,2,6,1,11
11,-13,6,1,11,-13
1,-11,2,0,1,-11
-11,-11,0,0,-11,-11
-11,-13,0,1,-11,-13
0,10,3,5,0,10
1,0,2,3,1,0
-11,10,7,5,-222,10
-13,1,1,2,-13,1
1,-11,2,0,1,-11
2,-13,4,1,2,-13
11,-11,5,0,10,-11
-11,2,0,4,-11,2
-13,-13,1,1,-13,-13
-13,1,1,4,-13,2
1,-11,2,0,1,-11
11,-13,6,1,11,-13
2,2,4,2,2,1
-11,1,0,2,-11,1
1,-13,2,1,1,-13
1,2,3,4,0,2
-13,0,1,1,-13,-13
1,1,6,2,11,1
-11,10,0,5,-11,10
-11,1,0,2,-11,1
-11,1,0,2,-11,1
1,-11,4,8,2,-333
1,1,2,2,1,1
1,-11,2,0,1,-11
10,-11,5,2,10,1
10,10,5,5,10,10
2,1,5,2,10,1
2,0,4,3,2,0
-11,-13,0,1,-11,-13
-13,10,1,5,-13,10
2,-11,2,0,1,-11
1,10,5,5,10,10
-13,-13,1,1,-13,-13
1,0,3,0,0,-11
-11,-11,0,0,-11,-11
2,1,8,8,-333,-333
2,1,4,2,2,1
-13,1,3,2,0,1
-11,-13,2,1,1,-13
2,1,4,2,2,1
10,-13,5,1,10,-13
-11,1,0,2,-11,1
0,1,1,2,-13,1
-11,1,0,2,-11,1
-11,10,0,5,-11,10
1,0,2,3,1,0
1,-13,2,1,1,-13
10,1,5,2,10,1
-11,2,0,4,-11,2
-13,-13,1,1,-13,-13
-11,-13,0,1,-11,-13
10,1,5,2,10,1
0,10,5,5,10,10
10,1,6,6,11,11
10,-13,5,1,10,-13
2,11,2,6,1,11
10,1,5,2,10,1
11,3,5,4,10,2
10,1,5,2,10,1
1,1,2,2,1,1
-11,-11,0,0,-11,-11
-11,1,8,4,-333,2
-13,-11,1,0,-13,-11
10,1,5,2,10,1
-13,1,1,2,-13,1
11,-11,6,0,11,-11
-13,-13,1,1,-13,-13
-11,0,0,3,-11,0
2,1,4,2,2,1
11,11,6,6,11,11
0,11,7,5,-222,10
0,0,3,8,0,-333
2,-11,4,0,2,-11
-13,10,1,5,-13,10
-11,10,0,5,-11,10
1,1,2,2,1,1
1,12,2,6,1,11
1,1,2,0,1,-11
-11,0,0,3,-11,0
0,1,3,2,0,1
-11,1,0,2,-11,1
-11,11,0,6,-11,11
-11,1,0,2,-11,1
-11,-11,0,0,-11,-11
0,-13,2,1,1,-13
1,1,2,2,1,1
1,2,6,6,11,11
11,1,6,2,11,1
2,-13,4,6,2,11
1,-11,2,0,1,-11
1,-13,2,1,1,-13
0,-13,0,1,-11,-13
0,-13,3,2,0,1
-13,2,1,2,-13,1
1,1,2,2,1,1
1,1,2,2,1,1
2,-11,2,0,1,-11
1,0,4,3,2,0
1,-13,2,1,1,-13
10,2,5,2,10,1
11,0,6,3,11,0
-13,0,1,2,-13,1
0,1,3,2,0,1
-13,11,8,6,-333,11
1,11,2,6,1,11
1,-11,2,0,1,-11
10,1,5,4,10,2
-11,-13,2,1,1,-13
0,-11,3,0,0,-11
10,2,5,2,10,1
10,1,1,6,-13,11
1,-11,2,0,1,-11
-11,-11,0,0,-11,-11
11,2,6,2,11,1
-13,10,1,5,-13,10
1,1,2,2,1,1
10,1,5,2,10,1
-13,11,1,6,-13,11
0,10,3,6,0,11
1,2,2,4,1,2
1,1,2,2,1,1
-13,-13,1,1,-13,-13
0,10,3,5,0,10
-13,10,1,5,-13,10
-11,2,0,2,-11,1
1,10,4,5,2,10
1,0,4,3,2,0
1,2,2,2,1,1
-11,1,0,2,-11,1
10,1,5,2,10,1
0,10,3,5,0,10
2,2,2,4,1,2
0,3,3,4,0,2
1,1,0,2,-11,1
1,1,2,2,1,1
1,1,2,2,1,1
10,-13,5,1,10,-13
-11,-11,8,0,-333,-11
4,1,6,2,11,1
1,1,3,2,0,1
-13,1,1,2,-13,1
1,1,2,2,1,1
1,11,2,5,1,10
10,-11,5,0,10,-11
1,2,2,6,1,11
-11,-11,1,0,-13,-11
2,1,2,2,1,1
-11,-11,0,0,-11,-11
0,1,3,2,0,1
10,2,5,4,10,2
-13,1,1,2,-13,1
10,2,5,2,10,1
10,0,5,3,10,0
1,10,2,5,1,10
1,0,2,3,1,0
10,0,5,3,10,0
0,10,3,5,0,10
-13,0,1,6,-13,11
-13,-13,1,1,-13,-13
-13,-11,3,0,0,-11
1,1,2,4,1,2
1,1,2,4,1,2
11,2,6,4,11,2
1,11,2,6,1,11
1,2,6,4,11,2
1,-11,2,0,1,-11
1,-11,2,0,1,-11
-13,-11,1,0,-13,-11
11,-11,4,0,2,-11
0,1,3,6,0,11
-11,-13,0,1,-11,-13
-11,1,0,2,-11,1
1,1,4,2,2,1
11,1,6,2,11,1
-11,0,0,3,-11,0
1,11,2,6,1,11
-11,2,0,4,-11,2
11,-11,6,0,11,-11
1,1,2,2,1,1
-11,2,7,4,-222,2
0,-11,3,0,0,-11
1,10,3,5,0,10
2,-11,4,0,2,-11
-11,1,0,2,-11,1
-11,-11,0,0,-11,-11
10,2,5,2,10,1
1,-11,2,0,1,-11
1,-11,2,0,1,-11
-11,-13,0,0,-11,-11
10,-13,5,1,10,-13
0,0,1,3,-13,0
1,1,6,2,11,1
10,1,6,6,11,11
10,-13,6,1,11,-13
-11,-11,0,0,-11,-11
1,0,2,0,1,-11
2,-11,6,0,11,-11
-11,-11,0,1,-11,-13
1,-11,2,0,1,-11
0,1,3,2,0,1
-11,-11,0,0,-11,-11
-11,2,0,4,-11,2
2,-11,6,0,11,-11
1,2,2,2,1,1
1,-13,2,1,1,-13
1,-13,2,1,1,-13
10,1,5,2,10,1
0,1,3,5,0,10
1,11,2,6,1,11
10,-11,5,0,10,-11
0,10,3,5,0,10
10,-13,5,1,10,-13
2,1,4,2,2,1
-13,1,1,4,-13,2
11,1,6,2,11,1
-11,-11,0,2,-11,1
1,11,2,5,1,10
1,0,2,3,1,0
2,11,2,7,1,-222
10,-13,5,1,10,-13
10,2,5,4,10,2
2,-11,6,0,11,-11
1,10,4,6,2,11
-11,2,0,4,-11,2
1,-11,2,0,1,-11
-13,11,1,5,-13,10
1,2,2,4,1,2
11,10,6,5,11,10
10,1,5,2,10,1
10,-13,5,1,10,-13
-13,1,1,2,-13,1
-13,-11,1,0,-13,-11
0,-13,3,8,0,-333
-13,-13,1,1,-13,-13
0,-11,3,0,0,-11
1,2,2,4,1,2
10,0,5,3,10,0
-11,-11,0,0,-11,-11
1,2,2,2,1,1
0,2,3,4,0,2
1,-11,2,0,1,-11
1,-13,2,1,1,-13
-11,0,0,3,-11,0
1,10,2,5,1,10
-13,1,1,4,-13,2
10,-11,5,2,10,1
2,1,4,2,2,1
-11,0,0,6,-11,11
1,2,8,4,-333,2
2,10,2,5,1,10
-11,-11,8,0,-333,-11
2,2,4,2,2,1
0,-13,3,1,0,-13
1,0,4,3,2,0
0,2,3,2,0,1
-13,11,1,6,-13,11
-11,0,0,3,-11,0
0,12,3,6,0,11
0,0,3,3,0,0
-13,1,2,2,1,1
-13,2,1,4,-13,2
2,-13,6,1,11,-13
-11,0,0,3,-11,0
1,0,2,3,1,0
1,0,2,3,1,0
0,10,3,5,0,10
-11,-11,0,0,-11,-11
-13,1,1,2,-13,1
-11,0,0,2,-11,1
-11,10,0,5,-11,10
-13,1,1,6,-13,11
-11,1,0,2,-11,1
1,-13,0,5,-11,10
-13,10,1,5,-13,10
1,1,2,2,1,1
1,-11,2,0,1,-11
2,1,2,2,1,1
0,1,3,2,0,1
11,1,5,2,10,1
-11,1,0,2,-11,1
0,-13,3,1,0,-13
1,-11,2,0,1,-11
-13,1,1,2,-13,1
-13,10,1,5,-13,10
10,-11,5,0,10,-11
10,-11,5,0,10,-11
10,-13,5,1,10,-13
10,2,5,4,10,2
1,-13,2,1,1,-13
-11,11,0,6,-11,11
-13,0,1,3,-13,0
10,-11,5,0,10,-11
-13,-13,1,1,-13,-13
1,-11,2,0,1,-11
0,-13,3,1,0,-13
-13,-11,3,0,0,-11
2,1,2,2,1,1
0,-11,3,0,0,-11
10,10,6,5,11,10
-11,0,0,2,-11,1
1,-11,2,0,1,-11
1,1,2,2,1,1
11,0,6,3,11,0
11,-11,6,0,11,-11
-11,-13,0,1,-11,-13
1,1,2,2,1,1
10,-11,6,0,11,-11
-13,-13,1,1,-13,-13
0,1,3,2,0,1
1,-13,2,1,1,-13
10,-13,5,3,10,0
-11,11,0,5,-11,10
3,-11,4,0,2,-11
10,0,5,3,10,0
11,-11,6,0,11,-11
0,10,3,5,0,10
1,0,2,2,1,1
2,-11,2,0,1,-11
2,1,2,6,1,11
10,-13,5,1,10,-13
0,12,3,6,0,11
-11,0,0,3,-11,0
1,1,2,2,1,1
0,11,3,6,0,11
1,0,2,3,1,0
1,1,2,2,1,1
1,2,2,4,1,2
1,-11,2,0,1,-11
1,2,2,4,1,2
-13,-13,1,1,-13,-13
0,-13,1,1,-13,-13
-11,10,0,5,-11,10
-11,1,0,2,-11,1
-11,-11,0,0,-11,-11
1,1,2,2,1,1
1,-13,2,1,1,-13
-11,-13,7,1,-222,-13
2,1,6,5,11,10
2,1,2,2,1,1
10,2,5,2,10,1
-11,-13,0,1,-11,-13
10,-13,0,5,-11,10
1,0,2,3,1,0
11,10,6,5,11,10
2,-11,4,0,2,-11
0,1,3,2,0,1
1,2,2,6,1,11
0,2,3,2,0,1
-11,1,0,2,-11,1
-13,1,1,2,-13,1
-11,2,1,2,-13,1
11,-13,4,0,2,-11
-11,1,0,3,-11,0
-13,-11,1,0,-13,-11
-13,1,1,2,-13,1
1,-13,2,1,1,-13
-13,0,1,3,-13,0
-13,-11,1,0,-13,-11
-11,1,0,2,-11,1
-11,0,8,3,-333,0
0,10,2,5,1,10
1,1,2,2,1,1
-13,1,1,2,-13,1
-13,1,1,2,-13,1
1,-13,2,1,1,-13
-13,-11,1,0,-13,-11
1,11,2,5,1,10
0,10,2,5,1,10
1,2,2,4,1,2
1,0,2,3,1,0
0,1,3,2,0,1
-13,-11,1,0,-13,-11
-11,-11,0,0,-11,-11
-11,1,0,2,-11,1
10,-13,5,1,10,-13
0,0,3,0,0,-11
10,1,5,2,10,1
-11,2,0,6,-11,11
-11,-11,8,0,-333,-11
1,-11,8,8,-333,-333
1,-13,2,1,1,-13
-11,11,0,6,-11,11
1,2,2,2,1,1
0,-13,3,1,0,-13
-11,1,0,6,-11,11
2,1,4,2,2,1
-11,-13,0,1,-11,-13
1,1,4,2,2,1
0,1,2,2,1,1
-11,-11,0,0,-11,-11
1,1,2,4,1,2
2,1,4,2,2,1
-11,1,0,2,-11,1
1,-13,2,2,1,1
-11,1,0,2,-11,1
1,0,2,2,1,1
-11,10,0,6,-11,11
11,-11,6,0,11,-11
10,1,5,2,10,1
-13,10,1,5,-13,10
-11,-11,0,0,-11,-11
-13,-11,1,0,-13,-11
1,3,2,4,1,2
-13,-13,1,1,-13,-13
10,2,5,2,10,1
11,-13,6,1,11,-13
-11,-13,0,1,-11,-13
1,2,0,6,-11,11
-11,1,0,2,-11,1
11,0,6,2,11,1
2,10,6,6,11,11
2,-13,8,8,-333,-333
-13,-11,1,0,-13,-11
-11,11,0,6,-11,11
2,-11,4,0,2,-11
-11,1,0,6,-11,11
1,10,2,2,1,1
10,10,5,6,10,11
-13,0,1,3,-13,0
-13,10,1,5,-13,10
-11,0,0,3,-11,0
-11,-11,0,0,-11,-11
1,0,2,5,1,10
11,1,6,8,11,-333
1,-13,2,1,1,-13
-13,-13,1,1,-13,-13
0,-11,3,0,0,-11
2,-13,6,1,11,-13
0,2,3,2,0,1
1,1,2,2,1,1
1,-11,2,0,1,-11
1,1,2,2,1,1
1,1,5,6,10,11
-13,11,1,5,-13,10
1,-13,2,1,1,-13
-13,-13,1,1,-13,-13
1,1,2,2,1,1
0,-11,3,0,0,-11
-11,-13,0,2,-11,1
1,1,2,2,1,1
1,10,2,5,1,10
0,2,3,4,0,2
-11,-11,0,0,-11,-11
-11,-11,0,0,-11,-11
-13,-11,1,0,-13,-11
-13,0,1,3,-13,0
-13,10,1,5,-13,10
1,0,2,3,1,0
2,0,2,4,1,2
-11,-13,0,1,-11,-13
0,-13,3,1,0,-13
-13,1,1,4,-13,2
1,-11,2,8,1,-333
1,11,2,5,1,10
1,1,4,2,2,1
1,-13,2,1,1,-13
1,1,2,2,1,1
-13,2,1,2,-13,1
-11,1,0,6,-11,11
-11,1,0,6,-11,11
0,2,3,2,0,1
-11,1,0,2,-11,1
-13,-11,1,0,-13,-11
1,0,2,3,1,0
1,1,2,4,1,2
1,1,2,2,1,1
2,-13,2,1,1,-13
-11,-13,0,8,-11,-333
0,1,3,2,0,1
-13,0,1,3,-13,0
0,1,3,2,0,1
-13,2,1,4,-13,2
1,-13,2,1,1,-13
-13,10,1,6,-13,11
11,0,5,3,10,0
1,-11,2,0,1,-11
-11,1,0,2,-11,1
12,1,6,2,11,1
-13,1,1,2,-13,1
-11,0,0,2,-11,1
10,1,5,2,10,1
-11,-13,0,1,-11,-13
1,-11,2,0,1,-11
-13,-13,1,1,-13,-13
-11,1,0,2,-11,1
1,1,6,2,11,1
1,10,2,5,1,10
-11,2,0,4,-11,2
-13,0,1,3,-13,0
2,3,4,6,2,11
1,1,2,2,1,1
-11,0,0,3,-11,0
2,1,4,2,2,1
-11,0,0,5,-11,10
12,-13,5,2,10,1
10,0,5,3,10,0
-11,-11,0,0,-11,-11
0,-11,3,0,0,-11
10,10,5,5,10,10
2,-13,4,1,2,-13
2,1,6,2,11,1
11,1,6,2,11,1
1,10,3,5,0,10
-11,1,0,3,-11,0
2,1,4,2,2,1
0,10,3,5,0,10
-11,0,0,3,-11,0
-13,-13,1,1,-13,-13
0,-13,3,1,0,-13
-11,1,0,2,-11,1
2,-13,2,1,1,-13
1,-11,2,0,1,-11
-11,0,0,1,-11,-13
10,10,5,5,10,10
1,-13,4,1,2,-13
-11,-11,0,0,-11,-11
3,1,2,2,1,1
10,0,5,3,10,0
0,0,3,3,0,0
-13,10,1,5,-13,10
-13,11,1,2,-13,1
-13,1,1,2,-13,1
2,-13,2,1,1,-13
0,-11,3,0,0,-11
11,11,6,6,11,11
1,-11,2,0,1,-11
2,-1,4,5,2,10
-11,-11,0,0,-11,-11
1,-13,6,1,11,-13
-11,1,0,2,-11,1
0,10,3,5,0,10
1,10,2,5,1,10
1,-13,2,1,1,-13
-11,-13,0,1,-11,-13
1,-11,2,0,1,-11
2,0,4,3,2,0
-11,11,0,6,-11,11
1,-11,2,0,1,-11
-11,0,0,3,-11,0
2,-11,4,0,2,-11
2,1,4,2,2,1
-13,2,1,2,-13,1
-11,0,2,3,1,0
1,1,2,2,1,1
-11,1,0,2,-11,1
1,11,2,6,1,11
2,-11,6,0,11,-11
10,-11,5,0,10,-11
10,2,5,4,10,2
2,-13,4,1,2,-13
0,10,3,6,0,11
0,1,5,2,10,1
-11,-13,0,1,-11,-13
1,0,2,3,1,0
0,1,4,0,2,-11
-11,-13,0,1,-11,-13
11,11,5,6,10,11
10,-11,5,8,10,-333
-11,11,3,2,0,1
0,2,3,8,0,-333
11,0,6,3,11,0
10,10,5,6,10,11
-13,-11,0,0,-11,-11
-11,-11,0,0,-11,-11
1,-13,6,1,11,-13
-11,10,0,5,-11,10
-11,-13,0,1,-11,-13
0,-11,2,0,1,-11
-13,-13,1,1,-13,-13
-11,10,1,5,-13,10
1,2,2,2,1,1
1,1,2,2,1,1
1,-11,2,0,1,-11
1,-13,2,1,1,-13
-11,1,0,2,-11,1
-13,1,1,6,-13,11
10,1,5,2,10,1
2,1,6,2,11,1
2,-13,2,1,1,-13
10,12,5,6,10,11
-11,0,0,3,-11,0
-13,1,1,2,-13,1
0,10,3,6,0,11
2,10,6,5,11,10
1,0,4,3,2,0
-11,-13,0,1,-11,-13
0,1,3,2,0,1
-11,10,0,6,-11,11
-11,0,1,3,-13,0
-13,-11,1,0,-13,-11
11,-11,6,0,11,-11
1,1,2,2,1,1
1,0,4,3,2,0
-13,0,1,3,-13,0
1,0,6,4,11,2
-11,10,0,5,-11,10
-13,2,1,4,-13,2
-13,1,1,2,-13,1
-11,1,0,2,-11,1
-11,-11,0,2,-11,1
-13,-11,1,2,-13,1
0,11,3,6,0,11
1,-13,2,1,1,-13
1,1,2,5,1,10
-11,-13,0,1,-11,-13
2,10,2,5,1,10
-11,-11,0,0,-11,-11
11,0,5,3,10,0
1,1,6,2,11,1
-11,-11,2,0,1,-11
-13,10,1,5,-13,10
-13,0,1,3,-13,0
10,1,2,3,1,0
-11,11,0,5,-11,10
10,2,5,2,10,1
-11,-11,0,0,-11,-11
-11,1,0,2,-11,1
-11,-11,0,0,-11,-11
10,-11,5,0,10,-11
-13,1,1,2,-13,1
1,2,2,4,1,2
10,11,4,6,2,11
10,0,5,2,10,1
11,-11,6,0,11,-11
-13,11,1,6,-13,11
0,-11,3,0,0,-11
0,0,3,3,0,0
1,1,2,2,1,1
1,-13,2,1,1,-13
1,2,2,4,1,2
1,0,2,2,1,1
-11,2,0,4,-11,2
1,-13,2,1,1,-13
2,0,4,3,2,0
0,-13,3,1,0,-13
1,0,4,2,2,1
10,-13,5,1,10,-13
10,0,5,3,10,0
1,-13,2,1,1,-13
11,1,5,2,10,1
11,-11,8,6,-333,11
0,-13,3,1,0,-13
-13,1,1,2,-13,1
1,-13,2,1,1,-13
1,1,2,2,1,1
1,2,5,2,10,1
10,-11,5,8,10,-333
10,1,5,2,10,1
-11,11,0,6,-11,11
11,-11,6,0,11,-11
1,11,2,6,1,11
-13,10,1,5,-13,10
-13,1,1,2,-13,1
1,0,2,3,1,0
10,1,5,2,10,1
-11,2,2,2,1,1
-13,-13,1,1,-13,-13
-13,-11,1,0,-13,-11
1,1,2,2,1,1
0,0,3,3,0,0
-11,1,8,2,-333,1
1,1,2,2,1,1
-11,0,0,3,-11,0
-13,2,1,4,-13,2
1,1,2,2,1,1
0,-13,3,1,0,-13
-11,10,0,6,-11,11
-11,-13,0,1,-11,-13
-13,-11,1,0,-13,-11
-11,-13,0,1,-11,-13
3,10,2,3,1,0
-11,1,0,2,-11,1
1,0,2,3,1,0
2,-13,6,1,11,-13
1,0,2,3,1,0
2,10,2,5,1,10
10,2,5,2,10,1
-11,-13,0,1,-11,-13
0,-11,3,4,0,2
-13,-13,1,1,-13,-13
3,-13,4,1,2,-13
11,4,6,2,11,1
-11,2,0,4,-11,2
0,-11,3,0,0,-11
1,1,2,2,1,1
-11,3,3,4,0,2
1,-13,2,1,1,-13
-13,1,1,2,-13,1
-13,-13,5,0,10,-11
2,-13,2,1,1,-13
10,0,5,3,10,0
0,-13,3,1,0,-13
-13,10,1,5,-13,10
10,0,6,2,11,1
-11,3,0,4,-11,2
-11,1,0,5,-11,10
-11,1,0,6,-11,11
1,-11,2,0,1,-11
-11,-11,0,0,-11,-11
-11,-11,0,0,-11,-11
0,11,3,5,0,10
1,-11,2,0,1,-11
1,0,2,3,1,0
10,-11,5,0,10,-11
-11,-11,0,0,-11,-11
-11,1,0,2,-11,1
1,10,2,5,1,10
1,0,2,3,1,0
1,0,2,3,1,0
2,1,6,2,11,1
-13,-13,1,2,-13,1
2,-11,4,0,2,-11
-11,-13,0,1,-11,-13
1,-13,2,1,1,-13
0,1,3,2,0,1
0,0,3,2,0,1
2,11,4,6,2,11
1,-13,2,1,1,-13
-11,-11,0,0,-11,-11
-11,10,0,5,-11,10
1,0,2,3,1,0
0,-13,2,1,1,-13
2,0,4,3,2,0
1,-13,2,1,1,-13
2,0,2,2,1,1
1,-11,2,0,1,-11
1,2,6,2,11,1
12,-13,5,1,10,-13
-13,0,1,6,-13,11
-11,11,0,5,-11,10
-13,1,1,2,-13,1
1,1,2,6,1,11
1,1,2,6,1,11
1,1,2,2,1,1
10,0,5,3,10,0
-11,0,0,3,-11,0
1,0,2,1,1,-13
11,10,6,5,11,10
10,-13,5,1,10,-13
1,2,2,6,1,11
-11,1,0,4,-11,2
2,11,4,6,2,11
2,0,2,3,1,0
-13,-11,1,0,-13,-11
-11,0,0,3,-11,0
1,-11,2,0,1,-11
2,1,4,2,2,1
-11,10,2,5,1,10
2,1,2,2,1,1
1,1,3,6,0,11
0,10,3,5,0,10
0,2,3,2,0,1
10,-11,6,0,11,-11
1,1,2,4,1,2
0,0,3,3,0,0
1,1,2,2,1,1
-11,11,0,6,-11,11
1,1,2,2,1,1
10,11,5,7,10,-222
1,0,2,3,1,0
0,-13,3,3,0,0
1,1,2,3,1,0
1,0,2,3,1,0
1,-11,2,2,1,1
11,1,5,2,10,1
10,2,5,8,10,-333
2,1,2,2,1,1
-13,-11,1,0,-13,-11
-13,1,1,2,-13,1
-13,-11,1,0,-13,-11
-11,-13,0,1,-11,-13
1,2,2,6,1,11
2,-13,2,1,1,-13
1,10,6,2,11,1
2,10,2,5,1,10
-13,-11,2,0,1,-11
1,2,2,2,1,1
-11,2,0,4,-11,2
1,-11,2,0,1,-11
2,-13,4,1,2,-13
2,1,2,4,1,2
1,1,2,2,1,1
1,1,2,2,1,1
10,2,5,4,10,2
1,1,2,6,1,11
1,0,2,2,1,1
-13,1,1,2,-13,1
2,1,6,2,11,1
10,1,6,2,11,1
1,-13,6,1,11,-13
-13,-13,1,1,-13,-13
-11,-11,0,0,-11,-11
-13,0,1,3,-13,0
1,1,2,2,1,1
2,1,4,2,2,1
-13,0,1,3,-13,0
-11,-13,0,1,-11,-13
-13,1,1,5,-13,10
10,1,5,2,10,1
0,10,2,6,1,11
1,0,2,2,1,1
10,11,5,5,10,10
1,1,2,2,1,1
10,0,5,3,10,0
-11,1,0,2,-11,1
1,-13,6,1,11,-13
-13,1,1,2,-13,1
2,1,4,2,2,1
1,0,2,3,1,0
10,12,5,6,10,11
-13,0,1,2,-13,1
1,-13,2,1,1,-13
0,0,3,3,0,0
0,10,3,5,0,10
1,0,6,5,11,10
2,-11,4,0,2,-11
10,-13,5,1,10,-13
10,1,5,2,10,1
1,10,2,5,1,10
1,-11,4,1,2,-13
-13,1,1,2,-13,1
-13,10,1,5,-13,10
3,0,4,3,2,0
1,2,2,6,1,11
1,-11,2,7,1,-222
1,2,2,2,1,1
1,10,2,5,1,10
1,1,6,2,11,1
11,-11,6,0,11,-11
-11,-13,0,1,-11,-13
2,-11,4,0,2,-11
-11,-13,0,1,-11,-13
1,0,2,3,1,0
-13,-11,1,0,-13,-11
-11,-11,0,0,-11,-11
-13,1,1,2,-13,1
1,2,2,4,1,2
3,-11,4,0,2,-11
2,-11,6,0,11,-11
-11,11,0,6,-11,11
-11,2,0,4,-11,2
1,0,2,3,1,0
10,1,5,2,10,1
0,1,3,2,0,1
10,-13,5,1,10,-13
-11,-13,0,1,-11,-13
1,2,4,4,2,2
-11,-11,0,0,-11,-11
-13,1,1,2,-13,1
0,-11,3,0,0,-11
-13,-11,1,0,-13,-11
0,1,3,2,0,1
1,11,6,5,11,10
1,1,4,0,2,-11
-11,-13,0,1,-11,-13
2,0,4,2,2,1
10,-11,6,0,11,-11
-11,11,0,6,-11,11
0,-11,3,0,0,-11
10,2,5,4,10,2
1,0,4,3,2,0
1,10,2,6,1,11
-11,1,0,2,-11,1
-13,1,1,2,-13,1
-11,-13,0,1,-11,-13
-11,-13,0,1,-11,-13
11,-13,6,2,11,1
0,-11,0,0,-11,-11
10,0,5,3,10,0
10,0,5,3,10,0
-13,1,1,2,-13,1
2,1,4,2,2,1
-11,10,0,5,-11,10
1,0,2,3,1,0
11,0,5,1,10,-13
1,10,2,5,1,10
1,0,2,5,1,10
10,-11,6,0,11,-11
0,0,3,2,0,1
2,0,4,3,2,0
1,-11,6,0,11,-11
1,-11,2,0,1,-11
-11,-11,0,2,-11,1
2,0,6,3,11,0
2,-13,2,1,1,-13
-13,1,0,6,-11,11
-11,11,0,6,-11,11
1,1,2,2,1,1
-11,10,0,5,-11,10
2,1,2,2,1,1
11,-11,6,2,11,1
-13,-13,0,1,-11,-13
11,0,6,3,11,0
2,0,2,2,1,1
-11,0,0,3,-11,0
-13,10,1,5,-13,10
1,-13,2,1,1,-13
2,1,4,2,2,1
-13,-11,1,0,-13,-11
10,1,6,2,11,1
-13,-11,1,0,-13,-11
-13,10,1,5,-13,10
-11,1,8,2,-333,1
1,10,2,5,1,10
10,0,6,2,11,1
-13,0,1,3,-13,0
-11,-11,0,0,-11,-11
-13,10,8,5,-333,10
11,1,6,2,11,1
-11,-11,0,0,-11,-11
10,1,6,2,11,1
-11,10,0,6,-11,11
-11,-11,0,0,-11,-11
10,-11,5,0,10,-11
0,1,1,2,-13,1
-11,-13,0,1,-11,-13
1,1,2,2,1,1
2,1,6,2,11,1
-13,11,1,2,-13,1
-11,0,0,4,-11,2
1,1,3,2,0,1
2,-11,2,0,1,-11
10,0,5,3,10,0
2,0,6,5,11,10
1,-11,2,0,1,-11
-11,2,0,4,-11,2
-13,1,1,3,-13,0
-13,-11,1,0,-13,-11
0,-13,3,1,0,-13
1,-11,2,0,1,-11
-11,-13,0,1,-11,-13
1,1,2,2,1,1
-11,-13,0,1,-11,-13
2,10,4,5,2,10
-13,-11,1,0,-13,-11
10,1,5,2,10,1
1,1,2,2,1,1
2,-13,4,1,2,-13
2,-11,4,0,2,-11
3,-13,4,1,2,-13
-13,1,1,2,-13,1
0,1,0,2,-11,1
-11,3,0,6,-11,11
-13,10,1,6,-13,11
0,11,2,6,1,11
-11,0,0,3,-11,0
1,1,2,2,1,1
1,-13,2,1,1,-13
2,1,6,2,11,1
-13,11,1,5,-13,10
10,3,5,4,10,2
-13,-11,1,0,-13,-11
11,1,6,2,11,1
1,0,4,3,2,0
1,-13,2,1,1,-13
-11,1,0,2,-11,1
1,10,2,6,1,11
10,2,6,4,11,2
-11,-11,2,0,1,-11
-13,1,1,6,-13,11
1,0,2,3,1,0
1,1,2,2,1,1
1,0,0,3,-11,0
-13,10,1,5,-13,10
1,-11,8,0,-333,-11
-13,-13,1,1,-13,-13
1,1,2,2,1,1
10,0,5,3,10,0
-13,10,1,5,-13,10
0,3,3,4,0,2
10,-11,2,0,1,-11
0,1,3,2,0,1
-13,10,1,6,-13,11
-11,-13,0,1,-11,-13
1,1,6,2,11,1
-13,2,1,6,-13,11
-13,10,1,5,-13,10
1,-13,2,1,1,-13
2,2,4,4,2,2
0,-13,3,3,0,0
1,1,2,2,1,1
-11,1,0,2,-11,1
1,-13,2,1,1,-13
-11,2,0,4,-11,2
-11,-13,0,0,-11,-11
1,11,2,6,1,11
0,1,2,6,1,11
0,-11,3,0,0,-11
-13,0,1,3,-13,0
-13,1,1,2,-13,1
2,2,6,2,11,1
-13,1,1,0,-13,-11
1,10,3,5,0,10
1,-13,6,1,11,-13
-13,2,1,4,-13,2
-13,0,1,3,-13,0
-13,1,1,2,-13,1
-11,0,0,3,-11,0
-11,1,1,2,-13,1
-11,10,0,5,-11,10
2,-13,2,1,1,-13
-11,0,0,2,-11,1
10,11,5,6,10,11
-13,0,1,3,-13,0
1,-11,2,0,1,-11
-13,1,1,2,-13,1
2,1,4,2,2,1
11,-13,6,1,11,-13
-11,-11,0,0,-11,-11
1,-13,2,1,1,-13
1,-11,2,0,1,-11
10,1,6,2,11,1
0,-11,2,2,1,1
-11,2,0,6,-11,11
-13,-11,1,0,-13,-11
0,1,3,2,0,1
2,10,4,5,2,10
2,2,4,2,2,1
1,-13,2,1,1,-13
-11,1,0,6,-11,11
10,-13,5,1,10,-13
1,-11,2,0,1,-11
1,2,2,2,1,1
11,10,6,5,11,10
11,3,6,4,11,2
-13,0,1,1,-13,-13
0,-13,3,1,0,-13
1,-11,2,0,1,-11
-13,-11,1,0,-13,-11
-13,10,1,5,-13,10
-13,1,1,6,-13,11
2,10,2,5,1,10
10,0,5,4,10,2
0,-11,3,0,0,-11
10,0,6,3,11,0
-13,1,1,2,-13,1
-13,10,1,6,-13,11
1,1,6,2,11,1
2,2,4,6,2,11
-13,1,3,2,0,1
11,1,5,4,10,2
10,0,5,3,10,0
2,-13,4,1,2,-13
-11,2,0,2,-11,1
-13,-11,1,0,-13,-11
-13,0,1,3,-13,0
10,10,5,5,10,10
1,11,2,6,1,11
0,1,5,2,10,1
1,-13,2,1,1,-13
1,1,2,2,1,1
11,-11,6,0,11,-11
10,1,5,2,10,1
-11,-13,0,1,-11,-13
-13,-13,1,1,-13,-13
-11,1,0,2,-11,1
-13,10,1,2,-13,1
1,10,2,6,1,11
-13,-11,1,0,-13,-11
0,1,2,2,1,1
2,-13,4,1,2,-13
-13,-13,1,1,-13,-13
-13,-13,1,1,-13,-13
2,-13,2,1,1,-13
-13,10,1,6,-13,11
-11,-11,0,0,-11,-11
11,2,6,4,11,2
1,10,2,5,1,10
0,1,3,2,0,1
-11,-13,8,1,-333,-13
11,-13,4,1,2,-13
0,1,3,2,0,1
10,-11,5,0,10,-11
10,0,5,3,10,0
11,0,6,5,11,10
-13,1,1,2,-13,1
1,2,2,4,1,2
0,0,3,3,0,0
1,1,8,2,-333,1
1,0,2,3,1,0
0,-13,3,1,0,-13
1,10,2,6,1,11
-11,1,0,2,-11,1
-13,2,1,4,-13,2
-13,11,1,6,-13,11
1,-11,2,0,1,-11
0,1,2,2,1,1
0,11,3,6,0,11
2,-13,4,1,2,-13
-11,0,0,0,-11,-11
-11,1,0,2,-11,1
0,-13,2,1,1,-13
0,2,3,2,0,1
0,2,2,2,1,1
0,-11,3,0,0,-11
10,2,5,4,10,2
-13,10,1,6,-13,11
-11,1,0,2,-11,1
-11,0,0,3,-11,0
11,1,6,8,11,-333
10,-13,5,1,10,-13
-11,12,0,6,-11,11
0,2,3,2,0,1
1,10,2,5,1,10
3,1,4,2,2,1
-11,1,0,2,-11,1
-11,10,0,5,-11,10
1,10,2,5,1,10
0,1,2,4,1,2
-13,0,1,5,-13,10
-11,0,0,3,-11,0
1,11,2,6,1,11
-13,0,1,3,-13,0
-11,1,2,2,1,1
0,0,4,3,2,0
10,-13,5,1,10,-13
10,-11,5,0,10,-11
0,10,3,6,0,11
1,-11,2,0,1,-11
2,1,4,2,2,1
-13,11,1,6,-13,11
2,-11,4,1,2,-13
-11,1,2,2,1,1
-13,-11,1,0,-13,-11
11,-13,6,1,11,-13
0,1,3,2,0,1
2,-11,2,0,1,-11
1,1,6,2,11,1
-11,-11,0,0,-11,-11
-13,-13,1,0,-13,-11
1,0,2,3,1,0
-13,11,1,6,-13,11
-11,-13,0,1,-11,-13
-13,-11,8,0,-333,-11
-11,1,8,4,-333,2
3,2,2,2,1,1
-13,2,1,2,-13,1
-13,-13,1,1,-13,-13
0,1,3,6,0,11
10,-13,5,1,10,-13
-11,2,0,4,-11,2
10,-11,6,0,11,-11
10,-13,5,8,10,-333
-11,10,0,6,-11,11
2,2,4,4,2,2
1,1,2,2,1,1
1,-13,2,1,1,-13
-13,-11,1,0,-13,-11
1,0,2,3,1,0
2,2,4,2,2,1
-13,2,1,6,-13,11
-13,1,1,2,-13,1
0,10,5,5,10,10
-11,-13,0,1,-11,-13
0,1,3,2,0,1
1,-11,5,0,10,-11
1,-13,2,1,1,-13
1,0,2,4,1,2
11,-11,6,0,11,-11
2,1,4,2,2,1
0,10,3,5,0,10
-13,1,1,2,-13,1
1,-11,2,0,1,-11
0,1,3,4,0,2
-11,-13,0,1,-11,-13
-13,-11,1,0,-13,-11
-13,11,1,6,-13,11
-13,11,1,6,-13,11
-11,10,0,5,-11,10
-11,0,0,3,-11,0
-11,12,0,6,-11,11
1,1,2,2,1,1
0,2,3,4,0,2
2,1,2,5,1,10
1,-11,8,0,-333,-11
1,11,2,5,1,10
1,0,2,3,1,0
1,11,2,5,1,10
1,-11,2,0,1,-11
2,0,2,7,1,-222
-11,-11,0,0,-11,-11
2,-11,4,0,2,-11
1,1,2,2,1,1
1,1,2,2,1,1
1,0,2,3,1,0
-13,2,1,4,-13,2
-11,-11,0,2,-11,1
2,0,2,3,1,0
-13,0,3,3,0,0
1,-13,2,1,1,-13
-11,1,0,2,-11,1
-11,1,2,2,1,1
2,0,2,3,1,0
2,10,4,5,2,10
1,-13,2,1,1,-13
-11,-11,0,0,-11,-11
0,-11,3,0,0,-11
1,2,2,4,1,2
0,2,2,2,1,1
1,1,2,2,1,1
1,-13,5,1,10,-13
1,0,3,5,0,10
2,2,2,4,1,2
1,0,2,3,1,0
1,2,2,2,1,1
0,1,3,4,0,2
-11,0,0,3,-11,0
1,1,2,2,1,1
1,11,2,5,1,10
11,1,6,2,11,1
-11,0,0,3,-11,0
10,1,5,4,10,2
-11,0,0,3,-11,0
0,0,3,3,0,0
0,10,1,6,-13,11
0,-13,2,3,1,0
-11,1,0,6,-11,11
-11,2,0,4,-11,2
2,-13,4,1,2,-13
2,10,4,5,2,10
-13,1,1,2,-13,1
10,-11,6,0,11,-11
1,1,2,2,1,1
10,0,5,3,10,0
0,-11,3,0,0,-11
1,-11,2,0,1,-11
1,-13,2,1,1,-13
-11,1,0,4,-11,2
-13,1,1,2,-13,1
-13,1,1,2,-13,1
-11,-13,0,8,-11,-333
-13,-13,1,1,-13,-13
1,2,2,4,1,2
10,1,5,3,10,0
2,-11,2,0,1,-11
2,10,6,2,11,1
-11,1,8,2,-333,1
-13,-11,1,0,-13,-11
11,2,6,2,11,1
1,10,2,5,1,10
1,-13,2,1,1,-13
1,1,5,2,10,1
0,-13,3,1,0,-13
1,1,2,6,1,11
-13,0,8,3,-333,0
1,-11,2,0,1,-11
-13,-11,1,0,-13,-11
12,0,6,3,11,0
10,12,5,6,10,11
-13,10,2,5,1,10
10,-11,5,2,10,1
-13,2,1,2,-13,1
1,1,6,2,11,1
1,10,6,5,11,10
1,-11,2,0,1,-11
1,1,2,4,1,2
1,0,2,3,1,0
0,-13,3,1,0,-13
-13,2,1,8,-13,-333
0,1,3,2,0,1
1,0,0,3,-11,0
1,0,6,2,11,1
-11,0,0,3,-11,0
1,2,2,4,1,2
2,0,4,3,2,0
0,1,3,2,0,1
-11,3,0,4,-11,2
-11,2,0,2,-11,1
10,2,6,2,11,1
0,1,3,2,0,1
-11,-11,0,0,-11,-11
-11,10,0,5,-11,10
11,-13,6,1,11,-13
10,-13,5,3,10,0
0,10,3,5,0,10
-13,-11,8,0,-333,-11
0,2,3,2,0,1
-11,0,0,3,-11,0
-13,-11,1,0,-13,-11
10,1,5,2,10,1
1,2,4,2,2,1
0,0,3,3,0,0
11,10,2,5,1,10
-11,-11,3,0,0,-11
10,10,6,5,11,10
-11,1,0,2,-11,1
-13,1,1,6,-13,11
0,10,2,5,1,10
0,11,3,5,0,10
10,1,5,2,10,1
-11,0,0,3,-11,0
-11,2,0,4,-11,2
1,0,7,2,-222,1
2,2,4,4,2,2
10,1,5,2,10,1
-11,-13,0,1,-11,-13
11,10,6,5,11,10
-13,1,1,2,-13,1
-13,10,1,5,-13,10
-13,1,1,2,-13,1
1,-13,3,1,0,-13
1,-11,2,1,1,-13
-11,1,0,2,-11,1
-13,-11,1,0,-13,-11
1,1,2,2,1,1
1,-13,3,1,0,-13
2,-11,2,0,1,-11
-13,1,1,2,-13,1
2,1,2,4,1,2
1,1,2,8,1,-333
1,-11,2,0,1,-11
1,2,2,4,1,2
11,1,6,2,11,1
1,1,2,2,1,1
-11,2,0,2,-11,1
1,1,6,2,11,1
-11,-13,0,1,-11,-13
-11,1,0,2,-11,1
-11,1,0,2,-11,1
11,-13,6,1,11,-13
1,10,2,5,1,10
1,1,2,2,1,1
-11,-11,0,0,-11,-11
1,-11,0,0,-11,-11
2,10,2,5,1,10
-11,1,2,2,1,1
0,0,3,3,0,0
2,1,2,0,1,-11
-13,-13,1,1,-13,-13
-13,-11,1,0,-13,-11
-11,1,0,2,-11,1
1,1,2,2,1,1
-11,-11,3,8,0,-333
-13,1,1,2,-13,1
1,-13,2,1,1,-13
11,0,5,3,10,0
1,1,2,2,1,1
2,2,2,4,1,2
1,0,2,3,1,0
1,3,2,4,1,2
-13,1,1,2,-13,1
-11,3,0,4,-11,2
2,-11,6,0,11,-11
1,-13,2,1,1,-13
0,1,1,2,-13,1
-11,10,0,5,-11,10
-11,0,0,3,-11,0
1,-13,2,1,1,-13
-11,-11,0,0,-11,-11
-13,1,1,4,-13,2
0,0,3,3,0,0
1,10,2,5,1,10
1,10,2,5,1,10
-13,-13,1,1,-13,-13
-11,0,0,3,-11,0
-13,1,1,2,-13,1
-11,-11,0,2,-11,1
0,-11,3,0,0,-11
-13,2,1,4,-13,2
1,11,2,6,1,11
2,10,2,6,1,11
10,10,5,5,10,10
-11,-13,2,1,1,-13
0,1,3,2,0,1
0,2,3,4,0,2
10,10,5,5,10,10
-13,1,1,2,-13,1
-11,1,0,2,-11,1
10,-13,5,1,10,-13
0,1,3,2,0,1
-11,1,0,2,-11,1
1,1,2,2,1,1
-13,-11,1,0,-13,-11
10,-13,5,1,10,-13
2,1,0,6,-11,11
-13,0,1,3,-13,0
-13,-11,1,0,-13,-11
-11,0,0,3,-11,0
-11,1,0,2,-11,1
0,0,3,4,0,2
1,-13,2,1,1,-13
10,-11,5,0,10,-11
1,-11,2,0,1,-11
2,11,2,5,1,10
0,0,0,3,-11,0
0,1,3,2,0,1
10,10,5,5,10,10
2,-11,2,8,1,-333
2,1,2,2,1,1
-11,0,0,5,-11,10
1,2,2,4,1,2
0,-13,3,1,0,-13
2,2,2,2,1,1
-11,1,0,2,-11,1
10,-11,5,8,10,-333
1,10,2,5,1,10
0,1,3,2,0,1
1,10,4,5,2,10
1,-11,6,0,11,-11
1,-13,1,1,-13,-13
1,-13,2,1,1,-13
-11,1,0,2,-11,1
-13,-13,1,1,-13,-13
0,10,3,5,0,10
0,1,8,2,-333,1
11,1,6,6,11,11
-13,2,1,2,-13,1
0,11,3,5,0,10
-11,1,2,2,1,1
1,-11,2,0,1,-11
-11,-11,0,0,-11,-11
1,-13,2,1,1,-13
2,-11,4,0,2,-11
-11,11,0,2,-11,1
-13,1,1,2,-13,1
-11,1,0,2,-11,1
-13,-13,1,1,-13,-13
-13,-11,1,0,-13,-11
-13,1,1,2,-13,1
12,-13,6,1,11,-13
-11,10,0,4,-11,2
2,1,2,2,1,1
-13,1,1,2,-13,1
-11,-13,0,1,-11,-13
11,-13,6,1,11,-13
2,10,4,5,2,10
-13,-13,1,1,-13,-13
10,1,5,6,10,11
2,0,6,2,11,1
10,1,6,2,11,1
-13,-11,1,0,-13,-11
-11,0,2,3,1,0
1,-13,2,1,1,-13
-13,11,1,6,-13,11
2,-11,2,0,1,-11
-11,2,0,6,-11,11
0,1,1,2,-13,1
11,-11,6,0,11,-11
1,3,2,4,1,2
-13,0,1,3,-13,0
1,10,5,6,10,11
-11,-11,1,0,-13,-11
2,1,4,2,2,1
2,0,6,3,11,0
1,10,2,5,1,10
-11,-13,0,1,-11,-13
0,1,3,2,0,1
11,-13,6,3,11,0
1,0,2,3,1,0
1,0,2,3,1,0
-11,2,0,4,-11,2
-13,1,1,2,-13,1
2,-11,4,0,2,-11
10,1,5,3,10,0
-11,1,0,2,-11,1
1,2,2,2,1,1
0,-13,3,1,0,-13
-13,-13,1,1,-13,-13
0,0,3,2,0,1
1,1,2,2,1,1
2,10,2,5,1,10
-13,0,1,3,-13,0
-13,-13,1,1,-13,-13
1,1,2,2,1,1
1,2,2,2,1,1
-13,-11,1,0,-13,-11
1,1,2,2,1,1
10,-11,5,0,10,-11
1,2,2,4,1,2
-13,2,1,2,-13,1
0,0,3,3,0,0
2,0,4,3,2,0
0,-13,6,1,11,-13
-1,2,5,6,10,11
-13,10,1,5,-13,10
1,1,2,2,1,1
11,3,6,4,11,2
-13,0,1,5,-13,10
2,1,2,2,1,1
-13,0,1,3,-13,0
10,1,5,6,10,11
1,1,5,2,10,1
4,-11,4,0,2,-11
1,3,2,4,1,2
-13,-11,1,2,-13,1
-11,1,0,2,-11,1
-11,1,0,2,-11,1
-11,0,0,2,-11,1
-13,10,1,5,-13,10
2,0,2,3,1,0
0,10,3,5,0,10
-13,-13,1,1,-13,-13
1,-13,2,1,1,-13
1,1,2,4,1,2
1,-13,2,1,1,-13
11,2,6,4,11,2
-13,1,1,2,-13,1
0,-13,3,1,0,-13
1,11,2,5,1,10
0,1,3,2,0,1
10,-13,5,1,10,-13
11,0,5,3,10,0
2,10,2,5,1,10
0,1,3,4,0,2
-13,1,1,4,-13,2
-11,-11,0,0,-11,-11
1,1,4,2,2,1
3,1,6,2,11,1
-11,-13,2,3,1,0
1,1,4,2,2,1
1,10,2,5,1,10
11,10,2,5,1,10
-13,10,0,5,-11,10
1,10,6,5,11,10
-11,0,0,2,-11,1
10,-13,5,1,10,-13
1,2,2,2,1,1
-11,-13,0,1,-11,-13
-11,10,0,5,-11,10
-13,11,1,6,-13,11
0,10,3,5,0,10
2,10,6,5,11,10
-11,1,0,2,-11,1
-13,10,1,5,-13,10
1,10,2,5,1,10
-11,1,0,2,-11,1
11,2,6,2,11,1
-13,2,1,4,-13,2
0,0,3,3,0,0
-13,-13,2,1,1,-13
-11,2,0,4,-11,2
-11,0,0,4,-11,2
-11,2,0,2,-11,1
1,-13,2,1,1,-13
-11,10,3,5,0,10
1,-13,2,1,1,-13
2,2,4,6,2,11
0,-13,3,1,0,-13
1,0,2,1,1,-13
-13,2,1,6,-13,11
11,10,6,6,11,11
1,11,3,5,0,10
0,-13,3,1,0,-13
-13,11,1,6,-13,11
0,-11,6,0,11,-11
1,1,6,2,11,1
1,1,2,2,1,1
1,2,4,2,2,1
-13,11,1,6,-13,11
-13,-13,1,1,-13,-13
2,2,4,4,2,2
-11,2,0,2,-11,1
-13,-13,1,1,-13,-13
1,-11,2,0,1,-11
1,11,2,6,1,11
-11,-13,0,1,-11,-13
-13,10,1,5,-13,10
1,0,2,3,1,0
11,-11,6,0,11,-11
-11,-13,0,1,-11,-13
-13,-13,1,1,-13,-13
1,1,6,2,11,1
3,-13,4,1,2,-13
1,0,2,3,1,0
-11,1,0,2,-11,1
-13,11,1,6,-13,11
2,-11,4,0,2,-11
-13,0,1,3,-13,0
0,-11,2,0,1,-11
1,2,2,8,1,-333
0,0,5,3,10,0
0,0,3,3,0,0
-13,1,1,6,-13,11
-13,11,1,2,-13,1
-11,1,0,2,-11,1
-11,-11,0,0,-11,-11
1,2,2,0,1,-11
10,0,6,4,11,2
-11,-13,0,1,-11,-13
2,-11,5,2,10,1
1,-13,2,1,1,-13
-11,-11,0,0,-11,-11
-13,2,1,4,-13,2
-13,2,1,2,-13,1
-11,10,0,6,-11,11
2,-11,4,0,2,-11
10,3,6,6,11,11
-1,-11,5,0,10,-11
-13,-13,1,1,-13,-13
-13,-11,1,1,-13,-13
-11,10,0,6,-11,11
-13,10,1,5,-13,10
-13,-13,1,1,-13,-13
1,-13,6,1,11,-13
0,-11,3,2,0,1
-13,0,1,0,-13,-11
-13,1,1,5,-13,10
-11,1,0,4,-11,2
1,10,2,6,1,11
10,-13,5,1,10,-13
1,1,2,4,1,2
1,-11,2,0,1,-11
2,10,2,5,1,10
1,-13,2,1,1,-13
-13,1,1,2,-13,1
0,1,3,2,0,1
10,1,6,2,11,1
-13,-11,1,1,-13,-13
1,2,2,2,1,1
1,1,2,6,1,11
-11,2,0,6,-11,11
-11,0,0,3,-11,0
1,2,2,2,1,1
-11,10,0,6,-11,11
1,-11,2,0,1,-11
1,-1,2,5,1,10
2,0,2,3,1,0
-11,-13,0,1,-11,-13
10,0,6,3,11,0
1,-11,2,0,1,-11
0,-11,3,0,0,-11
-13,-11,1,0,-13,-11
2,1,4,2,2,1
1,1,2,2,1,1
10,-13,6,1,11,-13
-11,-13,0,1,-11,-13
-13,-11,1,0,-13,-11
11,-13,6,1,11,-13
0,-11,5,2,10,1
-13,-13,1,1,-13,-13
0,2,8,2,-333,1
10,-13,5,1,10,-13
-11,-13,0,1,-11,-13
1,0,2,3,1,0
11,10,6,5,11,10
1,11,2,6,1,11
11,-11,5,0,10,-11
10,-13,6,1,11,-13
-13,-13,1,1,-13,-13
-11,1,0,2,-11,1
-13,1,1,2,-13,1
11,3,5,4,10,2
-13,10,1,5,-13,10
1,-13,4,1,2,-13
2,-13,5,1,10,-13
10,0,5,3,10,0
-13,-11,1,0,-13,-11
-11,-11,0,1,-11,-13
1,0,2,3,1,0
10,1,5,2,10,1
2,-13,2,1,1,-13
0,-11,2,0,1,-11
-13,-13,1,1,-13,-13
0,1,3,2,0,1
-13,1,3,4,0,2
-13,1,1,2,-13,1
-11,10,0,5,-11,10
1,1,4,2,2,1
1,3,2,6,1,11
2,11,7,5,-222,10
-13,10,1,5,-13,10
1,3,2,4,1,2
10,-11,5,0,10,-11
-11,2,0,4,-11,2
10,1,5,2,10,1
-11,-13,1,1,-13,-13
-11,1,0,6,-11,11
2,11,2,6,1,11
-13,-13,1,1,-13,-13
-11,1,0,2,-11,1
-11,1,0,2,-11,1
11,2,5,2,10,1
-11,1,0,2,-11,1
-13,1,1,2,-13,1
10,10,5,5,10,10
0,1,5,2,10,1
0,1,3,4,0,2
10,0,5,3,10,0
1,1,2,2,1,1
10,1,5,2,10,1
1,1,2,2,1,1
1,1,2,2,1,1
1,0,2,3,1,0
2,1,2,2,1,1
-13,-13,1,1,-13,-13
12,1,6,2,11,1
1,-13,2,1,1,-13
0,-11,3,0,0,-11
-11,-11,0,0,-11,-11
0,2,3,4,0,2
-11,-11,0,0,-11,-11
-13,1,1,5,-13,10
1,1,2,2,1,1
-11,1,0,2,-11,1
1,1,2,2,1,1
-13,-13,1,1,-13,-13
1,2,2,2,1,1
0,10,3,5,0,10
-11,1,0,2,-11,1
10,1,5,2,10,1
1,11,2,5,1,10
-11,1,0,2,-11,1
-13,-11,0,1,-11,-13
1,2,2,2,1,1
2,1,2,2,1,1
-11,1,0,2,-11,1
1,1,2,2,1,1
10,-13,5,1,10,-13
0,1,2,2,1,1
1,-13,2,1,1,-13
-13,0,1,3,-13,0
-11,12,0,5,-11,10
-11,11,0,4,-11,2
0,-11,2,0,1,-11
1,-11,2,2,1,1
11,2,6,4,11,2
-13,0,7,3,-222,0
11,1,6,2,11,1
2,1,4,2,2,1
0,2,3,2,0,1
1,-11,2,0,1,-11
1,-13,2,1,1,-13
0,1,3,2,0,1
1,1,2,2,1,1
10,-13,5,1,10,-13
10,10,5,5,10,10
-11,1,0,2,-11,1
0,-13,3,1,0,-13
-13,1,1,2,-13,1
1,1,2,2,1,1
10,-11,5,0,10,-11
-13,-11,1,0,-13,-11
-11,1,0,2,-11,1
11,1,5,2,10,1
1,-11,5,0,10,-11
2,10,4,5,2,10
10,-13,5,1,10,-13
1,1,4,2,2,1
-13,-13,1,1,-13,-13
-13,0,1,3,-13,0
1,1,2,2,1,1
10,-11,5,0,10,-11
11,1,6,2,11,1
10,1,5,2,10,1
1,0,2,3,1,0
1,-11,2,0,1,-11
1,0,2,3,1,0
11,-11,5,0,10,-11
-11,0,0,3,-11,0
-13,10,1,5,-13,10
1,1,2,2,1,1
10,-13,5,1,10,-13
-13,10,8,5,-333,10
12,-11,6,1,11,-13
0,1,3,2,0,1
-13,1,1,2,-13,1
-11,-11,0,0,-11,-11
-13,0,1,3,-13,0
1,11,2,6,1,11
-11,1,0,2,-11,1
10,0,5,3,10,0
1,1,2,2,1,1
0,-11,3,2,0,1
1,10,2,5,1,10
-13,1,1,2,-13,1
-13,10,2,5,1,10
-11,-11,0,0,-11,-11
-13,11,1,6,-13,11
1,-13,3,0,0,-11
1,-11,2,0,1,-11
-13,-11,1,0,-13,-11
1,1,4,2,2,1
1,0,2,3,1,0
2,1,4,6,2,11
1,1,2,2,1,1
10,-13,5,1,10,-13
0,-13,3,1,0,-13
1,10,8,5,-333,10
10,-13,5,1,10,-13
2,1,2,3,1,0
1,0,5,5,10,10
-11,-13,0,1,-11,-13
-11,-11,0,0,-11,-11
-13,2,3,6,0,11
-11,3,0,4,-11,2
-11,2,0,2,-11,1
-13,2,1,4,-13,2
0,-13,3,1,0,-13
-11,1,0,2,-11,1
2,-13,6,1,11,-13
11,-13,5,1,10,-13
1,2,2,4,1,2
-13,1,0,2,-11,1
1,1,2,3,1,0
0,1,3,2,0,1
1,-11,2,2,1,1
11,2,5,4,10,2
0,-13,3,1,0,-13
1,11,2,5,1,10
11,1,6,2,11,1
-13,1,0,2,-11,1
-13,0,2,5,1,10
-11,-11,2,0,1,-11
10,-11,5,0,10,-11
0,0,3,2,0,1
-11,2,0,2,-11,1
1,-13,5,1,10,-13
-13,3,8,4,-333,2
-13,0,1,2,-13,1
1,-13,2,1,1,-13
0,-13,2,1,1,-13
2,-11,5,0,10,-11
-11,10,0,6,-11,11
-11,11,0,6,-11,11
0,1,3,2,0,1
-13,-11,8,0,-333,-11
0,1,3,2,0,1
-11,-13,0,1,-11,-13
0,-11,5,0,10,-11
1,-13,5,3,10,0
-13,-13,1,1,-13,-13
-13,2,1,2,-13,1
-13,2,1,2,-13,1
10,1,5,2,10,1
2,1,6,6,11,11
-11,1,2,2,1,1
10,-13,5,1,10,-13
-13,2,1,4,-13,2
2,1,2,4,1,2
-13,11,1,6,-13,11
-11,2,0,2,-11,1
1,1,2,2,1,1
1,11,2,6,1,11
-13,-11,1,0,-13,-11
0,0,3,3,0,0
10,1,5,2,10,1
10,1,5,2,10,1
-13,2,1,2,-13,1
0,0,3,2,0,1
1,-11,6,0,11,-11
1,1,2,2,1,1
-11,10,0,6,-11,11
-13,1,4,2,2,1
2,1,4,6,2,11
2,11,2,6,1,11
-11,10,0,6,-11,11
10,-13,5,1,10,-13
-11,1,0,6,-11,11
-11,-11,0,0,-11,-11
10,10,5,5,10,10
2,-11,2,0,1,-11
-11,-13,0,1,-11,-13
-11,-13,0,1,-11,-13
10,1,6,2,11,1
10,2,5,2,10,1
-11,0,0,3,-11,0
1,10,2,5,1,10
2,-11,4,0,2,-11
0,11,3,5,0,10
-11,-11,0,0,-11,-11
-11,1,0,6,-11,11
2,-11,4,0,2,-11
1,1,2,0,1,-11
-13,-13,1,1,-13,-13
0,11,4,6,2,11
-11,1,0,2,-11,1
-13,11,1,5,-13,10
-11,1,0,2,-11,1
11,10,6,5,11,10
1,0,2,3,1,0
-13,3,1,4,-13,2
1,-13,2,1,1,-13
-13,-13,1,8,-13,-333
1,-11,2,0,1,-11
1,0,3,3,0,0
1,0,2,0,1,-11
-13,1,1,2,-13,1
1,-11,6,0,11,-11
-13,-13,1,1,-13,-13
-13,11,1,6,-13,11
0,-11,3,0,0,-11
0,-13,3,1,0,-13
1,-11,2,0,1,-11
1,10,2,5,1,10
0,0,3,8,0,-333
0,-13,3,1,0,-13
1,10,6,6,11,11
0,10,3,5,0,10
1,10,2,5,1,10
2,2,2,2,1,1
1,-11,2,0,1,-11
1,0,2,4,1,2
-13,-11,1,0,-13,-11
-13,0,1,3,-13,0
-13,-13,1,1,-13,-13
-13,-13,2,1,1,-13
10,1,5,2,10,1
-13,-11,1,0,-13,-11
11,0,6,3,11,0
1,0,2,3,1,0
-13,1,1,2,-13,1
-13,1,1,2,-13,1
-13,-13,1,1,-13,-13
-11,11,0,5,-11,10
1,-13,2,1,1,-13
2,1,2,2,1,1
-11,0,0,6,-11,11
-11,1,0,2,-11,1
-11,1,0,2,-11,1
1,10,2,2,1,1
2,-11,2,0,1,-11
-11,-11,0,0,-11,-11
-11,0,0,6,-11,11
1,1,2,2,1,1
-11,2,2,2,1,1
1,10,2,5,1,10
10,1,6,2,11,1
1,-11,2,0,1,-11
1,10,2,6,1,11
10,3,5,4,10,2
-11,-13,0,1,-11,-13
-13,-13,1,1,-13,-13
-13,-11,1,0,-13,-11
-13,2,1,6,-13,11
1,10,2,5,1,10
-11,-13,0,1,-11,-13
-11,2,0,4,-11,2
1,1,2,4,1,2
2,0,4,3,2,0
1,1,4,2,2,1
2,0,2,3,1,0
2,10,4,5,2,10
11,1,5,2,10,1
1,1,2,2,1,1
2,0,2,3,1,0
-13,-13,1,1,-13,-13
1,10,2,5,1,10
0,1,3,2,0,1
1,-13,2,1,1,-13
2,-11,6,0,11,-11
-13,1,1,2,-13,1
-11,10,0,5,-11,10
0,-11,3,0,0,-11
1,0,2,3,1,0
1,1,8,2,-333,1
-11,-11,0,0,-11,-11
1,2,2,6,1,11
1,0,2,3,1,0
2,-13,2,1,1,-13
-13,1,1,2,-13,1
-13,-13,1,1,-13,-13
10,-11,5,0,10,-11
1,2,2,2,1,1
2,2,2,4,1,2
-11,1,0,2,-11,1
-11,2,0,4,-11,2
10,2,5,4,10,2
-13,-13,1,1,-13,-13
-11,2,2,2,1,1
-13,-13,1,1,-13,-13
10,11,5,5,10,10
2,0,2,3,1,0
10,-11,5,0,10,-11
-11,1,0,4,-11,2
2,-13,2,1,1,-13
-11,2,0,4,-11,2
2,-11,2,0,1,-11
10,-13,5,1,10,-13
-11,-13,0,1,-11,-13
-13,-11,1,0,-13,-11
10,0,5,6,10,11
0,0,3,3,0,0
0,-13,3,1,0,-13
-13,10,1,5,-13,10
-13,1,1,2,-13,1
2,0,4,3,2,0
1,-11,6,0,11,-11
-11,-11,0,8,-11,-333
0,-13,3,3,0,0
0,-13,3,1,0,-13
1,1,2,3,1,0
-11,0,0,3,-11,0
3,-11,4,0,2,-11
1,-11,2,0,1,-11
-13,-11,1,0,-13,-11
2,2,2,4,1,2
1,-13,2,1,1,-13
1,1,2,2,1,1
1,0,2,3,1,0
2,1,4,2,2,1
11,10,5,5,10,10
0,11,3,6,0,11
10,-13,5,1,10,-13
3,1,4,2,2,1
1,2,2,4,1,2
2,1,2,4,1,2
2,1,6,3,11,0
1,-13,6,1,11,-13
10,1,5,2,10,1
2,0,4,3,2,0
1,2,2,2,1,1
0,0,3,3,0,0
1,-13,4,1,2,-13
-11,1,0,2,-11,1
-11,11,0,6,-11,11
-13,-11,1,0,-13,-11
1,1,2,2,1,1
2,1,4,2,2,1
-13,-13,0,1,-11,-13
-11,-13,0,1,-11,-13
0,10,3,5,0,10
2,12,2,6,1,11
0,2,3,2,0,1
1,11,2,6,1,11
2,1,6,2,11,1
-11,1,0,2,-11,1
-11,1,0,2,-11,1
2,1,6,2,11,1
2,1,4,0,2,-11
-11,0,0,5,-11,10
1,1,4,2,2,1
-11,0,0,3,-11,0
-11,0,0,0,-11,-11
10,1,6,2,11,1
12,2,6,6,11,11
1,10,2,5,1,10
-11,1,0,2,-11,1
-11,10,2,6,1,11
-13,-11,1,0,-13,-11
0,-11,3,0,0,-11
0,-13,3,1,0,-13
-13,0,1,3,-13,0
10,1,5,2,10,1
11,-13,5,1,10,-13
1,-13,2,1,1,-13
10,2,5,4,10,2
1,-11,2,8,1,-333
-13,0,1,3,-13,0
10,1,6,2,11,1
10,2,5,4,10,2
10,3,6,4,11,2
1,-13,2,1,1,-13
11,0,6,2,11,1
10,1,5,2,10,1
-13,10,1,5,-13,10
-13,-13,1,1,-13,-13
-11,10,0,6,-11,11
10,-11,5,0,10,-11
-11,0,0,3,-11,0
-11,-13,0,1,-11,-13
1,1,8,0,-333,-11
-11,10,0,5,-11,10
-13,2,1,4,-13,2
11,1,6,5,11,10
0,1,2,2,1,1
1,1,4,2,2,1
2,1,4,2,2,1
0,1,3,6,0,11
1,-11,2,0,1,-11
-11,2,0,2,-11,1
0,1,2,2,1,1
-11,-13,0,1,-11,-13
0,-13,2,1,1,-13
0,-11,3,0,0,-11
1,0,3,3,0,0
11,-11,6,2,11,1
1,1,6,2,11,1
1,1,2,2,1,1
1,-13,2,1,1,-13
-11,0,0,1,-11,-13
0,1,3,2,0,1
-11,10,0,5,-11,10
1,0,2,3,1,0
1,2,2,4,1,2
-11,-13,0,1,-11,-13
1,-13,2,1,1,-13
2,0,2,3,1,0
-11,0,0,2,-11,1
-11,1,0,2,-11,1
-11,-11,0,0,-11,-11
-13,-11,1,0,-13,-11
10,1,5,2,10,1
1,-11,2,0,1,-11
10,-11,5,1,10,-13
1,2,2,3,1,0
-13,-11,1,2,-13,1
-13,-11,1,0,-13,-11
10,0,5,3,10,0
-13,10,1,5,-13,10
11,1,6,2,11,1
2,-13,4,1,2,-13
0,1,2,2,1,1
1,1,5,8,10,-333
-11,-13,2,1,1,-13
1,11,2,6,1,11
2,10,4,5,2,10
1,-11,2,0,1,-11
1,3,2,4,1,2
2,11,2,6,1,11
10,0,5,3,10,0
1,1,2,2,1,1
-11,1,0,8,-11,-333
-13,1,1,2,-13,1
10,-13,5,1,10,-13
0,1,3,2,0,1
1,1,2,2,1,1
1,2,8,4,-333,2
1,1,2,2,1,1
11,-13,5,1,10,-13
1,1,2,2,1,1
-13,-13,1,1,-13,-13
2,-11,2,0,1,-11
11,-13,6,1,11,-13
1,1,2,2,1,1
-11,-13,0,1,-11,-13
-13,1,1,3,-13,0
-11,1,0,2,-11,1
1,-11,4,0,2,-11
1,2,6,4,11,2
2,-11,4,0,2,-11
-11,-13,0,1,-11,-13
11,-11,6,2,11,1
-11,-13,0,1,-11,-13
1,1,2,2,1,1
1,-11,4,0,2,-11
1,-13,2,1,1,-13
-11,-11,1,0,-13,-11
-11,-13,0,1,-11,-13
2,-11,6,0,11,-11
2,3,2,4,1,2
0,1,3,2,0,1
-11,1,0,2,-11,1
0,0,6,3,11,0
-11,11,2,5,1,10
2,10,2,5,1,10
-13,11,1,2,-13,1
0,-13,3,1,0,-13
2,2,2,2,1,1
-11,1,0,4,-11,2
0,1,3,2,0,1
11,1,3,2,0,1
11,-13,6,1,11,-13
0,1,3,2,0,1
10,2,6,2,11,1
-13,0,1,3,-13,0
2,1,4,2,2,1
0,11,3,6,0,11
2,1,2,2,1,1
1,-11,2,0,1,-11
12,-11,6,0,11,-11
10,-13,5,1,10,-13
-13,10,1,6,-13,11
10,-11,5,0,10,-11
-13,-11,2,0,1,-11
-11,-11,0,0,-11,-11
1,10,2,5,1,10
10,-13,5,2,10,1
-13,-13,1,1,-13,-13
0,1,3,2,0,1
-11,10,0,5,-11,10
-13,2,1,2,-13,1
10,10,5,5,10,10
1,1,4,2,2,1
1,-11,2,0,1,-11
-11,1,0,2,-11,1
1,2,6,6,11,11
-11,0,0,3,-11,0
-11,10,0,6,-11,11
2,-11,6,0,11,-11
1,2,2,4,1,2
1,0,4,3,2,0
-13,-13,1,0,-13,-11
1,0,2,2,1,1
-13,11,1,6,-13,11
-13,11,1,6,-13,11
2,10,4,5,2,10
1,-13,2,1,1,-13
1,-13,2,3,1,0
1,0,2,3,1,0
1,1,4,8,2,-333
1,-11,2,0,1,-11
-11,-13,0,1,-11,-13
1,0,4,3,2,0
1,-11,2,0,1,-11
1,1,2,2,1,1
-13,-13,1,1,-13,-13
-13,10,1,5,-13,10
1,-13,2,1,1,-13
-13,1,1,4,-13,2
2,-13,2,1,1,-13
0,1,3,2,0,1
-13,-11,1,2,-13,1
-11,1,3,2,0,1
-13,0,1,0,-13,-11
1,-11,2,0,1,-11
2,1,2,2,1,1
1,-11,2,0,1,-11
-11,-13,0,1,-11,-13
-11,-11,0,0,-11,-11
2,2,4,2,2,1
-11,1,0,2,-11,1
0,2,3,2,0,1
-11,1,0,2,-11,1
1,-13,2,1,1,-13
0,1,5,2,10,1
10,1,6,2,11,1
10,1,5,2,10,1
-11,-13,0,1,-11,-13
1,12,2,4,1,2
11,1,6,6,11,11
-11,-11,0,0,-11,-11
2,1,2,0,1,-11
10,0,5,3,10,0
-13,0,3,3,0,0
-13,-13,1,1,-13,-13
1,0,2,3,1,0
2,1,4,2,2,1
1,1,2,2,1,1
0,11,3,6,0,11
0,-11,3,0,0,-11
10,-11,5,3,10,0
-1,-13,5,1,10,-13
1,1,2,2,1,1
10,0,5,6,10,11
1,-13,2,1,1,-13
-11,10,0,6,-11,11
1,-11,2,0,1,-11
-11,0,1,3,-13,0
-13,-13,8,1,-333,-13
0,10,3,5,0,10
3,2,4,4,2,2
10,0,5,3,10,0
-11,0,0,3,-11,0
-13,-11,1,0,-13,-11
2,-13,4,1,2,-13
2,0,4,3,2,0
11,1,5,6,10,11
0,1,3,2,0,1
10,0,6,3,11,0
-11,-13,0,1,-11,-13
1,-13,2,1,1,-13
2,1,4,2,2,1
-13,-13,1,1,-13,-13
0,2,3,2,0,1
10,2,6,4,11,2
-13,1,1,2,-13,1
0,1,2,2,1,1
1,1,2,2,1,1
-11,-11,2,2,1,1
0,4,3,6,0,11
10,2,6,2,11,1
2,-13,4,1,2,-13
2,1,4,2,2,1
10,11,5,2,10,1
2,-11,2,0,1,-11
2,-11,2,0,1,-11
1,1,6,6,11,11
1,1,2,2,1,1
1,0,0,3,-11,0
2,1,6,2,11,1
1,-13,2,1,1,-13
-11,0,0,3,-11,0
0,2,3,4,0,2
-13,-13,1,2,-13,1
1,1,4,2,2,1
-13,-11,1,0,-13,-11
0,2,5,1,10,-13
0,-13,3,1,0,-13
11,10,6,5,11,10
-13,0,1,3,-13,0
1,11,4,6,2,11
1,1,6,6,11,11
10,1,6,2,11,1
2,-11,4,0,2,-11
10,1,5,2,10,1
1,0,6,3,11,0
1,1,2,2,1,1
11,2,5,6,10,11
0,-11,3,0,0,-11
11,-13,5,2,10,1
1,2,8,4,-333,2
-13,1,1,2,-13,1
10,10,6,5,11,10
-11,0,0,3,-11,0
-13,2,1,4,-13,2
1,10,2,5,1,10
1,2,2,4,1,2
-13,10,1,5,-13,10
2,10,4,5,2,10
10,1,5,2,10,1
2,10,2,5,1,10
-11,1,1,2,-13,1
10,2,5,2,10,1
1,1,2,2,1,1
-13,1,1,2,-13,1
-11,1,0,2,-11,1
-13,2,1,4,-13,2
-13,2,1,4,-13,2
-11,-13,1,1,-13,-13
1,-11,2,0,1,-11
1,0,8,2,-333,1
-11,11,0,6,-11,11
-11,11,0,6,-11,11
10,-13,5,1,10,-13
-13,1,1,0,-13,-11
10,0,5,6,10,11
1,-13,2,1,1,-13
2,10,6,5,11,10
2,1,2,3,1,0
1,0,2,3,1,0
-13,0,1,2,-13,1
-13,11,1,5,-13,10
0,1,2,2,1,1
0,0,3,3,0,0
-13,10,1,5,-13,10
10,1,6,2,11,1
-13,-13,1,8,-13,-333
1,1,2,2,1,1
1,-13,2,1,1,-13
-11,2,0,2,-11,1
1,2,0,2,-11,1
10,2,5,6,10,11
1,10,2,5,1,10
0,0,3,3,0,0
11,-13,6,1,11,-13
10,0,5,3,10,0
1,0,2,5,1,10
0,1,3,6,0,11
-11,1,0,2,-11,1
-13,2,1,2,-13,1
-11,-11,2,3,1,0
10,10,5,5,10,10
-13,-11,1,0,-13,-11
1,2,2,2,1,1
0,-13,2,1,1,-13
-11,-13,0,1,-11,-13
0,0,5,3,10,0
-11,-13,0,1,-11,-13
-11,-13,0,1,-11,-13
-13,-11,1,0,-13,-11
-13,3,1,4,-13,2
-11,2,2,2,1,1
1,10,2,5,1,10
1,12,4,6,2,11
-11,-13,0,1,-11,-13
-11,-11,0,0,-11,-11
-11,0,0,3,-11,0
10,11,6,6,11,11
2,1,2,2,1,1
-13,1,1,2,-13,1
-13,0,1,2,-13,1
1,10,2,5,1,10
-13,0,1,3,-13,0
1,1,2,2,1,1
-11,10,0,5,-11,10
-11,1,0,2,-11,1
1,10,2,6,1,11
-13,0,1,3,-13,0
1,-13,4,1,2,-13
-13,0,1,3,-13,0
-13,-13,1,1,-13,-13
1,2,2,2,1,1
1,1,2,5,1,10
1,2,2,2,1,1
0,-13,3,1,0,-13
11,-11,6,0,11,-11
1,0,2,3,1,0
1,0,2,2,1,1
-11,0,0,3,-11,0
0,-13,3,1,0,-13
1,-11,2,0,1,-11
11,-11,6,0,11,-11
1,2,2,6,1,11
2,-11,4,0,2,-11
-13,-13,1,1,-13,-13
2,-11,4,0,2,-11
1,-13,2,1,1,-13
1,1,2,2,1,1
1,-11,2,0,1,-11
1,1,2,2,1,1
10,0,5,3,10,0
-11,-11,0,0,-11,-11
1,1,2,2,1,1
-11,1,0,4,-11,2
1,1,2,2,1,1
1,-11,2,0,1,-11
1,2,2,6,1,11
1,-13,2,1,1,-13
-11,-13,0,1,-11,-13
2,-11,2,0,1,-11
10,10,5,5,10,10
2,0,4,2,2,1
1,-13,2,1,1,-13
1,-13,2,1,1,-13
10,-11,5,0,10,-11
-11,2,0,2,-11,1
1,-13,4,1,2,-13
-13,-11,1,0,-13,-11
1,-13,2,0,1,-11
0,11,3,5,0,10
-11,2,0,6,-11,11
11,2,6,2,11,1
-13,1,1,2,-13,1
10,-11,5,0,10,-11
-13,-11,1,0,-13,-11
-11,2,0,2,-11,1
2,4,2,4,1,2
-11,10,0,5,-11,10
-11,1,0,2,-11,1
1,2,2,4,1,2
1,2,3,3,0,0
1,-11,2,0,1,-11
-13,2,1,2,-13,1
1,1,2,2,1,1
-11,1,0,2,-11,1
1,0,5,3,10,0
1,3,2,6,1,11
0,-13,2,1,1,-13
10,-11,6,0,11,-11
-11,-11,0,0,-11,-11
-11,-11,2,0,1,-11
-13,2,1,2,-13,1
1,-11,2,0,1,-11
-11,-13,0,1,-11,-13
1,-11,2,0,1,-11
-13,1,1,4,-13,2
1,1,2,2,1,1
-11,-11,0,1,-11,-13
0,0,4,2,2,1
10,1,5,2,10,1
10,10,5,6,10,11
1,2,6,4,11,2
0,-13,3,1,0,-13
1,-13,4,1,2,-13
-13,-13,1,1,-13,-13
1,1,2,2,1,1
-13,0,1,3,-13,0
-11,0,2,0,1,-11
10,1,6,2,11,1
10,1,5,2,10,1
2,-13,4,1,2,-13
1,2,8,2,-333,1
0,11,3,5,0,10
1,-11,4,0,2,-11
1,-11,2,0,1,-11
-11,1,0,2,-11,1
-11,0,0,3,-11,0
10,1,6,2,11,1
1,0,2,3,1,0
1,-11,6,0,11,-11
1,1,3,6,0,11
-13,-11,1,0,-13,-11
0,0,3,3,0,0
1,1,2,2,1,1
2,11,6,6,11,11
0,-13,3,1,0,-13
0,0,3,3,0,0
1,-13,2,1,1,-13
2,10,2,6,1,11
-13,1,1,2,-13,1
10,2,5,2,10,1
2,2,2,2,1,1
1,0,2,3,1,0
-13,0,1,3,-13,0
1,-11,2,0,1,-11
0,10,2,5,1,10
1,-11,2,1,1,-13
-13,-11,1,0,-13,-11
0,-13,3,1,0,-13
2,1,4,2,2,1
0,1,3,2,0,1
1,-11,2,0,1,-11
0,-13,3,3,0,0
0,-11,3,0,0,-11
-11,-11,0,0,-11,-11
0,-11,6,2,11,1
1,-13,2,1,1,-13
-11,1,0,5,-11,10
0,1,3,2,0,1
-13,-11,1,0,-13,-11
-11,1,0,2,-11,1
1,1,2,2,1,1
-11,-11,0,0,-11,-11
1,-11,2,0,1,-11
1,-11,6,1,11,-13
1,-13,2,1,1,-13
0,0,3,3,0,0
0,-13,3,1,0,-13
1,0,2,3,1,0
-11,10,0,5,-11,10
-13,-11,1,0,-13,-11
10,1,5,2,10,1
1,11,2,6,1,11
1,-11,2,0,1,-11
2,2,2,4,1,2
10,0,6,3,11,0
0,1,3,6,0,11
-13,-13,1,0,-13,-11
-13,-13,1,1,-13,-13
-11,0,0,1,-11,-13
-13,-11,1,0,-13,-11
-11,0,0,3,-11,0
-11,1,0,2,-11,1
1,-13,4,1,2,-13
-11,-13,0,1,-11,-13
11,-13,6,1,11,-13
-13,10,1,5,-13,10
10,-13,5,0,10,-11
0,-11,3,0,0,-11
2,0,4,1,2,-13
-13,1,1,2,-13,1
2,1,6,2,11,1
11,2,6,4,11,2
10,-1,5,5,10,10
-11,1,0,2,-11,1
-13,10,1,5,-13,10
-13,1,1,2,-13,1
1,-13,2,1,1,-13
-13,0,1,3,-13,0
0,1,3,2,0,1
11,11,5,6,10,11
10,1,5,6,10,11
10,10,5,5,10,10
-13,-11,2,0,1,-11
11,-11,6,0,11,-11
-11,-11,0,2,-11,1
0,1,3,2,0,1
10,1,6,2,11,1
2,-13,2,1,1,-13
0,1,3,4,0,2
1,0,2,3,1,0
1,2,2,4,1,2
-11,1,0,2,-11,1
1,-11,2,0,1,-11
-11,-11,0,3,-11,0
-11,1,2,2,1,1
1,-11,2,0,1,-11
10,10,6,5,11,10
-11,0,0,3,-11,0
-13,0,1,3,-13,0
-13,11,1,5,-13,10
10,10,5,5,10,10
-11,2,2,4,1,2
1,-13,2,1,1,-13
10,-11,6,0,11,-11
-13,1,1,2,-13,1
2,11,4,5,2,10
3,11,4,6,2,11
2,-13,2,1,1,-13
1,10,2,5,1,10
1,1,2,2,1,1
-11,1,0,2,-11,1
11,1,4,2,2,1
1,-11,2,0,1,-11
11,-11,6,0,11,-11
0,2,6,4,11,2
2,-11,4,0,2,-11
1,2,4,2,2,1
10,2,5,4,10,2
-13,2,1,2,-13,1
12,1,6,2,11,1
1,10,2,5,1,10
-13,2,7,4,-222,2
10,0,5,2,10,1
1,1,2,2,1,1
2,1,2,5,1,10
10,-13,5,1,10,-13
-13,-13,1,1,-13,-13
1,-13,2,1,1,-13
-11,0,0,3,-11,0
-13,-11,1,0,-13,-11
2,-13,4,1,2,-13
1,10,2,5,1,10
-11,1,0,2,-11,1
-11,1,2,2,1,1
-11,1,0,6,-11,11
1,1,2,5,1,10
1,11,2,6,1,11
-13,1,1,2,-13,1
0,1,5,5,10,10
1,1,2,2,1,1
1,-11,2,0,1,-11
-11,1,0,2,-11,1
0,0,1,3,-13,0
1,1,2,2,1,1
1,1,2,2,1,1
1,10,2,5,1,10
0,3,3,4,0,2
0,-11,3,0,0,-11
0,-13,3,1,0,-13
-13,10,1,6,-13,11
1,1,2,2,1,1
-13,10,1,5,-13,10
1,1,2,2,1,1
1,2,2,4,1,2
-11,1,0,5,-11,10
-11,0,0,3,-11,0
0,0,3,2,0,1
-13,-11,1,0,-13,-11
2,1,6,2,11,1
1,1,2,6,1,11
0,1,3,2,0,1
2,1,2,2,1,1
0,10,3,5,0,10
-13,-11,1,0,-13,-11
1,2,2,2,1,1
-13,-11,1,0,-13,-11
0,1,3,5,0,10
0,3,3,4,0,2
-11,-11,0,0,-11,-11
1,-11,2,0,1,-11
1,1,2,2,1,1
1,10,2,5,1,10
1,10,6,6,11,11
1,1,2,2,1,1
1,1,2,2,1,1
10,10,5,5,10,10
-13,0,1,3,-13,0
11,1,6,2,11,1
1,2,2,4,1,2
1,-11,2,2,1,1
1,0,2,3,1,0
-13,2,1,4,-13,2
1,1,4,2,2,1
2,0,4,3,2,0
1,10,2,5,1,10
2,1,4,2,2,1
-13,-13,8,1,-333,-13
-13,12,1,6,-13,11
0,1,3,2,0,1
-11,2,0,4,-11,2
-11,-11,0,0,-11,-11
-11,0,2,1,1,-13
10,0,5,5,10,10
1,2,2,4,1,2
-11,1,0,2,-11,1
1,-11,2,8,1,-333
-13,1,3,3,0,0
-11,3,0,4,-11,2
-11,10,0,5,-11,10
1,10,2,2,1,1
-13,1,1,2,-13,1
-13,2,1,6,-13,11
-11,2,0,4,-11,2
1,1,4,2,2,1
1,10,4,5,2,10
-13,1,1,2,-13,1
1,1,2,2,1,1
-11,0,0,5,-11,10
0,-13,3,1,0,-13
-11,0,0,2,-11,1
2,2,4,4,2,2
0,0,3,3,0,0
1,-11,2,0,1,-11
0,-11,5,0,10,-11
1,0,2,3,1,0
11,1,6,2,11,1
2,-11,4,0,2,-11
10,10,5,3,10,0
2,-11,4,0,2,-11
0,1,3,2,0,1
0,2,2,4,1,2
0,-11,3,0,0,-11
1,-11,2,0,1,-11
0,2,1,2,-13,1
0,1,2,2,1,1
3,-11,6,0,11,-11
1,10,2,5,1,10
1,1,2,5,1,10
1,1,3,2,0,1
-13,1,3,2,0,1
2,1,6,2,11,1
11,-11,6,0,11,-11
1,1,2,5,1,10
10,-13,5,1,10,-13
1,11,2,5,1,10
-13,-11,1,0,-13,-11
-13,-11,1,0,-13,-11
0,-13,3,1,0,-13
1,2,2,2,1,1
10,11,6,6,11,11
0,-13,3,2,0,1
-13,10,1,5,-13,10
-11,1,8,2,-333,1
2,0,2,3,1,0
-11,1,0,2,-11,1
-13,0,1,2,-13,1
4,10,6,6,11,11
1,-1,2,5,1,10
3,1,4,2,2,1
-11,1,0,2,-11,1
0,-13,5,1,10,-13
-13,1,1,2,-13,1
-13,1,1,2,-13,1
-11,0,0,3,-11,0
1,-11,2,1,1,-13
0,0,3,3,0,0
2,-13,4,1,2,-13
-13,1,1,2,-13,1
-13,0,8,3,-333,0
0,-13,3,1,0,-13
-11,-11,0,0,-11,-11
1,1,4,2,2,1
0,1,8,2,-333,1
0,10,6,5,11,10
1,10,2,5,1,10
0,1,3,2,0,1
-11,-11,0,0,-11,-11
1,1,2,2,1,1
-11,0,0,3,-11,0
-11,0,2,3,1,0
-11,1,0,2,-11,1
10,1,5,2,10,1
10,1,5,2,10,1
-13,0,1,2,-13,1
-11,0,0,2,-11,1
-11,1,0,2,-11,1
-11,-13,0,1,-11,-13
1,3,4,6,2,11
1,0,4,3,2,0
10,10,5,5,10,10
-11,1,0,2,-11,1
-11,11,0,6,-11,11
-13,10,1,6,-13,11
-11,1,0,2,-11,1
1,-11,2,0,1,-11
-11,2,2,4,1,2
-13,1,1,2,-13,1
1,11,2,6,1,11
0,11,0,6,-11,11
10,-11,5,0,10,-11
10,-13,5,2,10,1
-11,2,0,6,-11,11
1,1,6,2,11,1
-11,0,0,3,-11,0
1,-13,2,8,1,-333
10,1,5,2,10,1
-11,11,0,6,-11,11
1,0,2,3,1,0
2,0,4,3,2,0
-13,-13,1,1,-13,-13
-13,0,1,3,-13,0
1,-13,4,1,2,-13
-11,2,0,4,-11,2
2,1,2,2,1,1
-13,2,1,4,-13,2
-11,-13,8,1,-333,-13
1,0,2,3,1,0
2,0,2,3,1,0
1,10,3,5,0,10
0,1,3,2,0,1
0,1,2,2,1,1
11,2,5,4,10,2
-13,-13,1,1,-13,-13
1,1,2,3,1,0
1,0,2,3,1,0
1,-11,2,0,1,-11
-11,1,0,2,-11,1
-13,1,3,2,0,1
1,1,2,2,1,1
-11,11,0,6,-11,11
2,-11,4,0,2,-11
-11,2,3,2,0,1
1,1,2,2,1,1
11,2,6,4,11,2
-11,0,7,5,-222,10
-11,1,0,2,-11,1
-13,1,1,2,-13,1
10,1,5,2,10,1
0,0,3,3,0,0
2,-11,2,0,1,-11
1,-11,4,0,2,-11
-11,2,0,2,-11,1
-13,-1,1,6,-13,11
0,-13,3,1,0,-13
0,10,3,5,0,10
1,1,2,2,1,1
-13,10,1,6,-13,11
0,-11,3,0,0,-11
10,10,5,5,10,10
-11,-11,0,0,-11,-11
-11,10,0,5,-11,10
1,0,4,1,2,-13
1,-13,2,1,1,-13
11,3,5,4,10,2
-13,1,1,2,-13,1
1,-11,2,0,1,-11
1,-13,2,1,1,-13
10,-13,2,1,1,-13
1,1,3,2,0,1
2,3,4,6,2,11
12,-11,6,0,11,-11
-11,0,0,3,-11,0
1,2,2,4,1,2
2,1,2,2,1,1
-13,2,1,4,-13,2
10,-13,5,1,10,-13
0,-11,3,0,0,-11
2,10,6,5,11,10
-13,-11,1,0,-13,-11
10,-13,2,1,1,-13
-11,10,0,5,-11,10
1,-13,2,1,1,-13
2,1,4,2,2,1
3,-13,6,1,11,-13
10,10,6,5,11,10
1,0,2,3,1,0
1,-11,2,0,1,-11
4,2,6,2,11,1
-13,0,1,3,-13,0
-11,-11,2,0,1,-11
10,2,5,4,10,2
-11,-11,0,0,-11,-11
-11,0,0,2,-11,1
1,-13,2,1,1,-13
1,-13,2,1,1,-13
1,0,6,5,11,10
1,2,2,6,1,11
-11,-13,0,1,-11,-13
-13,10,1,5,-13,10
1,2,2,8,1,-333
-11,-13,0,1,-11,-13
10,2,5,2,10,1
10,10,6,2,11,1
1,-13,4,1,2,-13
1,1,2,2,1,1
1,2,8,2,-333,1
-13,10,1,5,-13,10
1,-13,2,3,1,0
-13,1,1,2,-13,1
-11,10,0,5,-11,10
11,1,5,4,10,2
0,-11,8,3,-333,0
-11,1,0,2,-11,1
0,1,3,2,0,1
1,1,6,4,11,2
0,1,3,2,0,1
-11,1,0,2,-11,1
11,0,5,2,10,1
-13,-13,1,1,-13,-13
-13,0,1,2,-13,1
10,-13,5,2,10,1
1,0,2,3,1,0
-11,11,0,5,-11,10
2,-13,2,1,1,-13
0,-13,0,1,-11,-13
11,10,6,5,11,10
-11,2,0,4,-11,2
-1,-13,5,1,10,-13
2,0,6,3,11,0
1,0,2,3,1,0
0,-11,3,0,0,-11
10,-11,5,0,10,-11
-11,0,0,2,-11,1
-13,1,1,2,-13,1
0,-11,3,0,0,-11
-11,10,0,5,-11,10
1,1,2,2,1,1
-11,2,0,4,-11,2
2,2,4,4,2,2
-13,-11,1,2,-13,1
-11,0,0,3,-11,0
1,1,7,2,-222,1
11,1,6,5,11,10
-13,1,1,2,-13,1
10,0,5,3,10,0
-13,2,1,4,-13,2
10,0,5,2,10,1
-13,1,1,2,-13,1
3,0,4,3,2,0
-11,-11,0,0,-11,-11
0,11,2,6,1,11
2,1,4,2,2,1
-13,1,1,2,-13,1
-13,-13,1,1,-13,-13
2,0,6,3,11,0
0,-13,3,1,0,-13
-11,1,0,2,-11,1
-11,0,0,2,-11,1
2,1,4,2,2,1
-13,-11,3,0,0,-11
-13,-11,1,2,-13,1
1,-13,2,1,1,-13
-13,-13,1,1,-13,-13
10,2,6,4,11,2
10,1,5,2,10,1
0,1,2,2,1,1
11,0,6,3,11,0
0,-11,3,0,0,-11
2,1,2,2,1,1
1,1,2,2,1,1
0,2,3,2,0,1
1,2,2,4,1,2
10,1,5,2,10,1
10,10,5,6,10,11
1,1,2,2,1,1
-13,-11,1,0,-13,-11
1,-11,6,0,11,-11
0,1,3,2,0,1
-13,10,1,5,-13,10
0,1,3,4,0,2
0,1,5,2,10,1
-13,1,3,0,0,-11
-13,0,0,3,-11,0
1,10,2,5,1,10
1,2,6,4,11,2
11,1,5,5,10,10
1,-11,2,0,1,-11
0,-11,2,0,1,-11
1,1,6,2,11,1
10,-11,6,0,11,-11
1,1,2,2,1,1
1,11,2,6,1,11
-11,-11,0,0,-11,-11
11,1,6,2,11,1
1,10,2,6,1,11
1,1,5,2,10,1
0,0,3,2,0,1
4,2,6,4,11,2
0,1,3,2,0,1
2,-13,4,1,2,-13
-11,11,0,5,-11,10
0,-11,0,0,-11,-11
0,0,3,3,0,0
0,1,3,2,0,1
-13,11,1,5,-13,10
10,-11,6,0,11,-11
12,11,6,5,11,10
1,1,2,2,1,1
-11,1,0,2,-11,1
1,2,2,4,1,2
0,11,3,6,0,11
-13,-13,1,1,-13,-13
10,-11,5,0,10,-11
11,-11,6,0,11,-11
1,-13,2,1,1,-13
-13,1,1,2,-13,1
-11,1,0,2,-11,1
10,1,5,4,10,2
2,1,2,2,1,1
0,0,3,3,0,0
2,-13,2,1,1,-13
1,-11,2,0,1,-11
-11,1,0,2,-11,1
-11,-11,0,0,-11,-11
2,-11,8,8,-333,-333
1,3,2,4,1,2
1,-11,2,0,1,-11
-13,2,2,4,1,2
0,-13,3,1,0,-13
-11,-11,0,0,-11,-11
1,1,2,2,1,1
-13,1,1,2,-13,1
11,0,6,3,11,0
10,-11,5,0,10,-11
1,2,2,4,1,2
-13,-11,2,0,1,-11
10,-11,5,0,10,-11
-11,0,0,6,-11,11
0,1,4,2,2,1
1,-13,2,1,1,-13
-11,-13,0,1,-11,-13
1,1,2,4,1,2
2,0,2,3,1,0
0,-13,2,1,1,-13
-11,1,0,2,-11,1
0,0,3,3,0,0
2,0,2,2,1,1
0,2,3,2,0,1
-11,1,0,2,-11,1
-13,10,1,5,-13,10
-13,-13,1,1,-13,-13
1,-11,2,0,1,-11
-11,2,0,2,-11,1
10,1,5,2,10,1
2,0,6,3,11,0
0,11,3,5,0,10
-11,0,7,5,-222,10
1,1,2,2,1,1
1,-11,5,0,10,-11
2,0,4,0,2,-11
1,1,2,2,1,1
-11,1,0,2,-11,1
1,3,2,6,1,11
1,1,2,2,1,1
11,0,6,2,11,1
-11,-13,0,1,-11,-13
0,1,3,2,0,1
-11,1,0,2,-11,1
-13,-11,1,0,-13,-11
-11,-11,0,0,-11,-11
2,-13,2,1,1,-13
0,10,6,5,11,10
0,-11,3,0,0,-11
2,4,2,4,1,2
10,-13,5,1,10,-13
1,2,2,8,1,-333
2,12,4,6,2,11
1,-11,6,0,11,-11
1,-11,2,0,1,-11
0,-13,3,1,0,-13
-11,0,0,3,-11,0
-11,-13,0,1,-11,-13
1,-11,2,1,1,-13
-13,10,1,5,-13,10
-11,0,0,3,-11,0
10,11,5,5,10,10
1,1,2,3,1,0
1,10,2,5,1,10
-13,1,7,7,-222,-222
1,2,4,2,2,1
1,0,2,2,1,1
-13,1,1,2,-13,1
-11,1,3,2,0,1
10,10,5,5,10,10
1,-11,2,0,1,-11
-13,-13,1,1,-13,-13
-13,-13,1,1,-13,-13
0,0,2,7,1,-222
11,10,2,5,1,10
11,1,5,2,10,1
2,10,6,6,11,11
1,-11,2,0,1,-11
2,-11,2,0,1,-11
1,-13,2,1,1,-13
1,-13,2,1,1,-13
2,2,4,2,2,1
10,-13,5,1,10,-13
0,1,3,2,0,1
2,-11,2,0,1,-11
1,3,2,4,1,2
-13,1,1,2,-13,1
11,0,6,3,11,0
1,11,2,6,1,11
2,11,4,6,2,11
0,0,3,3,0,0
-13,10,1,5,-13,10
1,-13,2,1,1,-13
1,-13,1,1,-13,-13
2,0,2,3,1,0
2,-11,4,0,2,-11
0,-11,0,0,-11,-11
0,0,3,5,0,10
1,1,2,2,1,1
11,-11,6,0,11,-11
-13,0,1,5,-13,10
1,1,2,4,1,2
1,10,3,5,0,10
1,-11,2,0,1,-11
0,1,3,2,0,1
1,10,0,2,-11,1
0,2,3,2,0,1
-13,-11,1,0,-13,-11
1,-11,2,0,1,-11
10,1,6,2,11,1
1,-13,2,1,1,-13
1,1,2,2,1,1
10,-13,5,1,10,-13
-13,10,5,2,10,1
10,10,5,5,10,10
1,-11,2,0,1,-11
-13,-13,1,1,-13,-13
-13,10,6,8,11,-333
1,-11,2,0,1,-11
-13,1,1,2,-13,1
1,2,2,2,1,1
-13,-11,1,0,-13,-11
1,0,2,2,1,1
0,1,3,2,0,1
10,10,5,5,10,10
10,0,5,3,10,0
-13,1,1,3,-13,0
1,1,2,2,1,1
0,1,3,2,0,1
-13,-13,1,1,-13,-13
10,10,5,5,10,10
2,-11,2,0,1,-11
10,-11,5,0,10,-11
1,1,2,4,1,2
1,12,2,6,1,11
2,1,2,2,1,1
1,2,2,2,1,1
2,1,4,4,2,2
-11,-13,0,1,-11,-13
0,2,5,4,10,2
-11,2,0,2,-11,1
0,0,5,8,10,-333
10,1,5,4,10,2
-11,-13,0,1,-11,-13
2,1,2,4,1,2
-13,-11,1,8,-13,-333
-13,-11,1,0,-13,-11
-13,2,1,8,-13,-333
1,-11,2,0,1,-11
-11,-11,0,0,-11,-11
-11,-11,0,0,-11,-11
-11,1,0,2,-11,1
0,1,3,2,0,1
0,-13,3,1,0,-13
2,-13,2,1,1,-13
2,2,4,4,2,2
-11,1,0,2,-11,1
11,1,6,2,11,1
1,2,2,2,1,1
0,2,3,2,0,1
1,3,4,4,2,2
2,2,2,6,1,11
1,0,2,3,1,0
-11,11,0,6,-11,11
11,-13,6,1,11,-13
1,-11,4,0,2,-11
10,-13,5,1,10,-13
-11,-13,0,1,-11,-13
-13,-11,1,0,-13,-11
1,11,2,5,1,10
2,11,4,6,2,11
1,-13,6,8,11,-333
1,0,2,3,1,0
0,0,3,3,0,0
2,-11,2,0,1,-11
-11,-11,0,8,-11,-333
10,1,5,2,10,1
1,10,2,5,1,10
0,1,3,2,0,1
-13,-11,7,0,-222,-11
1,0,2,3,1,0
1,0,2,3,1,0
-13,11,1,6,-13,11
10,0,5,3,10,0
1,-13,2,1,1,-13
-11,-13,0,1,-11,-13
-13,1,1,2,-13,1
1,-11,2,0,1,-11
-13,-11,1,0,-13,-11
0,0,3,5,0,10
-13,1,1,2,-13,1
0,-13,3,0,0,-11
1,-13,2,1,1,-13
-11,1,0,2,-11,1
-13,-13,1,1,-13,-13
1,11,2,6,1,11
10,2,6,2,11,1
2,0,4,3,2,0
1,2,4,4,2,2
1,-13,2,1,1,-13
-11,12,0,6,-11,11
-13,10,1,5,-13,10
10,1,5,2,10,1
-13,10,1,6,-13,11
-13,-13,1,1,-13,-13
0,10,3,5,0,10
1,1,4,2,2,1
10,-13,5,1,10,-13
2,1,5,2,10,1
2,-13,2,1,1,-13
11,11,6,5,11,10
1,-11,2,0,1,-11
-11,-11,0,0,-11,-11
2,11,4,6,2,11
-11,0,2,3,1,0
2,0,4,3,2,0
1,10,2,5,1,10
2,-13,2,1,1,-13
-11,0,0,3,-11,0
-11,0,0,3,-11,0
-11,0,0,3,-11,0
-13,10,1,5,-13,10
1,-11,2,2,1,1
-13,-11,1,0,-13,-11
1,10,2,5,1,10
0,10,3,5,0,10
0,-11,3,0,0,-11
-11,10,0,5,-11,10
-11,1,0,2,-11,1
-11,10,0,5,-11,10
0,1,5,4,10,2
-11,11,0,4,-11,2
-11,-11,0,0,-11,-11
0,0,3,3,0,0
1,1,2,2,1,1
1,10,2,5,1,10
1,1,2,2,1,1
10,0,5,3,10,0
1,1,3,2,0,1
10,2,5,2,10,1
2,2,2,4,1,2
0,-11,5,0,10,-11
1,1,6,2,11,1
-11,10,0,5,-11,10
11,-11,6,0,11,-11
1,1,2,2,1,1
-13,1,1,2,-13,1
0,-13,3,1,0,-13
-13,1,1,2,-13,1
0,-11,3,0,0,-11
-13,1,1,2,-13,1
0,2,3,4,0,2
-11,-13,0,1,-11,-13
1,2,2,4,1,2
-13,0,1,3,-13,0
-11,10,0,5,-11,10
1,11,2,6,1,11
1,0,2,3,1,0
-11,-13,0,1,-11,-13
1,-13,2,1,1,-13
10,0,5,4,10,2
0,-13,3,1,0,-13
1,-13,2,1,1,-13
0,1,3,4,0,2
0,2,3,4,0,2
1,1,2,2,1,1
1,10,2,5,1,10
12,0,6,3,11,0
2,1,2,2,1,1
-11,2,0,4,-11,2
2,2,4,4,2,2
1,-11,2,0,1,-11
2,-11,2,0,1,-11
1,2,2,2,1,1
0,10,5,5,10,10
2,-11,6,0,11,-11
1,0,2,2,1,1
1,-13,2,1,1,-13
2,-13,2,1,1,-13
0,-11,3,0,0,-11
1,-13,2,1,1,-13
1,1,2,3,1,0
-13,11,1,6,-13,11
-13,-13,1,1,-13,-13
-13,1,1,2,-13,1
1,-13,2,1,1,-13
-11,0,0,3,-11,0
1,1,2,2,1,1
2,-13,2,1,1,-13
0,-11,3,2,0,1
1,0,2,6,1,11
1,1,2,2,1,1
-13,11,1,5,-13,10
10,10,5,5,10,10
-11,2,0,2,-11,1
0,1,2,2,1,1
1,11,2,6,1,11
2,2,6,4,11,2
1,10,2,5,1,10
1,1,2,2,1,1
12,-13,6,1,11,-13
1,1,3,2,0,1
-11,2,0,2,-11,1
-13,1,1,2,-13,1
1,10,2,6,1,11
2,10,4,5,2,10
2,2,4,2,2,1
10,1,5,2,10,1
1,1,2,2,1,1
0,1,2,0,1,-11
0,1,2,2,1,1
2,-11,4,0,2,-11
0,0,3,6,0,11
10,1,5,2,10,1
1,0,2,3,1,0
-13,-11,1,0,-13,-11
-13,1,1,2,-13,1
0,10,3,5,0,10
1,-11,2,0,1,-11
-13,-11,1,0,-13,-11
1,2,2,4,1,2
1,1,2,2,1,1
2,-11,2,0,1,-11
-13,1,1,2,-13,1
-13,1,1,2,-13,1
-11,1,0,2,-11,1
10,1,5,4,10,2
2,-11,4,0,2,-11
1,0,2,3,1,0
-13,1,1,2,-13,1
1,-13,2,1,1,-13
12,0,5,3,10,0
-13,0,1,3,-13,0
11,2,5,4,10,2
11,-13,5,1,10,-13
11,10,6,5,11,10
10,1,5,2,10,1
10,-11,5,0,10,-11
-11,-13,0,1,-11,-13
-11,0,0,5,-11,10
1,2,2,2,1,1
-11,2,0,2,-11,1
1,-11,2,0,1,-11
1,2,2,2,1,1
10,1,5,2,10,1
0,-13,3,1,0,-13
-13,-13,1,1,-13,-13
-11,-13,2,7,1,-222
2,-13,2,1,1,-13
-11,-11,0,0,-11,-11
0,-11,3,0,0,-11
0,2,1,2,-13,1
1,2,2,2,1,1
-13,-11,1,0,-13,-11
1,1,2,6,1,11
11,11,4,5,2,10
-11,11,0,5,-11,10
0,2,2,4,1,2
-11,1,0,2,-11,1
-13,10,8,5,-333,10
2,2,2,4,1,2
10,-11,5,0,10,-11
-13,1,1,2,-13,1
2,-11,4,0,2,-11
2,0,4,2,2,1
-13,1,1,2,-13,1
10,0,5,3,10,0
10,-11,5,0,10,-11
2,1,2,2,1,1
11,1,6,2,11,1
-13,-13,1,1,-13,-13
-13,0,1,0,-13,-11
1,-11,2,0,1,-11
1,0,2,3,1,0
-13,10,1,5,-13,10
10,0,5,3,10,0
-11,1,0,3,-11,0
-11,-13,0,1,-11,-13
-13,-11,1,8,-13,-333
0,1,3,2,0,1
1,11,2,5,1,10
-13,1,1,2,-13,1
2,1,2,2,1,1
0,-11,3,0,0,-11
-13,1,1,2,-13,1
-13,1,1,4,-13,2
0,0,3,3,0,0
0,-11,2,0,1,-11
1,11,2,6,1,11
0,1,3,2,0,1
-13,1,1,2,-13,1
-13,11,1,5,-13,10
0,10,2,6,1,11
1,1,5,2,10,1
1,1,2,2,1,1
1,-13,2,1,1,-13
-11,11,0,5,-11,10
1,-13,2,1,1,-13
0,-11,5,0,10,-11
1,11,2,6,1,11
0,10,3,5,0,10
10,2,5,6,10,11
1,-11,2,2,1,1
-11,1,0,2,-11,1
-13,11,1,6,-13,11
1,-13,2,1,1,-13
2,0,4,2,2,1
2,1,4,2,2,1
-11,10,0,6,-11,11
1,1,2,2,1,1
10,1,5,2,10,1
-11,1,0,2,-11,1
-13,1,1,2,-13,1
-11,-13,0,1,-11,-13
1,-11,4,0,2,-11
10,1,6,2,11,1
1,0,2,3,1,0
10,2,5,4,10,2
1,0,2,3,1,0
12,2,6,2,11,1
-11,2,0,2,-11,1
-11,2,0,4,-11,2
11,-13,6,1,11,-13
-13,1,1,2,-13,1
2,10,2,5,1,10
1,1,2,2,1,1
0,-11,6,0,11,-11
1,1,2,2,1,1
-13,1,1,2,-13,1
10,2,5,4,10,2
-13,1,1,4,-13,2
1,1,6,2,11,1
1,2,2,4,1,2
1,0,2,3,1,0
-13,-13,1,1,-13,-13
2,-13,2,1,1,-13
-13,10,1,6,-13,11
1,1,2,2,1,1
12,-11,5,0,10,-11
1,0,2,3,1,0
10,-13,5,1,10,-13
1,0,7,2,-222,1
-11,1,0,2,-11,1
10,1,5,2,10,1
11,-11,5,0,10,-11
-11,-11,0,0,-11,-11
1,2,2,2,1,1
1,-13,2,1,1,-13
-11,-13,0,0,-11,-11
1,-13,5,1,10,-13
1,-11,2,0,1,-11
1,10,2,6,1,11
1,1,2,2,1,1
-13,10,1,5,-13,10
-13,3,1,6,-13,11
0,2,2,4,1,2
10,1,5,2,10,1
-13,-11,1,0,-13,-11
10,10,5,5,10,10
-11,1,0,2,-11,1
-13,-11,2,0,1,-11
-11,1,8,2,-333,1
1,-13,4,1,2,-13
-11,0,0,3,-11,0
10,-13,5,1,10,-13
-13,1,1,2,-13,1
2,-11,4,0,2,-11
-13,-13,1,1,-13,-13
1,1,2,2,1,1
2,0,4,3,2,0
0,-11,3,0,0,-11
-11,1,0,2,-11,1
0,1,3,2,0,1
1,1,2,2,1,1
10,1,5,2,10,1
-11,1,0,2,-11,1
1,-13,2,1,1,-13
1,-13,2,1,1,-13
-13,-13,8,1,-333,-13
1,1,8,2,-333,1
-13,1,1,2,-13,1
-11,-13,0,1,-11,-13
0,0,3,3,0,0
1,1,4,2,2,1
1,-11,2,0,1,-11
-13,1,1,2,-13,1
1,1,2,3,1,0
1,1,2,2,1,1
2,1,2,4,1,2
-13,11,1,6,-13,11
0,-13,3,1,0,-13
2,-13,5,1,10,-13
1,10,2,6,1,11
-13,-13,1,1,-13,-13
1,1,4,6,2,11
1,1,2,2,1,1
1,1,5,2,10,1
1,0,2,3,1,0
11,2,5,4,10,2
-11,-11,2,0,1,-11
1,2,2,4,1,2
-11,-11,0,0,-11,-11
1,2,2,4,1,2
2,0,4,3,2,0
1,0,4,3,2,0
0,10,2,5,1,10
2,1,4,2,2,1
0,-13,2,1,1,-13
-11,-11,0,0,-11,-11
-13,1,1,2,-13,1
-13,1,1,2,-13,1
1,0,2,4,1,2
1,2,2,2,1,1
0,-13,3,1,0,-13
1,0,2,2,1,1
10,1,5,6,10,11
-13,1,1,2,-13,1
1,-13,2,1,1,-13
-11,11,0,5,-11,10
1,1,2,6,1,11
-13,1,1,3,-13,0
1,1,8,2,-333,1
10,1,5,6,10,11
10,1,5,4,10,2
1,12,2,6,1,11
0,-11,3,0,0,-11
1,10,6,5,11,10
1,-13,2,8,1,-333
2,1,2,2,1,1
3,0,4,3,2,0
1,1,2,2,1,1
2,0,4,3,2,0
-13,1,1,2,-13,1
1,2,2,2,1,1
-13,11,1,5,-13,10
11,0,6,3,11,0
1,3,2,6,1,11
2,1,4,2,2,1
0,-13,3,1,0,-13
-13,-13,1,1,-13,-13
1,2,2,4,1,2
2,1,2,2,1,1
-13,10,1,5,-13,10
10,-13,5,1,10,-13
2,-11,2,0,1,-11
1,10,2,6,1,11
0,-11,3,0,0,-11
1,1,2,2,1,1
10,-11,5,0,10,-11
1,-11,3,8,0,-333
10,2,6,2,11,1
0,-13,3,1,0,-13
10,-13,6,8,11,-333
-11,0,0,3,-11,0
-11,0,0,3,-11,0
-11,0,0,3,-11,0
3,3,4,4,2,2
-11,1,0,2,-11,1
-11,2,2,2,1,1
1,-11,2,0,1,-11
10,1,5,2,10,1
1,-11,4,0,2,-11
10,11,5,5,10,10
1,-11,2,2,1,1
-11,-13,0,1,-11,-13
-11,1,0,2,-11,1
1,0,2,1,1,-13
1,1,4,2,2,1
-13,2,1,4,-13,2
-11,1,0,6,-11,11
1,1,2,2,1,1
0,1,3,2,0,1
-13,-13,1,1,-13,-13
0,10,6,5,11,10
1,0,2,1,1,-13
2,-11,2,0,1,-11
-11,10,0,6,-11,11
2,-11,2,0,1,-11
-11,0,0,3,-11,0
0,1,3,2,0,1
1,1,2,2,1,1
0,0,1,3,-13,0
1,0,2,3,1,0
2,10,4,5,2,10
0,-11,3,0,0,-11
1,0,2,1,1,-13
0,-13,3,1,0,-13
1,10,2,5,1,10
-11,-13,0,1,-11,-13
10,-11,2,0,1,-11
1,1,4,2,2,1
-11,-13,0,1,-11,-13
-13,-13,1,1,-13,-13
1,0,2,2,1,1
1,1,2,2,1,1
10,1,5,2,10,1
2,0,4,3,2,0
10,0,5,3,10,0
-11,0,0,3,-11,0
-11,2,8,5,-333,10
0,0,3,3,0,0
1,1,2,2,1,1
-11,-11,0,0,-11,-11
-11,-11,0,0,-11,-11
1,11,2,6,1,11
-13,1,1,5,-13,10
-11,0,0,2,-11,1
2,1,4,2,2,1
11,1,6,2,11,1
1,-13,2,1,1,-13
0,-11,1,5,-13,10
-13,0,1,1,-13,-13
1,0,2,3,1,0
1,1,2,2,1,1
-11,-11,0,0,-11,-11
1,-13,2,1,1,-13
-13,-13,1,1,-13,-13
11,-13,5,1,10,-13
0,-13,2,1,1,-13
1,0,2,3,1,0
11,0,6,3,11,0
-13,10,1,6,-13,11
1,0,2,3,1,0
-13,0,1,3,-13,0
1,10,4,6,2,11
1,-11,2,0,1,-11
1,0,2,3,1,0
1,-11,2,0,1,-11
-13,-11,1,2,-13,1
10,-13,5,3,10,0
1,-13,6,1,11,-13
0,1,2,2,1,1
-11,1,0,2,-11,1
2,-11,4,8,2,-333
11,10,6,5,11,10
1,0,2,3,1,0
0,0,3,3,0,0
2,-13,2,1,1,-13
1,-13,4,1,2,-13
0,-11,3,0,0,-11
0,1,2,2,1,1
10,-11,5,4,10,2
3,-13,4,1,2,-13
11,2,6,6,11,11
-13,1,1,2,-13,1
1,3,2,4,1,2
-11,2,0,2,-11,1
0,11,3,6,0,11
-11,-11,2,0,1,-11
1,1,2,2,1,1
0,11,3,6,0,11
2,11,4,6,2,11
1,1,2,2,1,1
-11,1,0,2,-11,1
10,1,5,2,10,1
10,11,6,6,11,11
-13,0,1,2,-13,1
-13,-13,1,1,-13,-13
-11,1,0,2,-11,1
-13,-11,1,0,-13,-11
2,11,5,7,10,-222
-11,10,0,5,-11,10
3,2,4,2,2,1
-11,1,0,2,-11,1
-11,-11,0,0,-11,-11
-11,1,0,2,-11,1
1,1,2,2,1,1
-11,-13,0,1,-11,-13
2,11,4,6,2,11
12,10,5,6,10,11
1,-13,4,1,2,-13
11,10,5,5,10,10
-11,2,2,4,1,2
2,0,2,2,1,1
11,-13,2,1,1,-13
2,-11,4,0,2,-11
1,-11,2,0,1,-11
1,2,2,2,1,1
-13,10,1,5,-13,10
1,-13,2,1,1,-13
-11,1,0,2,-11,1
2,10,4,6,2,11
-11,0,0,3,-11,0
1,-13,8,8,-333,-333
2,-13,6,1,11,-13
-13,10,1,5,-13,10
-13,-13,1,1,-13,-13
-13,0,1,3,-13,0
2,2,4,4,2,2
1,-11,2,2,1,1
0,1,3,2,0,1
1,-13,4,1,2,-13
0,11,5,6,10,11
1,2,2,2,1,1
1,1,2,2,1,1
0,1,2,2,1,1
11,1,6,2,11,1
1,2,2,4,1,2
11,1,2,5,1,10
0,1,5,2,10,1
-13,-11,1,0,-13,-11
3,-11,2,0,1,-11
-11,10,0,5,-11,10
1,-13,2,1,1,-13
-11,-13,0,1,-11,-13
0,-11,3,0,0,-11
11,-11,6,0,11,-11
1,-11,2,0,1,-11
1,-11,2,0,1,-11
2,1,2,2,1,1
1,-13,6,1,11,-13
0,1,2,2,1,1
1,10,2,5,1,10
0,2,3,2,0,1
1,-11,2,0,1,-11
10,-11,5,0,10,-11
1,1,2,2,1,1
1,2,2,2,1,1
-13,1,3,2,0,1
1,0,2,1,1,-13
0,-13,1,1,-13,-13
-13,-11,1,0,-13,-11
1,-11,2,0,1,-11
1,-11,3,0,0,-11
1,-11,2,0,1,-11
0,1,3,2,0,1
2,1,2,6,1,11
-13,-11,1,0,-13,-11
-13,0,1,3,-13,0
-13,0,1,5,-13,10
1,1,2,5,1,10
2,10,4,5,2,10
1,1,2,2,1,1
2,1,2,2,1,1
2,-11,4,0,2,-11
1,1,2,2,1,1
-13,0,1,3,-13,0
10,2,5,6,10,11
-11,0,0,0,-11,-11
2,1,4,2,2,1
2,0,4,3,2,0
-11,-11,0,0,-11,-11
1,-13,2,1,1,-13
-11,1,0,2,-11,1
-13,1,2,2,1,1
-11,-11,1,0,-13,-11
0,2,3,2,0,1
0,-11,3,0,0,-11
-11,1,0,2,-11,1
2,-11,2,8,1,-333
-11,1,0,2,-11,1
0,-11,3,0,0,-11
0,10,3,5,0,10
1,-11,2,0,1,-11
2,2,4,4,2,2
1,1,4,2,2,1
-13,0,1,4,-13,2
11,-13,6,1,11,-13
10,1,5,4,10,2
11,11,6,5,11,10
-11,-13,0,1,-11,-13
1,1,2,2,1,1
10,2,5,2,10,1
-13,11,1,6,-13,11
-11,2,0,2,-11,1
1,1,2,2,1,1
-13,2,1,4,-13,2
-13,-13,1,1,-13,-13
1,2,2,4,1,2
-11,1,0,6,-11,11
-11,-11,0,0,-11,-11
-11,-13,0,1,-11,-13
2,-11,4,0,2,-11
1,-11,8,0,-333,-11
-11,0,0,3,-11,0
0,0,3,3,0,0
10,0,6,4,11,2
-11,-11,0,0,-11,-11
-13,1,1,2,-13,1
11,2,6,4,11,2
1,-13,2,1,1,-13
10,-13,5,1,10,-13
-11,-11,0,0,-11,-11
0,3,3,6,0,11
-13,-13,1,1,-13,-13
-11,-11,0,0,-11,-11
0,-11,3,0,0,-11
11,1,6,3,11,0
1,1,2,2,1,1
10,0,5,3,10,0
0,1,3,4,0,2
-11,-11,0,0,-11,-11
1,1,2,2,1,1
10,-11,5,0,10,-11
-13,-13,1,1,-13,-13
-11,-13,0,8,-11,-333
1,-11,2,0,1,-11
1,-13,2,1,1,-13
2,2,2,2,1,1
1,1,2,2,1,1
10,-13,5,1,10,-13
1,11,2,6,1,11
1,10,4,6,2,11
10,10,5,5,10,10
0,1,5,2,10,1
0,-13,3,1,0,-13
12,0,6,0,11,-11
0,2,5,5,10,10
11,2,6,6,11,11
1,2,2,4,1,2
-11,1,0,2,-11,1
1,1,2,2,1,1
12,-13,6,1,11,-13
-13,11,1,6,-13,11
-11,0,0,3,-11,0
11,10,6,6,11,11
1,0,8,3,-333,0
0,1,3,2,0,1
-11,0,0,3,-11,0
-11,1,0,4,-11,2
-11,0,0,3,-11,0
1,0,2,3,1,0
-11,1,0,6,-11,11
-11,2,0,4,-11,2
11,0,6,3,11,0
1,-13,2,1,1,-13
1,1,2,2,1,1
11,10,6,5,11,10
-13,1,1,2,-13,1
1,-13,2,1,1,-13
1,1,2,2,1,1
-13,10,1,5,-13,10
-13,0,1,1,-13,-13
0,1,5,2,10,1
12,0,6,3,11,0
0,-11,3,0,0,-11
-13,10,1,6,-13,11
-11,-11,0,0,-11,-11
-13,-13,1,1,-13,-13
-11,-13,0,1,-11,-13
-13,10,1,6,-13,11
-13,0,1,3,-13,0
-11,-13,0,1,-11,-13
1,-11,2,0,1,-11
1,10,6,5,11,10
1,2,2,4,1,2
11,0,6,3,11,0
1,11,2,6,1,11
1,11,2,6,1,11
1,-11,2,0,1,-11
1,0,2,0,1,-11
11,0,5,3,10,0
1,12,2,6,1,11
-11,10,0,5,-11,10
1,2,2,2,1,1
1,11,8,2,-333,1
0,10,3,5,0,10
11,1,6,2,11,1
-11,1,0,2,-11,1
-11,2,0,2,-11,1
3,10,6,5,11,10
-13,1,1,2,-13,1
-11,2,0,4,-11,2
1,1,2,3,1,0
-11,2,0,2,-11,1
1,1,0,2,-11,1
2,-11,2,0,1,-11
0,0,3,3,0,0
-13,-11,1,0,-13,-11
1,11,2,6,1,11
0,0,3,0,0,-11
-13,1,1,2,-13,1
10,-13,8,2,-333,1
-13,0,1,3,-13,0
-13,-13,1,1,-13,-13
-11,11,0,5,-11,10
1,11,2,5,1,10
11,11,2,5,1,10
1,2,2,4,1,2
11,2,6,2,11,1
-13,10,1,6,-13,11
-11,1,0,2,-11,1
-13,2,1,2,-13,1
10,10,5,6,10,11
-11,-13,0,1,-11,-13
2,-11,4,0,2,-11
10,1,5,2,10,1
0,11,0,5,-11,10
2,0,4,2,2,1
1,1,6,2,11,1
-13,1,1,2,-13,1
1,-13,2,1,1,-13
10,-13,5,1,10,-13
-13,1,1,2,-13,1
1,-13,2,1,1,-13
10,-13,5,1,10,-13
1,1,4,2,2,1
1,1,2,2,1,1
-11,1,0,2,-11,1
0,-13,3,1,0,-13
0,0,3,3,0,0
-11,-11,0,0,-11,-11
-13,-13,1,3,-13,0
1,2,2,2,1,1
-11,-13,2,1,1,-13
10,-11,5,0,10,-11
-13,1,1,2,-13,1
-13,11,1,6,-13,11
-11,-11,0,0,-11,-11
1,10,2,2,1,1
-13,1,1,2,-13,1
1,-11,2,0,1,-11
2,2,6,4,11,2
1,10,2,5,1,10
0,10,1,6,-13,11
10,-13,6,1,11,-13
1,-13,2,1,1,-13
1,12,2,4,1,2
10,0,5,3,10,0
10,-11,6,0,11,-11
10,-13,5,1,10,-13
2,-11,4,0,2,-11
1,-13,2,1,1,-13
2,-11,5,0,10,-11
10,0,5,3,10,0
1,2,2,4,1,2
1,-13,2,1,1,-13
10,1,5,3,10,0
-13,1,1,2,-13,1
-13,1,1,6,-13,11
1,-13,2,1,1,-13
11,-13,6,1,11,-13
1,0,2,6,1,11
1,-11,2,0,1,-11
1,10,2,5,1,10
1,2,2,4,1,2
1,1,3,2,0,1
1,1,6,4,11,2
-13,-13,1,1,-13,-13
-13,-11,1,0,-13,-11
11,-11,2,0,1,-11
-13,-13,1,1,-13,-13
1,1,2,2,1,1
10,-13,5,1,10,-13
2,-13,4,1,2,-13
-13,1,1,2,-13,1
-11,1,0,2,-11,1
-13,-11,1,2,-13,1
1,2,2,5,1,10
-11,1,0,3,-11,0
0,2,3,4,0,2
0,1,3,2,0,1
-11,2,0,4,-11,2
10,1,5,2,10,1
-11,-13,8,1,-333,-13
1,-11,4,0,2,-11
0,0,3,3,0,0
-13,10,1,5,-13,10
-11,2,0,4,-11,2
-11,1,0,4,-11,2
-11,1,0,2,-11,1
1,1,3,2,0,1
0,2,2,2,1,1
2,0,4,3,2,0
-11,-13,0,1,-11,-13
12,11,6,6,11,11
2,2,2,4,1,2
-13,1,1,4,-13,2
1,1,2,2,1,1
-13,-13,1,1,-13,-13
2,11,6,6,11,11
10,-11,5,0,10,-11
-11,2,0,6,-11,11
-13,10,1,2,-13,1
-13,-11,1,0,-13,-11
2,0,4,3,2,0
-11,-11,0,0,-11,-11
0,2,3,6,0,11
1,10,2,5,1,10
1,0,2,3,1,0
-13,1,0,8,-11,-333
1,10,2,6,1,11
10,10,5,5,10,10
2,1,4,2,2,1
2,-13,2,1,1,-13
-11,2,0,4,-11,2
-11,10,0,5,-11,10
-13,-11,1,2,-13,1
0,1,3,2,0,1
-11,0,2,1,1,-13
10,3,5,4,10,2
-11,-13,0,1,-11,-13
1,-11,2,0,1,-11
-11,2,0,4,-11,2
11,-11,5,0,10,-11
1,-11,2,0,1,-11
2,11,4,6,2,11
2,-11,6,0,11,-11
10,1,5,2,10,1
0,-11,3,0,0,-11
0,0,3,3,0,0
-11,0,0,6,-11,11
0,1,3,2,0,1
-11,0,8,3,-333,0
0,-13,3,1,0,-13
-11,0,0,3,-11,0
0,1,3,2,0,1
0,-13,3,1,0,-13
-13,2,1,4,-13,2
-11,-11,0,0,-11,-11
-11,11,2,6,1,11
-11,0,0,2,-11,1
1,-11,2,0,1,-11
2,-13,6,1,11,-13
2,2,2,4,1,2
-11,10,0,5,-11,10
-13,-11,1,0,-13,-11
1,0,2,2,1,1
0,0,2,3,1,0
-11,0,1,2,-13,1
-11,2,0,4,-11,2
0,0,3,2,0,1
1,-13,8,1,-333,-13
1,10,2,5,1,10
2,1,2,5,1,10
0,1,3,3,0,0
1,10,4,5,2,10
1,-11,2,0,1,-11
11,-11,6,2,11,1
10,2,5,2,10,1
1,0,2,3,1,0
-13,10,1,5,-13,10
-11,10,0,5,-11,10
-11,1,0,2,-11,1
-13,-13,1,8,-13,-333
1,0,2,3,1,0
3,1,4,2,2,1
-11,1,2,0,1,-11
-13,-13,1,1,-13,-13
1,-13,2,1,1,-13
0,0,3,3,0,0
11,1,5,2,10,1
2,1,2,5,1,10
-11,-11,0,0,-11,-11
2,1,4,2,2,1
-11,-13,0,3,-11,0
11,-13,2,1,1,-13
1,10,2,5,1,10
11,-11,5,0,10,-11
1,0,2,3,1,0
1,-13,2,1,1,-13
0,1,3,2,0,1
1,-11,2,0,1,-11
-11,0,0,3,-11,0
-13,2,1,4,-13,2
-11,10,2,5,1,10
10,3,5,4,10,2
1,3,2,4,1,2
10,-11,6,0,11,-11
-13,1,1,2,-13,1
-11,-13,0,1,-11,-13
0,-13,3,1,0,-13
-11,-13,0,1,-11,-13
0,-13,3,1,0,-13
-11,1,0,2,-11,1
-11,1,0,2,-11,1
0,2,3,6,0,11
-13,-13,1,1,-13,-13
-13,1,1,4,-13,2
1,-13,2,1,1,-13
0,10,3,5,0,10
0,0,2,3,1,0
1,10,4,6,2,11
1,1,2,2,1,1
10,-11,6,0,11,-11
-11,1,0,2,-11,1
1,1,2,2,1,1
-11,-11,0,0,-11,-11
-13,-11,1,0,-13,-11
-13,-13,1,1,-13,-13
1,1,2,2,1,1
1,2,2,2,1,1
2,11,2,5,1,10
1,1,2,4,1,2
2,1,6,2,11,1
10,1,6,2,11,1
11,1,6,2,11,1
0,1,3,2,0,1
0,-13,3,1,0,-13
-11,-13,0,1,-11,-13
1,-11,2,0,1,-11
1,1,2,2,1,1
1,-13,2,1,1,-13
0,-13,3,3,0,0
-13,-13,1,1,-13,-13
-13,1,1,2,-13,1
-13,0,1,3,-13,0
10,11,5,6,10,11
1,2,2,2,1,1
1,1,2,2,1,1
0,2,1,2,-13,1
-13,1,1,2,-13,1
0,10,2,5,1,10
-13,10,1,6,-13,11
10,12,5,6,10,11
10,11,5,6,10,11
1,10,2,5,1,10
-11,-11,0,0,-11,-11
1,0,2,2,1,1
10,10,5,5,10,10
-11,10,0,5,-11,10
0,-11,3,0,0,-11
0,1,2,4,1,2
1,2,2,4,1,2
1,1,2,2,1,1
2,-11,6,0,11,-11
-11,1,0,2,-11,1
-13,10,1,5,-13,10
1,-13,2,0,1,-11
10,-13,6,1,11,-13
-11,2,0,4,-11,2
0,1,3,2,0,1
1,-11,0,8,-11,-333
10,-13,5,1,10,-13
1,1,2,2,1,1
1,-11,2,0,1,-11
-13,1,1,2,-13,1
11,-13,6,1,11,-13
-11,-13,0,1,-11,-13
1,1,4,2,2,1
-11,1,0,2,-11,1
10,-11,5,0,10,-11
0,-11,3,0,0,-11
11,-11,2,0,1,-11
-11,-13,0,1,-11,-13
-11,0,0,3,-11,0
-13,-11,1,0,-13,-11
-13,10,1,6,-13,11
10,11,5,5,10,10
1,1,2,2,1,1
10,1,5,2,10,1
-13,1,1,2,-13,1
-11,-13,0,1,-11,-13
10,0,5,3,10,0
-13,0,1,3,-13,0
10,0,5,3,10,0
-11,2,0,6,-11,11
10,0,5,3,10,0
0,0,3,0,0,-11
10,-13,5,1,10,-13
1,1,2,2,1,1
0,10,6,5,11,10
0,11,3,5,0,10
-11,-13,2,1,1,-13
-13,1,1,2,-13,1
1,10,4,5,2,10
1,-13,2,1,1,-13
1,-11,2,0,1,-11
1,0,2,3,1,0
0,-13,3,1,0,-13
10,-13,5,1,10,-13
-11,-13,0,1,-11,-13
-13,1,1,2,-13,1
1,1,2,2,1,1
-11,1,0,2,-11,1
1,-13,2,1,1,-13
-13,10,1,5,-13,10
2,2,2,2,1,1
-13,1,1,2,-13,1
0,1,3,2,0,1
-13,-11,1,0,-13,-11
2,2,6,4,11,2
-13,2,1,2,-13,1
1,1,2,2,1,1
4,0,6,3,11,0
1,10,2,5,1,10
0,1,3,4,0,2
0,0,2,3,1,0
1,0,2,1,1,-13
1,-13,5,1,10,-13
0,-11,2,0,1,-11
0,0,6,3,11,0
1,1,2,2,1,1
1,-13,2,1,1,-13
10,2,5,4,10,2
1,-11,2,0,1,-11
-13,-11,1,0,-13,-11
0,-13,3,1,0,-13
1,-11,2,0,1,-11
0,1,3,2,0,1
1,-11,2,0,1,-11
2,2,2,4,1,2
2,3,4,4,2,2
10,-11,5,0,10,-11
11,2,6,2,11,1
3,-13,4,1,2,-13
2,1,4,2,2,1
-11,-11,0,0,-11,-11
-11,-11,0,0,-11,-11
10,2,5,2,10,1
-13,-11,1,0,-13,-11
-13,0,0,3,-11,0
1,1,4,2,2,1
10,10,5,5,10,10
1,2,2,6,1,11
-11,-11,0,0,-11,-11
1,0,2,3,1,0
-13,0,1,3,-13,0
2,-11,4,0,2,-11
-11,-13,0,1,-11,-13
11,1,6,2,11,1
-13,-11,1,0,-13,-11
-13,11,1,6,-13,11
10,-11,6,0,11,-11
-11,-11,0,0,-11,-11
0,-13,3,1,0,-13
-11,-11,0,0,-11,-11
1,10,2,5,1,10
1,-11,5,8,10,-333
-13,2,1,2,-13,1
-13,1,1,6,-13,11
1,-11,2,0,1,-11
-13,0,1,0,-13,-11
-11,1,0,2,-11,1
-11,10,0,5,-11,10
-13,0,1,3,-13,0
10,-11,6,0,11,-11
3,2,4,6,2,11
1,10,2,5,1,10
-13,1,1,2,-13,1
-13,-11,1,0,-13,-11
-11,-11,0,0,-11,-11
2,-13,2,1,1,-13
0,1,3,4,0,2
-11,10,0,5,-11,10
10,1,2,2,1,1
0,11,3,5,0,10
1,0,2,3,1,0
2,11,2,6,1,11
1,1,2,2,1,1
0,0,5,3,10,0
2,2,4,2,2,1
1,-11,2,2,1,1
1,1,2,5,1,10
-11,-11,0,0,-11,-11
10,1,5,2,10,1
-11,3,0,6,-11,11
-13,-11,1,0,-13,-11
2,10,6,5,11,10
-13,-11,8,0,-333,-11
1,0,2,3,1,0
0,2,3,2,0,1
1,-13,2,1,1,-13
0,2,3,2,0,1
0,0,3,2,0,1
-11,1,0,2,-11,1
-11,0,0,3,-11,0
1,0,2,3,1,0
1,-11,2,2,1,1
1,-11,6,0,11,-11
-11,-13,0,1,-11,-13
10,0,5,4,10,2
10,1,6,2,11,1
11,1,5,2,10,1
-13,0,1,2,-13,1
2,11,2,6,1,11
10,-11,5,0,10,-11
10,1,5,2,10,1
2,-11,2,0,1,-11
-13,10,1,6,-13,11
1,-13,2,1,1,-13
1,2,2,4,1,2
-13,1,1,2,-13,1
1,-1,2,5,1,10
-11,1,0,2,-11,1
-11,-13,0,1,-11,-13
1,2,2,6,1,11
1,-11,2,0,1,-11
10,10,5,5,10,10
-11,1,0,2,-11,1
1,-13,2,2,1,1
2,11,4,5,2,10
1,10,2,5,1,10
1,-11,6,0,11,-11
-11,-13,0,1,-11,-13
1,1,2,2,1,1
0,10,3,5,0,10
2,0,4,3,2,0
-13,1,1,6,-13,11
2,1,5,2,10,1
-13,1,1,2,-13,1
2,-11,4,0,2,-11
0,-11,3,0,0,-11
1,1,2,2,1,1
0,3,3,2,0,1
-13,1,1,2,-13,1
1,-11,2,0,1,-11
10,1,5,2,10,1
-11,-13,0,1,-11,-13
3,1,4,2,2,1
1,2,2,2,1,1
0,-11,2,0,1,-11
1,-13,2,1,1,-13
-11,1,0,2,-11,1
1,-11,2,0,1,-11
1,-13,2,1,1,-13
-11,1,0,2,-11,1
-13,-13,1,1,-13,-13
-11,1,2,2,1,1
0,-13,3,8,0,-333
2,1,2,2,1,1
-13,11,1,6,-13,11
2,1,6,2,11,1
-11,10,0,5,-11,10
-13,-13,1,1,-13,-13
11,-13,6,1,11,-13
2,-11,2,0,1,-11
-11,1,0,6,-11,11
-13,1,1,4,-13,2
-11,-11,2,0,1,-11
0,1,2,2,1,1
-13,11,1,6,-13,11
-11,-11,0,0,-11,-11
1,1,2,4,1,2
-11,0,0,3,-11,0
-11,11,0,6,-11,11
-11,-11,0,1,-11,-13
10,2,5,2,10,1
-13,0,1,3,-13,0
10,-13,5,1,10,-13
-13,1,1,2,-13,1
0,-11,2,0,1,-11
-11,-13,3,1,0,-13
1,-13,4,1,2,-13
1,1,2,2,1,1
-11,12,0,6,-11,11
1,1,2,2,1,1
0,-11,2,0,1,-11
2,-13,2,2,1,1
11,-13,6,1,11,-13
-11,0,0,3,-11,0
2,-13,4,1,2,-13
-13,1,1,2,-13,1
-13,0,1,3,-13,0
0,-11,3,0,0,-11
1,1,2,2,1,1
10,11,5,6,10,11
10,10,5,5,10,10
1,10,2,5,1,10
-11,10,0,5,-11,10
2,1,2,2,1,1
2,-13,4,1,2,-13
1,-13,3,1,0,-13
-13,-11,1,0,-13,-11
2,10,2,5,1,10
1,1,2,2,1,1
-13,2,1,4,-13,2
-11,3,0,6,-11,11
1,0,2,3,1,0
-11,-11,0,0,-11,-11
2,10,8,5,-333,10
10,-13,5,1,10,-13
0,10,3,5,0,10
1,10,2,5,1,10
-11,10,1,5,-13,10
3,-11,4,0,2,-11
-13,1,1,4,-13,2
2,0,4,3,2,0
2,0,4,3,2,0
-11,1,0,2,-11,1
-11,1,0,2,-11,1
-13,-11,2,0,1,-11
0,-11,3,0,0,-11
2,0,4,3,2,0
2,-11,4,0,2,-11
11,0,6,3,11,0
-11,2,0,4,-11,2
-11,0,0,2,-11,1
0,-13,3,1,0,-13
-13,-11,1,0,-13,-11
0,2,3,4,0,2
1,-13,2,1,1,-13
0,2,5,4,10,2
0,11,3,6,0,11
1,0,2,3,1,0
-13,1,1,2,-13,1
-13,2,1,4,-13,2
-13,2,1,4,-13,2
10,10,5,5,10,10
0,-11,3,0,0,-11
1,-13,2,1,1,-13
2,10,2,5,1,10
2,-13,2,1,1,-13
-13,10,1,5,-13,10
0,1,3,2,0,1
-11,-13,0,1,-11,-13
-13,3,1,4,-13,2
1,2,2,6,1,11
2,2,4,4,2,2
11,-11,6,0,11,-11
1,2,2,4,1,2
-11,1,0,2,-11,1
10,10,5,5,10,10
11,0,8,3,-333,0
1,-13,2,1,1,-13
1,11,2,6,1,11
3,0,6,2,11,1
0,1,3,2,0,1
1,-13,4,1,2,-13
1,10,6,6,11,11
1,1,2,2,1,1
1,-13,2,1,1,-13
1,2,2,4,1,2
-11,1,2,2,1,1
1,-11,2,0,1,-11
1,1,2,6,1,11
-13,10,1,5,-13,10
-13,-13,1,1,-13,-13
0,1,2,2,1,1
-13,10,1,6,-13,11
1,-11,4,0,2,-11
-13,1,1,2,-13,1
1,11,2,6,1,11
-11,1,0,6,-11,11
1,1,8,5,-333,10
1,-13,2,1,1,-13
2,-11,6,0,11,-11
0,3,3,4,0,2
1,2,2,2,1,1
-13,11,6,6,11,11
-13,-11,1,0,-13,-11
-13,1,1,2,-13,1
0,0,3,2,0,1
-13,-13,1,1,-13,-13
-13,1,1,2,-13,1
1,1,2,2,1,1
1,1,3,2,0,1
-11,10,0,5,-11,10
-13,2,1,4,-13,2
1,-13,2,1,1,-13
1,1,2,2,1,1
-11,10,0,5,-11,10
10,10,5,2,10,1
0,-13,2,2,1,1
10,-13,5,1,10,-13
0,-11,3,0,0,-11
1,1,2,2,1,1
0,1,3,5,0,10
10,10,5,5,10,10
11,1,5,2,10,1
1,2,2,4,1,2
0,0,0,3,-11,0
-11,1,0,6,-11,11
1,0,2,3,1,0
10,0,5,3,10,0
11,1,6,2,11,1
0,-13,3,1,0,-13
1,-13,2,1,1,-13
10,-13,6,1,11,-13
10,0,5,3,10,0
1,0,2,2,1,1
2,1,8,2,-333,1
1,0,2,3,1,0
-13,-11,1,0,-13,-11
1,-13,2,1,1,-13
1,-11,2,0,1,-11
2,-11,2,0,1,-11
2,-13,4,1,2,-13
0,-13,3,1,0,-13
-11,-11,0,0,-11,-11
2,-13,4,1,2,-13
10,11,5,6,10,11
1,-13,2,1,1,-13
10,1,5,2,10,1
0,2,3,4,0,2
10,-13,5,1,10,-13
-11,-13,8,1,-333,-13
-11,10,2,5,1,10
-11,1,0,0,-11,-11
-13,1,1,2,-13,1
1,1,2,2,1,1
1,1,2,2,1,1
-13,-11,1,0,-13,-11
1,-13,2,1,1,-13
-13,10,1,5,-13,10
0,-13,0,1,-11,-13
1,10,2,5,1,10
10,1,5,2,10,1
1,-11,5,0,10,-11
1,1,2,4,1,2
1,-11,2,0,1,-11
1,1,2,2,1,1
1,2,2,2,1,1
-13,0,1,5,-13,10
-13,10,1,5,-13,10
1,10,2,5,1,10
-11,1,2,2,1,1
0,1,3,2,0,1
1,1,2,2,1,1
-11,1,0,2,-11,1
-13,2,1,4,-13,2
2,3,2,4,1,2
10,-11,5,0,10,-11
1,-11,2,0,1,-11
11,0,6,2,11,1
-13,10,1,5,-13,10
-11,1,0,2,-11,1
0,-11,3,0,0,-11
1,-13,2,1,1,-13
-13,-13,1,1,-13,-13
3,1,4,2,2,1
1,-11,2,0,1,-11
-13,1,1,2,-13,1
10,2,5,4,10,2
1,1,2,2,1,1
1,11,2,5,1,10
1,2,0,8,-11,-333
2,1,4,2,2,1
2,-11,4,0,2,-11
-13,-11,1,0,-13,-11
1,-13,2,3,1,0
-11,1,1,2,-13,1
-13,0,1,3,-13,0
10,-11,5,0,10,-11
2,1,2,5,1,10
10,-11,5,0,10,-11
2,1,6,2,11,1
1,0,2,3,1,0
-13,-13,1,1,-13,-13
10,3,5,6,10,11
2,-11,2,0,1,-11
2,-11,6,0,11,-11
1,10,6,4,11,2
1,-13,2,1,1,-13
12,12,6,6,11,11
0,2,3,2,0,1
12,-11,6,0,11,-11
-11,0,0,2,-11,1
-11,1,0,4,-11,2
1,11,2,6,1,11
2,-13,6,1,11,-13
3,1,6,2,11,1
-13,-13,1,1,-13,-13
-11,-13,0,1,-11,-13
10,1,5,2,10,1
2,1,2,3,1,0
2,1,4,2,2,1
0,1,3,2,0,1
1,-11,2,2,1,1
2,1,2,2,1,1
2,1,2,8,1,-333
-13,2,1,2,-13,1
1,-13,2,1,1,-13
10,12,6,6,11,11
1,1,5,2,10,1
-11,0,0,3,-11,0
-11,1,0,2,-11,1
-13,-11,1,0,-13,-11
1,11,2,5,1,10
1,11,2,5,1,10
1,1,2,2,1,1
0,1,3,2,0,1
1,10,2,5,1,10
2,-13,6,1,11,-13
-13,10,1,5,-13,10
-13,1,1,5,-13,10
10,0,5,3,10,0
1,2,2,4,1,2
0,1,3,2,0,1
1,1,2,6,1,11
11,11,5,6,10,11
12,10,6,5,11,10
11,1,6,2,11,1
-11,0,2,3,1,0
-13,1,1,2,-13,1
-13,11,1,6,-13,11
-11,11,0,5,-11,10
0,2,1,6,-13,11
1,1,2,2,1,1
1,-11,2,0,1,-11
1,1,4,2,2,1
1,10,2,6,1,11
-13,-13,1,1,-13,-13
1,10,2,5,1,10
-13,0,1,3,-13,0
-11,0,0,3,-11,0
0,11,3,6,0,11
-11,2,0,4,-11,2
-11,-13,0,1,-11,-13
1,-11,2,0,1,-11
2,1,4,2,2,1
-13,1,1,2,-13,1
10,1,5,2,10,1
-13,3,3,4,0,2
1,12,2,6,1,11
-11,1,0,2,-11,1
1,0,4,5,2,10
11,2,6,2,11,1
2,-11,4,0,2,-11
-13,-13,1,1,-13,-13
0,2,6,6,11,11
11,-11,6,0,11,-11
1,10,6,2,11,1
11,1,6,2,11,1
10,1,5,5,10,10
-11,0,0,3,-11,0
0,1,6,2,11,1
1,-11,2,0,1,-11
1,1,2,2,1,1
-11,0,0,3,-11,0
2,-11,2,0,1,-11
0,1,3,2,0,1
-13,-11,1,0,-13,-11
-13,0,1,3,-13,0
0,1,3,2,0,1
1,1,2,2,1,1
1,10,2,5,1,10
2,-13,4,1,2,-13
0,2,3,4,0,2
10,10,5,5,10,10
-11,1,0,2,-11,1
-13,-11,1,0,-13,-11
10,-11,5,0,10,-11
-13,1,1,2,-13,1
1,2,2,4,1,2
1,-11,2,0,1,-11
-11,1,0,2,-11,1
2,-11,4,0,2,-11
11,12,6,6,11,11
2,-11,4,0,2,-11
1,0,2,3,1,0
10,10,5,5,10,10
1,0,2,3,1,0
-11,1,0,2,-11,1
11,-13,5,1,10,-13
10,0,5,3,10,0
1,1,2,2,1,1
-13,-11,1,0,-13,-11
2,-11,4,2,2,1
2,1,2,2,1,1
10,-13,5,1,10,-13
11,-13,6,1,11,-13
1,1,2,2,1,1
-13,-11,1,0,-13,-11
1,1,2,2,1,1
2,1,4,2,2,1
11,-11,5,0,10,-11
-13,0,1,1,-13,-13
-11,2,0,4,-11,2
2,-13,3,1,0,-13
1,0,2,2,1,1
-13,10,1,6,-13,11
-13,11,1,6,-13,11
2,-11,2,0,1,-11
-13,10,5,3,10,0
1,10,2,5,1,10
0,1,1,2,-13,1
0,-13,3,1,0,-13
2,3,4,4,2,2
-13,1,1,4,-13,2
0,1,2,2,1,1
1,2,2,2,1,1
11,-13,5,1,10,-13
-13,-13,1,1,-13,-13
0,1,2,2,1,1
1,2,3,2,0,1
1,-13,4,1,2,-13
-11,1,0,4,-11,2
10,-11,5,3,10,0
0,11,3,6,0,11
1,1,2,2,1,1
10,1,5,2,10,1
0,-13,5,1,10,-13
1,1,6,2,11,1
0,-13,3,1,0,-13
11,-13,6,1,11,-13
-11,2,0,4,-11,2
1,10,2,5,1,10
-13,1,1,2,-13,1
-13,-13,1,1,-13,-13
1,1,5,2,10,1
0,11,3,5,0,10
10,1,6,2,11,1
0,1,3,2,0,1
1,1,2,2,1,1
1,1,2,3,1,0
-13,0,2,3,1,0
1,2,2,4,1,2
-13,1,1,2,-13,1
10,1,5,2,10,1
11,10,6,5,11,10
1,-13,2,1,1,-13
0,2,3,4,0,2
2,-13,2,1,1,-13
-13,1,3,4,0,2
0,10,3,3,0,0
-13,2,1,2,-13,1
10,1,5,2,10,1
-11,1,0,2,-11,1
0,-13,3,1,0,-13
2,-11,4,0,2,-11
1,-11,2,0,1,-11
2,2,4,2,2,1
0,1,3,2,0,1
1,0,5,3,10,0
-13,-11,1,2,-13,1
-13,-11,1,0,-13,-11
2,-11,2,0,1,-11
0,0,3,2,0,1
-13,10,1,5,-13,10
0,-13,3,1,0,-13
10,1,5,2,10,1
10,10,6,5,11,10
1,-13,2,1,1,-13
-13,1,1,6,-13,11
-13,1,1,2,-13,1
-13,10,1,5,-13,10
0,-13,5,1,10,-13
-11,-13,8,1,-333,-13
-11,3,0,4,-11,2
2,-13,2,1,1,-13
0,10,3,5,0,10
0,10,3,5,0,10
0,-11,3,0,0,-11
1,-11,2,2,1,1
-13,-13,1,2,-13,1
-13,2,1,2,-13,1
2,11,8,5,-333,10
0,10,3,6,0,11
11,1,6,2,11,1
-11,1,0,2,-11,1
-13,1,1,2,-13,1
-13,-13,1,1,-13,-13
-11,1,0,2,-11,1
1,-13,2,1,1,-13
1,11,2,6,1,11
2,10,6,5,11,10
2,-13,2,1,1,-13
10,1,5,4,10,2
0,-13,0,1,-11,-13
-13,1,0,3,-11,0
2,1,4,2,2,1
1,-11,2,0,1,-11
2,1,2,2,1,1
2,-13,2,1,1,-13
2,0,4,2,2,1
1,0,2,2,1,1
10,2,5,2,10,1
0,10,3,5,0,10
10,-13,5,1,10,-13
1,11,2,5,1,10
1,-13,2,1,1,-13
-13,1,1,2,-13,1
2,11,4,6,2,11
0,-11,3,8,0,-333
0,-13,3,1,0,-13
-13,-13,1,1,-13,-13
1,-11,2,0,1,-11
-11,2,0,4,-11,2
11,-11,6,0,11,-11
1,-13,2,1,1,-13
1,-11,2,2,1,1
-11,-11,0,0,-11,-11
1,1,2,2,1,1
1,-13,6,1,11,-13
2,12,6,5,11,10
-11,10,0,5,-11,10
0,0,3,3,0,0
-13,1,1,4,-13,2
-13,-11,1,2,-13,1
1,-13,3,8,0,-333
-13,10,3,5,0,10
1,1,4,2,2,1
2,-11,4,0,2,-11
1,-11,2,0,1,-11
0,-11,3,0,0,-11
1,-13,2,1,1,-13
-11,1,0,2,-11,1
10,10,5,5,10,10
1,0,2,3,1,0
-11,1,0,2,-11,1
10,1,5,4,10,2
1,-11,4,0,2,-11
1,1,2,2,1,1
11,-11,5,0,10,-11
11,1,6,2,11,1
-11,-13,0,1,-11,-13
0,1,3,2,0,1
3,2,6,2,11,1
-13,1,1,2,-13,1
1,2,2,4,1,2
1,10,2,5,1,10
1,-13,4,1,2,-13
0,11,3,5,0,10
1,0,4,3,2,0
1,1,2,2,1,1
-13,1,1,2,-13,1
-13,10,1,5,-13,10
-13,1,1,2,-13,1
0,1,3,2,0,1
1,-13,2,1,1,-13
-13,-11,1,0,-13,-11
1,-11,2,0,1,-11
0,-13,3,1,0,-13
0,-11,2,0,1,-11
0,1,3,2,0,1
-11,1,0,2,-11,1
10,-11,5,0,10,-11
2,-11,2,8,1,-333
-13,1,1,4,-13,2
1,1,2,2,1,1
1,0,2,3,1,0
-11,1,0,2,-11,1
0,-13,5,1,10,-13
1,3,2,4,1,2
2,-13,2,1,1,-13
0,11,2,5,1,10
1,0,2,3,1,0
-13,-11,1,0,-13,-11
-11,-13,0,1,-11,-13
10,2,6,4,11,2
12,11,6,5,11,10
-13,-11,2,0,1,-11
-11,-13,0,1,-11,-13
-11,0,0,3,-11,0
10,0,5,3,10,0
1,1,2,2,1,1
-13,1,1,2,-13,1
11,0,6,3,11,0
0,3,3,2,0,1
0,0,2,3,1,0
1,2,2,4,1,2
-13,-13,-999,-999,-999,-999
0,-13,3,1,0,-13
1,1,0,5,-11,10
3,-11,6,0,11,-11
-11,-13,0,1,-11,-13
0,-13,3,1,0,-13
1,10,2,6,1,11
-13,-11,1,0,-13,-11
1,1,2,2,1,1
1,2,2,2,1,1
1,1,2,2,1,1
10,10,5,5,10,10
12,-13,6,1,11,-13
-11,1,0,2,-11,1
11,2,6,4,11,2
11,1,5,2,10,1
-13,-13,-999,-999,-999,-999
-11,1,0,2,-11,1
10,0,5,3,10,0
1,1,2,2,1,1
1,1,2,2,1,1
0,1,3,2,0,1
1,-13,2,3,1,0
0,-11,2,0,1,-11
-13,-13,1,1,-13,-13
10,1,5,2,10,1
-13,2,1,4,-13,2
-11,1,0,6,-11,11
-13,1,1,2,-13,1
1,-11,2,0,1,-11
1,1,2,2,1,1
1,2,2,2,1,1
-11,-11,0,0,-11,-11
2,1,4,2,2,1
10,1,5,6,10,11
-11,1,0,2,-11,1
1,10,3,3,0,0
-11,1,0,2,-11,1
2,-11,2,0,1,-11
10,0,5,3,10,0
-13,11,1,6,-13,11
-13,0,1,3,-13,0
0,1,3,2,0,1
-11,1,0,2,-11,1
1,1,2,2,1,1
1,-13,4,1,2,-13
2,1,4,7,2,-222
-13,1,1,3,-13,0
10,0,5,2,10,1
1,1,2,2,1,1
-11,1,0,5,-11,10
2,2,4,4,2,2
1,-11,2,2,1,1
0,1,5,5,10,10
-11,-11,0,3,-11,0
-13,1,1,2,-13,1
-11,2,0,2,-11,1
-11,10,0,5,-11,10
-13,0,1,3,-13,0
0,0,3,3,0,0
2,1,6,2,11,1
10,2,5,6,10,11
1,1,2,2,1,1
2,2,2,4,1,2
1,-13,2,1,1,-13
2,1,2,2,1,1
-13,0,1,3,-13,0
3,1,0,2,-11,1
0,-11,3,0,0,-11
-11,-11,0,0,-11,-11
1,-11,2,0,1,-11
11,0,5,3,10,0
-13,11,1,6,-13,11
-11,-11,8,0,-333,-11
10,-13,5,1,10,-13
-13,0,1,3,-13,0
1,10,5,2,10,1
1,-11,2,0,1,-11
2,-13,2,1,1,-13
1,-13,2,1,1,-13
2,1,2,2,1,1
-11,-11,3,0,0,-11
1,0,6,2,11,1
2,2,6,4,11,2
1,1,2,2,1,1
-13,1,1,2,-13,1
-11,10,0,5,-11,10
2,0,2,3,1,0
-13,1,1,2,-13,1
10,1,5,2,10,1
2,0,4,3,2,0
-11,0,0,3,-11,0
10,1,5,2,10,1
1,11,2,6,1,11
0,-13,3,1,0,-13
-13,-11,3,2,0,1
-11,11,0,6,-11,11
-11,1,0,2,-11,1
10,11,5,6,10,11
0,-13,5,1,10,-13
1,0,2,3,1,0
10,2,6,2,11,1
-11,2,0,4,-11,2
1,-13,2,1,1,-13
1,2,2,4,1,2
10,1,5,2,10,1
2,10,2,6,1,11
-13,10,1,5,-13,10
0,10,2,6,1,11
1,2,2,4,1,2
-13,1,1,4,-13,2
-11,1,0,2,-11,1
11,-11,6,0,11,-11
1,10,2,5,1,10
10,-13,5,1,10,-13
2,2,4,4,2,2
10,-11,6,0,11,-11
-11,1,0,6,-11,11
-11,3,0,4,-11,2
0,0,2,3,1,0
-13,1,1,2,-13,1
2,-11,6,0,11,-11
-11,-13,0,1,-11,-13
-13,-11,3,0,0,-11
1,1,2,2,1,1
0,-13,3,1,0,-13
-13,0,1,3,-13,0
0,-11,6,0,11,-11
1,1,2,2,1,1
-13,-11,1,0,-13,-11
-13,1,1,2,-13,1
1,0,4,3,2,0
1,1,2,2,1,1
11,1,6,2,11,1
1,1,2,2,1,1
-11,1,0,2,-11,1
1,10,2,5,1,10
1,-11,2,0,1,-11
-11,0,0,5,-11,10
1,-13,2,1,1,-13
-13,1,1,2,-13,1
-11,1,0,2,-11,1
0,-13,3,1,0,-13
-11,-11,0,0,-11,-11
-13,11,1,6,-13,11
11,1,6,2,11,1
10,-11,5,1,10,-13
-11,-13,0,1,-11,-13
1,11,2,6,1,11
0,1,3,2,0,1
10,-11,6,0,11,-11
10,1,6,2,11,1
2,1,4,2,2,1
1,-11,2,0,1,-11
0,-11,3,0,0,-11
-13,1,1,2,-13,1
2,1,2,2,1,1
1,1,7,2,-222,1
10,11,5,5,10,10
-13,0,1,3,-13,0
0,1,3,4,0,2
1,2,2,4,1,2
1,-13,2,1,1,-13
0,1,1,2,-13,1
-11,0,0,2,-11,1
2,10,2,5,1,10
-13,1,1,2,-13,1
1,12,2,6,1,11
-11,10,0,5,-11,10
-13,-13,1,1,-13,-13
-1,1,6,2,11,1
0,-11,3,0,0,-11
1,1,5,2,10,1
10,0,5,3,10,0
-11,11,0,5,-11,10
1,2,2,4,1,2
10,-11,5,0,10,-11
-13,-13,1,1,-13,-13
-13,-11,1,0,-13,-11
1,2,2,5,1,10
-13,1,1,2,-13,1
-13,-11,1,0,-13,-11
11,0,6,3,11,0
1,-13,2,1,1,-13
-11,2,0,4,-11,2
1,3,2,4,1,2
0,1,3,2,0,1
2,1,4,2,2,1
-11,-11,0,0,-11,-11
-13,-13,1,8,-13,-333
-11,3,0,4,-11,2
2,-13,6,1,11,-13
1,10,2,6,1,11
10,1,5,8,10,-333
10,1,5,2,10,1
-13,0,1,3,-13,0
2,1,2,2,1,1
-13,-13,0,1,-11,-13
-11,1,2,2,1,1
1,2,4,2,2,1
-11,2,0,4,-11,2
-13,1,1,2,-13,1
1,1,2,2,1,1
-13,11,1,6,-13,11
0,1,3,2,0,1
11,-13,5,1,10,-13
-13,-13,1,1,-13,-13
0,-13,3,1,0,-13
1,-11,7,0,-222,-11
1,10,2,5,1,10
0,10,5,2,10,1
1,2,2,2,1,1
10,0,5,3,10,0
0,11,3,6,0,11
2,-11,2,0,1,-11
0,-13,3,1,0,-13
0,-11,3,0,0,-11
2,0,2,3,1,0
1,-11,2,0,1,-11
10,-11,5,3,10,0
1,-11,2,0,1,-11
1,1,2,2,1,1
1,1,2,2,1,1
10,-13,5,1,10,-13
-11,-13,0,1,-11,-13
10,0,5,3,10,0
1,2,2,4,1,2
11,-11,6,2,11,1
0,1,3,2,0,1
1,-13,2,1,1,-13
-11,-11,0,0,-11,-11
1,10,2,5,1,10
-13,-13,1,1,-13,-13
1,-13,2,1,1,-13
1,2,2,4,1,2
-11,1,0,2,-11,1
-13,-11,1,0,-13,-11
-11,-11,0,0,-11,-11
0,1,3,2,0,1
-13,0,3,3,0,0
-13,1,1,2,-13,1
1,-13,6,1,11,-13
1,1,2,2,1,1
0,10,0,5,-11,10
-13,11,1,6,-13,11
1,-13,2,1,1,-13
-11,1,0,2,-11,1
1,-11,2,0,1,-11
3,0,6,3,11,0
11,-11,5,0,10,-11
1,1,6,2,11,1
-13,-13,1,1,-13,-13
2,10,6,5,11,10
11,11,6,5,11,10
-11,-13,0,1,-11,-13
-13,-13,0,1,-11,-13
-11,0,0,2,-11,1
-13,1,1,2,-13,1
0,-11,3,0,0,-11
2,0,4,3,2,0
0,0,3,4,0,2
0,1,3,2,0,1
1,1,4,2,2,1
10,1,5,2,10,1
-13,10,1,5,-13,10
-13,10,1,5,-13,10
2,11,4,6,2,11
10,10,5,5,10,10
1,11,2,5,1,10
1,1,2,4,1,2
1,0,5,3,10,0
-13,-11,1,0,-13,-11
1,1,2,2,1,1
0,1,2,2,1,1
2,1,2,1,1,-13
-13,1,1,2,-13,1
0,-11,3,0,0,-11
1,0,2,3,1,0
-13,-11,1,0,-13,-11
-11,0,0,3,-11,0
-11,0,0,3,-11,0
-11,1,0,2,-11,1
10,-11,5,0,10,-11
11,10,6,5,11,10
0,10,3,6,0,11
0,-11,3,0,0,-11
-11,1,0,5,-11,10
1,-13,2,1,1,-13
-11,-11,0,0,-11,-11
10,-13,5,1,10,-13
1,-13,2,1,1,-13
-11,3,2,6,1,11
-13,0,1,2,-13,1
2,-11,2,0,1,-11
2,1,4,2,2,1
1,10,2,5,1,10
-13,1,1,0,-13,-11
10,2,5,4,10,2
-11,-11,0,8,-11,-333
0,1,3,2,0,1
-13,-13,1,1,-13,-13
-13,-11,2,7,1,-222
1,2,2,2,1,1
1,-11,2,0,1,-11
1,-13,2,1,1,-13
-11,10,0,6,-11,11
10,1,6,2,11,1
0,1,3,7,0,-222
2,1,4,2,2,1
10,-13,5,1,10,-13
1,-13,2,1,1,-13
1,1,2,2,1,1
2,-13,2,1,1,-13
1,2,2,8,1,-333
-11,2,0,2,-11,1
-13,1,1,2,-13,1
10,1,5,2,10,1
-13,-11,1,0,-13,-11
-11,-11,0,0,-11,-11
2,1,2,2,1,1
-13,-11,1,0,-13,-11
-13,-13,1,1,-13,-13
-11,1,0,2,-11,1
10,-11,5,0,10,-11
1,-11,2,0,1,-11
1,-13,2,1,1,-13
-11,1,1,2,-13,1
10,11,6,6,11,11
1,-11,6,0,11,-11
11,0,6,3,11,0
-11,1,0,2,-11,1
1,2,2,4,1,2
11,1,6,2,11,1
3,1,4,2,2,1
2,-11,4,0,2,-11
-13,-11,1,0,-13,-11
11,1,6,2,11,1
1,-11,2,0,1,-11
1,-11,4,0,2,-11
0,-11,3,0,0,-11
1,1,2,2,1,1
1,1,2,2,1,1
1,1,4,2,2,1
-11,10,0,5,-11,10
-13,2,1,4,-13,2
11,1,6,6,11,11
0,1,3,2,0,1
0,-13,3,1,0,-13
1,-13,2,1,1,-13
-11,10,0,6,-11,11
10,1,5,2,10,1
-13,-13,1,1,-13,-13
10,-13,5,1,10,-13
2,0,4,3,2,0
11,1,6,2,11,1
1,1,2,2,1,1
1,-13,2,1,1,-13
0,10,3,5,0,10
10,3,5,4,10,2
10,1,5,2,10,1
1,-11,2,3,1,0
1,2,2,2,1,1
-11,1,0,2,-11,1
12,10,6,5,11,10
-13,2,1,2,-13,1
1,-11,2,0,1,-11
11,1,6,5,11,10
-13,1,1,2,-13,1
-11,0,0,2,-11,1
10,-13,5,2,10,1
1,-13,2,1,1,-13
0,1,3,2,0,1
-11,1,0,2,-11,1
-11,-13,0,1,-11,-13
-11,10,0,6,-11,11
1,1,2,2,1,1
1,1,2,2,1,1
0,1,3,3,0,0
2,-13,4,1,2,-13
-13,-13,1,1,-13,-13
11,1,6,2,11,1
-11,1,0,2,-11,1
1,-13,2,1,1,-13
2,-11,4,0,2,-11
0,2,3,2,0,1
-13,-11,1,0,-13,-11
2,-13,6,1,11,-13
2,11,2,2,1,1
-11,0,0,3,-11,0
1,-13,2,1,1,-13
1,-13,2,1,1,-13
10,2,5,4,10,2
10,10,5,5,10,10
2,-13,2,1,1,-13
1,12,2,4,1,2
-13,0,1,3,-13,0
-13,1,1,2,-13,1
1,2,2,2,1,1
-11,-13,0,1,-11,-13
-11,1,0,2,-11,1
-13,1,1,2,-13,1
-11,-11,3,0,0,-11
2,11,2,5,1,10
-11,1,0,2,-11,1
-13,1,1,2,-13,1
-13,10,1,5,-13,10
-13,1,1,2,-13,1
-11,-11,0,0,-11,-11
10,1,5,2,10,1
11,-11,6,0,11,-11
1,-11,2,0,1,-11
1,11,2,6,1,11
-11,1,0,2,-11,1
-13,-11,1,0,-13,-11
-13,-13,1,1,-13,-13
2,-11,4,0,2,-11
0,1,2,2,1,1
1,1,6,2,11,1
2,10,4,5,2,10
2,3,4,4,2,2
1,0,2,3,1,0
1,1,2,3,1,0
1,-13,2,1,1,-13
-13,1,1,2,-13,1
-13,-11,1,0,-13,-11
-11,0,0,3,-11,0
0,-11,3,0,0,-11
-13,-13,2,1,1,-13
2,1,4,2,2,1
0,2,3,4,0,2
2,-13,4,1,2,-13
-13,-11,1,2,-13,1
0,1,4,2,2,1
2,1,4,6,2,11
-11,2,0,2,-11,1
-13,-13,1,1,-13,-13
1,-13,2,1,1,-13
-13,-13,1,1,-13,-13
2,1,4,2,2,1
11,10,6,5,11,10
10,1,5,2,10,1
-13,-11,1,0,-13,-11
-11,1,0,2,-11,1
1,0,2,2,1,1
-11,2,0,6,-11,11
0,-11,5,0,10,-11
-11,1,8,2,-333,1
0,1,3,6,0,11
0,-13,3,1,0,-13
-11,1,0,2,-11,1
0,-13,3,1,0,-13
10,10,5,5,10,10
-11,-11,0,0,-11,-11
10,10,5,5,10,10
-13,1,1,2,-13,1
2,-11,2,0,1,-11
10,1,5,2,10,1
11,11,5,6,10,11
-13,10,1,5,-13,10
0,0,3,3,0,0
0,-13,3,1,0,-13
-11,2,0,6,-11,11
1,-11,2,0,1,-11
0,2,5,4,10,2
2,2,2,4,1,2
1,1,7,8,-222,-333
10,1,6,4,11,2
2,0,4,3,2,0
-11,0,0,6,-11,11
3,0,4,3,2,0
2,1,4,2,2,1
1,-13,2,1,1,-13
-13,-13,1,1,-13,-13
11,2,5,2,10,1
-13,1,1,6,-13,11
12,1,6,2,11,1
0,1,2,2,1,1
-11,-13,0,1,-11,-13
1,10,2,5,1,10
1,-13,2,1,1,-13
1,-11,2,8,1,-333
-11,0,0,3,-11,0
11,2,6,2,11,1
10,0,5,3,10,0
1,2,2,2,1,1
0,0,5,3,10,0
1,-13,2,1,1,-13
11,10,6,5,11,10
-11,0,0,3,-11,0
10,10,6,5,11,10
2,0,2,3,1,0
1,-13,2,8,1,-333
0,-11,3,0,0,-11
1,-11,2,0,1,-11
0,-11,3,2,0,1
-13,1,1,2,-13,1
-13,-13,1,1,-13,-13
2,-11,2,0,1,-11
-11,0,0,3,-11,0
-13,1,1,2,-13,1
-13,0,1,2,-13,1
1,-13,2,1,1,-13
0,-13,3,1,0,-13
1,-11,2,0,1,-11
2,1,6,2,11,1
-13,0,1,3,-13,0
2,-11,2,0,1,-11
2,-13,2,1,1,-13
-13,10,1,5,-13,10
2,1,4,2,2,1
1,0,2,5,1,10
10,1,5,2,10,1
1,0,2,8,1,-333
-13,1,1,2,-13,1
2,-13,2,2,1,1
-13,-11,1,0,-13,-11
-13,-11,1,0,-13,-11
2,1,2,2,1,1
-11,1,0,2,-11,1
11,-11,6,0,11,-11
-11,10,0,5,-11,10
-13,-13,8,1,-333,-13
0,-11,3,0,0,-11
10,10,5,5,10,10
-11,-13,0,1,-11,-13
10,10,5,5,10,10
1,1,2,2,1,1
-13,1,1,2,-13,1
-11,-13,0,1,-11,-13
0,1,3,2,0,1
0,-13,3,1,0,-13
-11,-13,0,1,-11,-13
2,-13,4,1,2,-13
1,-13,2,1,1,-13
1,1,2,2,1,1
0,10,3,5,0,10
10,-11,5,0,10,-11
1,1,2,2,1,1
1,0,2,3,1,0
10,1,6,2,11,1
-11,0,0,3,-11,0
1,2,2,6,1,11
10,10,5,5,10,10
-11,11,0,6,-11,11
0,-11,0,0,-11,-11
2,-11,4,0,2,-11
-13,11,1,5,-13,10
1,-11,4,0,2,-11
10,1,6,2,11,1
0,-13,3,1,0,-13
10,-11,6,0,11,-11
-11,11,0,6,-11,11
-11,-13,0,1,-11,-13
-13,-11,1,0,-13,-11
10,11,5,6,10,11
10,1,5,2,10,1
-13,1,1,2,-13,1
0,-13,2,1,1,-13
11,-11,5,0,10,-11
1,2,5,4,10,2
1,-13,2,1,1,-13
-13,-13,1,1,-13,-13
10,10,6,6,11,11
0,0,3,3,0,0
2,-13,4,1,2,-13
1,1,4,4,2,2
-11,1,0,2,-11,1
10,1,6,2,11,1
1,-11,2,2,1,1
1,10,2,2,1,1
2,0,2,2,1,1
-11,1,0,2,-11,1
0,3,3,4,0,2
-13,0,1,3,-13,0
-11,-11,0,0,-11,-11
-11,0,0,3,-11,0
11,0,5,3,10,0
0,-11,3,0,0,-11
-13,10,1,5,-13,10
0,10,2,5,1,10
2,-11,2,0,1,-11
-11,10,0,5,-11,10
-11,1,0,2,-11,1
-11,1,0,2,-11,1
-13,1,1,2,-13,1
1,11,2,6,1,11
-11,1,0,2,-11,1
1,-11,2,0,1,-11
10,1,6,2,11,1
-11,-13,0,1,-11,-13
-11,1,0,2,-11,1
10,1,6,2,11,1
2,1,2,2,1,1
1,1,2,2,1,1
-11,0,0,3,-11,0
-13,-13,1,1,-13,-13
-13,2,1,2,-13,1
0,-13,3,1,0,-13
1,2,2,4,1,2
1,1,2,2,1,1
1,10,6,5,11,10
1,11,2,6,1,11
1,11,2,6,1,11
-13,2,1,2,-13,1
1,-11,2,0,1,-11
0,0,3,3,0,0
-13,-13,1,1,-13,-13
10,0,5,3,10,0
-13,2,1,4,-13,2
2,-11,2,0,1,-11
11,10,6,6,11,11
1,-11,2,0,1,-11
-13,-11,1,0,-13,-11
1,-11,2,0,1,-11
-1,1,5,2,10,1
10,11,5,6,10,11
0,11,3,6,0,11
1,-13,2,1,1,-13
-13,2,1,4,-13,2
-13,2,1,6,-13,11
0,1,3,2,0,1
10,-13,5,1,10,-13
2,-11,2,7,1,-222
-11,1,0,2,-11,1
1,-11,2,0,1,-11
0,-11,5,8,10,-333
-13,2,1,6,-13,11
-11,11,0,6,-11,11
10,11,5,4,10,2
1,1,2,2,1,1
1,0,8,0,-333,-11
10,-13,5,1,10,-13
2,1,2,2,1,1
0,-13,5,1,10,-13
2,1,6,4,11,2
-13,-11,1,0,-13,-11
-11,2,0,2,-11,1
2,11,2,6,1,11
0,11,5,6,10,11
1,-11,2,0,1,-11
1,0,2,3,1,0
-13,-11,1,0,-13,-11
1,-13,2,1,1,-13
0,2,3,2,0,1
-11,1,0,2,-11,1
10,-11,5,0,10,-11
1,1,2,2,1,1
-11,2,0,4,-11,2
0,10,3,5,0,10
1,1,2,2,1,1
2,10,2,7,1,-222
0,1,3,6,0,11
-13,0,1,6,-13,11
-11,10,0,5,-11,10
3,-13,4,1,2,-13
-13,1,1,2,-13,1
-11,-11,0,0,-11,-11
-11,-11,0,0,-11,-11
1,2,2,4,1,2
11,3,5,2,10,1
-13,10,1,5,-13,10
2,1,2,2,1,1
0,-13,3,1,0,-13
-11,2,0,2,-11,1
11,-11,6,0,11,-11
0,2,2,4,1,2
0,-13,3,1,0,-13
-11,11,0,5,-11,10
1,1,2,2,1,1
2,2,6,2,11,1
10,0,6,3,11,0
-13,0,2,3,1,0
0,2,3,4,0,2
-11,1,0,2,-11,1
-11,-11,0,0,-11,-11
1,1,2,4,1,2
-13,10,1,6,-13,11
0,2,3,4,0,2
10,-13,5,1,10,-13
2,10,4,5,2,10
-11,1,0,2,-11,1
-11,2,0,4,-11,2
-13,1,1,2,-13,1
1,2,2,4,1,2
10,-13,5,1,10,-13
-11,1,0,2,-11,1
1,-13,2,1,1,-13
-11,10,0,5,-11,10
1,-11,2,0,1,-11
1,0,2,3,1,0
0,11,3,6,0,11
10,-13,5,1,10,-13
2,11,6,6,11,11
3,1,6,4,11,2
-11,-13,0,1,-11,-13
0,10,2,5,1,10
-11,-11,0,0,-11,-11
2,1,2,6,1,11
-13,2,1,4,-13,2
1,-11,6,0,11,-11
0,2,3,2,0,1
10,-13,5,1,10,-13
1,10,0,5,-11,10
1,1,3,6,0,11
-13,2,1,4,-13,2
-11,1,0,2,-11,1
-11,10,0,5,-11,10
0,1,3,4,0,2
-13,-13,1,3,-13,0
0,-13,3,1,0,-13
-13,10,1,5,-13,10
11,10,6,5,11,10
2,-11,2,0,1,-11
2,-11,2,0,1,-11
-13,-11,1,2,-13,1
2,-13,6,1,11,-13
-13,10,1,5,-13,10
10,10,5,6,10,11
1,1,6,2,11,1
2,11,2,6,1,11
-11,-13,0,7,-11,-222
2,-13,4,1,2,-13
-11,1,0,2,-11,1
1,11,2,6,1,11
1,1,2,4,1,2
-13,0,1,3,-13,0
-11,-13,0,1,-11,-13
2,2,4,4,2,2
-11,-13,0,1,-11,-13
1,1,2,6,1,11
0,10,3,6,0,11
0,11,2,6,1,11
1,1,4,2,2,1
10,1,5,2,10,1
0,1,2,2,1,1
10,1,5,2,10,1
0,1,3,2,0,1
-13,1,1,2,-13,1
1,11,2,6,1,11
1,-11,2,0,1,-11
-13,-11,1,0,-13,-11
-13,10,1,5,-13,10
0,-11,3,0,0,-11
0,1,3,6,0,11
-13,1,2,2,1,1
-11,0,0,3,-11,0
-11,10,8,5,-333,10
1,-13,2,1,1,-13
1,0,2,3,1,0
1,0,0,6,-11,11
0,1,3,2,0,1
-11,10,0,5,-11,10
0,0,3,2,0,1
11,1,2,2,1,1
2,-11,3,8,0,-333
2,1,4,2,2,1
-11,-11,2,0,1,-11
2,-11,4,0,2,-11
10,1,5,2,10,1
0,-13,1,1,-13,-13
10,-13,5,1,10,-13
3,-11,4,0,2,-11
-11,2,0,4,-11,2
1,-11,2,0,1,-11
-11,1,0,2,-11,1
-11,10,0,6,-11,11
-13,0,1,2,-13,1
-11,10,0,5,-11,10
0,10,2,6,1,11
-13,-11,1,0,-13,-11
0,1,3,2,0,1
-13,-11,2,0,1,-11
-13,0,1,3,-13,0
10,1,5,2,10,1
-11,10,3,5,0,10
-11,0,0,3,-11,0
10,-13,5,1,10,-13
-13,1,1,2,-13,1
-13,2,1,4,-13,2
0,0,5,5,10,10
2,2,2,2,1,1
1,-13,2,1,1,-13
10,10,5,5,10,10
3,-11,6,0,11,-11
2,1,4,2,2,1
1,-11,2,0,1,-11
-11,2,2,4,1,2
1,10,3,5,0,10
-11,1,2,2,1,1
1,2,2,4,1,2
-11,2,0,4,-11,2
0,1,3,2,0,1
-13,1,1,2,-13,1
1,-11,2,0,1,-11
1,-13,2,1,1,-13
11,-13,6,1,11,-13
1,1,2,4,1,2
10,1,5,2,10,1
2,1,4,2,2,1
-13,-11,1,0,-13,-11
-13,10,1,5,-13,10
12,1,5,0,10,-11
-11,-11,0,2,-11,1
-13,11,1,6,-13,11
-11,10,0,5,-11,10
10,1,6,2,11,1
-13,-11,1,1,-13,-13
-13,2,1,2,-13,1
0,-11,2,0,1,-11
-13,-11,1,0,-13,-11
2,10,6,5,11,10
-13,10,1,5,-13,10
-11,-11,0,0,-11,-11
1,11,2,6,1,11
-11,-13,0,1,-11,-13
2,-11,2,8,1,-333
2,2,2,2,1,1
11,1,5,2,10,1
10,1,5,2,10,1
10,0,5,6,10,11
2,2,6,4,11,2
2,10,4,6,2,11
1,10,2,5,1,10
-13,-11,1,0,-13,-11
-11,10,0,5,-11,10
1,-11,2,0,1,-11
-13,-13,1,1,-13,-13
0,1,8,2,-333,1
-13,10,1,5,-13,10
1,-11,2,0,1,-11
1,0,4,4,2,2
-11,1,0,2,-11,1
1,2,2,4,1,2
1,-11,2,2,1,1
10,1,5,2,10,1
-13,1,1,2,-13,1
0,-13,3,1,0,-13
-11,1,0,2,-11,1
1,3,2,4,1,2
1,10,2,5,1,10
11,-11,6,0,11,-11
11,1,6,2,11,1
-11,-13,0,1,-11,-13
1,0,2,3,1,0
-13,-11,1,0,-13,-11
0,3,3,4,0,2
-11,1,0,2,-11,1
2,-11,2,2,1,1
-13,-13,1,1,-13,-13
-13,10,1,5,-13,10
1,1,2,2,1,1
10,-11,6,2,11,1
11,10,6,6,11,11
-11,-13,0,8,-11,-333
10,2,5,6,10,11
-11,1,0,2,-11,1
1,0,2,5,1,10
1,-11,2,0,1,-11
-11,-11,0,0,-11,-11
-13,11,1,5,-13,10
10,0,5,2,10,1
-11,0,0,1,-11,-13
10,11,5,6,10,11
-11,10,0,6,-11,11
1,-13,2,1,1,-13
0,2,2,4,1,2
1,2,2,2,1,1
1,1,2,2,1,1
2,0,4,3,2,0
1,1,3,2,0,1
-11,12,0,6,-11,11
-11,0,0,3,-11,0
-11,-11,0,0,-11,-11
2,-13,2,1,1,-13
1,1,2,2,1,1
2,1,4,2,2,1
0,-11,3,0,0,-11
1,3,2,4,1,2
3,-13,4,1,2,-13
-11,-13,0,1,-11,-13
11,-13,6,1,11,-13
0,1,3,6,0,11
-13,1,1,2,-13,1
-13,1,1,2,-13,1
2,-13,6,1,11,-13
-13,-13,0,1,-11,-13
1,-11,6,0,11,-11
0,11,3,5,0,10
1,1,2,6,1,11
1,-13,2,1,1,-13
10,1,6,2,11,1
-13,-11,1,0,-13,-11
1,-13,2,1,1,-13
-13,11,1,6,-13,11
1,1,2,2,1,1
1,10,2,5,1,10
-13,1,1,2,-13,1
-13,-13,1,1,-13,-13
12,10,6,5,11,10
3,-11,6,0,11,-11
-11,-13,0,1,-11,-13
10,1,5,2,10,1
1,-13,2,1,1,-13
2,1,4,2,2,1
2,-11,4,0,2,-11
10,1,5,2,10,1
-13,-13,1,1,-13,-13
2,1,4,2,2,1
1,1,2,2,1,1
10,10,5,5,10,10
11,-11,6,8,11,-333
-13,-13,1,1,-13,-13
1,10,2,5,1,10
1,11,6,6,11,11
1,11,2,6,1,11
11,-11,6,0,11,-11
0,-13,3,1,0,-13
1,0,2,6,1,11
0,-13,3,1,0,-13
0,10,3,5,0,10
2,-11,4,0,2,-11
1,10,2,6,1,11
0,-11,3,0,0,-11
-11,1,0,2,-11,1
-11,2,0,4,-11,2
2,0,4,3,2,0
2,1,2,2,1,1
-11,1,0,2,-11,1
0,0,3,3,0,0
-11,11,0,5,-11,10
-11,0,2,3,1,0
-13,1,1,2,-13,1
-11,1,0,3,-11,0
1,-13,2,1,1,-13
-13,-11,1,2,-13,1
-11,-13,0,1,-11,-13
1,1,2,2,1,1
-11,0,0,3,-11,0
-11,-13,1,1,-13,-13
1,-11,5,5,10,10
-13,-11,1,0,-13,-11
1,10,2,5,1,10
-11,0,0,3,-11,0
1,-11,2,0,1,-11
-11,1,2,2,1,1
-11,1,0,4,-11,2
2,10,2,5,1,10
1,-13,2,1,1,-13
-13,-11,1,0,-13,-11
1,-13,6,1,11,-13
1,11,2,6,1,11
1,-13,0,8,-11,-333
1,10,2,6,1,11
-13,0,1,3,-13,0
0,10,3,5,0,10
1,0,2,2,1,1
2,-11,4,0,2,-11
1,-13,2,1,1,-13
1,-11,2,0,1,-11
1,-11,2,0,1,-11
2,1,2,2,1,1
-11,-11,0,2,-11,1
1,0,2,3,1,0
0,-13,3,1,0,-13
1,-13,2,1,1,-13
1,-11,2,0,1,-11
-11,2,0,4,-11,2
-11,1,0,2,-11,1
1,1,2,2,1,1
11,-13,5,1,10,-13
1,1,2,6,1,11
2,1,2,2,1,1
-11,1,0,4,-11,2
1,2,2,2,1,1
11,2,5,4,10,2
10,2,6,4,11,2
10,-11,5,0,10,-11
-11,-13,0,2,-11,1
-13,-13,1,8,-13,-333
10,-13,5,1,10,-13
-13,1,1,2,-13,1
-11,-13,0,1,-11,-13
1,10,2,5,1,10
10,1,6,2,11,1
1,2,2,2,1,1
-13,10,1,5,-13,10
-13,1,1,4,-13,2
-11,0,0,3,-11,0
-11,-13,0,1,-11,-13
1,-11,5,0,10,-11
1,-11,2,0,1,-11
1,-11,2,0,1,-11
0,-13,3,1,0,-13
-11,1,0,2,-11,1
0,11,3,5,0,10
1,1,2,2,1,1
-13,2,1,2,-13,1
0,-11,3,0,0,-11
-13,0,1,3,-13,0
-13,-11,1,0,-13,-11
1,1,2,2,1,1
10,-13,5,1,10,-13
-13,1,1,2,-13,1
-13,1,1,2,-13,1
-11,2,0,4,-11,2
0,1,3,2,0,1
10,-13,5,3,10,0
1,1,2,2,1,1
1,1,2,2,1,1
1,-11,2,8,1,-333
1,1,2,2,1,1
2,-11,4,2,2,1
-11,-13,0,1,-11,-13
-11,0,0,3,-11,0
1,-13,2,1,1,-13
2,2,0,4,-11,2
10,10,6,5,11,10
-11,10,0,5,-11,10
10,1,5,2,10,1
-11,10,0,5,-11,10
1,1,2,2,1,1
2,0,2,2,1,1
0,1,1,2,-13,1
2,0,2,3,1,0
0,-13,3,1,0,-13
-11,0,0,3,-11,0
-11,1,0,5,-11,10
1,2,2,4,1,2
1,-11,2,0,1,-11
1,12,2,6,1,11
10,-13,5,1,10,-13
1,0,2,3,1,0
0,1,3,2,0,1
-13,0,1,3,-13,0
1,1,2,2,1,1
10,1,5,2,10,1
0,1,3,2,0,1
-13,10,1,5,-13,10
10,1,5,2,10,1
11,-13,6,1,11,-13
11,-11,6,1,11,-13
0,10,0,6,-11,11
-11,-11,0,0,-11,-11
-11,2,0,2,-11,1
0,-11,3,0,0,-11
-11,1,0,6,-11,11
10,10,6,5,11,10
-11,-13,0,1,-11,-13
-13,0,1,6,-13,11
-13,1,1,2,-13,1
2,-13,4,8,2,-333
10,-13,5,1,10,-13
1,-13,4,1,2,-13
10,1,5,2,10,1
-11,2,0,2,-11,1
-11,1,2,2,1,1
1,11,2,6,1,11
1,11,2,6,1,11
10,-11,6,0,11,-11
2,1,4,2,2,1
-13,-11,1,0,-13,-11
1,-11,2,0,1,-11
-13,2,1,4,-13,2
0,0,2,2,1,1
1,0,5,1,10,-13
-11,-13,0,1,-11,-13
0,-13,3,1,0,-13
-13,0,1,3,-13,0
-11,10,0,5,-11,10
-11,1,0,2,-11,1
1,11,2,5,1,10
10,10,5,5,10,10
1,10,2,2,1,1
-13,-13,1,1,-13,-13
-13,-11,1,0,-13,-11
2,1,2,2,1,1
10,-11,5,2,10,1
0,-11,3,8,0,-333
-11,2,0,4,-11,2
3,2,6,2,11,1
0,-13,2,1,1,-13
0,1,3,2,0,1
-11,10,0,6,-11,11
2,1,6,2,11,1
-11,-11,2,0,1,-11
-11,1,0,2,-11,1
10,10,5,5,10,10
2,1,2,2,1,1
-13,1,1,2,-13,1
10,10,5,6,10,11
-13,-11,1,0,-13,-11
0,0,3,3,0,0
12,1,6,2,11,1
-13,-13,1,1,-13,-13
2,-13,4,1,2,-13
-11,1,0,3,-11,0
-13,1,8,3,-333,0
1,1,2,2,1,1
-11,-13,0,1,-11,-13
0,-13,5,1,10,-13
11,10,5,5,10,10
1,0,2,2,1,1
-11,0,0,5,-11,10
-13,-11,1,0,-13,-11
1,-13,2,1,1,-13
-11,1,0,2,-11,1
-13,2,1,4,-13,2
-11,1,0,2,-11,1
1,1,2,2,1,1
-11,2,0,2,-11,1
0,10,3,5,0,10
-11,0,0,3,-11,0
10,2,5,2,10,1
10,-11,5,0,10,-11
-13,11,0,4,-11,2
1,2,2,4,1,2
1,1,6,2,11,1
0,-11,3,0,0,-11
-13,1,1,4,-13,2
0,3,3,4,0,2
0,-13,5,5,10,10
-11,2,0,4,-11,2
10,-13,5,1,10,-13
-11,10,0,5,-11,10
1,-11,2,0,1,-11
1,-11,2,8,1,-333
-13,0,1,3,-13,0
0,1,1,2,-13,1
2,2,2,4,1,2
-1,2,6,2,11,1
-11,1,0,2,-11,1
-13,11,1,6,-13,11
1,1,2,2,1,1
0,1,3,2,0,1
-13,11,1,5,-13,10
2,10,2,6,1,11
0,-13,3,8,0,-333
0,-11,3,0,0,-11
1,1,2,4,1,2
12,11,6,2,11,1
1,-11,2,0,1,-11
-11,-13,0,1,-11,-13
-11,1,0,2,-11,1
2,11,4,5,2,10
2,-13,2,1,1,-13
-13,2,1,4,-13,2
-13,1,1,2,-13,1
-11,-11,0,0,-11,-11
-11,0,0,2,-11,1
-11,1,0,2,-11,1
1,1,2,4,1,2
11,1,6,4,11,2
-11,1,0,2,-11,1
1,1,2,2,1,1
2,-13,4,1,2,-13
-13,0,1,3,-13,0
11,-11,6,0,11,-11
0,-13,3,1,0,-13
11,0,5,3,10,0
11,0,6,3,11,0
1,10,2,5,1,10
1,1,2,2,1,1
11,1,6,3,11,0
2,-11,2,0,1,-11
0,10,3,5,0,10
2,1,4,2,2,1
1,1,3,2,0,1
3,11,6,5,11,10
0,-11,3,0,0,-11
10,-13,5,1,10,-13
10,1,5,2,10,1
1,1,2,2,1,1
2,1,4,2,2,1
-13,1,2,2,1,1
0,0,8,3,-333,0
0,-13,3,1,0,-13
1,-13,2,1,1,-13
1,1,2,2,1,1
0,1,3,2,0,1
1,2,2,2,1,1
-11,1,3,2,0,1
11,1,6,2,11,1
0,-11,3,0,0,-11
-13,2,1,4,-13,2
1,0,2,3,1,0
1,3,2,4,1,2
0,-13,3,0,0,-11
1,1,2,2,1,1
10,1,5,2,10,1
0,-11,1,0,-13,-11
-11,1,0,2,-11,1
-13,1,1,2,-13,1
0,11,3,6,0,11
0,-11,2,0,1,-11
1,-13,2,1,1,-13
0,10,3,5,0,10
1,0,2,3,1,0
1,10,2,5,1,10
2,10,4,5,2,10
1,-11,2,0,1,-11
-11,11,0,6,-11,11
0,3,3,4,0,2
-13,1,1,2,-13,1
1,-13,2,1,1,-13
-13,-13,1,1,-13,-13
-11,1,2,2,1,1
2,2,2,2,1,1
-11,-13,0,2,-11,1
-13,2,3,2,0,1
10,-11,5,1,10,-13
2,-11,4,0,2,-11
-13,11,1,5,-13,10
-11,-13,0,1,-11,-13
-13,1,1,2,-13,1
-11,10,3,5,0,10
2,0,2,3,1,0
1,1,2,2,1,1
-11,-11,8,0,-333,-11
10,1,5,2,10,1
10,2,5,2,10,1
-11,2,0,2,-11,1
-13,1,1,4,-13,2
2,1,4,2,2,1
11,0,5,3,10,0
2,-13,6,1,11,-13
2,0,4,3,2,0
2,0,0,2,-11,1
-11,0,0,3,-11,0
2,2,2,4,1,2
11,1,5,2,10,1
11,-11,6,0,11,-11
11,11,5,5,10,10
-13,1,1,2,-13,1
1,2,2,2,1,1
10,1,5,2,10,1
10,1,5,6,10,11
1,0,2,3,1,0
2,-11,2,0,1,-11
2,11,2,5,1,10
-11,10,0,5,-11,10
0,-11,3,0,0,-11
0,10,2,5,1,10
10,2,5,4,10,2
0,2,3,2,0,1
-13,10,1,2,-13,1
2,0,4,3,2,0
1,1,2,6,1,11
1,-13,2,1,1,-13
1,1,2,2,1,1
-13,1,1,2,-13,1
-11,-11,0,0,-11,-11
10,1,6,2,11,1
11,1,5,2,10,1
-13,1,1,2,-13,1
1,1,3,2,0,1
1,0,2,3,1,0
-13,3,2,4,1,2
1,1,2,2,1,1
2,1,5,2,10,1
1,2,2,2,1,1
10,2,5,4,10,2
-13,-11,1,0,-13,-11
1,1,2,2,1,1
0,-11,3,0,0,-11
2,-13,2,1,1,-13
10,-13,2,0,1,-11
10,-13,5,1,10,-13
1,0,2,3,1,0
-13,-11,1,0,-13,-11
-11,10,0,5,-11,10
1,1,6,2,11,1
-13,1,1,2,-13,1
-11,0,0,3,-11,0
-11,2,0,2,-11,1
-11,10,0,5,-11,10
10,1,6,2,11,1
-11,-11,0,0,-11,-11
-11,-13,0,1,-11,-13
10,0,5,3,10,0
2,2,4,4,2,2
0,2,3,2,0,1
-11,-13,0,1,-11,-13
-11,0,0,3,-11,0
0,0,3,5,0,10
11,0,6,3,11,0
10,1,5,2,10,1
1,10,5,5,10,10
2,0,4,1,2,-13
10,-11,5,0,10,-11
2,1,2,2,1,1
0,0,3,3,0,0
1,11,2,5,1,10
1,-11,2,0,1,-11
-13,2,1,4,-13,2
-13,-11,1,0,-13,-11
1,2,2,4,1,2
11,2,5,4,10,2
1,-11,2,0,1,-11
12,-11,6,0,11,-11
0,11,3,6,0,11
1,10,2,5,1,10
-13,0,1,3,-13,0
1,1,2,2,1,1
1,-11,2,0,1,-11
1,-11,2,0,1,-11
0,0,3,3,0,0
0,10,3,5,0,10
2,0,2,3,1,0
10,-11,6,0,11,-11
10,1,5,2,10,1
-13,-13,1,1,-13,-13
-11,10,0,5,-11,10
2,2,4,4,2,2
0,1,5,2,10,1
1,-13,2,1,1,-13
-13,0,1,2,-13,1
-11,0,0,3,-11,0
0,1,3,2,0,1
-11,-13,0,1,-11,-13
1,-13,8,1,-333,-13
-13,10,1,5,-13,10
-13,2,1,4,-13,2
10,-13,5,1,10,-13
11,-13,6,8,11,-333
-13,2,1,2,-13,1
10,-13,6,1,11,-13
2,2,2,4,1,2
-11,-11,0,3,-11,0
-11,-11,0,0,-11,-11
0,10,3,5,0,10
1,-11,2,0,1,-11
1,2,2,4,1,2
-11,0,0,6,-11,11
1,10,2,6,1,11
11,10,6,5,11,10
1,2,4,4,2,2
-13,-13,1,1,-13,-13
-13,-13,1,1,-13,-13
0,-11,3,0,0,-11
10,1,2,2,1,1
-11,1,0,2,-11,1
-11,-13,0,1,-11,-13
1,2,2,4,1,2
11,-13,6,1,11,-13
0,-11,3,0,0,-11
0,1,3,2,0,1
2,11,2,5,1,10
-13,-13,1,1,-13,-13
10,0,5,3,10,0
-11,1,0,2,-11,1
1,0,2,3,1,0
1,2,2,4,1,2
-13,2,1,2,-13,1
-11,-11,0,0,-11,-11
0,-13,3,1,0,-13
-13,-11,1,0,-13,-11
2,2,4,2,2,1
11,1,6,2,11,1
1,1,2,5,1,10
1,1,3,2,0,1
11,-11,2,8,1,-333
2,0,2,3,1,0
11,-13,6,1,11,-13
1,10,4,5,2,10
1,-11,2,0,1,-11
1,1,2,6,1,11
1,-11,2,0,1,-11
-13,1,1,2,-13,1
-11,1,0,2,-11,1
-13,1,1,2,-13,1
1,0,2,3,1,0
2,3,2,4,1,2
3,-13,6,1,11,-13
-11,1,0,2,-11,1
-11,-11,0,0,-11,-11
-13,1,1,2,-13,1
0,2,2,4,1,2
10,10,5,5,10,10
2,-11,6,2,11,1
1,10,2,5,1,10
-11,-11,0,0,-11,-11
10,-13,5,1,10,-13
0,-11,3,0,0,-11
-13,0,1,3,-13,0
11,10,6,5,11,10
-11,1,0,2,-11,1
-13,0,8,5,-333,10
10,11,5,6,10,11
10,1,5,4,10,2
-13,1,1,2,-13,1
-13,0,1,2,-13,1
1,2,2,4,1,2
-11,-11,0,0,-11,-11
-13,2,1,4,-13,2
3,1,2,2,1,1
1,-13,4,1,2,-13
1,-11,2,0,1,-11
2,1,2,2,1,1
1,-13,2,1,1,-13
1,1,5,2,10,1
-13,2,1,2,-13,1
10,-11,5,0,10,-11
2,1,4,4,2,2
1,2,2,4,1,2
0,-13,3,1,0,-13
10,1,5,2,10,1
0,1,2,2,1,1
0,-13,3,1,0,-13
2,0,2,6,1,11
1,2,6,2,11,1
-13,1,1,4,-13,2
10,0,6,2,11,1
1,-13,2,1,1,-13
1,0,0,5,-11,10
0,2,3,2,0,1
-11,-13,0,3,-11,0
1,-11,2,0,1,-11
-13,-11,1,0,-13,-11
1,1,2,2,1,1
-13,2,1,4,-13,2
-13,1,1,2,-13,1
-11,10,1,5,-13,10
2,-13,4,1,2,-13
10,1,5,2,10,1
-13,-11,1,0,-13,-11
10,-13,5,1,10,-13
2,1,4,6,2,11
-13,-11,1,0,-13,-11
0,1,3,2,0,1
-13,1,1,2,-13,1
11,1,6,4,11,2
-13,0,1,3,-13,0
-13,-11,1,0,-13,-11
1,1,2,2,1,1
-11,-11,0,0,-11,-11
-11,1,2,2,1,1
3,1,4,2,2,1
2,-13,6,1,11,-13
1,1,2,2,1,1
1,-13,2,1,1,-13
1,-11,2,0,1,-11
0,-13,2,1,1,-13
1,-11,3,0,0,-11
0,-11,3,0,0,-11
-11,1,0,2,-11,1
1,-11,2,0,1,-11
1,-11,3,0,0,-11
1,2,2,2,1,1
-13,-13,1,1,-13,-13
3,1,2,2,1,1
2,1,6,2,11,1
-11,-11,0,0,-11,-11
11,11,6,6,11,11
-11,2,0,2,-11,1
1,-11,2,0,1,-11
1,-13,2,1,1,-13
-11,1,0,2,-11,1
-11,11,2,5,1,10
11,0,5,3,10,0
-13,1,2,8,1,-333
1,2,2,4,1,2
-13,1,1,2,-13,1
0,-13,1,1,-13,-13
-11,0,0,6,-11,11
1,4,4,4,2,2
1,-11,2,0,1,-11
-11,0,0,3,-11,0
1,1,2,2,1,1
-13,11,1,5,-13,10
11,-11,6,0,11,-11
11,2,6,4,11,2
-13,11,1,5,-13,10
-11,10,0,5,-11,10
1,-13,2,1,1,-13
-11,0,0,3,-11,0
2,10,2,5,1,10
10,1,6,2,11,1
10,-13,5,1,10,-13
10,2,5,2,10,1
1,-11,2,0,1,-11
1,-13,2,1,1,-13
1,10,2,5,1,10
-11,1,0,2,-11,1
-11,-13,0,1,-11,-13
-13,1,1,2,-13,1
10,-13,5,1,10,-13
1,2,2,4,1,2
0,10,1,5,-13,10
0,-13,3,1,0,-13
1,-11,8,0,-333,-11
11,1,6,2,11,1
2,10,4,5,2,10
10,0,5,3,10,0
-13,2,1,4,-13,2
-11,-13,0,1,-11,-13
1,-13,2,1,1,-13
0,-13,3,1,0,-13
10,1,6,2,11,1
1,0,2,8,1,-333
-13,10,0,5,-11,10
-11,1,0,4,-11,2
-13,-13,1,1,-13,-13
2,2,4,2,2,1
11,2,6,4,11,2
1,0,2,3,1,0
-13,2,1,6,-13,11
-13,1,1,2,-13,1
-13,0,0,3,-11,0
-13,-11,1,0,-13,-11
-11,-13,0,1,-11,-13
2,-13,4,1,2,-13
0,1,3,2,0,1
-11,-13,0,1,-11,-13
10,-13,5,1,10,-13
1,0,2,0,1,-11
0,11,3,6,0,11
10,0,6,3,11,0
10,1,5,2,10,1
1,-13,6,1,11,-13
2,-13,4,1,2,-13
2,10,2,5,1,10
2,-11,2,2,1,1
0,10,2,5,1,10
0,2,3,4,0,2
-13,-13,1,1,-13,-13
-13,-11,1,0,-13,-11
1,0,2,3,1,0
-11,1,0,2,-11,1
1,0,2,2,1,1
10,0,5,2,10,1
2,1,4,2,2,1
-13,1,1,3,-13,0
2,2,4,4,2,2
-11,-11,1,0,-13,-11
-13,1,1,2,-13,1
11,1,5,4,10,2
-11,-13,0,1,-11,-13
-13,-11,1,2,-13,1
2,11,4,6,2,11
2,0,2,3,1,0
2,11,2,4,1,2
10,11,5,6,10,11
-13,1,1,5,-13,10
10,1,5,2,10,1
1,-13,2,1,1,-13
-13,10,1,5,-13,10
-13,-13,1,1,-13,-13
1,1,2,6,1,11
0,-11,3,2,0,1
-11,2,0,2,-11,1
1,0,2,3,1,0
0,10,3,5,0,10
-11,1,0,2,-11,1
0,1,2,2,1,1
0,-13,3,1,0,-13
1,-11,5,0,10,-11
-13,-11,1,2,-13,1
1,0,2,3,1,0
10,0,5,3,10,0
10,3,6,4,11,2
1,0,2,3,1,0
-11,-11,0,0,-11,-11
1,10,2,5,1,10
-11,-11,0,0,-11,-11
1,1,2,2,1,1
-11,1,0,2,-11,1
0,3,3,6,0,11
-11,1,0,2,-11,1
1,-11,5,0,10,-11
-13,2,1,2,-13,1
-11,-11,0,0,-11,-11
1,-11,6,0,11,-11
2,12,2,6,1,11
-11,1,2,2,1,1
1,-13,2,1,1,-13
-11,1,0,5,-11,10
-13,-13,1,1,-13,-13
-13,11,1,5,-13,10
0,1,3,2,0,1
1,-13,2,1,1,-13
-11,-13,0,1,-11,-13
-11,1,0,2,-11,1
-13,2,1,4,-13,2
-13,11,1,5,-13,10
1,2,2,2,1,1
2,2,6,4,11,2
0,-11,3,0,0,-11
-13,-13,1,1,-13,-13
1,0,2,3,1,0
1,2,2,4,1,2
1,-13,2,1,1,-13
-11,1,0,2,-11,1
0,2,3,2,0,1
-11,-13,0,1,-11,-13
1,-11,2,0,1,-11
10,-11,5,0,10,-11
1,11,2,6,1,11
10,-13,5,1,10,-13
1,-13,2,1,1,-13
2,1,6,2,11,1
0,0,3,3,0,0
1,1,2,2,1,1
2,-13,4,1,2,-13
1,10,2,5,1,10
11,1,6,2,11,1
2,-11,4,0,2,-11
-11,-11,0,0,-11,-11
-11,0,1,5,-13,10
11,12,5,6,10,11
-11,2,0,6,-11,11
1,-11,2,0,1,-11
10,-11,5,0,10,-11
0,12,3,6,0,11
-11,10,0,6,-11,11
-11,2,0,4,-11,2
-11,0,0,2,-11,1
0,1,3,4,0,2
0,1,3,2,0,1
-13,-13,1,1,-13,-13
1,-11,2,0,1,-11
0,-13,3,1,0,-13
-13,10,1,5,-13,10
-11,-11,0,0,-11,-11
1,1,4,2,2,1
1,11,2,6,1,11
2,2,2,4,1,2
-13,-11,1,0,-13,-11
1,-11,5,0,10,-11
1,0,4,3,2,0
2,1,2,0,1,-11
2,1,2,2,1,1
-13,-11,7,2,-222,1
0,1,3,2,0,1
0,10,3,4,0,2
1,10,2,5,1,10
0,1,3,5,0,10
-13,-13,1,1,-13,-13
-11,1,0,2,-11,1
-13,1,0,8,-11,-333
1,11,2,6,1,11
-13,1,1,2,-13,1
1,1,2,2,1,1
3,1,2,2,1,1
3,0,6,3,11,0
1,1,2,2,1,1
-13,-11,1,0,-13,-11
1,-11,2,0,1,-11
0,-11,8,2,-333,1
1,0,2,3,1,0
1,-13,6,1,11,-13
-13,11,1,6,-13,11
2,0,4,3,2,0
0,2,3,2,0,1
2,-11,4,0,2,-11
1,10,4,5,2,10
10,1,6,2,11,1
10,0,5,3,10,0
-13,1,1,2,-13,1
-11,0,0,3,-11,0
-11,0,0,3,-11,0
-11,-13,0,1,-11,-13
0,1,3,2,0,1
0,10,3,5,0,10
2,-11,4,0,2,-11
0,2,3,4,0,2
1,0,2,5,1,10
-13,1,1,2,-13,1
2,-11,4,0,2,-11
-13,-13,1,1,-13,-13
-11,0,0,3,-11,0
-11,-11,0,0,-11,-11
1,-1,2,5,1,10
-13,0,1,2,-13,1
0,-13,3,2,0,1
1,1,4,2,2,1
-11,-11,0,0,-11,-11
1,0,2,3,1,0
0,10,3,5,0,10
1,2,2,4,1,2
0,1,2,2,1,1
-13,1,1,2,-13,1
11,-13,6,0,11,-11
-13,2,3,2,0,1
-11,0,0,3,-11,0
0,-11,3,0,0,-11
-13,1,1,2,-13,1
12,-11,6,0,11,-11
-13,-13,1,1,-13,-13
-11,1,0,2,-11,1
1,1,2,2,1,1
10,-11,5,0,10,-11
-11,1,0,6,-11,11
3,1,6,2,11,1
0,0,3,3,0,0
0,-13,5,1,10,-13
-11,-11,0,3,-11,0
-13,-13,1,1,-13,-13
-11,10,0,5,-11,10
1,-13,2,1,1,-13
-11,1,0,2,-11,1
-11,10,0,5,-11,10
-11,-13,0,1,-11,-13
-11,0,8,3,-333,0
0,1,3,2,0,1
-13,-13,1,1,-13,-13
0,11,3,6,0,11
2,1,2,2,1,1
1,11,2,6,1,11
-13,-11,1,0,-13,-11
-13,10,1,5,-13,10
-11,3,0,2,-11,1
0,10,2,6,1,11
10,1,6,2,11,1
0,0,3,3,0,0
1,1,2,2,1,1
0,1,2,2,1,1
0,-13,3,1,0,-13
-11,1,0,2,-11,1
1,0,2,3,1,0
0,2,6,4,11,2
2,2,4,4,2,2
0,2,3,4,0,2
-11,-13,0,1,-11,-13
-11,0,0,3,-11,0
1,-13,2,1,1,-13
-11,10,2,5,1,10
-11,1,0,2,-11,1
1,-13,5,1,10,-13
-11,-11,0,0,-11,-11
1,-11,2,0,1,-11
-11,-13,0,1,-11,-13
11,11,6,6,11,11
1,-13,2,1,1,-13
-11,-13,0,1,-11,-13
1,1,2,2,1,1
1,-11,6,0,11,-11
-11,10,0,5,-11,10
12,-11,6,0,11,-11
-11,0,0,3,-11,0
1,-11,2,0,1,-11
0,-13,3,1,0,-13
-13,0,1,6,-13,11
0,12,3,6,0,11
-13,-13,1,1,-13,-13
-13,0,1,3,-13,0
2,10,5,5,10,10
-13,10,1,5,-13,10
1,10,2,6,1,11
1,-11,2,0,1,-11
10,2,5,2,10,1
2,1,4,4,2,2
-13,2,1,2,-13,1
-11,11,0,6,-11,11
10,1,5,2,10,1
0,2,3,2,0,1
0,0,3,2,0,1
1,0,2,3,1,0
1,-13,6,1,11,-13
1,2,2,2,1,1
-11,2,0,4,-11,2
1,-13,2,1,1,-13
2,1,4,6,2,11
-11,10,2,5,1,10
1,1,2,4,1,2
10,0,0,2,-11,1
1,-11,2,0,1,-11
1,-13,2,1,1,-13
2,-11,4,0,2,-11
-11,-11,0,0,-11,-11
-13,-13,1,1,-13,-13
11,10,5,5,10,10
2,-13,2,1,1,-13
1,0,2,2,1,1
-11,-11,0,0,-11,-11
1,1,2,2,1,1
1,2,2,2,1,1
-11,0,0,3,-11,0
-11,-11,0,0,-11,-11
11,-13,6,1,11,-13
0,1,3,2,0,1
-11,1,2,2,1,1
1,0,2,3,1,0
-13,2,1,2,-13,1
-13,1,1,2,-13,1
-13,11,1,6,-13,11
11,-13,5,1,10,-13
0,0,3,0,0,-11
-13,1,1,2,-13,1
-11,0,0,3,-11,0
0,0,3,3,0,0
-11,1,2,2,1,1
2,1,2,2,1,1
-13,10,2,5,1,10
-11,1,0,2,-11,1
1,-13,6,1,11,-13
1,0,2,3,1,0
1,1,4,2,2,1
10,3,2,4,1,2
-13,10,1,5,-13,10
0,-11,2,0,1,-11
-11,1,0,2,-11,1
-13,-11,1,0,-13,-11
1,-11,4,0,2,-11
10,-11,5,0,10,-11
-13,2,1,4,-13,2
0,-13,5,1,10,-13
1,2,0,2,-11,1
-13,-11,1,0,-13,-11
1,1,2,2,1,1
11,1,8,7,-333,-222
0,1,3,2,0,1
2,-11,4,0,2,-11
-13,-13,1,1,-13,-13
2,1,2,2,1,1
-13,-11,1,2,-13,1
1,-13,2,1,1,-13
1,1,2,2,1,1
11,-11,6,0,11,-11
0,-11,3,0,0,-11
1,11,4,6,2,11
1,-11,5,0,10,-11
0,1,3,2,0,1
10,-11,5,0,10,-11
11,3,5,4,10,2
-11,-11,0,0,-11,-11
1,1,2,2,1,1
-13,-13,1,1,-13,-13
-11,1,0,2,-11,1
0,-13,3,1,0,-13
-11,0,0,3,-11,0
2,-13,2,1,1,-13
-13,-11,1,0,-13,-11
-13,1,1,2,-13,1
-11,-11,0,0,-11,-11
2,1,2,2,1,1
11,1,5,2,10,1
10,1,2,2,1,1
-13,11,1,5,-13,10
1,-13,6,1,11,-13
-13,1,1,2,-13,1
1,2,2,2,1,1
-13,-13,1,1,-13,-13
2,0,4,3,2,0
-13,1,1,2,-13,1
-13,1,1,2,-13,1
1,-13,6,1,11,-13
-11,-13,2,1,1,-13
-13,-13,1,1,-13,-13
10,10,5,5,10,10
1,11,2,6,1,11
1,1,2,2,1,1
11,0,6,2,11,1
3,1,4,2,2,1
-13,-13,1,1,-13,-13
-13,0,1,2,-13,1
1,10,6,5,11,10
-11,1,0,2,-11,1
-11,1,0,2,-11,1
10,-11,5,0,10,-11
1,-13,2,1,1,-13
1,1,2,2,1,1
-13,-11,1,0,-13,-11
-13,1,1,2,-13,1
1,-13,2,1,1,-13
1,0,2,1,1,-13
-11,-13,0,1,-11,-13
-13,0,1,3,-13,0
-11,-11,0,0,-11,-11
1,1,2,2,1,1
-11,-13,0,1,-11,-13
10,0,6,3,11,0
0,10,3,5,0,10
-11,1,0,2,-11,1
2,0,4,3,2,0
1,-13,2,1,1,-13
-11,1,0,2,-11,1
10,0,5,3,10,0
1,10,2,5,1,10
1,2,2,2,1,1
1,-11,2,2,1,1
1,1,2,2,1,1
0,1,5,6,10,11
0,0,0,2,-11,1
1,2,4,6,2,11
1,1,2,5,1,10
10,2,5,2,10,1
-11,-13,0,1,-11,-13
0,2,2,4,1,2
0,1,3,2,0,1
-13,1,1,2,-13,1
1,1,2,2,1,1
2,1,4,2,2,1
11,-11,6,0,11,-11
-13,1,1,2,-13,1
1,-13,2,1,1,-13
1,10,2,5,1,10
10,10,5,5,10,10
-11,11,0,6,-11,11
1,10,5,5,10,10
-11,3,0,4,-11,2
-11,1,2,2,1,1
-13,1,1,2,-13,1
-11,1,0,2,-11,1
1,1,5,2,10,1
2,11,4,5,2,10
1,1,6,2,11,1
11,-11,5,1,10,-13
-13,1,1,2,-13,1
10,11,5,5,10,10
1,-11,2,0,1,-11
-13,11,1,6,-13,11
1,10,2,5,1,10
10,-11,5,0,10,-11
0,1,3,2,0,1
10,-13,5,1,10,-13
0,0,3,3,0,0
10,1,5,2,10,1
-13,-13,1,1,-13,-13
-13,-11,1,0,-13,-11
-13,2,1,4,-13,2
1,-13,2,1,1,-13
10,-11,5,0,10,-11
-13,1,1,2,-13,1
2,-11,4,0,2,-11
-11,-11,8,0,-333,-11
-13,0,1,3,-13,0
0,-13,3,1,0,-13
-11,-11,0,0,-11,-11
10,0,5,3,10,0
-11,1,0,2,-11,1
1,2,2,4,1,2
1,0,2,2,1,1
10,-13,5,1,10,-13
10,11,2,5,1,10
1,-11,2,0,1,-11
10,10,6,5,11,10
11,10,6,5,11,10
1,-13,2,1,1,-13
-11,0,7,2,-222,1
1,0,8,1,-333,-13
2,2,2,4,1,2
2,3,2,4,1,2
10,-13,5,1,10,-13
-13,10,1,5,-13,10
-13,1,1,8,-13,-333
10,11,5,6,10,11
0,-13,3,1,0,-13
-13,1,1,2,-13,1
-11,10,0,5,-11,10
-13,-11,1,0,-13,-11
1,1,2,2,1,1
2,0,6,3,11,0
1,-13,2,1,1,-13
-13,0,1,6,-13,11
-11,-11,0,0,-11,-11
1,10,4,6,2,11
1,-11,2,0,1,-11
0,1,3,2,0,1
-11,10,0,5,-11,10
-13,10,1,5,-13,10
-13,0,1,3,-13,0
1,1,2,2,1,1
1,-11,5,0,10,-11
1,1,2,2,1,1
-13,-11,1,0,-13,-11
-11,10,0,6,-11,11
2,1,4,2,2,1
2,-11,6,0,11,-11
-11,0,0,3,-11,0
1,1,2,2,1,1
-13,0,0,3,-11,0
1,-13,1,1,-13,-13
-13,1,1,2,-13,1
10,-11,5,0,10,-11
-11,-11,0,0,-11,-11
1,11,2,6,1,11
-11,0,0,5,-11,10
-11,1,0,2,-11,1
1,1,2,2,1,1
1,-13,2,1,1,-13
0,1,3,2,0,1
11,11,6,6,11,11
-13,1,1,2,-13,1
2,11,8,6,-333,11
2,1,2,2,1,1
10,1,5,2,10,1
1,11,2,6,1,11
2,-13,4,1,2,-13
-11,-11,0,0,-11,-11
1,2,2,4,1,2
-13,1,1,2,-13,1
11,0,5,0,10,-11
0,0,3,3,0,0
1,1,2,2,1,1
1,0,2,3,1,0
-11,1,0,2,-11,1
1,-11,2,0,1,-11
0,0,3,3,0,0
10,-13,5,1,10,-13
1,-13,2,1,1,-13
-13,1,1,2,-13,1
2,1,4,2,2,1
2,1,4,2,2,1
1,10,2,5,1,10
1,10,3,5,0,10
-11,10,0,5,-11,10
1,-11,2,0,1,-11
1,-13,2,1,1,-13
-13,1,1,2,-13,1
-11,1,0,2,-11,1
1,1,2,2,1,1
-11,10,0,5,-11,10
-11,11,0,5,-11,10
11,0,6,3,11,0
1,-11,2,0,1,-11
0,10,3,5,0,10
1,10,2,5,1,10
-13,2,1,4,-13,2
-11,-11,0,0,-11,-11
2,0,2,3,1,0
10,-13,5,1,10,-13
10,-11,5,0,10,-11
0,-13,3,1,0,-13
10,-11,5,0,10,-11
0,10,0,6,-11,11
10,1,6,2,11,1
10,1,5,5,10,10
-13,0,2,8,1,-333
2,2,6,6,11,11
1,2,2,2,1,1
10,2,5,2,10,1
1,1,6,3,11,0
1,-13,2,1,1,-13
2,0,4,3,2,0
0,-11,5,2,10,1
2,2,2,4,1,2
-13,-11,0,3,-11,0
10,-13,5,1,10,-13
-11,1,0,2,-11,1
-13,2,1,4,-13,2
1,10,2,5,1,10
-13,-13,1,1,-13,-13
3,-11,4,0,2,-11
10,2,6,4,11,2
-11,0,0,2,-11,1
0,1,3,2,0,1
1,-11,2,0,1,-11
1,-11,2,0,1,-11
0,-13,3,1,0,-13
0,11,2,6,1,11
-13,10,1,2,-13,1
2,1,2,2,1,1
1,-13,2,8,1,-333
2,-13,4,1,2,-13
11,1,6,2,11,1
1,1,6,2,11,1
0,-11,2,0,1,-11
1,-13,4,1,2,-13
10,10,5,5,10,10
1,1,2,2,1,1
11,-13,6,1,11,-13
10,-13,5,1,10,-13
-13,-11,1,0,-13,-11
1,-11,2,0,1,-11
0,0,3,3,0,0
1,0,2,1,1,-13
-11,1,2,2,1,1
0,-11,3,0,0,-11
2,2,6,4,11,2
2,1,2,2,1,1
-13,1,1,2,-13,1
1,-11,2,0,1,-11
-13,11,1,5,-13,10
-11,1,0,2,-11,1
1,0,2,3,1,0
-13,1,1,2,-13,1
1,-11,4,0,2,-11
2,1,2,2,1,1
1,1,2,2,1,1
2,1,2,2,1,1
1,11,2,5,1,10
1,-11,7,0,-222,-11
2,-13,4,1,2,-13
10,10,5,5,10,10
-13,11,1,6,-13,11
-13,-11,1,0,-13,-11
2,-13,6,1,11,-13
2,-11,2,0,1,-11
0,0,3,3,0,0
0,11,3,5,0,10
1,-13,2,1,1,-13
1,10,6,6,11,11
-13,-11,1,0,-13,-11
2,11,4,6,2,11
1,-11,3,0,0,-11
10,1,6,5,11,10
-11,-13,0,1,-11,-13
-13,10,1,5,-13,10
-13,0,1,2,-13,1
10,-13,5,7,10,-222
1,1,3,2,0,1
10,2,5,2,10,1
-11,3,0,4,-11,2
-13,1,1,3,-13,0
12,-11,5,0,10,-11
3,0,6,0,11,-11
-11,-11,0,0,-11,-11
11,10,6,5,11,10
1,1,4,2,2,1
-11,1,0,2,-11,1
10,3,5,4,10,2
1,2,2,2,1,1
0,2,3,2,0,1
1,-11,2,0,1,-11
-13,1,1,2,-13,1
11,0,6,3,11,0
0,-13,3,1,0,-13
1,-13,2,1,1,-13
2,-11,2,0,1,-11
-13,11,1,6,-13,11
1,-11,2,0,1,-11
1,1,2,2,1,1
11,1,6,2,11,1
0,1,3,4,0,2
10,-13,5,1,10,-13
1,0,2,3,1,0
-13,0,2,3,1,0
0,10,3,5,0,10
11,-11,6,0,11,-11
1,0,2,2,1,1
10,-13,5,1,10,-13
-11,-13,0,1,-11,-13
1,1,6,4,11,2
1,-13,2,1,1,-13
-13,-11,1,0,-13,-11
-13,2,1,4,-13,2
1,0,2,3,1,0
1,4,2,4,1,2
0,10,3,5,0,10
10,-13,6,1,11,-13
-11,-11,0,0,-11,-11
1,2,2,4,1,2
11,-11,6,0,11,-11
3,0,4,3,2,0
0,-11,3,0,0,-11
0,-11,3,0,0,-11
-13,3,1,6,-13,11
11,10,6,5,11,10
0,0,3,2,0,1
1,-11,2,0,1,-11
1,-13,2,1,1,-13
-13,12,1,6,-13,11
-11,10,0,5,-11,10
-11,1,0,2,-11,1
-13,1,1,2,-13,1
2,10,4,5,2,10
-13,2,1,4,-13,2
11,-11,6,0,11,-11
2,1,2,2,1,1
1,-13,2,8,1,-333
1,1,2,2,1,1
0,0,3,5,0,10
-11,0,8,3,-333,0
1,0,4,3,2,0
0,-13,3,1,0,-13
10,-13,5,1,10,-13
10,-13,6,1,11,-13
10,12,6,6,11,11
3,1,6,2,11,1
2,-13,2,1,1,-13
10,-11,6,8,11,-333
1,2,3,2,0,1
10,10,5,5,10,10
1,0,2,4,1,2
2,10,4,5,2,10
2,0,6,3,11,0
11,0,6,3,11,0
0,2,5,4,10,2
0,1,3,2,0,1
10,2,5,2,10,1
11,2,6,2,11,1
1,-11,2,0,1,-11
1,11,6,6,11,11
1,-11,2,3,1,0
1,11,2,5,1,10
1,3,2,4,1,2
2,1,2,2,1,1
11,-11,6,0,11,-11
-11,0,2,2,1,1
1,10,2,6,1,11
-11,1,0,2,-11,1
1,-13,2,1,1,-13
0,1,3,2,0,1
-11,10,0,5,-11,10
10,-11,6,0,11,-11
1,0,2,3,1,0
0,10,3,5,0,10
0,1,3,2,0,1
-11,0,0,3,-11,0
1,10,2,6,1,11
-13,4,1,4,-13,2
2,1,4,2,2,1
-13,-13,1,1,-13,-13
0,1,5,2,10,1
-11,-13,0,1,-11,-13
-11,0,0,1,-11,-13
1,-13,2,1,1,-13
1,2,2,2,1,1
10,1,2,2,1,1
-13,11,1,5,-13,10
-11,1,8,2,-333,1
10,10,4,5,2,10
1,-13,2,1,1,-13
-13,1,1,2,-13,1
1,-11,0,0,-11,-11
1,1,2,2,1,1
0,0,3,3,0,0
11,-11,6,0,11,-11
-11,10,0,5,-11,10
-13,0,1,3,-13,0
-13,1,1,2,-13,1
2,3,4,4,2,2
-13,-11,1,0,-13,-11
2,-11,4,0,2,-11
11,-11,6,0,11,-11
0,-11,3,0,0,-11
-13,-13,1,1,-13,-13
2,-11,6,0,11,-11
10,-11,5,0,10,-11
2,-13,2,8,1,-333
10,0,5,3,10,0
-13,0,1,0,-13,-11
1,-11,2,0,1,-11
1,2,2,4,1,2
0,2,3,4,0,2
1,-11,2,0,1,-11
1,-11,2,0,1,-11
-13,-11,1,0,-13,-11
11,-11,5,0,10,-11
0,1,3,3,0,0
2,11,6,6,11,11
-11,0,0,3,-11,0
1,1,2,2,1,1
2,-13,4,8,2,-333
10,-13,6,1,11,-13
3,2,6,2,11,1
10,1,5,2,10,1
-11,1,0,2,-11,1
-13,1,1,2,-13,1
-11,-11,0,0,-11,-11
1,1,2,2,1,1
1,-11,2,0,1,-11
-11,2,0,2,-11,1
-11,-13,0,1,-11,-13
0,-13,2,1,1,-13
-13,10,1,5,-13,10
1,1,2,2,1,1
1,-11,2,2,1,1
2,11,2,6,1,11
2,2,2,0,1,-11
1,0,2,3,1,0
-13,-13,1,2,-13,1
1,1,2,4,1,2
11,-13,6,1,11,-13
1,1,2,2,1,1
-11,-13,0,1,-11,-13
-13,1,1,2,-13,1
10,1,5,2,10,1
-13,-13,1,1,-13,-13
10,1,5,2,10,1
1,-11,2,0,1,-11
1,0,2,2,1,1
-13,1,1,2,-13,1
-11,1,0,2,-11,1
2,10,4,5,2,10
2,-11,2,0,1,-11
0,-13,2,1,1,-13
-13,0,1,3,-13,0
1,1,2,2,1,1
10,1,6,4,11,2
2,2,4,4,2,2
1,0,2,2,1,1
-13,11,1,6,-13,11
-13,1,3,2,0,1
-11,0,0,3,-11,0
11,1,6,2,11,1
-11,-11,0,0,-11,-11
-11,10,2,5,1,10
0,2,2,5,1,10
2,0,6,3,11,0
10,2,5,2,10,1
-11,-11,2,0,1,-11
0,-11,2,0,1,-11
11,1,5,2,10,1
-11,-13,0,1,-11,-13
1,-13,2,1,1,-13
1,1,2,2,1,1
-13,1,1,2,-13,1
-13,2,1,6,-13,11
10,1,5,2,10,1
-13,-11,1,0,-13,-11
-11,-13,2,1,1,-13
-13,1,1,2,-13,1
2,-13,4,1,2,-13
0,0,3,3,0,0
2,0,6,3,11,0
1,2,3,2,0,1
-11,1,0,2,-11,1
-11,1,2,2,1,1
1,-13,2,1,1,-13
2,1,2,2,1,1
1,1,2,2,1,1
2,1,6,2,11,1
-13,0,1,3,-13,0
2,-13,2,1,1,-13
10,1,5,2,10,1
0,-13,3,1,0,-13
1,1,2,2,1,1
1,-11,2,0,1,-11
2,2,2,2,1,1
0,2,2,4,1,2
-11,1,0,2,-11,1
1,-11,3,0,0,-11
1,1,2,2,1,1
11,1,6,2,11,1
1,-11,2,0,1,-11
10,-11,5,0,10,-11
10,1,7,2,-222,1
-11,-13,0,1,-11,-13
0,1,3,2,0,1
2,1,4,2,2,1
1,11,4,6,2,11
-11,-11,2,0,1,-11
10,-11,5,0,10,-11
0,-13,3,1,0,-13
-13,10,1,5,-13,10
11,11,6,5,11,10
1,-13,2,1,1,-13
2,0,6,3,11,0
11,2,6,4,11,2
11,-11,6,0,11,-11
1,-11,2,0,1,-11
11,1,6,2,11,1
2,0,4,3,2,0
-13,0,1,3,-13,0
1,1,2,4,1,2
0,11,3,6,0,11
10,10,6,5,11,10
2,-13,4,1,2,-13
0,1,3,2,0,1
-13,-11,1,0,-13,-11
0,0,3,3,0,0
-11,10,0,5,-11,10
-11,11,0,5,-11,10
2,10,2,5,1,10
-11,-11,0,0,-11,-11
-13,2,1,4,-13,2
-13,1,1,2,-13,1
1,-11,4,8,2,-333
0,10,3,6,0,11
2,1,4,2,2,1
1,3,2,2,1,1
-11,-11,0,0,-11,-11
1,0,2,5,1,10
1,2,7,4,-222,2
1,0,2,2,1,1
1,0,2,3,1,0
2,-11,4,0,2,-11
-13,-13,3,1,0,-13
-13,1,1,2,-13,1
2,-11,2,2,1,1
2,-11,4,0,2,-11
-13,11,1,6,-13,11
1,-11,2,2,1,1
10,0,5,3,10,0
2,-11,2,0,1,-11
0,-11,3,0,0,-11
10,-13,5,1,10,-13
0,1,3,2,0,1
1,-13,2,1,1,-13
11,1,6,2,11,1
1,-13,2,1,1,-13
-11,0,0,6,-11,11
10,1,5,2,10,1
-13,-13,1,1,-13,-13
-11,-13,0,1,-11,-13
2,1,4,2,2,1
10,-11,5,0,10,-11
0,0,5,2,10,1
1,-11,5,0,10,-11
-11,-11,0,0,-11,-11
0,1,3,2,0,1
0,1,5,2,10,1
-11,-11,0,0,-11,-11
-11,-11,0,0,-11,-11
1,-13,2,1,1,-13
1,0,2,3,1,0
2,-11,2,0,1,-11
1,-13,2,1,1,-13
2,-11,4,0,2,-11
-13,-11,1,0,-13,-11
3,-11,4,0,2,-11
10,-13,2,1,1,-13
10,1,6,2,11,1
-11,-13,0,1,-11,-13
0,12,3,6,0,11
12,1,6,2,11,1
-11,0,0,2,-11,1
1,1,2,2,1,1
-11,-11,0,0,-11,-11
1,-11,2,0,1,-11
1,1,2,2,1,1
1,1,2,0,1,-11
-13,-13,1,1,-13,-13
1,-13,2,8,1,-333
-11,1,0,5,-11,10
10,1,5,2,10,1
-13,2,1,2,-13,1
10,11,5,6,10,11
-13,1,1,4,-13,2
0,-13,3,1,0,-13
-11,11,0,6,-11,11
12,0,6,3,11,0
0,-11,3,0,0,-11
1,-11,4,0,2,-11
-13,-11,1,0,-13,-11
-13,1,1,2,-13,1
-11,-13,0,1,-11,-13
0,2,3,4,0,2
1,10,2,5,1,10
-11,-13,0,1,-11,-13
-11,1,0,2,-11,1
-11,2,0,2,-11,1
-13,-13,1,1,-13,-13
-11,-11,0,0,-11,-11
0,11,3,5,0,10
10,10,5,5,10,10
1,-13,2,1,1,-13
1,1,2,2,1,1
10,-11,6,0,11,-11
1,0,2,5,1,10
10,0,5,3,10,0
11,0,6,3,11,0
10,2,6,4,11,2
0,1,3,2,0,1
2,0,4,8,2,-333
0,-11,6,0,11,-11
1,2,4,2,2,1
-13,11,1,5,-13,10
2,2,4,2,2,1
0,1,3,2,0,1
1,0,6,3,11,0
-13,10,1,5,-13,10
10,-11,5,0,10,-11
-13,1,2,2,1,1
0,1,4,2,2,1
1,2,2,4,1,2
11,-13,6,1,11,-13
10,-11,5,0,10,-11
1,-13,2,1,1,-13
0,1,3,2,0,1
-11,1,0,2,-11,1
-13,-13,1,1,-13,-13
-13,-11,0,8,-11,-333
10,1,5,2,10,1
2,0,4,3,2,0
1,1,2,2,1,1
0,-11,3,2,0,1
1,2,2,4,1,2
-11,1,0,2,-11,1
-13,2,1,4,-13,2
1,10,2,5,1,10
-11,1,0,2,-11,1
2,1,4,2,2,1
-11,10,2,5,1,10
10,1,5,4,10,2
2,0,4,3,2,0
10,-13,5,1,10,-13
11,2,5,2,10,1
-11,-11,0,0,-11,-11
2,2,4,6,2,11
10,1,5,2,10,1
11,10,5,5,10,10
10,-11,5,0,10,-11
0,10,5,5,10,10
-13,-11,1,0,-13,-11
0,11,3,6,0,11
1,-11,2,0,1,-11
0,1,3,2,0,1
-11,0,0,1,-11,-13
1,0,4,3,2,0
10,-11,5,1,10,-13
1,-11,4,0,2,-11
10,-13,5,1,10,-13
1,1,2,2,1,1
-13,2,1,2,-13,1
0,1,3,2,0,1
-11,-13,0,1,-11,-13
1,1,6,2,11,1
-11,-13,0,1,-11,-13
11,1,5,2,10,1
0,1,3,2,0,1
1,1,5,5,10,10
-11,10,0,5,-11,10
-13,11,1,6,-13,11
-11,-13,0,1,-11,-13
-13,1,1,2,-13,1
-13,-11,1,0,-13,-11
-11,10,3,5,0,10
10,2,5,4,10,2
2,0,6,3,11,0
-13,11,1,4,-13,2
1,1,6,2,11,1
-13,-13,1,1,-13,-13
1,0,2,3,1,0
1,10,2,5,1,10
-13,-11,1,0,-13,-11
1,-13,2,1,1,-13
-11,10,0,6,-11,11
-13,-13,1,1,-13,-13
0,-13,3,1,0,-13
2,-13,4,1,2,-13
-13,1,1,2,-13,1
1,10,2,5,1,10
-11,-13,2,1,1,-13
10,0,5,2,10,1
-11,1,0,2,-11,1
-13,0,1,3,-13,0
-11,1,0,2,-11,1
10,10,6,5,11,10
-13,1,1,6,-13,11
-13,-11,1,0,-13,-11
2,2,2,4,1,2
0,1,2,2,1,1
1,1,2,2,1,1
1,-11,2,0,1,-11
10,0,5,3,10,0
11,1,6,2,11,1
1,0,2,3,1,0
1,-11,2,0,1,-11
1,1,2,3,1,0
1,-11,2,0,1,-11
1,-13,2,1,1,-13
-11,1,0,2,-11,1
11,-13,5,1,10,-13
-11,10,0,5,-11,10
2,1,4,2,2,1
-13,-11,1,0,-13,-11
-11,10,0,5,-11,10
0,1,5,2,10,1
1,-11,4,0,2,-11
1,-13,2,1,1,-13
2,-11,2,0,1,-11
1,2,5,4,10,2
1,11,2,6,1,11
10,1,5,2,10,1
-11,1,0,2,-11,1
1,11,2,5,1,10
-13,2,1,2,-13,1
0,1,2,2,1,1
1,2,2,4,1,2
-11,-13,0,1,-11,-13
1,-11,2,0,1,-11
-11,2,0,4,-11,2
1,0,2,3,1,0
1,-11,2,0,1,-11
11,0,6,3,11,0
-11,1,0,2,-11,1
-11,11,0,6,-11,11
2,-11,6,0,11,-11
1,-13,2,1,1,-13
-13,1,1,2,-13,1
-11,-13,0,1,-11,-13
1,1,6,0,11,-11
1,1,2,2,1,1
-13,0,1,3,-13,0
-11,1,0,2,-11,1
-13,0,1,3,-13,0
3,1,4,4,2,2
0,-13,3,1,0,-13
-13,-11,3,2,0,1
1,0,2,3,1,0
1,0,2,3,1,0
-11,1,0,2,-11,1
-13,0,7,7,-222,-222
1,2,2,4,1,2
-11,-11,0,0,-11,-11
10,10,5,6,10,11
-13,-13,1,1,-13,-13
1,0,2,3,1,0
2,0,2,2,1,1
-13,1,1,5,-13,10
-11,11,0,5,-11,10
10,1,5,3,10,0
2,-11,2,1,1,-13
1,2,0,8,-11,-333
0,10,3,5,0,10
0,1,3,2,0,1
1,-13,2,1,1,-13
1,-13,2,1,1,-13
-13,2,1,4,-13,2
-13,-11,2,0,1,-11
-13,10,1,5,-13,10
-11,10,0,5,-11,10
10,1,5,2,10,1
-13,-13,1,1,-13,-13
2,-11,4,0,2,-11
1,0,2,6,1,11
2,0,4,2,2,1
-11,1,0,2,-11,1
11,1,6,2,11,1
1,1,2,2,1,1
10,10,6,5,11,10
-13,1,1,2,-13,1
0,0,3,3,0,0
-13,1,1,2,-13,1
-13,1,1,2,-13,1
-11,1,0,6,-11,11
0,0,3,3,0,0
0,-13,3,1,0,-13
10,10,5,5,10,10
1,0,2,3,1,0
1,-13,2,0,1,-11
1,0,2,3,1,0
11,1,6,0,11,-11
2,1,4,2,2,1
1,1,2,2,1,1
2,1,6,2,11,1
-11,11,0,5,-11,10
1,2,2,2,1,1
10,1,5,2,10,1
0,0,3,3,0,0
1,1,2,2,1,1
1,-11,2,0,1,-11
1,-13,6,1,11,-13
-13,1,1,2,-13,1
1,-11,2,0,1,-11
-13,1,1,2,-13,1
10,0,6,2,11,1
0,1,3,2,0,1
1,2,2,4,1,2
1,10,2,5,1,10
-11,2,0,4,-11,2
-11,11,0,6,-11,11
-13,-11,1,0,-13,-11
10,-11,5,0,10,-11
-11,1,8,2,-333,1
-11,0,0,3,-11,0
10,1,6,2,11,1
11,10,5,5,10,10
-13,-13,1,1,-13,-13
11,11,6,6,11,11
10,0,5,3,10,0
-13,1,1,2,-13,1
0,0,3,4,0,2
0,1,3,2,0,1
1,1,2,2,1,1
-13,-13,1,1,-13,-13
1,-13,4,1,2,-13
1,1,2,2,1,1
0,-11,3,0,0,-11
11,-11,6,0,11,-11
2,-13,2,1,1,-13
-13,2,1,4,-13,2
1,-13,2,1,1,-13
10,1,5,2,10,1
11,-11,6,0,11,-11
11,11,6,5,11,10
0,-11,2,1,1,-13
-11,1,0,2,-11,1
0,0,3,3,0,0
2,-11,4,0,2,-11
1,-11,2,0,1,-11
1,1,2,4,1,2
1,-11,2,0,1,-11
2,-11,2,0,1,-11
-13,-11,1,0,-13,-11
11,11,6,6,11,11
-11,11,0,6,-11,11
-11,3,0,4,-11,2
-11,-13,0,1,-11,-13
0,1,3,2,0,1
0,-11,3,0,0,-11
1,2,2,6,1,11
-11,1,2,2,1,1
1,1,2,2,1,1
10,1,5,2,10,1
2,11,2,5,1,10
-13,1,1,6,-13,11
11,2,6,4,11,2
-11,2,0,2,-11,1
1,0,2,3,1,0
0,-11,0,1,-11,-13
0,1,3,2,0,1
10,-13,5,1,10,-13
2,12,4,6,2,11
10,-11,6,0,11,-11
-11,0,0,3,-11,0
4,-13,4,1,2,-13
-13,2,1,6,-13,11
0,1,3,2,0,1
-11,1,2,2,1,1
0,-13,3,1,0,-13
1,1,2,2,1,1
-13,1,1,2,-13,1
2,10,2,5,1,10
10,-13,5,1,10,-13
12,1,6,2,11,1
1,-11,5,0,10,-11
0,1,3,2,0,1
2,2,4,4,2,2
1,1,2,2,1,1
-13,10,1,5,-13,10
-11,-13,0,1,-11,-13
11,0,6,3,11,0
11,1,5,2,10,1
-13,-13,1,1,-13,-13
-13,0,1,3,-13,0
1,-11,2,0,1,-11
-13,10,1,6,-13,11
1,10,2,5,1,10
0,0,6,4,11,2
0,-13,3,1,0,-13
1,1,2,2,1,1
1,3,2,4,1,2
10,1,5,2,10,1
-11,1,0,2,-11,1
-13,-11,1,0,-13,-11
-13,1,1,2,-13,1
2,2,2,4,1,2
1,-13,2,1,1,-13
1,-13,2,1,1,-13
0,-11,3,0,0,-11
0,10,2,5,1,10
-13,-13,1,1,-13,-13
-13,1,1,2,-13,1
-13,1,1,2,-13,1
1,0,2,3,1,0
0,-13,3,1,0,-13
-11,1,0,2,-11,1
0,3,3,6,0,11
1,1,2,2,1,1
1,2,2,4,1,2
0,0,3,3,0,0
1,1,2,2,1,1
0,-11,3,0,0,-11
0,-11,3,0,0,-11
11,0,6,3,11,0
1,1,2,2,1,1
10,-11,5,0,10,-11
0,-13,3,1,0,-13
0,1,3,2,0,1
1,10,2,5,1,10
1,-11,2,0,1,-11
1,-13,2,1,1,-13
2,-13,2,1,1,-13
-11,-13,0,1,-11,-13
-11,1,0,2,-11,1
-13,1,1,2,-13,1
1,1,2,2,1,1
-11,-11,0,0,-11,-11
-13,-11,1,0,-13,-11
10,0,5,3,10,0
0,11,3,6,0,11
1,0,2,3,1,0
2,0,4,3,2,0
-11,-13,0,1,-11,-13
1,1,2,2,1,1
1,-13,2,1,1,-13
-11,-11,2,2,1,1
1,-11,0,0,-11,-11
2,-13,4,8,2,-333
0,2,3,6,0,11
2,-11,4,0,2,-11
-11,2,0,4,-11,2
11,0,5,3,10,0
-13,1,1,4,-13,2
1,-13,2,1,1,-13
-11,1,0,2,-11,1
-11,1,0,2,-11,1
1,10,6,5,11,10
2,0,0,2,-11,1
1,10,2,5,1,10
1,-11,2,0,1,-11
0,1,3,2,0,1
11,1,5,2,10,1
2,10,4,5,2,10
1,1,2,2,1,1
10,-11,5,0,10,-11
10,11,5,5,10,10
1,1,2,2,1,1
10,-13,5,1,10,-13
0,-13,2,1,1,-13
1,-13,2,1,1,-13
-13,-13,1,1,-13,-13
2,10,4,5,2,10
-11,-11,0,0,-11,-11
-11,-11,0,0,-11,-11
-13,-11,1,0,-13,-11
1,0,2,1,1,-13
11,-11,6,0,11,-11
11,-13,6,1,11,-13
1,11,2,5,1,10
1,-11,2,0,1,-11
1,2,2,3,1,0
-13,10,1,5,-13,10
2,-13,4,1,2,-13
2,1,2,2,1,1
10,1,5,2,10,1
10,-11,6,0,11,-11
-13,-11,1,0,-13,-11
-13,11,1,6,-13,11
0,1,0,2,-11,1
1,1,2,2,1,1
-13,-11,1,1,-13,-13
-11,10,0,6,-11,11
2,-13,2,1,1,-13
10,10,5,5,10,10
1,-13,2,1,1,-13
1,1,2,2,1,1
0,1,3,2,0,1
-11,-11,0,0,-11,-11
-11,-11,0,0,-11,-11
-13,1,0,2,-11,1
-13,2,1,2,-13,1
10,0,5,3,10,0
1,-13,2,1,1,-13
10,0,5,2,10,1
1,0,5,3,10,0
-13,0,1,2,-13,1
-13,-13,1,1,-13,-13
10,-13,6,1,11,-13
1,10,2,5,1,10
10,-13,5,1,10,-13
10,1,5,2,10,1
1,1,2,2,1,1
1,1,2,2,1,1
-11,-11,0,0,-11,-11
-11,1,2,2,1,1
1,11,2,6,1,11
0,0,5,3,10,0
-13,11,1,6,-13,11
1,1,2,2,1,1
0,10,2,5,1,10
-13,1,1,2,-13,1
1,-13,2,1,1,-13
0,-11,3,0,0,-11
1,2,2,2,1,1
1,1,2,2,1,1
-11,1,0,2,-11,1
0,-13,3,1,0,-13
1,10,2,5,1,10
-13,-13,1,1,-13,-13
1,2,2,4,1,2
-13,-13,1,1,-13,-13
-13,-13,1,1,-13,-13
1,0,2,3,1,0
-11,1,0,2,-11,1
1,10,3,5,0,10
1,2,2,4,1,2
10,1,5,4,10,2
1,1,2,2,1,1
3,1,4,2,2,1
-13,-13,1,1,-13,-13
2,1,2,2,1,1
11,-11,5,0,10,-11
-13,1,1,4,-13,2
0,1,2,2,1,1
2,-13,7,8,-222,-333
0,1,2,2,1,1
2,-11,2,0,1,-11
1,1,2,2,1,1
1,1,2,2,1,1
-13,0,8,3,-333,0
-11,-11,0,0,-11,-11
-13,1,0,2,-11,1
-13,1,1,2,-13,1
-13,1,1,2,-13,1
1,0,2,3,1,0
1,-11,2,0,1,-11
1,0,2,5,1,10
0,10,3,5,0,10
-11,1,2,2,1,1
11,10,5,5,10,10
-11,0,0,3,-11,0
10,-11,5,0,10,-11
1,1,2,4,1,2
-11,11,0,5,-11,10
1,2,2,4,1,2
2,-13,4,1,2,-13
-11,1,0,2,-11,1
0,0,3,2,0,1
1,-13,2,1,1,-13
1,-13,2,1,1,-13
-13,-13,1,1,-13,-13
0,-13,3,1,0,-13
-11,-13,0,1,-11,-13
1,-13,2,1,1,-13
-11,-11,0,0,-11,-11
0,-13,2,0,1,-11
-13,1,1,2,-13,1
-11,-11,0,0,-11,-11
1,-13,2,1,1,-13
-11,1,0,6,-11,11
1,2,2,4,1,2
-11,1,2,2,1,1
11,0,6,3,11,0
2,1,6,2,11,1
-13,2,1,4,-13,2
2,1,2,6,1,11
1,0,2,3,1,0
2,-11,4,0,2,-11
10,0,5,0,10,-11
0,-11,3,1,0,-13
-13,1,1,2,-13,1
-11,2,0,2,-11,1
11,1,5,4,10,2
-13,-11,1,0,-13,-11
1,-11,2,0,1,-11
1,1,2,2,1,1
-13,10,1,5,-13,10
-13,0,3,3,0,0
10,-11,5,0,10,-11
1,1,3,2,0,1
-11,10,0,6,-11,11
1,1,2,2,1,1
-11,1,0,5,-11,10
0,0,3,3,0,0
-11,1,0,2,-11,1
11,2,6,2,11,1
-13,2,1,2,-13,1
2,2,4,4,2,2
-13,-11,1,0,-13,-11
1,-13,2,1,1,-13
1,1,2,6,1,11
11,11,6,5,11,10
-11,2,0,2,-11,1
-13,1,1,2,-13,1
-11,2,0,2,-11,1
1,1,2,2,1,1
1,1,2,2,1,1
1,0,2,3,1,0
-11,0,0,3,-11,0
-13,1,1,2,-13,1
-11,-13,0,1,-11,-13
-13,-13,1,1,-13,-13
-11,-13,0,1,-11,-13
1,1,2,2,1,1
2,1,4,2,2,1
-13,1,8,2,-333,1
10,2,5,4,10,2
-11,10,0,5,-11,10
11,2,2,6,1,11
-11,0,0,5,-11,10
0,0,3,3,0,0
-13,-11,1,0,-13,-11
-13,2,1,2,-13,1
-11,-11,0,0,-11,-11
-11,-11,0,0,-11,-11
11,0,6,0,11,-11
10,2,5,6,10,11
1,-13,2,1,1,-13
0,1,3,2,0,1
-13,-11,1,0,-13,-11
-11,-11,0,0,-11,-11
2,2,6,4,11,2
0,1,3,2,0,1
0,1,3,2,0,1
1,-11,2,0,1,-11
0,1,2,2,1,1
-11,1,0,3,-11,0
-13,1,1,2,-13,1
-13,-13,1,1,-13,-13
1,3,2,2,1,1
1,0,2,3,1,0
-11,-11,0,0,-11,-11
2,1,2,2,1,1
-11,1,0,2,-11,1
1,-11,2,0,1,-11
2,1,2,2,1,1
0,2,5,2,10,1
11,0,5,2,10,1
-11,4,0,4,-11,2
0,-11,3,0,0,-11
1,0,2,3,1,0
1,-13,2,1,1,-13
1,-13,2,1,1,-13
2,12,4,6,2,11
1,1,6,2,11,1
-11,1,0,2,-11,1
11,11,6,5,11,10
0,-11,3,0,0,-11
1,1,2,2,1,1
1,1,2,2,1,1
1,2,4,2,2,1
10,1,5,2,10,1
10,0,6,2,11,1
0,-13,3,1,0,-13
10,12,5,6,10,11
2,0,4,2,2,1
0,1,3,2,0,1
10,0,5,3,10,0
-11,1,0,6,-11,11
-13,10,1,5,-13,10
-11,1,0,2,-11,1
1,10,2,5,1,10
1,1,2,2,1,1
2,-13,2,1,1,-13
-11,-11,0,0,-11,-11
-13,11,1,6,-13,11
0,1,3,8,0,-333
-13,-13,1,1,-13,-13
1,1,2,2,1,1
-13,2,1,4,-13,2
-13,1,1,3,-13,0
-13,-13,1,1,-13,-13
1,11,2,6,1,11
10,11,5,6,10,11
1,-13,2,8,1,-333
0,1,3,6,0,11
1,1,2,2,1,1
-11,2,0,4,-11,2
1,1,2,2,1,1
1,1,2,2,1,1
1,-13,4,1,2,-13
-13,-13,1,1,-13,-13
-13,10,1,5,-13,10
10,-13,5,1,10,-13
0,12,1,6,-13,11
-11,0,0,5,-11,10
-13,2,1,2,-13,1
0,0,3,3,0,0
-13,-11,1,0,-13,-11
11,0,5,3,10,0
11,10,5,5,10,10
1,11,2,5,1,10
2,-13,4,1,2,-13
-11,-11,0,0,-11,-11
2,0,6,3,11,0
2,-13,2,1,1,-13
11,1,6,2,11,1
-11,2,3,4,0,2
-13,0,1,3,-13,0
1,-13,2,1,1,-13
0,-11,0,1,-11,-13
-11,1,0,2,-11,1
10,11,5,5,10,10
0,-13,3,1,0,-13
1,-13,2,1,1,-13
-11,10,0,5,-11,10
1,0,2,3,1,0
3,10,2,5,1,10
2,-11,4,0,2,-11
0,0,1,3,-13,0
0,1,1,4,-13,2
10,2,5,4,10,2
1,0,2,3,1,0
1,0,6,2,11,1
1,1,2,2,1,1
10,2,5,4,10,2
10,-11,5,0,10,-11
10,1,6,2,11,1
2,0,6,3,11,0
3,-11,2,0,1,-11
-11,-13,0,1,-11,-13
-13,0,1,3,-13,0
-11,-13,0,1,-11,-13
1,11,2,6,1,11
1,0,2,3,1,0
1,1,2,2,1,1
-13,0,1,2,-13,1
10,1,5,2,10,1
0,3,3,6,0,11
-11,-11,0,0,-11,-11
-11,2,0,2,-11,1
2,10,4,5,2,10
1,10,2,5,1,10
11,-11,6,0,11,-11
0,1,3,2,0,1
-13,1,1,2,-13,1
1,-13,2,1,1,-13
-13,1,1,5,-13,10
1,-13,2,1,1,-13
-11,-13,0,1,-11,-13
1,1,2,4,1,2
0,-11,3,0,0,-11
1,1,2,2,1,1
-13,1,1,2,-13,1
2,-11,4,1,2,-13
-11,-13,0,1,-11,-13
-11,0,0,3,-11,0
1,10,2,5,1,10
1,-13,2,1,1,-13
-13,-13,1,1,-13,-13
0,1,3,2,0,1
-13,-11,1,0,-13,-11
1,1,2,2,1,1
-13,10,1,6,-13,11
1,-13,2,1,1,-13
1,-11,2,0,1,-11
1,1,0,2,-11,1
1,-11,8,2,-333,1
1,10,2,6,1,11
-13,-13,1,1,-13,-13
-11,1,0,2,-11,1
1,10,2,5,1,10
0,1,3,2,0,1
0,1,3,2,0,1
1,3,2,2,1,1
-13,1,1,2,-13,1
0,-13,3,1,0,-13
-13,1,1,3,-13,0
1,0,2,5,1,10
-13,-11,3,0,0,-11
0,1,2,2,1,1
10,2,5,4,10,2
0,2,3,2,0,1
10,-11,5,0,10,-11
-13,2,1,0,-13,-11
0,-13,2,1,1,-13
-13,10,1,6,-13,11
-13,0,1,3,-13,0
10,0,5,2,10,1
10,-11,5,0,10,-11
10,10,5,5,10,10
-13,1,1,2,-13,1
1,11,2,6,1,11
0,-13,3,1,0,-13
1,1,2,2,1,1
1,10,2,5,1,10
2,-13,4,1,2,-13
2,-11,2,0,1,-11
11,1,6,4,11,2
-11,11,0,6,-11,11
1,-13,2,1,1,-13
1,1,2,2,1,1
-11,1,0,2,-11,1
-13,1,1,3,-13,0
-11,-11,0,0,-11,-11
2,-11,4,0,2,-11
1,-11,2,0,1,-11
10,1,6,7,11,-222
-11,10,0,5,-11,10
10,2,5,4,10,2
1,-13,3,1,0,-13
10,-11,5,0,10,-11
-13,-13,1,1,-13,-13
0,11,3,6,0,11
0,-11,3,0,0,-11
11,-13,5,1,10,-13
-11,0,0,3,-11,0
1,-11,2,0,1,-11
-13,11,1,6,-13,11
1,-13,4,1,2,-13
1,10,2,5,1,10
10,1,6,6,11,11
1,-13,2,1,1,-13
-11,1,0,2,-11,1
-11,0,0,3,-11,0
1,1,2,2,1,1
0,1,1,2,-13,1
1,-11,5,0,10,-11
-11,-13,0,8,-11,-333
0,0,3,3,0,0
-13,10,1,6,-13,11
-13,1,1,2,-13,1
1,1,2,2,1,1
-11,0,0,3,-11,0
0,-13,1,1,-13,-13
1,10,2,5,1,10
-13,1,1,2,-13,1
10,-13,2,1,1,-13
0,-11,3,0,0,-11
-13,10,1,5,-13,10
-11,-11,0,0,-11,-11
-11,-11,0,0,-11,-11
2,1,2,2,1,1
0,1,3,2,0,1
1,-13,2,1,1,-13
0,-13,3,1,0,-13
1,1,4,2,2,1
10,0,6,3,11,0
1,11,2,6,1,11
-13,2,1,4,-13,2
2,1,4,2,2,1
11,-11,5,0,10,-11
-13,10,1,5,-13,10
-11,2,2,4,1,2
0,-13,3,1,0,-13
0,10,1,6,-13,11
-13,12,1,6,-13,11
1,0,2,3,1,0
10,10,6,5,11,10
1,10,2,5,1,10
2,1,4,2,2,1
1,1,2,2,1,1
1,0,2,3,1,0
1,-13,2,1,1,-13
-13,-11,1,0,-13,-11
1,1,2,4,1,2
-11,0,0,3,-11,0
2,-13,6,1,11,-13
1,2,2,2,1,1
-11,10,1,5,-13,10
1,0,4,3,2,0
1,10,2,5,1,10
-11,-11,0,0,-11,-11
-11,1,1,2,-13,1
1,-13,2,2,1,1
2,1,2,4,1,2
2,10,2,2,1,1
0,2,3,2,0,1
-11,-11,1,0,-13,-11
-13,1,1,2,-13,1
1,1,2,2,1,1
-11,1,0,2,-11,1
0,1,3,2,0,1
0,-13,3,1,0,-13
-11,0,0,3,-11,0
-11,-13,0,1,-11,-13
-11,-13,0,1,-11,-13
-11,0,0,3,-11,0
0,-13,3,1,0,-13
1,3,2,4,1,2
-13,0,1,2,-13,1
-11,1,0,2,-11,1
0,11,2,6,1,11
-11,11,0,5,-11,10
-11,1,2,2,1,1
1,11,2,5,1,10
2,1,2,2,1,1
1,10,2,5,1,10
10,1,5,2,10,1
-11,1,0,2,-11,1
4,-13,4,1,2,-13
1,-11,2,0,1,-11
2,-13,2,1,1,-13
1,1,2,4,1,2
11,10,5,5,10,10
2,-13,4,1,2,-13
-13,1,1,2,-13,1
-13,-11,1,0,-13,-11
10,1,6,2,11,1
1,1,2,2,1,1
-13,-13,1,8,-13,-333
10,1,5,2,10,1
0,0,2,4,1,2
-11,2,2,2,1,1
11,1,5,2,10,1
1,-13,2,1,1,-13
1,-11,2,0,1,-11
-11,10,4,5,2,10
11,-11,6,0,11,-11
1,-11,2,0,1,-11
3,-11,4,0,2,-11
2,10,4,5,2,10
0,1,3,2,0,1
-13,10,1,5,-13,10
0,-13,2,1,1,-13
11,2,6,2,11,1
1,1,4,2,2,1
-13,2,1,4,-13,2
-11,1,0,4,-11,2
-13,1,1,2,-13,1
1,1,2,2,1,1
10,1,5,2,10,1
-13,0,1,3,-13,0
10,2,5,5,10,10
-13,1,1,4,-13,2
-13,1,1,2,-13,1
-11,-11,2,0,1,-11
10,1,6,2,11,1
-11,10,0,5,-11,10
1,10,2,5,1,10
0,1,2,2,1,1
1,0,2,3,1,0
-11,11,0,6,-11,11
-13,-13,1,1,-13,-13
-11,2,0,4,-11,2
2,-11,2,0,1,-11
2,0,4,3,2,0
1,-13,2,1,1,-13
-11,-13,0,1,-11,-13
2,1,2,2,1,1
0,0,3,3,0,0
-13,10,1,5,-13,10
10,1,5,2,10,1
1,1,2,2,1,1
-11,-11,0,0,-11,-11
2,-11,6,0,11,-11
1,1,2,5,1,10
0,-11,3,2,0,1
0,1,6,2,11,1
0,-11,3,8,0,-333
-11,0,8,3,-333,0
1,0,2,3,1,0
-13,11,1,6,-13,11
0,-13,3,1,0,-13
-11,-11,0,2,-11,1
-13,11,1,5,-13,10
0,-11,3,2,0,1
1,1,2,2,1,1
3,1,6,2,11,1
0,0,3,2,0,1
-11,-13,0,1,-11,-13
1,-13,2,1,1,-13
0,10,5,5,10,10
0,1,0,0,-11,-11
10,-11,5,0,10,-11
-11,0,0,2,-11,1
-11,2,0,6,-11,11
1,1,4,2,2,1
1,-13,2,8,1,-333
1,1,2,2,1,1
1,0,2,3,1,0
2,-11,4,8,2,-333
0,0,3,3,0,0
-11,1,0,2,-11,1
10,-11,5,0,10,-11
1,1,6,2,11,1
-13,1,1,2,-13,1
2,-11,4,0,2,-11
-11,2,0,4,-11,2
2,-13,4,1,2,-13
1,-13,2,1,1,-13
-11,10,0,5,-11,10
1,-13,2,6,1,11
-13,1,1,2,-13,1
11,-11,5,0,10,-11
0,-13,2,1,1,-13
10,1,6,2,11,1
2,0,4,3,2,0
1,-11,2,8,1,-333
-13,-13,1,1,-13,-13
-11,1,0,2,-11,1
0,1,3,2,0,1
-13,-11,8,0,-333,-11
0,-11,3,0,0,-11
2,-13,2,1,1,-13
1,0,2,2,1,1
10,0,6,3,11,0
1,10,2,5,1,10
-13,2,1,2,-13,1
-11,1,0,2,-11,1
10,-11,6,0,11,-11
10,-11,5,0,10,-11
2,2,6,6,11,11
1,-13,2,1,1,-13
1,10,2,6,1,11
2,1,4,6,2,11
1,1,2,2,1,1
1,-11,2,2,1,1
1,-13,2,1,1,-13
10,10,5,5,10,10
0,1,3,7,0,-222
-13,1,1,2,-13,1
-13,0,1,2,-13,1
-13,0,1,3,-13,0
11,1,5,2,10,1
10,-13,5,1,10,-13
2,1,2,2,1,1
11,-13,6,1,11,-13
0,-13,2,8,1,-333
-13,1,1,2,-13,1
2,-11,4,2,2,1
10,1,5,2,10,1
0,10,3,2,0,1
-13,-13,1,1,-13,-13
-11,-13,0,1,-11,-13
-13,1,1,2,-13,1
0,-13,3,1,0,-13
2,1,4,2,2,1
-13,3,3,4,0,2
1,0,2,3,1,0
11,-13,6,1,11,-13
1,-13,2,1,1,-13
-11,1,0,2,-11,1
2,10,2,5,1,10
2,10,4,5,2,10
10,10,7,6,-222,11
-11,2,0,4,-11,2
0,0,3,3,0,0
1,2,2,2,1,1
10,-11,5,0,10,-11
10,0,2,1,1,-13
1,10,2,5,1,10
0,10,4,5,2,10
-13,0,1,3,-13,0
-11,10,0,6,-11,11
1,1,2,2,1,1
-13,12,1,6,-13,11
3,0,6,3,11,0
2,-11,6,0,11,-11
1,-11,2,0,1,-11
1,1,2,2,1,1
1,10,2,6,1,11
2,1,2,2,1,1
1,-11,0,0,-11,-11
-13,-11,1,0,-13,-11
1,1,2,2,1,1
1,-13,2,1,1,-13
10,-13,5,1,10,-13
-13,-13,1,1,-13,-13
-13,1,1,2,-13,1
10,2,5,4,10,2
1,-13,2,1,1,-13
1,-11,2,0,1,-11
3,2,4,2,2,1
1,11,4,5,2,10
1,1,2,2,1,1
1,0,2,3,1,0
-11,1,0,2,-11,1
-11,10,0,5,-11,10
-13,1,0,2,-11,1
1,-13,4,1,2,-13
-13,-13,1,1,-13,-13
1,1,5,2,10,1
1,10,2,6,1,11
-13,-11,1,0,-13,-11
0,1,3,2,0,1
10,1,5,2,10,1
1,1,2,2,1,1
-13,1,1,2,-13,1
10,-13,5,1,10,-13
1,10,2,6,1,11
-11,-13,0,1,-11,-13
1,-11,2,0,1,-11
10,11,5,6,10,11
2,-11,4,0,2,-11
2,1,2,2,1,1
10,0,5,2,10,1
10,2,6,2,11,1
1,2,2,4,1,2
1,1,3,2,0,1
1,0,2,2,1,1
-11,2,0,4,-11,2
0,11,3,6,0,11
10,0,5,3,10,0
-13,0,1,3,-13,0
1,-13,2,1,1,-13
10,1,5,2,10,1
-11,-11,0,0,-11,-11
10,2,5,4,10,2
1,0,2,3,1,0
1,10,2,5,1,10
-13,0,1,3,-13,0
-13,-11,1,0,-13,-11
0,1,2,2,1,1
-11,1,0,2,-11,1
10,-13,5,1,10,-13
-13,1,8,2,-333,1
0,-11,8,0,-333,-11
-13,1,1,2,-13,1
1,0,2,2,1,1
-11,1,0,2,-11,1
-13,0,1,2,-13,1
-11,-11,0,0,-11,-11
0,10,3,4,0,2
-13,-11,1,0,-13,-11
1,0,2,3,1,0
10,1,6,2,11,1
1,-11,2,0,1,-11
0,10,3,5,0,10
1,-13,2,2,1,1
1,10,2,5,1,10
-11,1,0,2,-11,1
0,1,3,2,0,1
-11,2,0,4,-11,2
2,-11,4,0,2,-11
1,1,2,2,1,1
-13,0,1,3,-13,0
2,1,2,2,1,1
11,-11,6,0,11,-11
0,1,3,2,0,1
-11,10,0,5,-11,10
1,-11,2,0,1,-11
0,0,3,3,0,0
10,1,5,2,10,1
1,2,3,4,0,2
-11,-11,0,0,-11,-11
-13,-11,1,0,-13,-11
2,-11,4,0,2,-11
2,10,4,5,2,10
-11,1,0,2,-11,1
-11,-11,0,0,-11,-11
1,-13,2,1,1,-13
2,1,4,2,2,1
1,0,2,3,1,0
2,-11,2,0,1,-11
-11,0,0,3,-11,0
1,-13,2,3,1,0
1,-13,2,1,1,-13
2,1,2,2,1,1
0,-13,3,1,0,-13
2,1,4,2,2,1
0,1,5,2,10,1
0,-13,3,1,0,-13
-13,-11,1,0,-13,-11
-11,-11,0,0,-11,-11
1,-11,2,0,1,-11
0,0,3,2,0,1
1,0,2,3,1,0
-11,-13,0,1,-11,-13
1,1,2,4,1,2
2,10,4,5,2,10
-13,11,1,6,-13,11
-11,-11,0,8,-11,-333
-11,0,0,3,-11,0
2,-11,6,0,11,-11
1,1,2,2,1,1
-13,-11,1,0,-13,-11
1,-11,2,0,1,-11
1,1,2,2,1,1
0,-13,2,1,1,-13
1,1,2,3,1,0
-11,10,0,6,-11,11
1,1,2,2,1,1
10,0,5,3,10,0
0,1,3,2,0,1
-13,0,1,3,-13,0
-11,10,8,5,-333,10
-13,2,1,4,-13,2
1,10,2,5,1,10
0,-11,4,0,2,-11
-11,-13,0,1,-11,-13
-13,1,1,2,-13,1
1,-11,2,0,1,-11
0,-11,3,2,0,1
2,1,4,2,2,1
-11,-11,0,0,-11,-11
10,2,5,4,10,2
1,10,2,5,1,10
-11,0,0,3,-11,0
1,10,0,5,-11,10
2,-13,6,1,11,-13
1,1,2,2,1,1
0,0,3,2,0,1
1,10,3,3,0,0
-13,-11,1,0,-13,-11
-13,10,2,5,1,10
-11,10,0,6,-11,11
10,1,5,2,10,1
1,-13,2,1,1,-13
10,2,5,2,10,1
0,-13,3,1,0,-13
-11,2,0,2,-11,1
-11,-13,2,8,1,-333
1,2,2,2,1,1
-11,-13,0,1,-11,-13
-13,1,1,2,-13,1
10,-11,5,0,10,-11
-11,-13,0,1,-11,-13
1,-11,4,2,2,1
1,10,5,2,10,1
10,-11,5,0,10,-11
3,-13,4,8,2,-333
0,-11,3,0,0,-11
0,-13,5,1,10,-13
-11,0,0,2,-11,1
-11,1,0,0,-11,-11
2,1,6,2,11,1
-13,-11,1,0,-13,-11
-11,1,0,2,-11,1
0,1,3,5,0,10
10,0,5,3,10,0
1,-13,2,1,1,-13
1,1,2,2,1,1
1,11,2,6,1,11
-13,-11,1,0,-13,-11
-11,0,0,6,-11,11
10,-13,5,1,10,-13
1,1,6,2,11,1
-11,0,0,2,-11,1
10,2,5,6,10,11
10,1,5,2,10,1
1,10,2,5,1,10
1,1,2,2,1,1
1,1,2,2,1,1
-11,-13,0,1,-11,-13
2,0,2,3,1,0
-11,-11,0,0,-11,-11
-13,-11,1,0,-13,-11
0,0,3,3,0,0
-13,1,1,2,-13,1
1,1,6,2,11,1
1,1,6,3,11,0
10,1,5,2,10,1
0,2,3,4,0,2
1,1,2,2,1,1
1,-13,2,1,1,-13
0,-11,2,0,1,-11
1,-11,2,0,1,-11
1,2,2,2,1,1
-13,0,1,3,-13,0
-11,1,0,2,-11,1
2,2,8,2,-333,1
1,-11,2,0,1,-11
0,-13,3,1,0,-13
-13,-11,1,0,-13,-11
-13,-11,1,0,-13,-11
2,1,2,4,1,2
-13,10,1,5,-13,10
11,1,6,2,11,1
-13,-11,1,0,-13,-11
1,-11,2,0,1,-11
1,0,2,3,1,0
1,1,2,2,1,1
-13,-13,1,8,-13,-333
-13,10,1,5,-13,10
1,1,4,0,2,-11
1,-13,2,1,1,-13
0,10,0,5,-11,10
10,2,5,2,10,1
1,-13,2,1,1,-13
1,-13,6,1,11,-13
-13,-13,0,3,-11,0
0,1,3,2,0,1
-13,-13,1,1,-13,-13
0,12,3,6,0,11
2,-11,2,0,1,-11
-13,1,1,2,-13,1
-13,10,1,5,-13,10
-13,1,0,8,-11,-333
-11,11,0,6,-11,11
-11,1,0,2,-11,1
0,1,5,2,10,1
12,10,6,5,11,10
1,11,2,6,1,11
0,2,3,2,0,1
-13,-11,8,0,-333,-11
1,-11,2,0,1,-11
1,3,6,8,11,-333
11,1,6,2,11,1
-13,1,1,2,-13,1
-11,10,0,5,-11,10
2,1,2,2,1,1
11,10,6,5,11,10
-11,10,0,5,-11,10
1,2,6,0,11,-11
-11,-11,0,0,-11,-11
-11,-11,0,0,-11,-11
-11,-11,2,0,1,-11
-11,10,0,5,-11,10
1,10,2,5,1,10
0,-13,3,1,0,-13
-11,-11,0,0,-11,-11
0,0,2,3,1,0
-13,1,1,2,-13,1
-13,10,1,5,-13,10
0,-13,6,1,11,-13
0,10,8,5,-333,10
1,2,2,4,1,2
1,1,2,2,1,1
-11,10,0,5,-11,10
1,-11,6,2,11,1
-11,1,0,2,-11,1
-11,2,0,4,-11,2
10,1,5,2,10,1
-13,0,1,3,-13,0
1,0,2,3,1,0
-13,0,1,3,-13,0
0,-13,3,1,0,-13
-13,-13,1,1,-13,-13
1,-13,2,1,1,-13
2,1,2,2,1,1
-11,-13,0,1,-11,-13
1,0,2,5,1,10
-13,1,1,2,-13,1
1,0,2,2,1,1
-13,-11,1,8,-13,-333
2,2,4,4,2,2
-13,-11,1,0,-13,-11
0,0,3,3,0,0
1,1,2,5,1,10
1,2,2,4,1,2
-11,2,8,2,-333,1
1,-13,2,1,1,-13
1,10,2,5,1,10
10,1,5,2,10,1
1,1,2,2,1,1
-11,1,0,2,-11,1
-11,10,0,5,-11,10
0,0,3,0,0,-11
1,1,2,3,1,0
1,-13,5,1,10,-13
1,-11,2,0,1,-11
0,1,2,2,1,1
0,1,3,2,0,1
11,-13,6,1,11,-13
2,10,2,5,1,10
11,10,6,6,11,11
1,2,2,8,1,-333
-11,10,0,5,-11,10
10,0,5,3,10,0
-13,1,1,2,-13,1
-11,11,0,6,-11,11
11,2,5,2,10,1
-11,-13,0,1,-11,-13
-11,0,0,3,-11,0
2,-11,2,0,1,-11
1,-13,2,1,1,-13
1,1,2,2,1,1
1,10,6,5,11,10
10,-11,5,0,10,-11
-11,1,1,2,-13,1
-11,-13,0,1,-11,-13
0,10,3,5,0,10
1,-13,2,1,1,-13
-13,-11,1,0,-13,-11
-13,1,1,2,-13,1
0,1,1,2,-13,1
-13,-11,1,0,-13,-11
10,0,5,2,10,1
1,-11,2,0,1,-11
0,10,3,6,0,11
10,-11,5,0,10,-11
-11,10,0,5,-11,10
11,1,6,2,11,1
-13,0,1,3,-13,0
1,0,2,3,1,0
2,10,2,5,1,10
-13,1,1,3,-13,0
2,-11,2,0,1,-11
11,10,5,5,10,10
0,1,3,2,0,1
-13,1,1,2,-13,1
1,11,2,6,1,11
0,1,3,2,0,1
0,-11,3,0,0,-11
-11,0,0,2,-11,1
10,1,5,2,10,1
-13,0,1,3,-13,0
10,3,2,6,1,11
1,1,2,2,1,1
-13,0,1,3,-13,0
-11,1,0,2,-11,1
-11,1,0,2,-11,1
-13,2,1,2,-13,1
1,-11,2,0,1,-11
-13,10,1,5,-13,10
-13,10,1,5,-13,10
-11,-13,0,1,-11,-13
-13,-13,1,2,-13,1
0,10,3,6,0,11
2,-13,2,1,1,-13
0,-11,3,0,0,-11
10,2,5,4,10,2
1,10,2,5,1,10
-13,-11,1,0,-13,-11
10,-11,5,0,10,-11
-11,1,0,2,-11,1
-11,-11,0,0,-11,-11
-11,2,0,4,-11,2
0,2,2,4,1,2
2,10,4,4,2,2
-13,1,1,2,-13,1
1,1,2,2,1,1
2,1,2,6,1,11
0,0,3,5,0,10
1,-11,4,0,2,-11
1,11,2,6,1,11
11,0,6,3,11,0
1,1,2,2,1,1
-11,10,0,5,-11,10
3,0,4,3,2,0
1,1,2,2,1,1
-11,-11,0,0,-11,-11
2,1,4,2,2,1
11,1,5,2,10,1
-11,-13,0,8,-11,-333
1,1,4,2,2,1
10,10,5,5,10,10
10,10,5,5,10,10
-11,0,0,3,-11,0
-11,-11,2,0,1,-11
1,0,2,6,1,11
1,-13,2,1,1,-13
1,12,4,6,2,11
1,1,2,2,1,1
1,10,2,6,1,11
1,11,2,5,1,10
-11,-11,0,0,-11,-11
2,1,4,2,2,1
1,10,2,5,1,10
-11,10,0,5,-11,10
0,0,3,3,0,0
1,-13,2,1,1,-13
-13,11,1,6,-13,11
11,10,5,5,10,10
0,-11,3,0,0,-11
1,1,2,2,1,1
2,1,2,2,1,1
0,2,8,6,-333,11
-13,-13,1,1,-13,-13
10,1,5,2,10,1
10,0,5,3,10,0
1,11,5,6,10,11
12,0,6,3,11,0
2,0,6,3,11,0
1,1,2,2,1,1
1,-11,2,0,1,-11
1,-11,4,0,2,-11
1,1,2,4,1,2
1,1,4,2,2,1
1,-13,2,1,1,-13
0,2,3,2,0,1
2,11,4,2,2,1
-11,10,0,6,-11,11
-13,3,1,6,-13,11
-13,0,1,3,-13,0
-11,-11,0,0,-11,-11
1,1,2,4,1,2
0,1,3,2,0,1
0,-11,3,2,0,1
0,-13,3,1,0,-13
1,-11,2,0,1,-11
-13,1,1,2,-13,1
2,1,4,4,2,2
1,-11,2,0,1,-11
0,1,3,2,0,1
-11,1,0,2,-11,1
10,1,5,6,10,11
-11,-11,0,0,-11,-11
0,10,3,5,0,10
1,-11,2,0,1,-11
2,-13,2,1,1,-13
10,1,5,2,10,1
1,-13,2,1,1,-13
2,2,3,4,0,2
-11,1,2,2,1,1
3,-11,4,0,2,-11
2,0,6,3,11,0
1,-13,2,1,1,-13
10,2,5,2,10,1
1,-13,2,1,1,-13
0,-11,3,0,0,-11
-11,1,0,2,-11,1
-11,1,0,2,-11,1
2,1,2,2,1,1
1,1,2,2,1,1
1,10,2,5,1,10
2,0,4,3,2,0
0,1,3,2,0,1
-13,1,1,2,-13,1
1,-13,2,1,1,-13
-11,-13,0,1,-11,-13
1,2,2,2,1,1
-13,1,1,2,-13,1
1,0,2,3,1,0
10,-13,7,1,-222,-13
10,10,5,5,10,10
10,-13,5,1,10,-13
-13,1,2,2,1,1
1,3,2,4,1,2
2,-13,2,1,1,-13
0,-13,3,1,0,-13
-11,1,0,2,-11,1
10,1,5,4,10,2
10,1,5,2,10,1
-11,-11,0,0,-11,-11
0,1,3,2,0,1
-13,-13,1,1,-13,-13
10,2,5,4,10,2
2,-13,2,2,1,1
0,1,5,2,10,1
10,11,5,5,10,10
10,11,5,6,10,11
11,-11,6,0,11,-11
-11,-11,0,0,-11,-11
10,11,6,6,11,11
-11,-11,0,0,-11,-11
-13,-13,1,1,-13,-13
1,1,2,2,1,1
0,0,2,3,1,0
1,10,2,6,1,11
-11,1,0,6,-11,11
-11,-13,0,1,-11,-13
-11,-11,0,0,-11,-11
1,10,0,6,-11,11
-11,-13,2,1,1,-13
1,1,2,2,1,1
1,1,2,8,1,-333
0,0,3,3,0,0
1,-13,3,1,0,-13
0,-13,3,1,0,-13
-13,2,1,2,-13,1
-13,1,1,4,-13,2
0,1,3,2,0,1
-11,0,0,3,-11,0
11,-11,5,0,10,-11
0,1,3,2,0,1
-11,10,0,6,-11,11
-11,0,0,5,-11,10
2,2,4,4,2,2
-11,-11,0,0,-11,-11
10,-13,5,1,10,-13
1,1,2,2,1,1
11,1,6,2,11,1
1,-11,2,0,1,-11
1,2,2,4,1,2
0,1,5,7,10,-222
12,1,6,2,11,1
2,-13,4,1,2,-13
0,11,6,5,11,10
1,0,2,3,1,0
1,-13,2,1,1,-13
0,-11,3,0,0,-11
1,1,2,2,1,1
2,-13,6,1,11,-13
2,1,4,2,2,1
-11,1,0,3,-11,0
1,10,0,5,-11,10
2,1,4,2,2,1
1,-13,6,1,11,-13
1,10,2,5,1,10
0,-13,3,1,0,-13
1,1,3,2,0,1
-13,0,2,2,1,1
1,-11,2,0,1,-11
1,-11,2,0,1,-11
2,-11,4,0,2,-11
-13,1,1,2,-13,1
1,-11,2,2,1,1
-13,11,0,5,-11,10
-11,-11,0,0,-11,-11
0,2,2,4,1,2
11,0,5,0,10,-11
-13,-11,1,0,-13,-11
-13,-11,1,0,-13,-11
1,11,2,6,1,11
0,1,1,2,-13,1
0,1,3,2,0,1
1,2,2,2,1,1
-11,-13,0,1,-11,-13
1,10,2,6,1,11
0,0,3,2,0,1
1,-11,2,2,1,1
1,1,2,2,1,1
1,-13,2,1,1,-13
-11,-11,0,0,-11,-11
-11,0,0,2,-11,1
10,1,5,2,10,1
-11,-13,0,1,-11,-13
-11,-11,0,0,-11,-11
-13,0,3,3,0,0
1,1,2,2,1,1
-11,1,0,2,-11,1
-13,-13,1,1,-13,-13
1,10,2,2,1,1
-11,2,0,4,-11,2
1,1,2,2,1,1
11,-11,6,0,11,-11
1,-11,2,0,1,-11
11,-13,5,1,10,-13
-11,-13,0,7,-11,-222
11,2,6,4,11,2
11,0,6,3,11,0
11,-11,3,0,0,-11
-13,0,1,0,-13,-11
0,1,3,4,0,2
-13,-11,1,0,-13,-11
1,1,2,2,1,1
1,11,2,6,1,11
1,-11,2,0,1,-11
-11,-13,0,1,-11,-13
-13,1,1,2,-13,1
1,11,2,6,1,11
1,11,2,5,1,10
-13,2,1,4,-13,2
1,-13,4,1,2,-13
1,-11,2,0,1,-11
10,11,5,6,10,11
1,-13,2,1,1,-13
1,1,6,6,11,11
-11,-11,0,0,-11,-11
-11,10,3,2,0,1
-11,1,0,2,-11,1
1,0,2,3,1,0
-13,1,1,2,-13,1
-11,10,0,5,-11,10
11,1,6,6,11,11
10,1,5,2,10,1
10,0,5,3,10,0
-11,10,0,6,-11,11
-13,1,1,2,-13,1
2,2,6,4,11,2
-13,1,1,6,-13,11
1,1,2,2,1,1
-11,-13,0,1,-11,-13
10,1,5,2,10,1
1,11,2,2,1,1
10,2,5,2,10,1
2,-11,2,0,1,-11
-11,2,1,2,-13,1
1,1,2,2,1,1
1,11,2,6,1,11
1,-13,2,1,1,-13
-11,1,0,2,-11,1
-13,-13,1,1,-13,-13
1,1,2,2,1,1
11,1,5,2,10,1
-13,-13,1,1,-13,-13
-13,-11,1,0,-13,-11
1,1,2,8,1,-333
2,-11,2,0,1,-11
3,0,2,3,1,0
11,-13,6,1,11,-13
2,1,2,2,1,1
0,0,3,3,0,0
1,-13,2,1,1,-13
1,10,2,5,1,10
10,-13,5,1,10,-13
10,-13,5,2,10,1
11,-13,5,1,10,-13
11,2,5,2,10,1
-11,1,1,4,-13,2
1,-13,2,1,1,-13
-13,1,1,2,-13,1
-11,1,0,2,-11,1
2,2,4,4,2,2
1,2,2,2,1,1
10,2,5,2,10,1
-11,0,0,3,-11,0
2,1,6,3,11,0
1,11,2,5,1,10
1,2,5,2,10,1
2,1,4,2,2,1
1,-11,2,0,1,-11
2,-13,6,1,11,-13
0,-1,2,5,1,10
2,-13,4,1,2,-13
0,1,3,0,0,-11
1,1,2,3,1,0
-13,1,1,2,-13,1
-13,2,0,6,-11,11
1,1,6,2,11,1
10,0,5,3,10,0
1,0,2,3,1,0
11,1,6,2,11,1
1,1,2,4,1,2
1,-13,3,1,0,-13
1,11,2,6,1,11
-11,1,0,2,-11,1
1,10,2,5,1,10
-13,1,1,2,-13,1
0,10,7,0,-222,-11
0,0,3,3,0,0
1,11,3,6,0,11
0,11,6,5,11,10
0,-13,3,1,0,-13
1,10,5,5,10,10
11,0,5,3,10,0
1,-11,2,3,1,0
-13,0,1,5,-13,10
-11,0,0,3,-11,0
11,-11,6,0,11,-11
1,10,3,5,0,10
-11,11,0,5,-11,10
0,10,3,5,0,10
-11,2,0,2,-11,1
1,0,2,3,1,0
11,1,5,2,10,1
10,1,5,2,10,1
1,2,2,4,1,2
1,-13,2,1,1,-13
10,0,6,3,11,0
0,0,3,1,0,-13
-13,1,1,2,-13,1
-11,-13,0,2,-11,1
1,2,2,2,1,1
0,-13,3,1,0,-13
-13,1,1,2,-13,1
2,2,4,4,2,2
1,10,2,5,1,10
1,-13,2,1,1,-13
10,-11,5,0,10,-11
0,-13,3,1,0,-13
2,0,2,3,1,0
10,10,5,6,10,11
-13,2,1,4,-13,2
10,0,6,3,11,0
1,-11,2,0,1,-11
-13,-11,1,0,-13,-11
1,10,2,6,1,11
2,11,4,5,2,10
-13,-11,1,0,-13,-11
1,-11,2,0,1,-11
1,11,2,5,1,10
-11,1,0,2,-11,1
-11,-11,0,0,-11,-11
1,11,2,6,1,11
-11,-13,0,1,-11,-13
1,2,2,4,1,2
-11,1,0,2,-11,1
1,11,4,6,2,11
0,10,2,5,1,10
1,10,2,5,1,10
1,0,2,3,1,0
-13,-11,1,2,-13,1
0,-11,3,0,0,-11
1,1,0,2,-11,1
0,0,3,3,0,0
-13,0,1,3,-13,0
1,1,2,2,1,1
1,10,2,6,1,11
10,10,5,5,10,10
-11,10,2,6,1,11
1,2,2,2,1,1
2,1,4,2,2,1
10,2,5,2,10,1
-11,10,0,6,-11,11
1,10,2,5,1,10
1,1,2,4,1,2
-11,1,0,0,-11,-11
-11,-11,0,0,-11,-11
-11,1,0,6,-11,11
0,2,3,2,0,1
1,0,2,3,1,0
-11,1,0,2,-11,1
-11,-13,0,1,-11,-13
-11,-11,0,1,-11,-13
-11,-13,0,1,-11,-13
10,0,5,3,10,0
-13,0,1,2,-13,1
-11,-13,0,1,-11,-13
-13,2,1,4,-13,2
-13,1,1,5,-13,10
-13,1,1,2,-13,1
10,2,5,4,10,2
2,0,2,3,1,0
-13,1,1,2,-13,1
0,1,2,2,1,1
1,12,2,6,1,11
1,1,2,2,1,1
2,11,4,5,2,10
-13,0,1,3,-13,0
1,-11,2,0,1,-11
1,-13,2,1,1,-13
-11,-11,0,0,-11,-11
0,-13,3,2,0,1
-13,0,1,3,-13,0
-11,0,0,0,-11,-11
1,-13,2,1,1,-13
1,1,0,2,-11,1
2,0,2,3,1,0
1,-13,2,1,1,-13
1,-13,2,1,1,-13
-13,-13,1,1,-13,-13
1,-13,2,1,1,-13
-11,1,0,3,-11,0
11,1,6,3,11,0
10,1,5,2,10,1
-11,0,0,2,-11,1
-13,11,1,5,-13,10
10,-13,5,1,10,-13
1,-11,2,8,1,-333
10,10,6,5,11,10
-13,-13,1,1,-13,-13
-11,-11,0,0,-11,-11
-13,1,1,4,-13,2
1,1,2,2,1,1
1,-13,2,0,1,-11
-13,-11,1,0,-13,-11
10,0,5,3,10,0
11,2,6,4,11,2
2,-13,2,1,1,-13
2,10,4,5,2,10
-13,-13,1,1,-13,-13
10,2,6,2,11,1
1,1,5,2,10,1
1,1,2,2,1,1
1,0,2,2,1,1
-13,0,1,3,-13,0
10,-11,6,0,11,-11
-13,-13,1,1,-13,-13
12,-13,6,1,11,-13
1,1,8,2,-333,1
10,-11,5,0,10,-11
0,1,2,2,1,1
1,2,2,2,1,1
-11,-11,0,0,-11,-11
-11,1,2,2,1,1
-13,0,1,4,-13,2
11,1,5,2,10,1
2,10,6,5,11,10
1,-13,2,1,1,-13
1,-13,2,1,1,-13
1,-13,2,1,1,-13
0,1,3,2,0,1
1,-11,2,1,1,-13
-11,11,0,5,-11,10
-11,-13,0,1,-11,-13
2,-11,2,0,1,-11
-13,1,1,2,-13,1
1,1,6,2,11,1
-11,10,0,5,-11,10
2,-13,2,1,1,-13
10,-11,5,0,10,-11
-11,2,0,2,-11,1
10,-13,5,1,10,-13
1,2,2,2,1,1
0,0,3,3,0,0
-11,-13,0,1,-11,-13
10,1,5,2,10,1
0,-11,3,0,0,-11
1,-13,2,1,1,-13
1,0,2,2,1,1
-13,0,1,3,-13,0
-11,-13,8,1,-333,-13
2,0,2,2,1,1
-13,10,1,5,-13,10
1,-11,2,0,1,-11
-13,-11,1,0,-13,-11
11,1,5,2,10,1
1,-11,2,8,1,-333
-11,11,0,6,-11,11
2,2,4,2,2,1
10,-13,5,1,10,-13
0,-11,3,0,0,-11
-11,-11,0,0,-11,-11
-11,11,0,6,-11,11
0,11,3,6,0,11
10,1,5,2,10,1
10,0,5,3,10,0
-11,10,0,6,-11,11
-11,2,0,2,-11,1
1,-11,2,0,1,-11
0,2,3,4,0,2
2,-11,4,0,2,-11
-13,1,1,4,-13,2
11,1,6,6,11,11
-13,10,1,5,-13,10
3,0,4,3,2,0
0,2,5,4,10,2
-13,10,1,5,-13,10
-13,11,1,5,-13,10
1,-11,2,0,1,-11
1,2,2,2,1,1
0,0,3,3,0,0
10,0,6,1,11,-13
-11,1,0,2,-11,1
-11,1,0,6,-11,11
1,1,2,2,1,1
1,1,2,5,1,10
0,-11,3,0,0,-11
1,-11,4,0,2,-11
1,1,5,2,10,1
-11,2,0,4,-11,2
-13,1,1,2,-13,1
1,1,2,6,1,11
10,1,5,2,10,1
-13,0,1,3,-13,0
-11,-13,0,1,-11,-13
10,1,5,2,10,1
1,10,2,6,1,11
-13,10,1,5,-13,10
0,-13,3,0,0,-11
-13,-11,1,0,-13,-11
11,-13,5,1,10,-13
10,10,2,5,1,10
-13,3,8,0,-333,-11
0,-13,1,1,-13,-13
10,-11,5,0,10,-11
1,11,2,5,1,10
-13,-13,1,1,-13,-13
0,1,3,6,0,11
0,1,3,2,0,1
-13,2,1,4,-13,2
12,1,6,2,11,1
10,-11,5,0,10,-11
2,1,6,2,11,1
0,10,3,5,0,10
1,1,2,2,1,1
3,11,4,6,2,11
1,-13,2,1,1,-13
1,0,2,3,1,0
-13,1,1,4,-13,2
11,-11,5,0,10,-11
0,0,3,3,0,0
-11,-11,0,0,-11,-11
1,-13,2,1,1,-13
-11,1,0,2,-11,1
10,0,5,3,10,0
1,3,2,4,1,2
-13,2,1,4,-13,2
2,-11,2,0,1,-11
2,10,6,5,11,10
1,-13,3,0,0,-11
1,-11,2,0,1,-11
1,1,2,2,1,1
2,1,6,2,11,1
10,-13,5,1,10,-13
-11,1,0,2,-11,1
2,-11,2,0,1,-11
1,1,2,2,1,1
-13,0,3,3,0,0
-11,-13,0,1,-11,-13
1,1,2,2,1,1
1,-13,4,1,2,-13
1,-11,2,0,1,-11
1,11,2,5,1,10
0,1,3,2,0,1
11,1,6,2,11,1
-13,1,1,2,-13,1
1,-11,2,0,1,-11
12,10,6,5,11,10
-13,-11,1,0,-13,-11
0,11,2,6,1,11
-13,0,1,3,-13,0
10,1,5,2,10,1
1,11,5,6,10,11
1,-13,2,1,1,-13
10,1,5,2,10,1
-11,11,0,5,-11,10
1,2,2,2,1,1
0,-13,3,1,0,-13
1,-11,2,2,1,1
-11,2,0,4,-11,2
11,1,6,2,11,1
1,3,2,4,1,2
1,0,2,3,1,0
10,-13,5,1,10,-13
1,-13,2,1,1,-13
-13,-13,1,2,-13,1
-11,10,0,5,-11,10
1,10,3,5,0,10
-13,11,8,6,-333,11
10,-11,5,0,10,-11
-11,1,2,2,1,1
11,2,6,2,11,1
-13,1,3,2,0,1
1,-13,2,1,1,-13
-11,1,0,2,-11,1
11,1,6,2,11,1
11,1,6,2,11,1
11,-13,6,3,11,0
-11,1,0,2,-11,1
1,-13,2,1,1,-13
2,11,4,6,2,11
4,1,4,2,2,1
-11,0,0,3,-11,0
1,-13,2,1,1,-13
3,1,4,2,2,1
3,1,4,2,2,1
1,1,2,2,1,1
0,1,5,2,10,1
-11,-11,0,0,-11,-11
1,1,6,2,11,1
-13,-11,1,2,-13,1
0,11,2,6,1,11
-13,-13,1,1,-13,-13
-13,-13,1,1,-13,-13
0,-11,3,0,0,-11
0,-13,3,1,0,-13
10,0,5,0,10,-11
11,1,6,2,11,1
0,12,3,6,0,11
1,1,2,2,1,1
-13,0,1,3,-13,0
-11,-13,0,1,-11,-13
1,10,2,5,1,10
-11,-11,0,0,-11,-11
-13,1,1,2,-13,1
-13,1,1,2,-13,1
-13,10,1,5,-13,10
3,1,6,2,11,1
1,1,2,2,1,1
0,10,3,5,0,10
-13,11,1,6,-13,11
-11,1,0,2,-11,1
1,1,2,6,1,11
1,0,2,6,1,11
-11,12,0,6,-11,11
0,-13,3,1,0,-13
0,10,3,5,0,10
-13,-11,1,0,-13,-11
1,-11,2,0,1,-11
-13,0,1,3,-13,0
1,-13,2,1,1,-13
2,0,4,2,2,1
-13,1,1,4,-13,2
10,-11,5,0,10,-11
-13,11,1,5,-13,10
-11,1,0,2,-11,1
-13,0,1,8,-13,-333
11,-11,6,0,11,-11
0,10,2,6,1,11
-11,-13,0,1,-11,-13
2,-13,2,1,1,-13
-11,-13,0,1,-11,-13
-13,1,1,2,-13,1
1,0,2,3,1,0
-11,-13,0,1,-11,-13
-11,1,0,2,-11,1
3,-11,4,2,2,1
1,-11,2,0,1,-11
-13,10,1,5,-13,10
1,-11,2,0,1,-11
10,-13,5,1,10,-13
1,2,4,4,2,2
11,2,6,2,11,1
0,1,5,4,10,2
-11,10,0,5,-11,10
-11,-11,0,8,-11,-333
2,11,4,6,2,11
1,-11,2,0,1,-11
12,-11,6,0,11,-11
1,-11,2,0,1,-11
-11,1,0,2,-11,1
1,2,2,4,1,2
11,2,5,4,10,2
-13,1,1,2,-13,1
-11,10,0,5,-11,10
-11,2,0,4,-11,2
10,1,5,2,10,1
11,11,6,6,11,11
2,-11,2,0,1,-11
10,0,5,3,10,0
10,-13,5,1,10,-13
-11,2,0,4,-11,2
-13,-13,1,1,-13,-13
-13,1,1,4,-13,2
-11,1,0,2,-11,1
1,-13,2,1,1,-13
1,1,2,2,1,1
1,0,2,3,1,0
1,10,2,5,1,10
0,1,4,2,2,1
0,0,3,3,0,0
-11,11,0,6,-11,11
0,-13,3,1,0,-13
2,-11,2,0,1,-11
0,-13,3,1,0,-13
-13,-13,1,1,-13,-13
1,11,4,6,2,11
1,1,2,2,1,1
1,0,2,6,1,11
-13,1,1,2,-13,1
0,-13,3,1,0,-13
-11,0,0,3,-11,0
-11,-11,0,0,-11,-11
10,-13,5,1,10,-13
-11,2,0,2,-11,1
-11,2,0,4,-11,2
-13,1,1,2,-13,1
1,-11,2,0,1,-11
0,0,3,3,0,0
-11,-11,0,0,-11,-11
-11,1,0,4,-11,2
-13,1,1,2,-13,1
2,1,2,2,1,1
11,1,6,2,11,1
-13,-13,1,1,-13,-13
-11,1,0,2,-11,1
-11,-13,0,1,-11,-13
3,2,6,4,11,2
0,-11,3,0,0,-11
1,1,2,2,1,1
2,-13,2,1,1,-13
1,1,2,2,1,1
1,-13,2,1,1,-13
1,2,2,4,1,2
2,1,4,2,2,1
3,1,6,2,11,1
2,2,4,4,2,2
3,2,4,2,2,1
10,10,2,5,1,10
-11,1,0,2,-11,1
-13,-11,1,0,-13,-11
1,11,3,5,0,10
2,10,2,5,1,10
11,-13,6,1,11,-13
1,2,5,6,10,11
-13,0,1,3,-13,0
1,2,2,4,1,2
10,10,6,5,11,10
1,1,2,2,1,1
11,1,5,2,10,1
-11,-11,0,0,-11,-11
0,1,2,2,1,1
-13,11,1,6,-13,11
1,-13,2,1,1,-13
1,1,2,2,1,1
-13,10,1,5,-13,10
-13,1,1,2,-13,1
11,0,5,3,10,0
1,1,2,2,1,1
11,-13,6,1,11,-13
-11,-11,0,0,-11,-11
0,11,3,6,0,11
10,-11,5,0,10,-11
12,2,6,6,11,11
11,1,6,2,11,1
2,-11,4,0,2,-11
3,2,4,4,2,2
-13,-11,1,0,-13,-11
-11,1,0,2,-11,1
-11,-11,0,0,-11,-11
-13,1,1,2,-13,1
11,1,6,2,11,1
10,1,5,2,10,1
2,-1,6,5,11,10
2,10,4,5,2,10
1,-11,3,0,0,-11
2,10,2,5,1,10
-11,-13,0,1,-11,-13
0,1,3,2,0,1
-11,10,8,5,-333,10
1,-13,2,1,1,-13
-13,1,1,2,-13,1
11,-13,6,1,11,-13
1,10,2,5,1,10
-11,10,0,5,-11,10
1,1,2,2,1,1
-11,1,0,2,-11,1
-11,1,0,4,-11,2
-13,-11,0,0,-11,-11
-13,11,1,5,-13,10
11,1,5,0,10,-11
0,-13,4,1,2,-13
1,3,2,4,1,2
10,-11,5,0,10,-11
-13,0,8,3,-333,0
-11,-13,0,1,-11,-13
1,0,4,3,2,0
-13,11,2,5,1,10
-11,-13,0,1,-11,-13
1,0,2,3,1,0
10,11,5,6,10,11
-13,-11,1,0,-13,-11
1,0,2,3,1,0
0,1,3,2,0,1
1,-13,2,1,1,-13
0,11,3,5,0,10
1,10,2,5,1,10
1,-13,6,1,11,-13
10,-13,5,1,10,-13
1,-13,2,1,1,-13
1,11,4,6,2,11
0,-11,3,0,0,-11
10,-11,6,0,11,-11
0,-13,2,1,1,-13
1,1,2,2,1,1
-13,-11,1,0,-13,-11
3,-13,6,1,11,-13
1,0,2,4,1,2
1,1,2,2,1,1
-11,-11,2,0,1,-11
1,-11,2,0,1,-11
-13,0,2,3,1,0
2,1,4,2,2,1
0,0,2,0,1,-11
-13,-11,1,2,-13,1
-11,-11,0,0,-11,-11
0,1,2,2,1,1
-13,3,1,4,-13,2
1,10,2,5,1,10
2,1,4,2,2,1
-11,0,0,3,-11,0
0,1,6,2,11,1
-13,1,1,2,-13,1
1,10,2,5,1,10
-13,1,1,2,-13,1
-13,-13,1,1,-13,-13
-11,-11,0,2,-11,1
-11,-11,0,0,-11,-11
-13,2,1,4,-13,2
-11,0,0,3,-11,0
1,2,2,6,1,11
-11,1,0,2,-11,1
1,0,2,3,1,0
-13,0,1,2,-13,1
1,-11,2,0,1,-11
2,-13,6,1,11,-13
-11,2,0,2,-11,1
-13,-13,1,1,-13,-13
1,11,2,6,1,11
-11,-13,0,1,-11,-13
1,1,2,2,1,1
-11,10,0,5,-11,10
10,1,5,2,10,1
0,1,6,2,11,1
-13,1,1,2,-13,1
-13,-11,1,0,-13,-11
1,-11,4,0,2,-11
1,10,2,5,1,10
1,-11,2,0,1,-11
1,-13,2,1,1,-13
-11,1,0,2,-11,1
11,2,6,4,11,2
10,0,5,3,10,0
-13,-13,8,1,-333,-13
-11,11,0,6,-11,11
-13,1,1,2,-13,1
1,-13,2,1,1,-13
-11,-11,0,0,-11,-11
10,0,2,2,1,1
11,10,5,6,10,11
-13,-13,1,1,-13,-13
-13,-13,1,1,-13,-13
0,-11,3,0,0,-11
1,10,2,5,1,10
-13,2,1,2,-13,1
1,-11,8,2,-333,1
1,2,2,4,1,2
1,1,2,2,1,1
-13,-11,1,0,-13,-11
2,0,2,3,1,0
-11,1,0,2,-11,1
11,-11,5,0,10,-11
2,-13,4,1,2,-13
0,-13,0,1,-11,-13
-13,1,1,2,-13,1
-13,-11,1,0,-13,-11
1,-13,2,1,1,-13
10,10,5,3,10,0
-11,-13,0,1,-11,-13
-11,1,2,2,1,1
1,-11,2,0,1,-11
-13,11,1,6,-13,11
-11,-11,0,0,-11,-11
1,10,2,5,1,10
1,-13,2,1,1,-13
-13,-13,1,1,-13,-13
1,-11,2,0,1,-11
-11,10,0,5,-11,10
10,0,5,5,10,10
0,-13,3,1,0,-13
1,1,5,2,10,1
-11,10,0,2,-11,1
1,2,2,4,1,2
1,1,2,2,1,1
10,0,5,2,10,1
-11,1,0,4,-11,2
-13,-13,1,1,-13,-13
-13,2,1,4,-13,2
-11,-11,0,0,-11,-11
1,-13,2,8,1,-333
1,-11,2,0,1,-11
2,1,4,2,2,1
2,1,4,2,2,1
1,-13,2,1,1,-13
-11,1,0,4,-11,2
0,1,3,2,0,1
-11,1,0,2,-11,1
1,11,2,6,1,11
-11,-11,0,8,-11,-333
-13,-13,1,1,-13,-13
1,10,2,5,1,10
3,10,4,5,2,10
-13,-13,1,1,-13,-13
-13,-11,1,0,-13,-11
1,11,2,6,1,11
1,-13,2,1,1,-13
10,-11,5,0,10,-11
-11,-13,0,2,-11,1
1,1,2,6,1,11
-11,11,0,5,-11,10
1,3,2,4,1,2
1,10,2,5,1,10
1,0,2,3,1,0
1,2,5,4,10,2
2,0,2,0,1,-11
0,0,3,4,0,2
1,1,5,5,10,10
-13,-13,1,1,-13,-13
10,-11,5,0,10,-11
1,2,2,2,1,1
-11,-13,0,1,-11,-13
0,2,2,2,1,1
1,0,6,3,11,0
2,1,4,2,2,1
11,10,6,5,11,10
-11,-11,0,0,-11,-11
-13,1,1,2,-13,1
0,-11,0,0,-11,-11
11,1,6,2,11,1
-13,0,1,3,-13,0
1,-11,2,0,1,-11
2,-13,6,1,11,-13
-13,10,0,5,-11,10
1,0,2,0,1,-11
0,10,3,6,0,11
11,-11,6,0,11,-11
-11,-13,0,1,-11,-13
2,0,6,3,11,0
1,10,2,5,1,10
-13,1,1,2,-13,1
1,11,2,6,1,11
-11,1,0,2,-11,1
1,2,2,2,1,1
-11,11,8,2,-333,1
-11,2,3,7,0,-222
10,11,5,6,10,11
10,0,6,3,11,0
1,-11,2,2,1,1
10,0,5,3,10,0
10,0,5,3,10,0
-11,-13,0,1,-11,-13
1,-13,2,1,1,-13
2,0,2,3,1,0
-13,-13,1,1,-13,-13
10,1,2,8,1,-333
1,-11,6,8,11,-333
-11,-13,8,1,-333,-13
1,0,4,3,2,0
10,0,5,3,10,0
11,0,6,3,11,0
1,-11,8,2,-333,1
-11,2,0,6,-11,11
0,1,3,6,0,11
-13,-13,1,1,-13,-13
0,1,3,2,0,1
-13,-13,1,1,-13,-13
1,-13,2,1,1,-13
2,-13,4,1,2,-13
-11,0,0,3,-11,0
-11,1,0,2,-11,1
10,-13,5,1,10,-13
-13,-11,1,0,-13,-11
-13,0,1,3,-13,0
2,0,4,3,2,0
2,-13,4,1,2,-13
-13,-11,1,0,-13,-11
0,1,3,4,0,2
-11,10,0,5,-11,10
10,10,5,5,10,10
0,1,3,5,0,10
0,1,1,2,-13,1
-13,10,1,6,-13,11
1,1,3,2,0,1
2,11,2,6,1,11
-13,-13,1,1,-13,-13
-11,10,3,5,0,10
1,-11,6,0,11,-11
1,10,2,5,1,10
-13,1,1,2,-13,1
1,1,4,2,2,1
-13,1,1,2,-13,1
-11,1,0,2,-11,1
-13,0,3,3,0,0
1,11,2,6,1,11
2,1,0,2,-11,1
0,-13,3,1,0,-13
1,10,6,6,11,11
0,1,2,2,1,1
11,1,6,2,11,1
0,1,4,2,2,1
-11,1,0,3,-11,0
-13,2,1,4,-13,2
10,0,5,2,10,1
-11,-11,0,0,-11,-11
-11,-13,0,1,-11,-13
-11,-13,0,1,-11,-13
0,1,3,2,0,1
-11,-13,0,1,-11,-13
-11,1,0,2,-11,1
10,1,5,2,10,1
0,1,5,2,10,1
1,2,5,4,10,2
-13,11,1,6,-13,11
2,1,4,2,2,1
0,-13,3,1,0,-13
-11,-13,0,1,-11,-13
-13,-13,1,1,-13,-13
2,1,2,2,1,1
-13,-11,1,0,-13,-11
1,0,2,3,1,0
1,10,2,5,1,10
-13,0,1,3,-13,0
-13,-11,2,0,1,-11
-13,1,1,2,-13,1
0,-11,3,0,0,-11
0,-11,3,0,0,-11
2,-11,4,0,2,-11
10,0,5,3,10,0
1,-11,2,0,1,-11
1,1,2,2,1,1
0,10,3,5,0,10
-13,-13,1,1,-13,-13
1,-13,2,1,1,-13
2,10,2,5,1,10
2,1,2,2,1,1
-13,-11,1,0,-13,-11
-13,-13,1,1,-13,-13
-11,0,0,2,-11,1
2,-13,4,1,2,-13
0,0,3,3,0,0
1,1,6,2,11,1
2,1,2,2,1,1
0,10,3,5,0,10
2,10,2,5,1,10
10,1,5,2,10,1
1,10,2,5,1,10
10,-11,5,0,10,-11
0,1,3,2,0,1
1,-11,2,1,1,-13
1,-11,2,0,1,-11
1,1,2,2,1,1
1,-11,2,0,1,-11
-11,11,0,6,-11,11
-11,-11,0,0,-11,-11
10,11,6,6,11,11
1,-11,2,0,1,-11
0,-11,2,0,1,-11
-13,-13,1,1,-13,-13
1,0,2,3,1,0
-11,2,2,2,1,1
2,0,2,3,1,0
0,-11,3,0,0,-11
-11,1,0,2,-11,1
-11,11,0,6,-11,11
-13,0,1,2,-13,1
0,11,3,6,0,11
1,-13,2,1,1,-13
-11,1,0,2,-11,1
10,0,5,0,10,-11
1,-13,2,2,1,1
-11,-11,0,0,-11,-11
1,-11,2,0,1,-11
-13,-13,0,1,-11,-13
1,1,2,3,1,0
0,-11,3,0,0,-11
11,-11,6,2,11,1
11,-13,5,1,10,-13
4,0,6,1,11,-13
1,-13,2,8,1,-333
2,-13,2,1,1,-13
-11,-11,0,7,-11,-222
1,3,2,4,1,2
-11,10,0,5,-11,10
-11,-13,0,1,-11,-13
-11,-13,3,1,0,-13
0,2,3,4,0,2
2,-11,6,0,11,-11
-13,10,1,6,-13,11
1,1,2,2,1,1
11,-11,6,0,11,-11
2,-11,4,0,2,-11
-13,1,1,2,-13,1
-13,10,1,5,-13,10
1,3,2,2,1,1
0,1,5,4,10,2
1,1,2,2,1,1
10,-13,6,1,11,-13
1,0,2,3,1,0
-13,1,1,0,-13,-11
-13,0,1,3,-13,0
-13,-11,1,0,-13,-11
0,1,3,2,0,1
10,1,5,3,10,0
1,1,2,4,1,2
0,-13,3,3,0,0
0,-13,3,1,0,-13
10,2,5,6,10,11
10,1,5,2,10,1
-13,10,2,5,1,10
1,1,2,2,1,1
1,-11,2,0,1,-11
-13,-13,1,3,-13,0
10,10,5,5,10,10
1,0,2,3,1,0
-13,-11,1,0,-13,-11
-13,-13,1,1,-13,-13
-11,1,0,2,-11,1
1,10,2,5,1,10
-13,1,1,2,-13,1
1,-11,2,0,1,-11
0,2,3,2,0,1
0,1,3,2,0,1
1,11,2,5,1,10
1,10,2,5,1,10
2,10,4,5,2,10
-11,2,0,4,-11,2
0,-13,3,1,0,-13
2,1,2,3,1,0
-13,11,1,6,-13,11
1,-13,2,1,1,-13
1,-11,2,0,1,-11
-13,11,1,6,-13,11
1,0,2,2,1,1
2,-11,4,2,2,1
11,0,5,3,10,0
12,-11,6,0,11,-11
-11,1,0,2,-11,1
-11,-13,0,1,-11,-13
1,1,2,2,1,1
2,1,2,2,1,1
1,0,6,2,11,1
10,-13,0,5,-11,10
-13,-11,1,2,-13,1
-13,-13,1,1,-13,-13
2,-11,2,0,1,-11
-13,10,1,5,-13,10
2,11,4,6,2,11
2,-13,4,1,2,-13
2,-13,6,1,11,-13
1,-13,2,1,1,-13
1,2,2,4,1,2
1,1,2,2,1,1
1,-13,2,1,1,-13
-11,10,0,5,-11,10
1,1,2,2,1,1
0,1,3,2,0,1
-11,0,0,3,-11,0
-11,1,0,2,-11,1
-13,1,1,2,-13,1
-11,1,0,2,-11,1
1,1,2,2,1,1
2,-13,2,1,1,-13
11,2,6,4,11,2
0,2,3,4,0,2
-13,-13,1,1,-13,-13
-11,1,3,2,0,1
11,0,6,3,11,0
1,10,2,5,1,10
1,2,2,2,1,1
0,1,3,6,0,11
-11,10,0,5,-11,10
0,2,3,4,0,2
0,2,3,4,0,2
-13,1,1,6,-13,11
1,-11,2,0,1,-11
-11,0,0,4,-11,2
0,-13,3,1,0,-13
-11,0,0,3,-11,0
-13,1,1,2,-13,1
-13,10,1,5,-13,10
1,0,2,3,1,0
-13,0,1,3,-13,0
10,0,5,8,10,-333
2,1,6,2,11,1
0,1,3,2,0,1
2,-11,2,0,1,-11
10,0,5,3,10,0
10,-11,5,0,10,-11
-13,-11,1,0,-13,-11
1,10,2,5,1,10
1,-11,2,0,1,-11
11,-13,6,1,11,-13
-11,1,0,2,-11,1
-13,1,5,2,10,1
1,1,2,4,1,2
-1,1,5,2,10,1
1,-11,2,0,1,-11
-11,1,0,2,-11,1
-11,1,0,6,-11,11
-13,-13,8,1,-333,-13
2,1,4,2,2,1
1,2,2,4,1,2
1,-13,2,1,1,-13
-13,-13,1,1,-13,-13
-13,10,8,5,-333,10
-11,0,3,3,0,0
10,-11,6,0,11,-11
11,1,6,4,11,2
0,-11,3,0,0,-11
-13,1,1,2,-13,1
2,1,2,2,1,1
2,10,2,5,1,10
-13,0,1,5,-13,10
1,0,2,3,1,0
-13,-11,1,0,-13,-11
2,-11,4,0,2,-11
-13,1,1,2,-13,1
-11,-11,0,0,-11,-11
1,-11,6,0,11,-11
-13,10,1,5,-13,10
10,0,6,3,11,0
1,-13,2,1,1,-13
1,2,2,4,1,2
-11,1,0,2,-11,1
1,-13,6,1,11,-13
2,2,2,4,1,2
0,1,3,2,0,1
11,1,6,3,11,0
2,-13,2,1,1,-13
0,1,3,2,0,1
-13,10,1,6,-13,11
-13,-11,1,0,-13,-11
10,-13,5,1,10,-13
1,0,2,3,1,0
-13,1,1,2,-13,1
1,-11,2,0,1,-11
-13,-13,3,1,0,-13
1,1,2,2,1,1
-11,-13,2,1,1,-13
11,10,6,5,11,10
10,1,6,2,11,1
2,11,4,2,2,1
10,-11,5,0,10,-11
0,11,3,4,0,2
0,-13,3,8,0,-333
1,1,2,2,1,1
10,10,6,5,11,10
1,1,2,2,1,1
11,-13,5,1,10,-13
2,-13,4,1,2,-13
-13,3,1,2,-13,1
-11,-11,0,0,-11,-11
1,2,2,4,1,2
1,-11,2,0,1,-11
0,-13,3,1,0,-13
1,1,2,2,1,1
2,1,6,3,11,0
1,2,2,6,1,11
-11,-13,0,1,-11,-13
-13,2,1,2,-13,1
2,-11,4,0,2,-11
-11,0,0,3,-11,0
-13,-13,1,1,-13,-13
-13,-13,1,1,-13,-13
2,-13,4,1,2,-13
1,1,2,2,1,1
0,-13,3,1,0,-13
0,1,3,2,0,1
1,1,2,2,1,1
0,1,3,2,0,1
2,1,4,2,2,1
2,-13,4,1,2,-13
-11,-11,2,2,1,1
10,10,6,5,11,10
-11,1,0,2,-11,1
2,2,2,4,1,2
12,-13,6,1,11,-13
10,1,5,4,10,2
1,-13,2,1,1,-13
11,-11,6,0,11,-11
-11,-13,0,1,-11,-13
1,-11,0,2,-11,1
1,-11,0,0,-11,-11
0,-13,3,1,0,-13
3,-11,4,0,2,-11
-13,2,1,4,-13,2
-13,-11,1,0,-13,-11
10,2,6,2,11,1
-13,1,1,2,-13,1
11,2,6,4,11,2
-1,-13,5,1,10,-13
-11,3,0,4,-11,2
1,1,0,2,-11,1
1,1,2,2,1,1
11,2,5,5,10,10
-13,11,1,6,-13,11
-11,11,0,6,-11,11
10,1,5,2,10,1
1,2,2,2,1,1
1,-11,2,0,1,-11
-13,1,1,2,-13,1
0,-11,3,0,0,-11
0,0,3,2,0,1
1,11,4,6,2,11
10,1,6,2,11,1
1,-13,2,1,1,-13
-13,2,1,2,-13,1
1,-13,2,1,1,-13
1,2,2,4,1,2
1,-11,2,0,1,-11
2,1,4,2,2,1
-13,1,1,2,-13,1
3,-11,4,0,2,-11
10,1,6,2,11,1
11,0,5,3,10,0
1,1,2,2,1,1
0,1,1,2,-13,1
1,10,2,5,1,10
-13,-11,1,0,-13,-11
10,0,5,3,10,0
11,1,5,2,10,1
1,0,3,3,0,0
2,-13,2,1,1,-13
-13,1,1,2,-13,1
0,3,2,4,1,2
3,2,6,4,11,2
2,1,8,4,-333,2
-11,2,0,4,-11,2
-13,1,0,2,-11,1
-11,0,0,3,-11,0
0,2,3,2,0,1
-13,-13,0,8,-11,-333
1,1,5,2,10,1
-11,-11,0,2,-11,1
0,1,3,6,0,11
2,1,6,4,11,2
1,1,2,2,1,1
10,-11,5,0,10,-11
10,1,3,2,0,1
1,2,2,2,1,1
0,12,6,6,11,11
1,1,2,2,1,1
10,1,5,2,10,1
2,12,2,6,1,11
0,0,0,3,-11,0
1,-13,2,1,1,-13
2,1,2,2,1,1
-11,-13,0,1,-11,-13
0,-13,0,1,-11,-13
1,0,2,3,1,0
-13,-11,1,0,-13,-11
-13,11,1,5,-13,10
1,-11,2,0,1,-11
2,1,4,3,2,0
0,0,2,4,1,2
0,-13,3,1,0,-13
2,1,2,2,1,1
11,-13,6,1,11,-13
10,1,6,8,11,-333
3,-13,6,1,11,-13
-13,1,1,2,-13,1
-11,-13,0,1,-11,-13
1,10,2,6,1,11
-11,-11,0,0,-11,-11
-1,10,5,5,10,10
-13,-13,1,1,-13,-13
2,1,2,2,1,1
-13,1,1,2,-13,1
10,-11,5,0,10,-11
0,-13,3,8,0,-333
1,0,6,2,11,1
-13,0,1,3,-13,0
0,2,5,4,10,2
3,0,2,1,1,-13
3,1,6,2,11,1
-11,-13,0,1,-11,-13
-13,0,1,3,-13,0
-11,-13,0,1,-11,-13
2,1,4,2,2,1
10,1,5,4,10,2
2,-13,4,1,2,-13
1,-11,4,0,2,-11
11,-11,5,0,10,-11
1,0,6,6,11,11
1,11,2,5,1,10
11,-11,5,0,10,-11
-13,1,1,2,-13,1
-13,1,1,2,-13,1
1,0,2,3,1,0
-11,1,0,2,-11,1
-11,1,0,2,-11,1
1,-11,2,0,1,-11
1,-13,2,1,1,-13
-11,-11,0,0,-11,-11
1,-11,2,8,1,-333
1,2,2,2,1,1
-11,-13,0,1,-11,-13
0,-11,3,0,0,-11
-13,1,8,2,-333,1
11,0,6,2,11,1
-11,1,0,3,-11,0
2,0,2,2,1,1
1,-11,6,0,11,-11
0,-11,3,0,0,-11
-11,0,0,3,-11,0
10,1,5,2,10,1
0,1,6,2,11,1
0,0,3,3,0,0
-13,-11,1,8,-13,-333
0,-11,3,0,0,-11
-11,10,0,6,-11,11
-11,1,0,2,-11,1
2,-13,4,1,2,-13
1,-11,2,0,1,-11
-13,-13,1,1,-13,-13
11,1,5,2,10,1
0,10,3,5,0,10
-13,-11,1,0,-13,-11
1,1,2,2,1,1
10,1,5,2,10,1
10,2,5,6,10,11
10,-11,5,0,10,-11
1,-13,2,1,1,-13
2,10,4,5,2,10
2,-13,4,8,2,-333
-13,-11,1,0,-13,-11
1,2,2,2,1,1
-13,2,3,2,0,1
11,1,2,2,1,1
-13,-11,1,0,-13,-11
-13,1,3,2,0,1
1,2,2,4,1,2
0,1,3,2,0,1
1,-13,3,1,0,-13
1,1,2,2,1,1
-13,-13,1,1,-13,-13
1,-11,2,0,1,-11
11,12,6,6,11,11
0,1,3,2,0,1
-11,2,0,2,-11,1
2,1,4,2,2,1
10,0,5,3,10,0
-13,0,1,3,-13,0
1,-13,3,2,0,1
1,2,2,4,1,2
0,-11,3,0,0,-11
2,10,4,5,2,10
1,-13,2,1,1,-13
2,11,4,5,2,10
2,11,4,5,2,10
-13,1,2,2,1,1
-13,1,1,2,-13,1
1,0,8,4,-333,2
0,0,3,3,0,0
1,10,2,5,1,10
2,-13,4,1,2,-13
11,0,6,3,11,0
-13,10,1,5,-13,10
0,0,3,3,0,0
-11,-11,0,0,-11,-11
1,-13,2,1,1,-13
1,10,2,5,1,10
-13,1,8,2,-333,1
2,1,6,2,11,1
-11,1,0,2,-11,1
1,1,2,2,1,1
11,0,5,2,10,1
1,-13,2,1,1,-13
2,11,4,5,2,10
0,1,3,2,0,1
-13,1,1,2,-13,1
1,-13,2,1,1,-13
-11,1,0,2,-11,1
-11,-11,0,0,-11,-11
1,-13,2,8,1,-333
1,1,2,3,1,0
1,10,6,6,11,11
2,1,2,2,1,1
3,0,2,2,1,1
-11,2,0,4,-11,2
0,12,3,6,0,11
11,2,6,4,11,2
1,10,2,5,1,10
1,-11,4,0,2,-11
2,10,4,5,2,10
-13,1,1,2,-13,1
1,-11,2,0,1,-11
1,1,2,4,1,2
-11,1,0,2,-11,1
10,10,5,6,10,11
1,10,2,5,1,10
-11,11,0,6,-11,11
2,-13,2,1,1,-13
0,11,3,6,0,11
0,10,3,5,0,10
10,2,6,4,11,2
1,1,2,2,1,1
0,1,3,2,0,1
0,-11,2,0,1,-11
-11,-13,0,1,-11,-13
-13,11,2,6,1,11
0,2,3,4,0,2
0,11,3,6,0,11
1,-13,2,1,1,-13
0,-11,3,0,0,-11
1,2,2,2,1,1
-13,0,1,3,-13,0
0,2,3,4,0,2
-13,-13,1,1,-13,-13
0,-11,3,0,0,-11
10,0,5,3,10,0
11,1,6,2,11,1
10,1,5,2,10,1
-13,-13,1,1,-13,-13
1,-13,2,1,1,-13
-11,-13,2,1,1,-13
1,-11,2,0,1,-11
11,-11,6,0,11,-11
-11,-13,0,1,-11,-13
11,1,5,6,10,11
0,2,3,2,0,1
-13,-13,1,1,-13,-13
1,1,2,2,1,1
2,-13,6,1,11,-13
10,1,5,2,10,1
-11,1,0,6,-11,11
-11,1,2,2,1,1
-11,-11,0,0,-11,-11
1,11,2,6,1,11
0,3,3,4,0,2
1,10,2,5,1,10
-13,1,1,2,-13,1
-11,1,0,2,-11,1
2,1,4,2,2,1
0,-13,3,1,0,-13
0,1,2,2,1,1
-11,-13,0,1,-11,-13
11,1,5,2,10,1
1,-13,2,1,1,-13
-11,10,0,5,-11,10
0,0,3,0,0,-11
-11,1,0,2,-11,1
-13,11,1,6,-13,11
1,-11,2,0,1,-11
0,-11,3,0,0,-11
11,-11,5,0,10,-11
-11,-11,0,0,-11,-11
1,3,6,4,11,2
10,-11,5,0,10,-11
10,0,5,3,10,0
10,2,6,4,11,2
1,1,6,2,11,1
-11,11,0,6,-11,11
11,2,5,4,10,2
3,-11,4,0,2,-11
-13,1,1,2,-13,1
2,-11,4,0,2,-11
-13,0,1,3,-13,0
2,10,6,5,11,10
10,1,5,2,10,1
-11,10,0,5,-11,10
-13,-13,1,0,-13,-11
1,10,2,5,1,10
3,11,4,6,2,11
-13,1,1,2,-13,1
-11,1,0,4,-11,2
0,10,3,5,0,10
1,11,2,5,1,10
2,-13,4,1,2,-13
0,-13,3,1,0,-13
0,1,3,2,0,1
-11,1,2,2,1,1
10,0,5,3,10,0
1,1,2,3,1,0
1,0,4,5,2,10
-11,-13,0,1,-11,-13
2,0,4,3,2,0
1,10,4,5,2,10
0,1,3,2,0,1
0,2,3,6,0,11
-13,10,1,5,-13,10
0,-11,5,0,10,-11
-13,-11,2,0,1,-11
-11,-11,0,0,-11,-11
0,11,3,6,0,11
1,2,2,4,1,2
-13,1,1,2,-13,1
-13,2,1,2,-13,1
-11,1,0,2,-11,1
2,1,2,2,1,1
0,2,3,4,0,2
1,0,2,3,1,0
11,-11,5,0,10,-11
0,0,3,2,0,1
-13,1,1,2,-13,1
-11,0,1,2,-13,1
1,1,2,2,1,1
10,2,2,2,1,1
1,1,2,2,1,1
-13,1,1,2,-13,1
1,0,2,1,1,-13
3,1,6,2,11,1
-13,1,1,2,-13,1
1,1,2,2,1,1
0,0,3,2,0,1
1,-11,2,0,1,-11
10,10,5,5,10,10
2,-11,4,2,2,1
2,2,6,2,11,1
11,10,5,5,10,10
-13,-11,1,0,-13,-11
10,-13,5,1,10,-13
-13,2,1,6,-13,11
1,1,2,2,1,1
1,0,5,3,10,0
1,11,2,6,1,11
2,10,2,6,1,11
10,3,5,4,10,2
-11,-11,0,0,-11,-11
1,1,2,2,1,1
10,2,7,2,-222,1
11,1,6,1,11,-13
-11,2,0,4,-11,2
-13,10,1,5,-13,10
-11,11,0,5,-11,10
-13,11,1,6,-13,11
10,2,6,2,11,1
-13,0,1,3,-13,0
-11,1,0,4,-11,2
-11,11,0,6,-11,11
1,1,2,2,1,1
1,1,5,2,10,1
-11,10,0,6,-11,11
1,11,2,6,1,11
-11,11,0,6,-11,11
-11,1,2,3,1,0
-11,10,0,5,-11,10
10,0,5,3,10,0
-13,-11,1,0,-13,-11
1,-11,6,0,11,-11
-13,2,0,2,-11,1
1,-13,2,1,1,-13
-11,1,0,2,-11,1
1,10,2,5,1,10
-13,-11,1,0,-13,-11
1,0,2,3,1,0
2,-13,4,1,2,-13
-13,-11,1,0,-13,-11
-13,10,1,6,-13,11
12,11,6,5,11,10
1,-11,2,0,1,-11
1,-11,2,0,1,-11
1,-13,2,1,1,-13
-13,0,1,3,-13,0
-1,-13,6,1,11,-13
-13,1,1,2,-13,1
-11,1,0,2,-11,1
1,0,2,3,1,0
10,1,6,2,11,1
2,2,4,4,2,2
1,-13,2,1,1,-13
0,-13,3,1,0,-13
1,0,2,3,1,0
-13,-11,1,0,-13,-11
0,1,3,2,0,1
-11,-13,0,1,-11,-13
10,1,5,2,10,1
-13,-13,1,8,-13,-333
2,-11,4,0,2,-11
-11,0,2,3,1,0
10,-13,5,3,10,0
2,2,2,3,1,0
2,0,2,3,1,0
0,-11,3,0,0,-11
-13,-11,1,0,-13,-11
-13,1,1,2,-13,1
-13,1,1,2,-13,1
0,-11,1,0,-13,-11
0,-11,3,0,0,-11
0,2,5,4,10,2
2,1,8,2,-333,1
1,-13,3,1,0,-13
1,-11,3,0,0,-11
1,0,2,8,1,-333
1,-11,2,0,1,-11
1,-11,2,0,1,-11
0,-13,3,1,0,-13
-11,1,0,2,-11,1
-11,-11,0,0,-11,-11
2,-13,4,1,2,-13
1,10,2,5,1,10
-13,0,1,6,-13,11
-11,-13,0,1,-11,-13
-13,2,1,2,-13,1
0,10,3,5,0,10
-13,11,1,6,-13,11
2,10,6,5,11,10
-11,-13,0,1,-11,-13
1,10,2,5,1,10
-13,1,1,2,-13,1
1,-13,2,1,1,-13
1,-13,2,1,1,-13
-13,-11,1,0,-13,-11
1,-13,2,1,1,-13
1,-11,2,0,1,-11
2,-11,2,8,1,-333
3,11,4,6,2,11
1,1,2,2,1,1
1,1,2,2,1,1
-11,1,2,8,1,-333
0,1,5,2,10,1
1,1,2,2,1,1
2,1,2,2,1,1
10,1,5,4,10,2
1,1,2,2,1,1
1,0,2,6,1,11
2,2,6,4,11,2
1,-13,2,1,1,-13
-11,2,0,4,-11,2
1,-13,2,1,1,-13
-13,1,1,2,-13,1
10,-11,5,0,10,-11
1,1,2,2,1,1
1,10,2,5,1,10
10,-11,5,2,10,1
0,1,2,2,1,1
-11,-13,0,1,-11,-13
0,2,3,2,0,1
1,2,2,4,1,2
2,11,2,5,1,10
-13,2,2,4,1,2
-11,0,0,2,-11,1
2,-11,2,0,1,-11
1,1,2,2,1,1
2,1,2,2,1,1
-11,-11,0,0,-11,-11
2,0,4,6,2,11
-11,-11,0,0,-11,-11
-11,11,7,5,-222,10
1,-11,2,0,1,-11
-11,-11,0,0,-11,-11
-13,-11,1,0,-13,-11
11,1,6,2,11,1
-11,-11,0,0,-11,-11
12,1,4,2,2,1
-11,-11,0,0,-11,-11
-13,0,1,2,-13,1
1,0,2,3,1,0
1,2,2,4,1,2
-11,11,0,6,-11,11
-11,1,0,2,-11,1
10,0,5,3,10,0
10,11,6,6,11,11
1,1,2,2,1,1
-11,-13,0,1,-11,-13
1,2,2,2,1,1
2,-11,6,0,11,-11
1,10,2,6,1,11
0,0,3,3,0,0
-13,1,1,2,-13,1
-11,2,0,2,-11,1
1,0,2,2,1,1
1,1,2,2,1,1
-11,2,0,4,-11,2
0,-13,3,1,0,-13
1,-11,2,0,1,-11
0,-13,2,1,1,-13
2,-13,2,1,1,-13
-13,1,1,2,-13,1
1,0,2,3,1,0
0,-13,3,1,0,-13
-13,0,1,3,-13,0
1,-13,2,1,1,-13
1,1,2,2,1,1
-13,2,1,4,-13,2
1,1,2,3,1,0
1,1,2,2,1,1
-11,3,0,4,-11,2
1,10,2,5,1,10
1,11,2,6,1,11
-13,2,1,4,-13,2
11,11,5,6,10,11
1,2,2,4,1,2
-11,-11,0,0,-11,-11
0,1,3,2,0,1
1,1,2,2,1,1
-11,1,2,2,1,1
-11,1,0,2,-11,1
-13,0,3,3,0,0
1,1,2,2,1,1
-11,2,0,4,-11,2
1,0,2,3,1,0
1,1,2,2,1,1
1,3,2,4,1,2
-11,0,0,5,-11,10
-11,10,0,5,-11,10
-11,-11,0,0,-11,-11
1,-11,2,0,1,-11
0,11,3,6,0,11
1,0,2,3,1,0
-11,-11,0,0,-11,-11
-13,10,1,5,-13,10
10,-13,5,0,10,-11
-11,-11,0,0,-11,-11
0,1,3,2,0,1
1,11,2,5,1,10
1,2,2,4,1,2
0,0,2,2,1,1
1,2,2,4,1,2
2,1,2,2,1,1
3,1,4,2,2,1
1,2,2,4,1,2
10,0,5,3,10,0
2,-13,4,1,2,-13
1,1,2,2,1,1
-11,-13,1,1,-13,-13
-11,10,0,5,-11,10
1,-11,4,2,2,1
2,0,2,2,1,1
1,-11,2,0,1,-11
11,2,5,4,10,2
1,-13,8,0,-333,-11
0,0,3,3,0,0
10,1,5,2,10,1
1,1,2,2,1,1
11,1,6,2,11,1
-11,10,0,5,-11,10
0,-11,3,0,0,-11
2,-13,4,0,2,-11
1,-11,2,0,1,-11
1,0,2,1,1,-13
-13,2,1,4,-13,2
0,-13,3,1,0,-13
2,0,4,3,2,0
11,10,5,5,10,10
10,1,5,2,10,1
-11,-13,0,1,-11,-13
-11,-13,0,1,-11,-13
1,1,2,2,1,1
1,1,2,2,1,1
-11,1,0,2,-11,1
0,-13,3,1,0,-13
10,2,5,4,10,2
1,2,2,6,1,11
2,1,2,2,1,1
1,1,2,2,1,1
10,0,5,3,10,0
1,0,2,3,1,0
-13,1,1,0,-13,-11
-13,-11,1,0,-13,-11
1,0,2,3,1,0
3,1,4,2,2,1
-11,1,1,0,-13,-11
-13,0,1,3,-13,0
10,1,5,4,10,2
1,-13,2,1,1,-13
0,0,3,3,0,0
-13,-11,1,0,-13,-11
2,2,5,4,10,2
-11,0,0,3,-11,0
0,1,6,2,11,1
0,-11,3,0,0,-11
0,-13,3,1,0,-13
10,1,6,2,11,1
1,1,2,2,1,1
1,2,2,2,1,1
-13,1,1,2,-13,1
10,11,5,6,10,11
-13,0,1,2,-13,1
1,0,2,3,1,0
1,0,2,3,1,0
1,-11,2,0,1,-11
1,1,2,4,1,2
1,-11,2,0,1,-11
-13,0,1,3,-13,0
0,1,2,2,1,1
-11,-11,0,0,-11,-11
-11,-11,2,0,1,-11
10,-11,5,0,10,-11
-11,-13,0,1,-11,-13
1,0,2,1,1,-13
1,-13,2,8,1,-333
1,2,2,4,1,2
11,10,6,5,11,10
-11,1,0,2,-11,1
-11,2,0,2,-11,1
1,1,5,2,10,1
2,2,2,4,1,2
1,11,2,4,1,2
11,-11,6,0,11,-11
-13,10,1,5,-13,10
-13,10,1,5,-13,10
1,10,2,6,1,11
-11,-11,0,0,-11,-11
1,10,2,5,1,10
-11,0,0,3,-11,0
10,10,5,5,10,10
2,10,4,5,2,10
2,1,4,2,2,1
11,2,6,4,11,2
2,10,4,5,2,10
2,10,6,6,11,11
1,2,2,2,1,1
-11,-11,0,0,-11,-11
11,-13,6,1,11,-13
-13,10,1,6,-13,11
1,10,2,2,1,1
-13,0,1,3,-13,0
11,-13,6,1,11,-13
2,2,6,4,11,2
10,10,5,5,10,10
1,1,2,2,1,1
-13,0,1,3,-13,0
2,-13,2,1,1,-13
-11,-13,0,1,-11,-13
-11,10,0,5,-11,10
1,1,2,6,1,11
-13,-11,1,0,-13,-11
-13,1,1,2,-13,1
0,-11,2,0,1,-11
-11,-13,0,2,-11,1
10,1,5,2,10,1
0,0,2,3,1,0
11,1,6,2,11,1
0,-13,3,1,0,-13
-13,0,1,3,-13,0
1,0,2,3,1,0
10,1,5,2,10,1
10,2,6,4,11,2
10,11,5,5,10,10
-11,-11,0,0,-11,-11
10,0,6,3,11,0
11,-13,6,1,11,-13
0,-13,3,1,0,-13
-13,-11,1,0,-13,-11
-11,1,0,2,-11,1
-11,-13,0,1,-11,-13
0,0,2,2,1,1
2,-13,4,1,2,-13
11,4,5,4,10,2
4,10,6,5,11,10
0,-11,0,0,-11,-11
10,11,5,6,10,11
0,10,3,6,0,11
2,10,4,5,2,10
-11,10,0,5,-11,10
2,0,2,2,1,1
10,-11,5,8,10,-333
-13,-11,1,0,-13,-11
1,1,5,2,10,1
11,-11,6,1,11,-13
1,-13,2,1,1,-13
-13,-13,1,1,-13,-13
1,1,2,2,1,1
-11,1,0,2,-11,1
0,1,6,3,11,0
0,1,2,2,1,1
0,0,2,3,1,0
-11,2,0,4,-11,2
10,-11,5,0,10,-11
-11,-11,0,0,-11,-11
-13,2,1,2,-13,1
-13,-13,1,1,-13,-13
1,0,2,3,1,0
0,1,3,2,0,1
2,3,4,2,2,1
10,-11,5,3,10,0
2,-13,6,2,11,1
0,11,4,6,2,11
-13,-11,1,0,-13,-11
10,1,5,2,10,1
-11,1,0,2,-11,1
10,0,5,3,10,0
1,2,2,4,1,2
1,-11,2,0,1,-11
11,2,6,2,11,1
1,-11,2,0,1,-11
0,10,5,5,10,10
-11,10,0,5,-11,10
-13,2,1,4,-13,2
10,2,5,4,10,2
-11,1,0,2,-11,1
-13,1,1,5,-13,10
10,10,5,5,10,10
1,1,2,2,1,1
1,-11,2,0,1,-11
-13,1,1,2,-13,1
0,1,1,2,-13,1
0,1,2,2,1,1
0,-13,3,1,0,-13
2,12,2,6,1,11
0,-11,3,0,0,-11
1,0,2,3,1,0
10,10,5,6,10,11
0,1,3,2,0,1
1,-11,2,0,1,-11
10,-11,5,0,10,-11
2,1,4,2,2,1
1,-13,2,1,1,-13
0,-11,3,0,0,-11
-13,1,1,2,-13,1
1,1,2,2,1,1
-13,11,1,6,-13,11
1,10,6,5,11,10
-13,2,1,2,-13,1
-11,1,0,2,-11,1
-13,1,1,2,-13,1
2,1,4,2,2,1
10,-13,5,1,10,-13
11,-13,7,7,-222,-222
1,11,2,6,1,11
-13,2,1,2,-13,1
-13,1,1,3,-13,0
0,-11,3,0,0,-11
2,-11,2,1,1,-13
-11,11,0,6,-11,11
2,2,2,2,1,1
-11,1,0,4,-11,2
-13,10,1,5,-13,10
2,-13,2,1,1,-13
1,1,3,6,0,11
-13,1,1,2,-13,1
1,1,2,2,1,1
-13,12,1,5,-13,10
1,-13,4,1,2,-13
1,1,2,6,1,11
1,2,2,2,1,1
0,-13,3,2,0,1
2,-13,2,1,1,-13
1,0,2,2,1,1
-13,1,1,2,-13,1
0,3,8,4,-333,2
1,1,2,2,1,1
-11,-11,0,0,-11,-11
10,1,5,2,10,1
10,1,6,2,11,1
-11,10,0,5,-11,10
0,11,3,5,0,10
-11,-11,0,0,-11,-11
10,10,5,5,10,10
-13,3,1,4,-13,2
10,10,6,5,11,10
3,-13,6,1,11,-13
-11,0,0,3,-11,0
1,1,2,2,1,1
-11,-13,0,1,-11,-13
0,11,2,6,1,11
11,-13,5,1,10,-13
-13,-11,1,0,-13,-11
1,-13,6,1,11,-13
-13,0,1,2,-13,1
0,0,3,3,0,0
10,-13,6,1,11,-13
2,1,2,2,1,1
2,2,4,4,2,2
1,0,2,4,1,2
-11,-11,0,0,-11,-11
1,1,2,2,1,1
2,1,4,2,2,1
3,-11,4,0,2,-11
-13,10,1,6,-13,11
-11,-13,0,1,-11,-13
1,1,2,2,1,1
10,0,5,3,10,0
-13,-11,1,0,-13,-11
2,-13,2,1,1,-13
1,10,2,6,1,11
1,10,2,5,1,10
-11,-11,0,0,-11,-11
2,-13,6,1,11,-13
-13,10,1,5,-13,10
1,-11,2,0,1,-11
-11,-11,2,0,1,-11
-11,-11,0,0,-11,-11
10,1,5,2,10,1
2,11,4,5,2,10
0,1,3,2,0,1
-13,-11,1,8,-13,-333
10,1,5,2,10,1
2,1,4,4,2,2
-11,-11,8,0,-333,-11
10,-13,5,1,10,-13
-13,0,1,6,-13,11
1,1,2,4,1,2
-11,-11,0,0,-11,-11
-11,1,0,2,-11,1
1,0,2,3,1,0
-11,1,0,2,-11,1
1,1,2,2,1,1
-13,0,1,3,-13,0
1,2,2,4,1,2
-13,-11,1,0,-13,-11
0,10,3,5,0,10
1,1,2,2,1,1
-13,1,1,4,-13,2
10,1,5,2,10,1
-11,1,0,6,-11,11
1,1,2,2,1,1
1,1,2,2,1,1
10,0,5,3,10,0
1,1,2,2,1,1
-11,-11,0,8,-11,-333
0,1,3,2,0,1
11,1,5,2,10,1
1,0,2,3,1,0
-13,-11,1,1,-13,-13
1,1,2,2,1,1
0,1,3,2,0,1
-11,10,0,5,-11,10
10,-11,5,0,10,-11
0,-11,3,0,0,-11
-13,-11,0,0,-11,-11
0,-13,3,1,0,-13
10,0,6,3,11,0
10,1,5,2,10,1
-11,0,0,2,-11,1
-11,-11,0,0,-11,-11
-11,1,0,2,-11,1
1,1,2,2,1,1
10,1,5,2,10,1
1,1,2,2,1,1
10,10,5,6,10,11
1,1,2,7,1,-222
0,12,3,6,0,11
-13,11,1,6,-13,11
11,-11,5,0,10,-11
11,-13,6,1,11,-13
0,11,3,5,0,10
-11,10,0,5,-11,10
1,1,2,5,1,10
10,-13,5,1,10,-13
-11,0,0,3,-11,0
1,10,2,5,1,10
1,1,2,2,1,1
-13,-13,1,1,-13,-13
1,1,2,2,1,1
1,-11,2,0,1,-11
-13,0,1,3,-13,0
-13,0,1,3,-13,0
1,-13,2,7,1,-222
-11,0,2,2,1,1
0,-11,5,0,10,-11
1,10,2,5,1,10
10,2,5,4,10,2
-13,1,1,8,-13,-333
0,1,3,2,0,1
10,0,5,3,10,0
1,10,2,5,1,10
2,0,2,3,1,0
0,0,3,3,0,0
2,-11,2,0,1,-11
1,-13,2,1,1,-13
0,1,0,2,-11,1
-13,0,1,3,-13,0
-11,-11,0,0,-11,-11
0,-11,3,0,0,-11
1,1,2,2,1,1
-11,1,0,2,-11,1
-13,2,1,4,-13,2
1,0,2,3,1,0
1,-11,2,0,1,-11
10,-13,5,1,10,-13
1,1,2,2,1,1
1,1,2,2,1,1
0,-13,3,1,0,-13
1,2,6,4,11,2
0,0,2,3,1,0
0,10,3,5,0,10
-13,-13,1,1,-13,-13
-11,-11,0,0,-11,-11
10,1,5,2,10,1
11,0,5,3,10,0
1,1,2,2,1,1
2,2,2,4,1,2
-11,2,0,2,-11,1
1,-11,2,0,1,-11
1,-13,2,1,1,-13
-11,2,0,4,-11,2
-13,1,1,2,-13,1
-11,2,0,4,-11,2
2,0,2,3,1,0
0,0,3,3,0,0
-11,11,0,6,-11,11
2,-13,4,3,2,0
-11,1,0,0,-11,-11
1,2,4,6,2,11
1,-13,2,1,1,-13
1,-13,2,1,1,-13
-13,10,1,5,-13,10
0,-13,3,1,0,-13
-11,11,1,5,-13,10
-11,10,0,5,-11,10
-11,11,0,6,-11,11
2,1,4,2,2,1
10,10,5,5,10,10
-11,2,0,6,-11,11
-13,1,1,2,-13,1
1,1,2,2,1,1
1,2,2,4,1,2
0,1,3,6,0,11
1,-13,2,1,1,-13
3,1,4,2,2,1
-13,10,1,5,-13,10
-11,1,0,8,-11,-333
-11,-11,0,0,-11,-11
1,-11,4,0,2,-11
1,2,2,4,1,2
10,-13,6,1,11,-13
1,11,5,6,10,11
0,-13,3,1,0,-13
2,2,6,4,11,2
1,1,2,2,1,1
1,11,2,4,1,2
0,2,3,2,0,1
-11,-13,8,0,-333,-11
10,-13,5,1,10,-13
2,2,2,4,1,2
-11,-11,0,0,-11,-11
-13,0,1,0,-13,-11
-11,-11,0,0,-11,-11
1,2,2,4,1,2
-11,-11,0,0,-11,-11
1,1,2,2,1,1
-11,11,0,5,-11,10
2,2,4,4,2,2
1,-13,2,1,1,-13
-11,12,0,6,-11,11
-13,-11,1,0,-13,-11
-13,1,1,2,-13,1
10,1,5,2,10,1
1,-11,2,0,1,-11
1,10,6,5,11,10
1,-13,2,1,1,-13
2,-13,4,1,2,-13
1,-13,2,1,1,-13
1,-13,6,1,11,-13
10,1,6,2,11,1
-13,-11,1,0,-13,-11
-13,10,1,5,-13,10
-11,10,0,5,-11,10
10,-11,5,0,10,-11
1,3,2,4,1,2
0,-11,5,3,10,0
2,0,6,3,11,0
10,-13,5,1,10,-13
-11,1,0,2,-11,1
1,-11,2,0,1,-11
2,-13,2,1,1,-13
2,-13,2,1,1,-13
11,0,5,5,10,10
0,-13,3,1,0,-13
0,-11,2,0,1,-11
10,10,5,5,10,10
10,1,5,2,10,1
-11,10,0,5,-11,10
-11,-11,0,0,-11,-11
-11,-11,0,0,-11,-11
0,0,1,3,-13,0
1,-13,2,1,1,-13
1,1,2,2,1,1
-11,-11,0,0,-11,-11
2,10,2,5,1,10
1,1,2,6,1,11
0,0,5,3,10,0
-13,0,1,5,-13,10
1,-13,2,1,1,-13
-11,1,0,2,-11,1
-11,-11,0,2,-11,1
10,-13,5,1,10,-13
1,2,2,2,1,1
1,0,2,3,1,0
10,-11,5,0,10,-11
2,-13,2,1,1,-13
0,10,2,5,1,10
1,2,2,6,1,11
-13,0,8,6,-333,11
10,1,6,8,11,-333
10,10,5,5,10,10
1,-11,4,0,2,-11
2,-13,4,1,2,-13
-13,-13,1,1,-13,-13
1,-11,2,2,1,1
10,-11,5,2,10,1
1,-11,2,0,1,-11
-11,-11,0,0,-11,-11
-13,-13,1,1,-13,-13
2,2,2,4,1,2
0,-11,3,0,0,-11
1,-13,2,1,1,-13
1,1,3,2,0,1
1,0,2,3,1,0
-11,1,0,2,-11,1
0,1,3,2,0,1
10,1,5,2,10,1
1,0,2,3,1,0
11,10,6,6,11,11
0,10,3,5,0,10
2,-13,4,1,2,-13
-11,-11,0,0,-11,-11
-13,0,1,3,-13,0
1,-13,4,1,2,-13
11,1,6,2,11,1
11,0,5,3,10,0
10,0,5,3,10,0
-11,-13,0,1,-11,-13
1,-11,2,1,1,-13
10,0,6,6,11,11
2,2,4,4,2,2
10,1,6,2,11,1
-13,-11,1,0,-13,-11
-13,0,1,5,-13,10
-13,-11,1,0,-13,-11
2,1,2,1,1,-13
1,10,2,6,1,11
1,0,2,3,1,0
-11,10,0,5,-11,10
1,10,2,6,1,11
-13,-11,1,0,-13,-11
10,-11,6,0,11,-11
1,-11,2,0,1,-11
0,1,3,6,0,11
10,-11,5,0,10,-11
1,-11,2,0,1,-11
-13,2,1,4,-13,2
-11,-13,0,1,-11,-13
-13,0,1,3,-13,0
0,0,3,3,0,0
1,-11,6,0,11,-11
1,-13,2,1,1,-13
10,0,5,3,10,0
1,-13,2,1,1,-13
1,-13,2,1,1,-13
-13,0,1,3,-13,0
1,0,2,2,1,1
-11,1,0,2,-11,1
1,-11,2,0,1,-11
1,2,3,2,0,1
12,0,6,3,11,0
1,-11,2,0,1,-11
2,2,2,4,1,2
-13,-13,1,1,-13,-13
2,-13,2,1,1,-13
1,-13,2,1,1,-13
2,1,4,4,2,2
1,11,2,5,1,10
10,10,5,5,10,10
1,1,2,6,1,11
-11,2,0,4,-11,2
10,0,4,2,2,1
-11,-13,0,1,-11,-13
-11,0,0,3,-11,0
0,-13,3,8,0,-333
2,-13,4,1,2,-13
-13,0,1,3,-13,0
2,10,2,5,1,10
-13,2,1,4,-13,2
-13,-11,1,0,-13,-11
-13,10,1,5,-13,10
-11,2,0,4,-11,2
0,1,3,2,0,1
1,0,2,3,1,0
11,1,5,2,10,1
-13,-11,1,0,-13,-11
0,-11,3,0,0,-11
0,2,3,4,0,2
-13,10,1,5,-13,10
-11,0,1,3,-13,0
1,1,6,2,11,1
0,2,3,6,0,11
-13,-11,1,0,-13,-11
0,-13,3,1,0,-13
0,2,2,2,1,1
1,1,5,2,10,1
1,10,2,6,1,11
11,-13,2,1,1,-13
1,11,2,2,1,1
0,0,2,2,1,1
10,-13,5,1,10,-13
10,1,5,6,10,11
10,0,5,3,10,0
2,0,2,8,1,-333
-13,-11,1,0,-13,-11
-13,1,1,2,-13,1
-13,1,1,2,-13,1
-11,-13,0,1,-11,-13
2,1,4,2,2,1
-13,-11,6,0,11,-11
2,-11,3,0,0,-11
-13,0,1,6,-13,11
1,-11,6,0,11,-11
11,-13,6,1,11,-13
2,1,4,2,2,1
1,0,2,3,1,0
-13,3,1,4,-13,2
-11,-11,0,0,-11,-11
-11,-13,0,1,-11,-13
1,11,2,6,1,11
1,-13,2,1,1,-13
0,2,3,6,0,11
2,11,4,5,2,10
1,-13,2,1,1,-13
2,1,4,2,2,1
1,-11,4,0,2,-11
-11,-11,0,0,-11,-11
-13,10,1,6,-13,11
1,1,2,2,1,1
1,1,2,2,1,1
-13,0,1,0,-13,-11
1,-13,2,1,1,-13
-13,10,1,5,-13,10
10,-13,5,1,10,-13
1,0,2,3,1,0
2,-11,2,0,1,-11
-11,1,0,2,-11,1
1,11,2,6,1,11
-11,-11,0,0,-11,-11
10,1,5,2,10,1
2,10,2,5,1,10
11,2,6,4,11,2
11,-13,1,5,-13,10
10,-13,5,1,10,-13
-11,2,0,2,-11,1
0,-11,3,0,0,-11
1,-11,2,8,1,-333
-11,11,7,6,-222,11
1,-11,2,0,1,-11
-13,0,2,6,1,11
3,0,6,5,11,10
1,-13,2,1,1,-13
-11,0,0,3,-11,0
-13,-13,1,1,-13,-13
10,1,6,2,11,1
10,1,5,2,10,1
1,-13,2,1,1,-13
-11,-13,0,1,-11,-13
1,10,2,6,1,11
0,0,3,3,0,0
1,11,2,5,1,10
10,2,5,2,10,1
1,1,2,2,1,1
-11,-13,0,1,-11,-13
2,10,4,5,2,10
-11,10,0,5,-11,10
-11,0,0,3,-11,0
-13,1,1,2,-13,1
1,2,2,2,1,1
-11,11,0,6,-11,11
-11,10,0,5,-11,10
1,11,2,6,1,11
-11,-13,0,1,-11,-13
1,10,2,5,1,10
10,-11,5,0,10,-11
10,-11,5,0,10,-11
10,-11,5,0,10,-11
11,0,6,2,11,1
1,2,2,4,1,2
-11,10,0,5,-11,10
1,1,2,2,1,1
0,0,3,2,0,1
2,-11,4,0,2,-11
12,0,6,3,11,0
2,1,2,4,1,2
1,1,2,2,1,1
-11,1,0,2,-11,1
10,10,5,5,10,10
-13,-13,1,1,-13,-13
10,11,5,5,10,10
2,-13,6,1,11,-13
11,2,6,2,11,1
0,2,3,4,0,2
-11,11,0,5,-11,10
-11,11,0,6,-11,11
1,-13,2,3,1,0
0,-13,3,1,0,-13
-11,11,0,6,-11,11
1,10,2,5,1,10
0,1,3,2,0,1
0,1,3,2,0,1
2,-11,2,0,1,-11
1,-13,2,1,1,-13
0,1,3,2,0,1
1,-13,2,1,1,-13
-11,0,0,5,-11,10
2,11,4,6,2,11
1,1,2,4,1,2
-11,-11,0,0,-11,-11
10,-13,6,1,11,-13
0,1,3,2,0,1
-11,-13,0,1,-11,-13
2,-13,2,1,1,-13
-13,-13,1,1,-13,-13
10,0,5,3,10,0
11,-11,5,0,10,-11
-11,-11,2,0,1,-11
0,-11,3,0,0,-11
-11,-13,1,3,-13,0
1,11,2,5,1,10
10,11,6,6,11,11
-13,-13,1,1,-13,-13
-11,0,0,3,-11,0
-11,1,0,2,-11,1
0,-13,3,1,0,-13
-13,2,1,2,-13,1
-13,10,1,5,-13,10
-11,-13,1,1,-13,-13
11,-11,6,0,11,-11
10,-11,5,0,10,-11
-11,1,0,2,-11,1
11,1,6,2,11,1
2,1,2,2,1,1
-13,1,1,2,-13,1
2,1,2,2,1,1
-13,10,1,5,-13,10
-11,11,0,6,-11,11
10,-11,6,0,11,-11
2,0,2,3,1,0
0,1,2,2,1,1
0,-11,3,0,0,-11
-11,0,0,3,-11,0
2,1,2,2,1,1
2,-11,2,2,1,1
10,1,5,2,10,1
1,10,2,5,1,10
1,10,2,5,1,10
2,2,4,4,2,2
-13,1,1,2,-13,1
-11,1,0,2,-11,1
1,1,2,2,1,1
-13,-13,1,1,-13,-13
0,1,0,2,-11,1
1,-11,6,1,11,-13
10,-11,5,0,10,-11
2,0,2,3,1,0
1,2,4,6,2,11
10,10,5,6,10,11
2,1,2,0,1,-11
1,-13,2,2,1,1
1,0,2,3,1,0
2,11,2,6,1,11
1,2,2,4,1,2
10,-13,5,1,10,-13
1,-13,2,1,1,-13
1,1,2,2,1,1
-13,2,1,4,-13,2
-11,-11,0,0,-11,-11
1,10,2,5,1,10
1,-13,2,1,1,-13
-11,3,0,4,-11,2
10,-11,6,0,11,-11
-13,1,1,2,-13,1
-11,1,0,2,-11,1
10,1,5,2,10,1
-13,-13,1,1,-13,-13
11,-11,5,2,10,1
1,1,2,2,1,1
1,3,2,4,1,2
-11,2,0,4,-11,2
2,-13,4,1,2,-13
1,-11,2,0,1,-11
1,10,2,5,1,10
-13,-11,1,0,-13,-11
1,2,2,4,1,2
1,2,2,4,1,2
-11,2,0,2,-11,1
1,-11,4,0,2,-11
1,0,2,3,1,0
1,-13,2,1,1,-13
1,1,2,2,1,1
1,-11,2,0,1,-11
1,-11,2,0,1,-11
1,1,2,2,1,1
-11,1,0,2,-11,1
11,-11,5,0,10,-11
-13,10,1,5,-13,10
11,-13,6,1,11,-13
2,-11,2,0,1,-11
-13,1,1,2,-13,1
1,-11,2,0,1,-11
1,1,2,2,1,1
10,-11,6,2,11,1
0,-13,3,1,0,-13
1,3,2,4,1,2
-11,0,0,3,-11,0
10,11,5,5,10,10
-11,-11,0,0,-11,-11
1,1,2,4,1,2
-11,-11,2,0,1,-11
-11,1,0,2,-11,1
-11,2,0,4,-11,2
1,-13,2,1,1,-13
2,-11,4,0,2,-11
2,-13,4,1,2,-13
0,1,3,2,0,1
-11,1,0,2,-11,1
0,-11,3,0,0,-11
0,1,5,2,10,1
1,1,2,2,1,1
-13,-13,1,1,-13,-13
2,-11,2,7,1,-222
0,-11,5,0,10,-11
10,-13,6,1,11,-13
10,2,5,4,10,2
10,2,5,4,10,2
10,-13,5,1,10,-13
1,-11,6,0,11,-11
-13,1,1,2,-13,1
3,11,6,6,11,11
1,0,2,3,1,0
-11,2,0,2,-11,1
1,2,6,4,11,2
-13,1,1,2,-13,1
2,-13,2,1,1,-13
-11,1,0,2,-11,1
0,2,1,0,-13,-11
2,0,4,3,2,0
10,-13,5,2,10,1
12,0,6,3,11,0
1,3,2,4,1,2
1,10,0,5,-11,10
10,-13,5,1,10,-13
-11,-11,0,0,-11,-11
1,1,2,2,1,1
11,-13,6,1,11,-13
11,0,6,3,11,0
1,10,2,5,1,10
10,0,6,3,11,0
0,2,3,4,0,2
2,11,2,6,1,11
10,-13,5,1,10,-13
2,10,2,5,1,10
11,0,6,2,11,1
-11,10,0,5,-11,10
1,-11,2,0,1,-11
0,-13,3,1,0,-13
0,0,3,3,0,0
-13,1,1,2,-13,1
-13,1,1,2,-13,1
-11,11,0,6,-11,11
-11,10,0,5,-11,10
0,-13,3,1,0,-13
1,-11,2,0,1,-11
0,11,3,6,0,11
-13,-13,1,1,-13,-13
0,-13,3,1,0,-13
-11,3,8,4,-333,2
1,-13,4,1,2,-13
1,-11,2,0,1,-11
1,-13,5,1,10,-13
1,10,3,5,0,10
-11,-11,0,0,-11,-11
1,0,2,3,1,0
2,-11,2,0,1,-11
1,-11,2,0,1,-11
-11,-13,0,1,-11,-13
-13,2,8,4,-333,2
2,0,6,3,11,0
-11,0,0,1,-11,-13
-13,0,1,3,-13,0
1,10,2,6,1,11
10,-11,5,0,10,-11
-13,-13,1,1,-13,-13
11,-11,6,0,11,-11
1,1,2,2,1,1
-11,1,0,0,-11,-11
1,-13,2,1,1,-13
-13,1,1,2,-13,1
1,-13,2,1,1,-13
-11,-11,0,0,-11,-11
-13,10,1,5,-13,10
-13,1,1,2,-13,1
-11,-11,0,0,-11,-11
11,0,5,3,10,0
1,11,2,6,1,11
1,10,2,5,1,10
10,1,5,2,10,1
0,-11,3,0,0,-11
0,2,1,4,-13,2
1,-13,2,1,1,-13
-11,10,0,5,-11,10
0,-13,1,1,-13,-13
1,1,2,6,1,11
1,1,2,2,1,1
0,10,3,6,0,11
10,0,5,2,10,1
-13,-13,1,1,-13,-13
10,-13,5,1,10,-13
11,-13,6,1,11,-13
11,-11,6,2,11,1
1,2,5,4,10,2
1,11,2,6,1,11
1,10,2,6,1,11
-13,11,1,6,-13,11
0,10,3,5,0,10
-11,10,0,5,-11,10
-11,0,0,3,-11,0
1,10,2,5,1,10
-13,0,1,3,-13,0
1,1,2,2,1,1
1,1,2,2,1,1
0,-13,5,3,10,0
-13,1,1,2,-13,1
1,0,2,3,1,0
10,1,5,2,10,1
0,-13,3,1,0,-13
-11,1,0,2,-11,1
1,2,2,6,1,11
-13,-11,1,0,-13,-11
10,11,6,6,11,11
2,10,4,5,2,10
-13,1,1,2,-13,1
0,-13,3,3,0,0
-11,1,0,2,-11,1
1,-11,2,0,1,-11
2,10,6,5,11,10
0,2,3,4,0,2
12,1,6,2,11,1
-13,1,1,4,-13,2
1,11,2,5,1,10
0,-11,3,0,0,-11
1,2,2,2,1,1
-13,1,1,2,-13,1
1,0,2,3,1,0
1,1,2,2,1,1
0,0,3,3,0,0
11,2,6,4,11,2
-13,-13,1,1,-13,-13
0,1,3,6,0,11
1,2,4,2,2,1
1,1,2,2,1,1
-13,2,1,4,-13,2
1,-11,2,0,1,-11
0,1,3,8,0,-333
0,0,2,3,1,0
2,0,2,3,1,0
1,1,2,4,1,2
2,1,4,2,2,1
2,0,4,3,2,0
10,-11,5,0,10,-11
0,1,3,2,0,1
1,10,2,5,1,10
12,0,6,3,11,0
-13,0,1,3,-13,0
1,1,2,2,1,1
-11,-13,0,1,-11,-13
1,-11,2,2,1,1
10,-13,5,1,10,-13
10,-11,5,0,10,-11
-13,-11,1,0,-13,-11
11,-11,6,0,11,-11
2,2,6,4,11,2
2,10,4,6,2,11
0,11,3,6,0,11
1,-13,2,1,1,-13
0,-11,3,0,0,-11
-13,1,1,0,-13,-11
0,1,3,2,0,1
-13,-11,1,0,-13,-11
-11,1,0,2,-11,1
1,1,2,2,1,1
1,10,2,5,1,10
0,-13,3,1,0,-13
11,-13,5,1,10,-13
2,0,2,1,1,-13
1,0,2,1,1,-13
2,10,4,5,2,10
1,-13,2,1,1,-13
-11,10,0,5,-11,10
10,0,5,3,10,0
0,-13,3,1,0,-13
0,-13,3,1,0,-13
2,-11,2,0,1,-11
11,1,6,2,11,1
-11,1,0,2,-11,1
2,1,4,2,2,1
2,2,2,4,1,2
-13,0,1,3,-13,0
0,2,3,2,0,1
2,-11,4,0,2,-11
-11,-13,0,8,-11,-333
1,10,2,5,1,10
1,1,2,2,1,1
10,2,5,4,10,2
-13,-13,1,1,-13,-13
2,10,2,5,1,10
1,1,2,2,1,1
-13,1,1,4,-13,2
-13,-13,3,1,0,-13
10,1,5,2,10,1
10,0,5,3,10,0
1,-13,2,1,1,-13
1,2,4,4,2,2
11,-13,6,1,11,-13
-13,1,1,2,-13,1
0,-11,3,0,0,-11
2,-11,2,2,1,1
-11,2,0,6,-11,11
-11,1,0,4,-11,2
-11,-11,0,0,-11,-11
2,1,4,4,2,2
-13,2,1,2,-13,1
2,1,2,2,1,1
2,-11,2,0,1,-11
2,-13,2,1,1,-13
-13,-13,1,1,-13,-13
1,2,6,6,11,11
1,-11,2,0,1,-11
1,1,2,2,1,1
11,-11,5,0,10,-11
10,1,5,2,10,1
-13,-11,1,0,-13,-11
2,-11,2,0,1,-11
-13,-13,1,1,-13,-13
-13,-13,1,1,-13,-13
10,-11,5,0,10,-11
1,-13,2,1,1,-13
2,-11,4,0,2,-11
1,-11,2,2,1,1
10,-11,5,2,10,1
2,1,4,2,2,1
11,1,5,3,10,0
2,0,2,3,1,0
-11,1,0,2,-11,1
1,1,4,2,2,1
-13,0,1,3,-13,0
2,2,2,4,1,2
-13,10,1,5,-13,10
3,-11,4,0,2,-11
1,2,2,4,1,2
-13,-13,1,1,-13,-13
10,0,6,3,11,0
-11,2,0,2,-11,1
2,1,2,2,1,1
0,11,3,6,0,11
-11,-11,0,2,-11,1
1,1,2,2,1,1
11,11,5,6,10,11
0,-11,3,0,0,-11
-13,11,1,5,-13,10
-11,1,0,2,-11,1
2,10,2,5,1,10
-13,2,1,4,-13,2
-11,-13,1,1,-13,-13
-11,-13,0,1,-11,-13
1,-11,2,0,1,-11
-11,-13,0,1,-11,-13
-13,1,1,2,-13,1
11,-13,5,1,10,-13
-11,1,2,2,1,1
0,1,3,2,0,1
11,1,6,2,11,1
1,2,2,6,1,11
-13,-11,1,0,-13,-11
-13,1,1,2,-13,1
2,1,2,2,1,1
-13,-13,1,1,-13,-13
2,-11,2,0,1,-11
-13,-13,1,1,-13,-13
1,0,2,3,1,0
-13,2,1,4,-13,2
2,10,2,5,1,10
-13,0,1,2,-13,1
0,-11,3,0,0,-11
2,1,2,3,1,0
2,10,4,5,2,10
1,0,5,3,10,0
0,-13,5,1,10,-13
1,11,2,5,1,10
2,11,4,5,2,10
11,0,6,3,11,0
-11,1,0,2,-11,1
10,-13,5,1,10,-13
-13,1,1,2,-13,1
2,-13,6,1,11,-13
1,-11,2,0,1,-11
2,-11,4,2,2,1
1,11,2,5,1,10
1,1,2,2,1,1
-13,1,1,2,-13,1
-13,2,1,4,-13,2
2,2,4,4,2,2
1,1,2,2,1,1
1,1,2,2,1,1
-11,2,0,2,-11,1
0,-13,5,1,10,-13
11,-13,5,1,10,-13
0,1,3,2,0,1
1,1,2,2,1,1
10,-11,5,0,10,-11
-11,1,0,2,-11,1
11,-13,6,1,11,-13
1,-11,2,0,1,-11
2,1,4,2,2,1
1,11,2,5,1,10
1,-11,0,8,-11,-333
-13,2,1,4,-13,2
1,2,2,2,1,1
-11,2,0,4,-11,2
1,1,2,2,1,1
0,2,3,4,0,2
-13,2,0,2,-11,1
10,3,5,4,10,2
10,10,2,5,1,10
1,1,2,2,1,1
2,-13,4,1,2,-13
-13,-11,1,0,-13,-11
10,1,5,5,10,10
-11,1,0,2,-11,1
1,-11,2,0,1,-11
1,1,2,2,1,1
-13,2,1,4,-13,2
-11,1,0,2,-11,1
0,-13,5,1,10,-13
1,-11,2,0,1,-11
-13,1,1,2,-13,1
2,-11,4,0,2,-11
1,-11,2,0,1,-11
-11,-13,0,1,-11,-13
-13,-13,1,1,-13,-13
1,1,2,2,1,1
-13,-11,1,0,-13,-11
1,-11,2,0,1,-11
10,0,5,5,10,10
2,10,6,5,11,10
0,11,3,6,0,11
1,0,2,3,1,0
-11,0,0,3,-11,0
1,-11,2,0,1,-11
-11,-13,0,1,-11,-13
-11,10,0,5,-11,10
-13,11,1,6,-13,11
1,-13,2,1,1,-13
-11,2,0,4,-11,2
2,1,4,2,2,1
10,3,5,6,10,11
1,-13,2,1,1,-13
10,-13,5,1,10,-13
2,10,4,5,2,10
11,1,6,2,11,1
2,1,4,2,2,1
-13,1,1,2,-13,1
0,1,3,2,0,1
-13,1,1,2,-13,1
-13,-13,1,1,-13,-13
10,2,5,8,10,-333
1,-13,4,1,2,-13
2,-11,2,0,1,-11
2,1,4,2,2,1
11,2,5,8,10,-333
2,1,4,2,2,1
1,-13,4,1,2,-13
2,10,6,5,11,10
-11,-13,0,1,-11,-13
11,2,6,4,11,2
10,2,5,4,10,2
3,2,4,4,2,2
-13,-13,0,1,-11,-13
2,1,6,2,11,1
1,1,2,2,1,1
10,-11,6,0,11,-11
-13,0,1,3,-13,0
0,2,3,4,0,2
-11,10,0,5,-11,10
10,-13,5,1,10,-13
1,-11,2,1,1,-13
1,11,2,5,1,10
-13,1,1,2,-13,1
0,0,3,2,0,1
0,11,5,6,10,11
0,-13,6,1,11,-13
0,0,3,3,0,0
10,-13,6,3,11,0
-13,1,1,2,-13,1
1,1,2,2,1,1
10,-13,5,1,10,-13
-11,-13,0,1,-11,-13
1,10,2,5,1,10
-13,10,1,5,-13,10
-11,1,0,2,-11,1
11,-13,6,1,11,-13
1,2,2,4,1,2
-13,0,8,5,-333,10
-11,2,0,2,-11,1
1,1,2,2,1,1
-11,10,0,5,-11,10
-13,1,1,6,-13,11
0,-11,3,0,0,-11
-11,1,2,2,1,1
-11,-13,2,1,1,-13
-13,1,1,2,-13,1
1,1,2,4,1,2
1,-13,8,0,-333,-11
-13,1,1,4,-13,2
10,1,5,2,10,1
0,1,3,2,0,1
-13,11,1,5,-13,10
10,10,5,5,10,10
1,2,2,4,1,2
2,1,4,2,2,1
2,10,2,5,1,10
11,1,6,2,11,1
1,-13,2,1,1,-13
1,0,6,3,11,0
1,1,2,2,1,1
1,-11,2,0,1,-11
1,1,2,2,1,1
10,-11,4,0,2,-11
10,-11,5,0,10,-11
-11,1,0,2,-11,1
0,0,3,3,0,0
1,1,2,2,1,1
-11,-13,0,1,-11,-13
1,1,2,2,1,1
1,2,2,6,1,11
1,-13,2,1,1,-13
1,1,2,2,1,1
10,11,5,5,10,10
-13,10,1,6,-13,11
10,10,5,5,10,10
10,1,5,2,10,1
2,-11,6,0,11,-11
0,-13,3,1,0,-13
2,1,2,4,1,2
2,-13,4,1,2,-13
0,0,3,3,0,0
-11,1,0,2,-11,1
-13,2,1,4,-13,2
1,-11,6,4,11,2
0,1,3,2,0,1
1,1,4,2,2,1
1,11,2,6,1,11
-13,1,1,4,-13,2
-11,1,0,4,-11,2
-11,11,0,6,-11,11
10,10,5,5,10,10
-13,-11,1,0,-13,-11
-13,1,1,2,-13,1
1,-13,6,1,11,-13
2,0,6,3,11,0
11,-11,6,0,11,-11
1,12,2,6,1,11
0,1,4,0,2,-11
1,-11,2,0,1,-11
3,1,4,2,2,1
-11,-13,2,1,1,-13
-13,-13,1,1,-13,-13
1,10,2,5,1,10
-11,0,0,3,-11,0
-11,1,2,4,1,2
1,-11,2,0,1,-11
-11,2,0,4,-11,2
10,-13,5,1,10,-13
10,-11,5,0,10,-11
1,2,2,2,1,1
10,-11,2,0,1,-11
10,0,5,3,10,0
1,3,2,4,1,2
-11,-11,0,0,-11,-11
0,1,6,2,11,1
-11,2,8,2,-333,1
1,10,2,5,1,10
1,-13,2,1,1,-13
-11,-13,0,1,-11,-13
0,-11,3,0,0,-11
-11,1,0,2,-11,1
-13,10,2,5,1,10
1,-11,2,0,1,-11
0,-11,3,0,0,-11
0,2,3,4,0,2
-13,-11,1,0,-13,-11
0,-11,3,0,0,-11
-13,-11,1,0,-13,-11
-11,-13,0,1,-11,-13
2,11,4,6,2,11
3,-11,4,0,2,-11
-13,-11,1,0,-13,-11
-13,0,1,3,-13,0
-11,-13,0,1,-11,-13
0,3,3,4,0,2
1,1,4,2,2,1
1,1,2,6,1,11
0,1,3,3,0,0
0,2,3,4,0,2
0,10,3,5,0,10
1,10,2,5,1,10
0,0,3,3,0,0
11,-11,6,8,11,-333
0,0,3,3,0,0
-11,-13,0,1,-11,-13
-13,11,1,6,-13,11
10,10,5,6,10,11
1,1,2,2,1,1
-11,-13,0,1,-11,-13
2,-11,4,0,2,-11
0,1,2,2,1,1
2,11,2,6,1,11
2,-11,4,0,2,-11
10,-11,5,0,10,-11
-11,1,2,2,1,1
0,-11,3,0,0,-11
10,2,6,4,11,2
1,-11,4,0,2,-11
-11,12,0,4,-11,2
1,-13,4,1,2,-13
-13,-11,8,0,-333,-11
1,10,2,6,1,11
1,2,2,4,1,2
0,11,3,6,0,11
10,10,5,5,10,10
10,1,5,2,10,1
-11,-11,0,0,-11,-11
11,0,6,3,11,0
1,-11,2,0,1,-11
10,1,5,2,10,1
1,2,2,4,1,2
-11,-11,2,8,1,-333
1,1,2,2,1,1
2,2,2,4,1,2
1,-11,2,0,1,-11
-13,10,1,5,-13,10
-11,1,0,2,-11,1
11,-11,6,0,11,-11
-13,-11,1,0,-13,-11
0,-13,3,1,0,-13
11,1,6,2,11,1
-11,-11,0,0,-11,-11
10,2,6,2,11,1
-11,-13,2,2,1,1
-13,1,1,5,-13,10
-13,-11,1,0,-13,-11
-11,0,0,3,-11,0
0,10,3,5,0,10
-13,2,1,4,-13,2
11,1,6,2,11,1
0,1,1,3,-13,0
-13,1,1,3,-13,0
1,-13,2,1,1,-13
2,-13,2,1,1,-13
-11,1,0,2,-11,1
1,-11,3,1,0,-13
1,1,2,2,1,1
10,-13,5,1,10,-13
11,1,6,6,11,11
-11,2,0,4,-11,2
0,10,3,5,0,10
1,2,2,4,1,2
0,1,3,4,0,2
1,2,2,4,1,2
-13,10,1,6,-13,11
11,-13,6,1,11,-13
1,1,1,2,-13,1
11,-13,6,1,11,-13
0,-11,3,0,0,-11
1,1,2,2,1,1
1,11,2,6,1,11
-13,1,1,2,-13,1
-13,1,1,2,-13,1
1,1,2,2,1,1
1,0,2,0,1,-11
-11,-13,0,1,-11,-13
1,-13,2,1,1,-13
1,10,2,5,1,10
-11,2,0,6,-11,11
-11,-13,0,1,-11,-13
1,1,2,4,1,2
-13,-11,8,0,-333,-11
1,1,2,2,1,1
-11,-11,0,0,-11,-11
1,0,2,3,1,0
-13,-13,1,1,-13,-13
2,1,2,2,1,1
-13,0,1,3,-13,0
10,0,5,3,10,0
1,-11,6,0,11,-11
2,-11,6,2,11,1
1,0,2,2,1,1
-13,1,1,2,-13,1
2,10,4,6,2,11
1,1,3,2,0,1
-11,11,0,5,-11,10
2,1,4,2,2,1
10,1,5,2,10,1
-11,-11,0,0,-11,-11
0,0,3,3,0,0
-11,-11,0,0,-11,-11
10,1,5,2,10,1
2,0,7,5,-222,10
-13,-13,1,1,-13,-13
2,1,2,2,1,1
2,10,4,5,2,10
2,10,2,5,1,10
-13,-13,1,1,-13,-13
-11,-13,0,1,-11,-13
0,-13,3,1,0,-13
1,1,2,2,1,1
0,1,3,2,0,1
10,-11,5,0,10,-11
1,11,2,6,1,11
2,10,4,5,2,10
-11,10,0,5,-11,10
3,2,4,4,2,2
-13,-11,1,0,-13,-11
-13,-13,1,1,-13,-13
-11,0,0,2,-11,1
2,-13,2,1,1,-13
10,-13,2,1,1,-13
10,0,5,5,10,10
1,2,2,3,1,0
10,1,5,2,10,1
1,1,2,2,1,1
1,0,2,3,1,0
0,2,3,6,0,11
11,1,5,2,10,1
-11,-13,2,1,1,-13
-13,-13,1,1,-13,-13
0,1,1,2,-13,1
0,-11,3,0,0,-11
-13,1,1,2,-13,1
2,-11,2,0,1,-11
-11,0,0,3,-11,0
0,0,3,2,0,1
0,1,3,2,0,1
3,1,4,3,2,0
0,1,3,2,0,1
1,-11,2,0,1,-11
12,1,6,2,11,1
-11,-11,0,0,-11,-11
-11,1,0,6,-11,11
-11,-11,0,2,-11,1
-13,-11,1,0,-13,-11
3,0,4,2,2,1
-13,10,1,5,-13,10
2,3,4,4,2,2
2,1,2,2,1,1
-13,-13,1,1,-13,-13
1,-11,4,2,2,1
1,-13,2,1,1,-13
-13,0,1,6,-13,11
1,11,2,6,1,11
-13,0,1,3,-13,0
-13,1,8,2,-333,1
10,1,5,2,10,1
-11,10,0,5,-11,10
1,-13,2,1,1,-13
0,2,3,4,0,2
11,1,6,2,11,1
-13,-11,1,0,-13,-11
2,1,4,2,2,1
11,-11,6,0,11,-11
10,2,5,4,10,2
-11,1,0,2,-11,1
11,-11,5,0,10,-11
-13,1,1,4,-13,2
-11,1,0,2,-11,1
2,10,2,5,1,10
-11,-13,0,1,-11,-13
-11,0,0,3,-11,0
1,11,2,6,1,11
0,-11,3,0,0,-11
2,-13,4,1,2,-13
2,1,2,2,1,1
1,-11,2,0,1,-11
10,2,5,4,10,2
1,2,2,4,1,2
11,-13,6,1,11,-13
1,1,2,4,1,2
0,2,2,4,1,2
1,0,6,3,11,0
-11,0,0,3,-11,0
-13,-11,1,1,-13,-13
2,2,2,4,1,2
1,-13,2,1,1,-13
0,11,3,5,0,10
0,-11,2,0,1,-11
1,1,2,2,1,1
10,1,5,5,10,10
1,-11,3,0,0,-11
-11,0,0,3,-11,0
11,10,6,7,11,-222
3,10,6,5,11,10
-13,-11,1,0,-13,-11
-13,0,0,3,-11,0
0,10,3,5,0,10
0,-11,3,0,0,-11
12,-11,6,0,11,-11
1,-13,2,1,1,-13
1,1,2,2,1,1
0,1,3,4,0,2
1,1,2,4,1,2
1,-11,2,0,1,-11
1,-13,2,1,1,-13
2,1,2,2,1,1
1,0,2,3,1,0
-11,2,0,2,-11,1
2,0,4,6,2,11
1,2,2,4,1,2
-11,-13,0,1,-11,-13
10,1,5,2,10,1
2,0,4,3,2,0
1,10,2,6,1,11
1,-11,2,0,1,-11
2,-11,2,2,1,1
-13,-13,1,1,-13,-13
1,-13,2,1,1,-13
1,1,3,2,0,1
-13,-13,1,1,-13,-13
-13,2,1,4,-13,2
0,10,4,5,2,10
1,10,2,5,1,10
-13,-11,1,2,-13,1
1,-13,5,1,10,-13
10,-11,5,0,10,-11
-13,1,1,2,-13,1
2,1,4,2,2,1
10,-11,5,0,10,-11
1,1,2,2,1,1
0,11,3,6,0,11
1,1,3,2,0,1
11,10,6,5,11,10
11,2,6,2,11,1
11,0,5,3,10,0
0,-11,3,0,0,-11
-13,11,1,6,-13,11
-13,-11,1,0,-13,-11
-11,1,0,4,-11,2
1,1,2,2,1,1
10,0,5,2,10,1
1,-13,2,1,1,-13
1,-11,2,0,1,-11
0,1,6,2,11,1
11,-11,2,2,1,1
0,11,3,6,0,11
-11,12,0,6,-11,11
0,-11,3,0,0,-11
1,0,2,3,1,0
-13,2,0,2,-11,1
2,1,6,2,11,1
-11,-11,0,0,-11,-11
1,10,4,2,2,1
-13,1,1,2,-13,1
0,-13,3,1,0,-13
11,0,6,3,11,0
-11,10,0,5,-11,10
0,1,6,2,11,1
11,2,5,5,10,10
-13,1,1,2,-13,1
-11,1,0,2,-11,1
0,10,3,5,0,10
1,2,4,6,2,11
1,1,2,2,1,1
1,1,2,8,1,-333
2,0,2,3,1,0
-13,-11,1,0,-13,-11
10,-11,5,0,10,-11
0,-13,2,1,1,-13
2,2,4,6,2,11
10,10,5,5,10,10
1,-13,2,1,1,-13
0,-11,3,0,0,-11
1,2,2,4,1,2
-13,0,1,3,-13,0
-13,10,1,5,-13,10
1,-11,2,0,1,-11
-13,1,1,2,-13,1
-11,-13,0,1,-11,-13
3,11,4,6,2,11
10,1,5,2,10,1
-11,-13,0,1,-11,-13
-11,-13,0,1,-11,-13
1,1,2,6,1,11
1,-11,2,0,1,-11
-13,1,1,2,-13,1
1,10,2,5,1,10
11,-13,6,1,11,-13
-11,-11,0,0,-11,-11
1,0,2,3,1,0
0,-11,3,0,0,-11
-11,-13,0,1,-11,-13
11,1,6,2,11,1
1,1,2,2,1,1
10,0,6,3,11,0
1,10,2,5,1,10
10,1,5,2,10,1
-13,1,1,2,-13,1
-11,10,0,5,-11,10
-11,11,0,6,-11,11
-11,1,0,2,-11,1
0,1,3,2,0,1
11,-13,4,1,2,-13
0,-11,3,0,0,-11
11,1,5,2,10,1
-11,2,0,4,-11,2
12,1,6,2,11,1
1,-13,2,8,1,-333
-13,-13,1,2,-13,1
0,1,3,2,0,1
2,11,4,6,2,11
10,2,5,4,10,2
2,-13,6,1,11,-13
10,1,5,2,10,1
1,-11,2,0,1,-11
-13,0,1,3,-13,0
0,1,3,2,0,1
-13,10,3,5,0,10
-11,1,0,5,-11,10
1,2,2,4,1,2
2,1,2,2,1,1
1,10,4,5,2,10
1,0,2,3,1,0
-11,-13,0,8,-11,-333
1,10,2,6,1,11
1,-13,2,1,1,-13
-13,0,1,3,-13,0
2,2,2,4,1,2
0,0,2,3,1,0
12,2,6,4,11,2
-13,-11,1,2,-13,1
-11,-13,0,8,-11,-333
-11,-11,0,0,-11,-11
11,0,6,3,11,0
1,2,6,2,11,1
-11,0,0,0,-11,-11
0,-13,3,1,0,-13
10,0,6,3,11,0
-11,-13,2,1,1,-13
-11,1,0,2,-11,1
0,10,3,6,0,11
0,1,2,2,1,1
0,0,3,3,0,0
11,0,6,1,11,-13
10,10,5,5,10,10
2,1,2,2,1,1
-13,-13,0,1,-11,-13
0,2,3,4,0,2
-13,2,1,2,-13,1
-11,0,0,3,-11,0
0,0,2,4,1,2
-13,0,1,5,-13,10
1,1,4,5,2,10
-13,1,1,2,-13,1
0,-11,3,0,0,-11
0,1,7,5,-222,10
1,-11,4,0,2,-11
-13,1,1,2,-13,1
11,10,6,5,11,10
10,-13,5,1,10,-13
-13,3,0,4,-11,2
1,-11,2,0,1,-11
-13,1,1,4,-13,2
0,1,3,8,0,-333
1,3,2,6,1,11
1,0,2,3,1,0
-13,-11,0,0,-11,-11
-13,1,8,5,-333,10
2,-11,4,0,2,-11
0,-11,3,0,0,-11
10,0,5,3,10,0
-11,2,0,2,-11,1
-13,-13,1,1,-13,-13
-11,1,0,4,-11,2
1,10,2,5,1,10
-13,2,1,2,-13,1
11,2,6,4,11,2
-13,-13,1,1,-13,-13
10,-13,5,2,10,1
1,0,2,3,1,0
-11,0,3,3,0,0
10,-11,5,0,10,-11
-13,2,1,4,-13,2
-11,2,0,4,-11,2
2,10,2,5,1,10
10,1,5,2,10,1
10,-13,5,1,10,-13
1,1,0,2,-11,1
1,-11,2,0,1,-11
2,1,6,6,11,11
10,-11,6,0,11,-11
-11,1,0,2,-11,1
-11,2,0,2,-11,1
11,0,5,3,10,0
11,2,6,2,11,1
-13,0,1,3,-13,0
2,-11,6,2,11,1
-11,0,0,2,-11,1
-11,-11,0,2,-11,1
-13,1,1,4,-13,2
0,1,3,4,0,2
0,1,3,8,0,-333
1,10,2,5,1,10
-13,1,1,2,-13,1
10,-13,5,1,10,-13
1,1,2,2,1,1
1,0,6,8,11,-333
-13,-13,1,1,-13,-13
-13,-13,1,1,-13,-13
1,2,2,2,1,1
1,-13,2,8,1,-333
1,1,2,2,1,1
-13,-13,1,1,-13,-13
1,-13,1,1,-13,-13
1,-11,4,0,2,-11
1,2,2,4,1,2
0,1,3,2,0,1
1,-11,2,0,1,-11
-11,1,0,5,-11,10
10,11,5,5,10,10
1,0,2,3,1,0
1,0,2,3,1,0
-11,10,0,6,-11,11
-11,1,0,2,-11,1
-13,-13,1,1,-13,-13
1,-13,2,1,1,-13
2,0,6,3,11,0
11,2,6,2,11,1
-11,1,0,2,-11,1
1,1,6,6,11,11
-13,-11,1,0,-13,-11
10,0,7,3,-222,0
1,1,2,2,1,1
-11,1,0,2,-11,1
-11,-13,0,1,-11,-13
0,10,6,5,11,10
1,1,2,2,1,1
10,2,5,4,10,2
-13,2,1,2,-13,1
-11,2,8,4,-333,2
1,2,2,4,1,2
-11,1,0,2,-11,1
12,-11,6,0,11,-11
2,1,0,4,-11,2
2,1,4,2,2,1
-13,-13,1,1,-13,-13
1,1,4,2,2,1
1,11,2,6,1,11
1,0,2,3,1,0
2,1,2,4,1,2
0,1,2,2,1,1
1,10,2,5,1,10
10,-13,6,1,11,-13
-11,2,0,6,-11,11
0,-11,3,0,0,-11
-11,1,2,2,1,1
1,1,2,2,1,1
2,11,4,5,2,10
1,10,2,5,1,10
1,-13,2,1,1,-13
1,-13,2,1,1,-13
0,2,3,4,0,2
1,-11,2,0,1,-11
10,1,5,2,10,1
2,2,2,2,1,1
-13,-11,1,0,-13,-11
-11,-11,0,0,-11,-11
-11,-11,0,0,-11,-11
-11,10,0,5,-11,10
0,1,3,2,0,1
10,0,5,3,10,0
-13,1,1,2,-13,1
10,-11,5,0,10,-11
0,10,3,5,0,10
2,1,2,2,1,1
10,0,5,1,10,-13
-13,0,1,3,-13,0
-11,-11,0,0,-11,-11
1,1,2,2,1,1
10,0,5,3,10,0
1,11,2,6,1,11
0,10,3,6,0,11
-13,10,1,5,-13,10
1,1,2,2,1,1
-13,0,1,3,-13,0
10,-13,5,1,10,-13
1,1,2,2,1,1
-11,10,3,5,0,10
1,-13,2,0,1,-11
1,10,2,5,1,10
1,0,2,6,1,11
2,1,4,2,2,1
1,-13,2,1,1,-13
-11,1,0,2,-11,1
1,11,2,6,1,11
1,-13,2,1,1,-13
4,1,4,2,2,1
-13,1,1,2,-13,1
10,1,5,3,10,0
-13,0,1,3,-13,0
0,3,2,4,1,2
1,10,2,5,1,10
1,2,2,6,1,11
-11,-11,0,0,-11,-11
0,1,2,2,1,1
10,-13,5,1,10,-13
0,-13,3,1,0,-13
-13,-13,2,1,1,-13
-11,2,0,4,-11,2
1,1,2,2,1,1
2,1,2,2,1,1
3,-13,6,1,11,-13
2,0,4,3,2,0
-11,-11,0,0,-11,-11
1,2,2,2,1,1
-13,0,1,3,-13,0
0,0,3,3,0,0
0,0,3,3,0,0
-13,12,1,6,-13,11
1,0,2,2,1,1
10,-13,5,1,10,-13
-11,-11,0,0,-11,-11
1,1,2,2,1,1
1,-13,2,1,1,-13
1,2,2,4,1,2
10,1,5,3,10,0
3,11,4,6,2,11
-13,-13,1,1,-13,-13
1,10,2,5,1,10
2,1,4,2,2,1
10,-13,5,1,10,-13
1,-11,2,0,1,-11
1,11,2,6,1,11
2,-13,2,1,1,-13
2,-13,4,1,2,-13
1,-11,2,0,1,-11
1,-11,2,0,1,-11
-13,-13,1,1,-13,-13
1,-13,2,1,1,-13
-13,-13,1,1,-13,-13
-13,2,8,8,-333,-333
-11,0,0,5,-11,10
2,1,2,2,1,1
-13,1,1,2,-13,1
10,0,5,3,10,0
1,2,2,4,1,2
11,1,5,2,10,1
-11,-13,0,1,-11,-13
1,-13,2,1,1,-13
11,1,5,2,10,1
1,10,2,5,1,10
-13,2,1,6,-13,11
-13,2,0,2,-11,1
-13,11,0,6,-11,11
12,1,6,2,11,1
0,1,2,2,1,1
1,-13,2,1,1,-13
-13,10,1,5,-13,10
-13,11,1,2,-13,1
11,-13,5,1,10,-13
11,-11,5,0,10,-11
0,-11,3,0,0,-11
1,1,2,2,1,1
1,1,2,2,1,1
1,0,2,3,1,0
1,1,2,4,1,2
-13,-11,1,0,-13,-11
2,11,2,6,1,11
-13,2,1,2,-13,1
-13,10,2,5,1,10
0,0,3,3,0,0
-13,0,1,3,-13,0
11,0,5,4,10,2
1,0,2,3,1,0
1,-11,2,0,1,-11
-13,2,1,4,-13,2
2,10,4,5,2,10
1,0,2,3,1,0
0,0,2,2,1,1
-13,2,1,2,-13,1
-11,1,0,5,-11,10
1,10,2,5,1,10
-11,-13,0,1,-11,-13
-11,-13,0,1,-11,-13
1,2,2,4,1,2
1,2,2,4,1,2
1,-13,2,1,1,-13
1,-1,2,6,1,11
-11,-11,0,0,-11,-11
0,-13,6,1,11,-13
1,-13,2,1,1,-13
-13,-11,1,0,-13,-11
0,0,3,3,0,0
1,11,2,6,1,11
2,11,2,6,1,11
-11,-13,0,1,-11,-13
-11,1,0,2,-11,1
-13,-13,1,1,-13,-13
-13,10,1,6,-13,11
2,0,4,3,2,0
2,0,4,3,2,0
1,0,2,2,1,1
-13,-13,1,1,-13,-13
2,1,2,2,1,1
-13,-13,1,1,-13,-13
-11,-11,0,0,-11,-11
-13,-13,1,1,-13,-13
1,-11,4,2,2,1
1,0,2,3,1,0
0,1,2,2,1,1
-13,-13,1,1,-13,-13
-11,1,0,2,-11,1
10,0,5,3,10,0
-11,1,0,2,-11,1
1,10,2,5,1,10
-11,-13,0,1,-11,-13
-11,1,0,2,-11,1
-11,1,0,2,-11,1
2,1,4,2,2,1
3,-11,4,1,2,-13
1,1,6,2,11,1
-13,10,1,5,-13,10
2,1,2,2,1,1
1,1,2,2,1,1
-11,-11,0,8,-11,-333
0,1,3,6,0,11
0,0,3,3,0,0
10,-11,5,0,10,-11
1,0,5,3,10,0
-11,1,0,2,-11,1
2,1,6,2,11,1
1,1,2,2,1,1
10,-11,5,0,10,-11
1,-13,6,1,11,-13
0,-13,3,1,0,-13
-13,0,1,3,-13,0
1,-13,2,1,1,-13
2,11,2,5,1,10
1,10,2,6,1,11
1,0,2,3,1,0
10,-13,6,1,11,-13
0,-13,3,1,0,-13
-11,-11,3,0,0,-11
0,1,3,2,0,1
-13,11,8,6,-333,11
-13,10,8,5,-333,10
1,-11,4,0,2,-11
2,1,2,2,1,1
-13,11,1,6,-13,11
2,0,2,3,1,0
1,0,2,3,1,0
1,10,2,5,1,10
3,10,4,5,2,10
1,2,2,6,1,11
-11,0,2,2,1,1
2,1,4,2,2,1
0,0,2,3,1,0
-11,10,0,6,-11,11
10,2,6,4,11,2
1,0,5,8,10,-333
2,1,2,2,1,1
2,10,4,5,2,10
2,1,4,2,2,1
-13,-11,1,3,-13,0
-11,-13,0,1,-11,-13
1,1,2,2,1,1
1,10,2,5,1,10
1,1,2,2,1,1
-13,-13,1,1,-13,-13
2,-13,4,1,2,-13
-11,-11,0,0,-11,-11
1,-13,2,1,1,-13
-13,1,1,4,-13,2
3,1,4,2,2,1
10,1,5,2,10,1
1,1,2,2,1,1
-13,0,1,3,-13,0
2,0,2,2,1,1
-13,10,1,5,-13,10
-13,-11,1,0,-13,-11
-11,-11,0,0,-11,-11
-13,1,1,2,-13,1
2,2,2,4,1,2
-13,1,1,2,-13,1
-11,-13,2,1,1,-13
1,10,5,5,10,10
0,1,3,2,0,1
0,-13,2,1,1,-13
-13,1,1,2,-13,1
1,-13,2,1,1,-13
2,-13,2,1,1,-13
-13,1,1,2,-13,1
-13,2,1,2,-13,1
-13,1,1,0,-13,-11
2,1,4,4,2,2
0,-11,3,0,0,-11
-11,-13,0,1,-11,-13
10,2,5,2,10,1
2,1,2,2,1,1
-11,1,0,6,-11,11
0,10,3,6,0,11
11,1,5,2,10,1
-13,-11,1,0,-13,-11
10,0,5,3,10,0
-13,1,8,2,-333,1
1,-13,2,1,1,-13
-13,2,1,4,-13,2
10,1,5,2,10,1
-13,-11,1,0,-13,-11
10,1,5,2,10,1
2,1,4,2,2,1
2,10,4,5,2,10
11,10,6,5,11,10
1,1,2,4,1,2
-13,10,8,5,-333,10
1,0,2,2,1,1
10,-11,6,0,11,-11
-13,1,1,4,-13,2
-11,-11,0,0,-11,-11
-13,11,1,5,-13,10
2,2,2,4,1,2
1,-13,2,1,1,-13
1,-11,2,1,1,-13
-11,-11,2,0,1,-11
-11,10,0,5,-11,10
1,1,2,4,1,2
0,0,3,3,0,0
4,-11,4,0,2,-11
-13,1,1,2,-13,1
10,1,5,2,10,1
1,-13,2,1,1,-13
-13,11,1,2,-13,1
1,1,2,2,1,1
1,10,2,5,1,10
1,1,2,2,1,1
-11,-13,0,1,-11,-13
1,-13,2,1,1,-13
-13,11,1,5,-13,10
1,-13,2,1,1,-13
10,2,5,4,10,2
-13,-11,1,0,-13,-11
1,10,2,5,1,10
2,-13,4,1,2,-13
-11,1,0,2,-11,1
-11,-11,0,0,-11,-11
-11,11,0,6,-11,11
0,0,2,2,1,1
1,-13,2,1,1,-13
-11,2,0,4,-11,2
11,1,5,2,10,1
1,10,5,5,10,10
2,1,4,6,2,11
0,3,3,4,0,2
0,2,3,2,0,1
-11,1,0,2,-11,1
0,2,3,4,0,2
0,10,3,5,0,10
-13,-13,1,1,-13,-13
-13,3,1,2,-13,1
1,-11,2,0,1,-11
1,2,2,4,1,2
11,1,6,6,11,11
-11,10,0,6,-11,11
-11,1,0,2,-11,1
0,-13,3,1,0,-13
1,0,2,5,1,10
2,0,4,3,2,0
0,-13,8,1,-333,-13
-13,0,1,3,-13,0
11,1,6,2,11,1
-13,10,1,5,-13,10
10,1,5,2,10,1
1,11,2,6,1,11
1,0,2,3,1,0
-13,1,1,2,-13,1
10,2,5,2,10,1
-13,1,1,6,-13,11
1,-13,2,1,1,-13
0,-13,2,1,1,-13
-11,1,0,2,-11,1
0,1,3,2,0,1
1,11,2,4,1,2
0,-13,3,3,0,0
1,-11,2,0,1,-11
2,-13,4,1,2,-13
10,1,5,2,10,1
0,10,3,5,0,10
-11,-13,0,1,-11,-13
1,-13,4,1,2,-13
-11,-11,8,0,-333,-11
2,0,2,3,1,0
11,11,5,5,10,10
-13,10,1,5,-13,10
1,0,2,3,1,0
1,-13,8,8,-333,-333
1,10,2,5,1,10
1,-13,6,1,11,-13
12,-13,8,2,-333,1
1,2,2,4,1,2
1,-13,2,2,1,1
1,-11,2,0,1,-11
-11,1,0,2,-11,1
2,-13,4,1,2,-13
1,1,2,4,1,2
-11,-13,0,1,-11,-13
1,10,2,5,1,10
11,0,6,3,11,0
-11,10,0,5,-11,10
1,0,2,4,1,2
2,2,4,4,2,2
2,0,2,3,1,0
1,-13,5,1,10,-13
1,0,2,1,1,-13
-11,3,0,2,-11,1
-11,1,0,2,-11,1
0,0,3,3,0,0
1,0,2,3,1,0
-11,1,0,2,-11,1
-13,2,3,4,0,2
11,10,6,6,11,11
10,-11,5,0,10,-11
1,-13,2,1,1,-13
2,2,4,4,2,2
1,10,2,5,1,10
1,-11,2,0,1,-11
-13,-11,1,1,-13,-13
10,1,5,2,10,1
-11,11,0,5,-11,10
3,-13,4,1,2,-13
1,2,2,4,1,2
-11,10,0,5,-11,10
1,-11,2,0,1,-11
2,10,4,6,2,11
0,-11,3,0,0,-11
1,2,2,4,1,2
11,2,6,2,11,1
1,10,2,5,1,10
-11,0,0,3,-11,0
1,-11,2,0,1,-11
-13,10,8,5,-333,10
-13,-11,1,0,-13,-11
10,1,5,2,10,1
-11,-13,0,1,-11,-13
1,2,2,4,1,2
0,10,3,5,0,10
1,-11,6,0,11,-11
1,0,4,2,2,1
-11,10,0,5,-11,10
-11,10,0,5,-11,10
-13,-11,1,2,-13,1
-11,1,0,2,-11,1
1,0,2,3,1,0
2,1,0,2,-11,1
-13,-13,1,1,-13,-13
-13,1,1,2,-13,1
-13,-11,1,0,-13,-11
-11,1,0,2,-11,1
-11,0,0,3,-11,0
2,-13,4,1,2,-13
10,-11,6,0,11,-11
-11,-11,0,0,-11,-11
-13,11,1,6,-13,11
1,-11,6,0,11,-11
0,-11,2,0,1,-11
0,1,2,2,1,1
-13,-11,1,8,-13,-333
1,3,2,2,1,1
10,0,5,2,10,1
1,1,2,2,1,1
0,1,3,2,0,1
10,10,5,5,10,10
-13,0,1,3,-13,0
10,-11,5,0,10,-11
2,-13,6,1,11,-13
-11,1,0,2,-11,1
-11,-11,0,0,-11,-11
1,2,2,2,1,1
-11,-11,0,0,-11,-11
-13,-13,0,1,-11,-13
2,3,4,6,2,11
-11,1,0,2,-11,1
0,-13,1,8,-13,-333
-13,-13,1,1,-13,-13
2,-11,2,0,1,-11
1,-13,2,1,1,-13
-11,1,0,2,-11,1
-13,-13,1,1,-13,-13
0,-13,3,1,0,-13
1,10,2,5,1,10
-13,1,5,6,10,11
10,1,6,2,11,1
1,1,2,2,1,1
-11,10,0,5,-11,10
1,-13,3,1,0,-13
1,2,2,4,1,2
0,-13,3,1,0,-13
1,2,4,2,2,1
0,1,3,2,0,1
-11,-13,8,0,-333,-11
11,0,6,3,11,0
-11,-11,0,0,-11,-11
-11,1,0,2,-11,1
-11,-13,0,1,-11,-13
1,1,2,2,1,1
-11,0,0,3,-11,0
1,1,2,2,1,1
-13,2,1,4,-13,2
-11,1,0,2,-11,1
1,-11,4,8,2,-333
10,11,5,5,10,10
-13,10,1,5,-13,10
1,1,3,2,0,1
-13,10,1,5,-13,10
0,0,3,3,0,0
-13,1,1,2,-13,1
10,1,6,2,11,1
12,10,6,5,11,10
-13,10,1,5,-13,10
1,-13,2,1,1,-13
1,-11,2,0,1,-11
-11,11,0,5,-11,10
2,1,2,2,1,1
1,-13,4,1,2,-13
-11,-11,0,0,-11,-11
1,-13,2,1,1,-13
-13,-13,1,1,-13,-13
-11,2,0,4,-11,2
0,-11,3,0,0,-11
-11,1,0,4,-11,2
10,11,5,5,10,10
1,1,2,2,1,1
1,-13,4,1,2,-13
10,1,6,2,11,1
-11,0,0,2,-11,1
-13,0,1,3,-13,0
-13,1,1,4,-13,2
10,0,5,3,10,0
0,-13,3,1,0,-13
10,-13,5,1,10,-13
-13,0,1,2,-13,1
1,-13,2,1,1,-13
-11,1,0,2,-11,1
0,10,6,5,11,10
2,-11,4,0,2,-11
1,1,2,2,1,1
-11,10,0,6,-11,11
3,2,7,4,-222,2
1,10,2,5,1,10
12,1,2,2,1,1
-11,3,0,4,-11,2
10,-11,5,0,10,-11
10,1,6,2,11,1
1,10,2,2,1,1
0,1,2,2,1,1
1,2,3,4,0,2
1,10,5,5,10,10
3,2,4,2,2,1
-11,2,0,4,-11,2
2,0,4,2,2,1
1,0,2,3,1,0
1,10,2,5,1,10
-13,2,1,4,-13,2
-11,3,0,4,-11,2
0,-11,3,0,0,-11
1,10,2,5,1,10
-13,1,1,2,-13,1
0,0,3,3,0,0
1,-13,2,1,1,-13
1,0,8,3,-333,0
-11,-11,0,0,-11,-11
-13,10,1,6,-13,11
2,10,4,6,2,11
2,2,4,4,2,2
2,1,6,0,11,-11
-11,10,2,5,1,10
-11,-11,2,0,1,-11
-11,2,0,5,-11,10
-11,-11,0,0,-11,-11
0,2,3,2,0,1
10,1,5,2,10,1
0,-13,2,1,1,-13
2,-13,0,8,-11,-333
-13,1,1,2,-13,1
1,0,2,6,1,11
-11,-11,0,0,-11,-11
-13,1,1,2,-13,1
1,1,2,2,1,1
-13,-11,1,0,-13,-11
1,-11,2,0,1,-11
1,0,2,2,1,1
-13,1,1,2,-13,1
2,0,6,3,11,0
3,10,2,6,1,11
1,2,2,2,1,1
-11,11,0,6,-11,11
10,0,5,3,10,0
1,-11,2,0,1,-11
-13,-11,1,0,-13,-11
-11,11,0,6,-11,11
2,12,4,6,2,11
-11,10,0,5,-11,10
0,-13,3,1,0,-13
1,0,6,3,11,0
11,-11,6,0,11,-11
-13,-13,8,1,-333,-13
0,-11,3,0,0,-11
-13,1,1,6,-13,11
1,10,2,5,1,10
-11,-13,0,1,-11,-13
-13,3,1,6,-13,11
1,1,2,2,1,1
1,10,2,6,1,11
0,10,3,2,0,1
2,-11,2,0,1,-11
2,-11,2,0,1,-11
1,10,2,5,1,10
1,-13,2,1,1,-13
1,1,2,2,1,1
-13,-11,1,0,-13,-11
2,1,2,2,1,1
2,-11,8,3,-333,0
1,10,2,6,1,11
0,0,3,5,0,10
0,1,0,2,-11,1
1,-13,2,1,1,-13
-13,2,1,6,-13,11
2,-11,2,0,1,-11
10,10,6,5,11,10
1,1,2,2,1,1
0,0,3,3,0,0
10,2,5,5,10,10
10,1,5,2,10,1
1,-13,2,2,1,1
-11,10,0,5,-11,10
-13,-13,1,1,-13,-13
-13,0,1,2,-13,1
-11,10,2,5,1,10
0,1,3,2,0,1
-13,0,1,3,-13,0
-11,-13,0,1,-11,-13
2,-13,4,1,2,-13
11,-13,6,1,11,-13
0,1,5,2,10,1
0,1,3,6,0,11
1,-13,2,1,1,-13
11,-13,6,1,11,-13
10,1,5,2,10,1
0,1,3,4,0,2
0,-11,3,2,0,1
2,-13,4,1,2,-13
-13,1,1,2,-13,1
-11,10,0,5,-11,10
0,0,2,3,1,0
-13,1,1,2,-13,1
-11,-13,0,1,-11,-13
10,10,6,5,11,10
0,-11,3,0,0,-11
-13,-13,1,1,-13,-13
-13,0,1,3,-13,0
-11,11,2,6,1,11
10,2,6,4,11,2
2,-13,4,1,2,-13
10,-13,5,1,10,-13
1,10,2,5,1,10
1,1,2,2,1,1
-13,2,1,2,-13,1
-11,-13,0,1,-11,-13
1,10,4,5,2,10
1,-11,6,0,11,-11
-13,-11,1,0,-13,-11
0,11,3,5,0,10
0,2,3,2,0,1
2,2,4,2,2,1
1,11,4,6,2,11
1,2,2,4,1,2
0,-13,3,1,0,-13
-13,-13,1,1,-13,-13
0,-11,3,0,0,-11
-13,0,1,3,-13,0
0,11,3,5,0,10
1,-11,6,0,11,-11
2,0,4,3,2,0
10,10,5,5,10,10
0,-13,3,1,0,-13
1,1,2,2,1,1
10,1,5,2,10,1
1,10,6,5,11,10
-11,-11,0,0,-11,-11
1,1,4,2,2,1
-13,11,1,6,-13,11
1,2,2,2,1,1
10,10,5,6,10,11
1,2,2,4,1,2
2,-13,4,1,2,-13
1,1,2,2,1,1
1,10,2,5,1,10
10,2,5,4,10,2
-13,11,1,6,-13,11
-11,2,0,2,-11,1
4,11,6,6,11,11
-11,-13,0,1,-11,-13
1,1,2,4,1,2
0,1,0,2,-11,1
10,-11,5,0,10,-11
0,-13,3,1,0,-13
-13,2,1,2,-13,1
0,10,2,5,1,10
-11,0,0,3,-11,0
1,-13,2,8,1,-333
0,3,3,4,0,2
1,-11,2,0,1,-11
2,1,2,2,1,1
-13,10,1,5,-13,10
0,10,2,5,1,10
10,-11,5,0,10,-11
10,-11,6,0,11,-11
0,-13,3,1,0,-13
-13,-13,1,0,-13,-11
-11,10,0,5,-11,10
10,0,6,0,11,-11
10,2,6,4,11,2
1,10,5,5,10,10
2,1,2,2,1,1
11,11,6,6,11,11
1,-11,2,0,1,-11
10,12,5,6,10,11
10,-13,5,1,10,-13
1,-13,2,1,1,-13
-13,3,1,2,-13,1
2,-13,4,1,2,-13
1,0,2,1,1,-13
1,-11,2,0,1,-11
-11,0,0,3,-11,0
1,1,2,2,1,1
-11,-11,0,0,-11,-11
-11,-11,0,3,-11,0
1,1,2,2,1,1
-13,-13,1,1,-13,-13
1,-11,2,0,1,-11
-13,-11,1,0,-13,-11
-13,3,1,4,-13,2
1,-11,2,8,1,-333
0,2,3,2,0,1
1,11,2,6,1,11
-11,0,0,3,-11,0
-13,0,1,2,-13,1
10,11,5,6,10,11
11,10,6,5,11,10
1,0,2,3,1,0
-11,10,0,5,-11,10
-13,1,1,2,-13,1
1,1,2,2,1,1
1,1,2,2,1,1
2,1,2,2,1,1
-11,11,0,6,-11,11
-11,-13,0,1,-11,-13
1,2,2,2,1,1
1,1,2,2,1,1
1,1,2,2,1,1
1,11,2,6,1,11
-11,0,3,3,0,0
1,1,2,4,1,2
11,-13,6,1,11,-13
1,1,2,8,1,-333
0,-11,0,0,-11,-11
11,-13,6,1,11,-13
-11,1,1,2,-13,1
1,-11,4,0,2,-11
-13,1,1,2,-13,1
-11,-11,0,0,-11,-11
1,-13,2,1,1,-13
-13,10,1,5,-13,10
1,-13,2,2,1,1
0,10,2,5,1,10
-11,10,0,5,-11,10
0,1,3,2,0,1
0,-11,3,0,0,-11
-13,-13,1,1,-13,-13
1,2,2,4,1,2
1,-11,5,1,10,-13
10,1,5,2,10,1
0,-11,3,0,0,-11
10,2,6,4,11,2
-13,1,2,6,1,11
-11,0,8,3,-333,0
-13,10,1,5,-13,10
-11,12,0,6,-11,11
-13,-13,1,1,-13,-13
1,-13,4,1,2,-13
-11,0,0,2,-11,1
2,-11,6,8,11,-333
1,2,2,2,1,1
1,11,2,6,1,11
1,1,2,2,1,1
1,-11,2,8,1,-333
-13,1,1,2,-13,1
-13,-11,1,0,-13,-11
11,10,6,6,11,11
1,2,2,6,1,11
1,1,2,2,1,1
0,-13,3,1,0,-13
-13,11,1,6,-13,11
-13,-11,1,2,-13,1
-13,0,1,2,-13,1
1,0,2,3,1,0
1,-13,0,2,-11,1
3,10,2,6,1,11
1,1,2,4,1,2
-13,1,1,2,-13,1
0,1,3,2,0,1
-13,0,1,2,-13,1
-13,1,1,2,-13,1
-11,1,0,2,-11,1
0,0,3,3,0,0
1,1,2,2,1,1
-11,10,0,5,-11,10
-11,-13,0,1,-11,-13
11,0,6,2,11,1
2,10,2,5,1,10
0,10,3,5,0,10
1,3,2,4,1,2
1,0,2,3,1,0
-13,0,1,3,-13,0
10,2,5,4,10,2
-13,1,1,2,-13,1
10,1,5,2,10,1
1,-11,2,0,1,-11
11,1,6,2,11,1
0,-13,5,1,10,-13
1,1,2,4,1,2
1,-13,2,1,1,-13
1,2,4,2,2,1
2,3,4,2,2,1
1,3,6,4,11,2
-13,-11,1,0,-13,-11
-13,1,1,2,-13,1
-11,1,2,3,1,0
-13,-11,1,0,-13,-11
10,10,5,5,10,10
-11,1,0,2,-11,1
-13,10,2,5,1,10
1,-11,0,0,-11,-11
10,-11,5,0,10,-11
1,2,2,4,1,2
0,1,3,2,0,1
1,-13,2,1,1,-13
1,1,2,2,1,1
10,-11,5,0,10,-11
2,1,4,2,2,1
-11,-13,0,1,-11,-13
10,1,5,2,10,1
-13,-11,1,0,-13,-11
1,-11,2,0,1,-11
-13,1,1,2,-13,1
2,11,2,6,1,11
1,-11,5,0,10,-11
2,-11,2,0,1,-11
1,1,2,2,1,1
1,0,2,3,1,0
-13,2,1,4,-13,2
-13,10,1,5,-13,10
1,1,2,2,1,1
-13,-13,1,1,-13,-13
0,2,1,2,-13,1
1,10,2,5,1,10
-13,10,1,5,-13,10
-13,-11,1,0,-13,-11
1,1,2,2,1,1
2,-13,4,1,2,-13
-11,-13,0,1,-11,-13
1,0,2,3,1,0
-11,-13,0,1,-11,-13
-13,11,1,5,-13,10
0,0,2,3,1,0
1,1,2,2,1,1
-13,-13,1,1,-13,-13
2,0,4,1,2,-13
1,0,2,2,1,1
-13,-13,1,1,-13,-13
-11,0,0,3,-11,0
1,1,2,2,1,1
2,1,4,2,2,1
1,1,2,0,1,-11
0,1,3,2,0,1
-13,1,1,2,-13,1
-13,1,1,2,-13,1
-11,1,0,2,-11,1
-11,1,0,2,-11,1
-13,1,1,2,-13,1
-13,-11,1,0,-13,-11
1,2,2,2,1,1
-11,1,0,2,-11,1
0,0,3,2,0,1
0,-13,3,1,0,-13
0,-11,3,0,0,-11
1,-11,2,0,1,-11
-11,2,0,4,-11,2
0,1,2,8,1,-333
2,11,4,6,2,11
1,0,2,3,1,0
10,2,5,4,10,2
11,0,6,3,11,0
-11,0,0,2,-11,1
10,-11,5,0,10,-11
2,2,2,2,1,1
0,1,3,2,0,1
1,0,2,8,1,-333
-11,-13,0,1,-11,-13
0,0,3,3,0,0
-13,0,1,3,-13,0
0,1,3,2,0,1
2,-11,4,0,2,-11
-11,-13,0,1,-11,-13
-13,1,1,2,-13,1
-13,0,1,4,-13,2
-11,2,0,2,-11,1
-13,11,1,6,-13,11
1,10,2,5,1,10
-11,1,0,4,-11,2
1,0,2,3,1,0
-11,1,0,2,-11,1
-13,-11,3,0,0,-11
0,1,5,6,10,11
1,2,2,6,1,11
-11,2,0,4,-11,2
0,0,3,3,0,0
3,12,4,6,2,11
1,-13,2,1,1,-13
10,-13,6,1,11,-13
11,1,5,2,10,1
-13,-11,1,0,-13,-11
11,-11,6,0,11,-11
0,-11,3,0,0,-11
1,-11,2,0,1,-11
0,1,0,2,-11,1
2,10,2,5,1,10
-13,2,1,2,-13,1
0,0,3,3,0,0
10,0,5,3,10,0
-11,10,0,5,-11,10
1,-11,4,0,2,-11
10,0,5,3,10,0
-11,1,0,2,-11,1
10,-11,5,0,10,-11
-11,-11,0,0,-11,-11
-13,3,1,6,-13,11
-11,0,0,3,-11,0
-11,-13,0,1,-11,-13
3,0,4,2,2,1
2,-11,4,0,2,-11
10,1,5,2,10,1
-13,1,1,4,-13,2
1,-13,2,1,1,-13
11,1,6,2,11,1
10,-11,5,0,10,-11
0,-13,2,1,1,-13
0,1,2,2,1,1
0,1,3,2,0,1
0,-13,3,1,0,-13
1,0,2,3,1,0
11,1,6,2,11,1
-13,-13,1,1,-13,-13
1,-13,2,1,1,-13
-13,10,0,5,-11,10
-11,10,0,6,-11,11
11,10,5,5,10,10
1,1,2,3,1,0
-13,-13,1,1,-13,-13
-11,2,0,2,-11,1
-13,-13,1,1,-13,-13
10,0,5,2,10,1
0,2,5,4,10,2
-13,-11,1,0,-13,-11
10,10,5,5,10,10
2,0,6,5,11,10
1,1,8,2,-333,1
12,1,6,2,11,1
0,11,5,6,10,11
1,-13,2,1,1,-13
-11,1,0,2,-11,1
0,0,5,3,10,0
10,-13,2,1,1,-13
0,-11,3,8,0,-333
0,1,3,2,0,1
1,1,2,2,1,1
1,-11,2,0,1,-11
-11,2,0,4,-11,2
1,11,2,6,1,11
-11,11,0,5,-11,10
1,1,2,2,1,1
0,2,3,2,0,1
10,2,5,2,10,1
11,1,6,2,11,1
3,1,6,2,11,1
10,1,5,2,10,1
-11,1,0,4,-11,2
-11,-13,0,1,-11,-13
-13,1,1,2,-13,1
-11,10,0,5,-11,10
11,-11,5,0,10,-11
1,-11,2,0,1,-11
1,-13,6,1,11,-13
-11,-11,0,0,-11,-11
-13,-13,8,1,-333,-13
1,-11,2,2,1,1
-11,-11,2,0,1,-11
3,-11,4,0,2,-11
1,2,2,4,1,2
2,1,4,2,2,1
2,1,4,2,2,1
-11,1,0,2,-11,1
1,2,2,4,1,2
10,4,6,6,11,11
0,0,3,1,0,-13
11,-11,6,0,11,-11
1,1,2,2,1,1
1,0,2,3,1,0
-11,2,1,4,-13,2
0,1,3,2,0,1
-11,-11,0,0,-11,-11
1,-11,3,0,0,-11
11,10,5,5,10,10
-13,-13,1,1,-13,-13
1,1,2,2,1,1
2,1,2,5,1,10
0,0,3,2,0,1
1,11,2,4,1,2
1,1,6,2,11,1
-13,2,1,4,-13,2
-13,-13,1,1,-13,-13
-13,-11,1,0,-13,-11
1,1,2,2,1,1
0,1,5,2,10,1
-11,-11,0,0,-11,-11
2,2,2,4,1,2
1,1,2,2,1,1
1,2,2,2,1,1
0,-13,3,1,0,-13
-11,-11,0,0,-11,-11
-11,-13,0,1,-11,-13
10,0,5,3,10,0
1,0,2,3,1,0
1,-13,2,1,1,-13
1,-13,2,1,1,-13
1,1,2,2,1,1
-11,-11,0,0,-11,-11
1,2,2,4,1,2
-11,2,0,2,-11,1
-11,10,0,5,-11,10
0,-13,3,2,0,1
3,-11,4,0,2,-11
-13,-11,1,0,-13,-11
1,1,2,2,1,1
0,1,6,2,11,1
-13,10,1,5,-13,10
-11,11,2,6,1,11
0,-11,3,0,0,-11
1,0,2,3,1,0
10,1,6,2,11,1
0,2,3,4,0,2
-11,-13,1,1,-13,-13
11,-13,6,1,11,-13
0,2,3,2,0,1
3,2,4,4,2,2
-11,1,0,2,-11,1
1,-11,2,0,1,-11
-13,-11,1,0,-13,-11
1,1,2,2,1,1
11,0,6,3,11,0
10,-13,5,1,10,-13
1,10,8,5,-333,10
-13,-13,1,3,-13,0
10,1,5,2,10,1
10,-11,4,0,2,-11
1,-11,2,0,1,-11
2,1,4,2,2,1
1,2,2,4,1,2
-13,-11,1,8,-13,-333
1,10,4,5,2,10
0,-11,3,0,0,-11
-11,1,0,2,-11,1
0,1,3,2,0,1
1,0,2,2,1,1
-11,1,0,2,-11,1
1,1,2,2,1,1
0,10,3,5,0,10
0,0,2,1,1,-13
0,2,3,4,0,2
2,1,2,2,1,1
0,-13,2,1,1,-13
-11,2,0,2,-11,1
-13,0,1,3,-13,0
1,-13,2,1,1,-13
2,-11,2,8,1,-333
0,-13,3,1,0,-13
-13,1,1,2,-13,1
-13,0,1,2,-13,1
1,-11,3,0,0,-11
-11,2,0,2,-11,1
0,-13,3,1,0,-13
1,1,2,2,1,1
2,-11,2,0,1,-11
10,-11,6,0,11,-11
-13,0,1,3,-13,0
-11,0,0,3,-11,0
11,1,6,2,11,1
2,-13,4,1,2,-13
0,10,3,5,0,10
2,-11,2,0,1,-11
-13,1,1,2,-13,1
-11,1,0,2,-11,1
-13,-13,1,1,-13,-13
1,1,2,2,1,1
11,1,5,2,10,1
0,1,3,2,0,1
-11,-13,2,1,1,-13
0,-11,3,0,0,-11
10,1,6,2,11,1
-11,10,0,5,-11,10
10,10,5,3,10,0
-11,0,0,3,-11,0
1,1,2,2,1,1
-13,-11,1,0,-13,-11
-11,-11,0,0,-11,-11
-11,2,0,4,-11,2
-13,10,1,5,-13,10
12,-11,6,0,11,-11
0,2,3,4,0,2
1,-11,5,0,10,-11
-11,1,0,6,-11,11
1,1,0,2,-11,1
0,10,3,5,0,10
10,-13,5,1,10,-13
-11,-11,0,2,-11,1
0,2,3,2,0,1
1,10,2,5,1,10
0,0,3,3,0,0
1,-11,2,0,1,-11
0,1,3,2,0,1
10,1,5,5,10,10
2,2,2,4,1,2
10,-11,5,0,10,-11
10,1,5,2,10,1
10,-11,6,0,11,-11
2,-11,4,0,2,-11
11,-11,2,0,1,-11
2,10,4,5,2,10
1,-13,2,1,1,-13
0,1,3,2,0,1
-11,-13,0,1,-11,-13
-11,0,0,3,-11,0
-13,-13,1,1,-13,-13
-11,3,0,4,-11,2
1,1,2,4,1,2
1,-13,2,1,1,-13
11,1,5,2,10,1
-13,10,1,5,-13,10
1,0,2,3,1,0
0,1,3,2,0,1
-11,-13,0,1,-11,-13
1,-13,2,1,1,-13
0,2,3,4,0,2
11,-13,6,1,11,-13
1,1,2,4,1,2
3,1,4,2,2,1
1,1,2,2,1,1
-11,0,0,3,-11,0
0,11,3,6,0,11
1,0,6,2,11,1
2,0,2,3,1,0
11,-13,6,1,11,-13
-13,1,1,2,-13,1
-13,-13,1,1,-13,-13
1,-11,6,0,11,-11
0,10,3,6,0,11
1,1,2,5,1,10
0,10,2,5,1,10
2,10,4,5,2,10
-11,-11,0,0,-11,-11
1,1,2,4,1,2
10,1,5,2,10,1
1,1,2,2,1,1
-13,1,1,2,-13,1
1,-13,2,1,1,-13
1,10,2,5,1,10
-11,10,0,5,-11,10
0,2,3,2,0,1
10,11,5,6,10,11
-13,-13,1,1,-13,-13
1,-13,2,1,1,-13
-11,2,0,4,-11,2
2,1,4,2,2,1
-11,1,0,2,-11,1
11,10,5,5,10,10
-11,1,0,2,-11,1
-11,2,0,4,-11,2
1,0,2,3,1,0
0,-11,5,2,10,1
-13,-13,1,1,-13,-13
2,-11,4,0,2,-11
-11,-13,0,1,-11,-13
-13,-13,1,1,-13,-13
-11,2,2,4,1,2
-11,-13,0,1,-11,-13
2,11,4,5,2,10
10,1,5,5,10,10
-11,2,0,2,-11,1
-11,-13,0,1,-11,-13
-13,-13,1,1,-13,-13
10,11,5,6,10,11
-11,1,0,2,-11,1
1,0,2,5,1,10
0,1,3,2,0,1
-11,10,0,5,-11,10
11,11,6,5,11,10
-13,2,1,2,-13,1
-13,0,8,6,-333,11
1,10,2,6,1,11
-11,10,0,5,-11,10
0,2,3,4,0,2
0,-11,3,0,0,-11
1,1,6,2,11,1
-13,1,1,3,-13,0
0,11,5,6,10,11
2,-13,4,1,2,-13
1,0,2,3,1,0
0,0,2,2,1,1
0,1,3,2,0,1
1,10,2,5,1,10
10,0,5,4,10,2
0,1,3,8,0,-333
1,1,3,2,0,1
2,1,4,2,2,1
-11,10,0,5,-11,10
1,10,2,5,1,10
-11,1,0,3,-11,0
1,-13,2,1,1,-13
11,10,6,5,11,10
10,-11,5,0,10,-11
-11,1,0,2,-11,1
11,1,5,6,10,11
1,-11,5,0,10,-11
-11,11,0,5,-11,10
-13,10,1,5,-13,10
1,1,2,2,1,1
-11,-11,2,0,1,-11
0,1,3,2,0,1
1,-11,2,0,1,-11
0,-11,3,0,0,-11
0,-13,3,1,0,-13
-13,-11,1,0,-13,-11
-11,1,0,4,-11,2
2,1,2,4,1,2
11,1,6,2,11,1
1,-11,3,0,0,-11
-11,-11,4,0,2,-11
12,1,6,2,11,1
-13,-11,1,0,-13,-11
0,0,2,3,1,0
-11,0,0,3,-11,0
2,-11,2,0,1,-11
-11,1,0,2,-11,1
10,1,6,2,11,1
1,-13,2,1,1,-13
-11,0,0,5,-11,10
10,-11,5,0,10,-11
11,2,6,5,11,10
10,-13,5,1,10,-13
-13,1,1,2,-13,1
-11,0,0,2,-11,1
-11,-13,0,1,-11,-13
-11,-13,0,1,-11,-13
2,11,4,6,2,11
0,-11,3,0,0,-11
10,-11,6,0,11,-11
-11,10,0,5,-11,10
0,2,6,2,11,1
1,1,2,2,1,1
2,-13,2,1,1,-13
-11,10,0,5,-11,10
-11,1,0,2,-11,1
1,1,2,2,1,1
1,-13,2,1,1,-13
-13,0,1,3,-13,0
-11,2,0,2,-11,1
-11,-13,0,1,-11,-13
10,1,5,5,10,10
1,2,2,4,1,2
0,0,3,3,0,0
1,-11,2,0,1,-11
-13,-11,1,0,-13,-11
-13,-11,1,0,-13,-11
1,10,2,5,1,10
-11,1,0,2,-11,1
11,1,6,2,11,1
-11,1,0,2,-11,1
11,-11,5,0,10,-11
2,-11,2,0,1,-11
0,-11,3,1,0,-13
2,10,4,5,2,10
2,0,2,3,1,0
-13,-11,1,0,-13,-11
-11,1,0,4,-11,2
-13,2,0,2,-11,1
1,-13,2,1,1,-13
10,1,5,3,10,0
-13,1,1,2,-13,1
10,1,6,6,11,11
2,10,4,6,2,11
1,1,2,2,1,1
-13,3,1,4,-13,2
0,1,2,2,1,1
-11,2,0,4,-11,2
1,0,5,3,10,0
1,1,2,2,1,1
1,11,2,6,1,11
0,-11,3,0,0,-11
2,1,4,3,2,0
-11,1,0,2,-11,1
10,1,5,2,10,1
1,2,2,2,1,1
1,-11,6,0,11,-11
1,10,2,5,1,10
2,-11,2,0,1,-11
2,-13,4,1,2,-13
10,-13,5,1,10,-13
-13,-11,1,0,-13,-11
-11,2,0,4,-11,2
1,2,3,4,0,2
1,-11,2,0,1,-11
-11,-13,2,1,1,-13
-11,-11,0,0,-11,-11
-13,1,1,2,-13,1
1,1,2,2,1,1
2,1,4,2,2,1
-11,1,0,2,-11,1
1,-13,2,1,1,-13
1,0,2,3,1,0
1,1,2,2,1,1
3,1,2,2,1,1
1,-11,6,3,11,0
-13,10,1,5,-13,10
0,10,3,5,0,10
-13,1,1,2,-13,1
1,-11,2,0,1,-11
-13,1,1,2,-13,1
-11,-13,3,1,0,-13
10,-13,5,1,10,-13
-11,10,0,5,-11,10
1,1,2,2,1,1
0,1,3,2,0,1
-11,0,0,2,-11,1
1,2,2,4,1,2
1,0,2,2,1,1
10,0,5,2,10,1
-13,-13,1,1,-13,-13
2,11,4,6,2,11
1,1,4,2,2,1
1,-11,2,0,1,-11
-13,-13,1,1,-13,-13
11,0,5,3,10,0
-13,11,1,5,-13,10
2,0,2,5,1,10
0,1,3,2,0,1
-13,1,1,2,-13,1
0,10,2,4,1,2
-11,10,0,5,-11,10
10,1,5,2,10,1
-11,-11,0,0,-11,-11
1,-11,2,0,1,-11
-13,1,1,2,-13,1
10,2,5,2,10,1
1,-13,6,1,11,-13
11,-1,6,5,11,10
2,0,4,3,2,0
1,11,2,6,1,11
-13,-13,1,1,-13,-13
2,-13,0,1,-11,-13
2,1,2,4,1,2
-11,-13,0,1,-11,-13
-13,1,1,2,-13,1
1,1,2,4,1,2
1,-13,2,1,1,-13
0,-11,6,0,11,-11
-11,0,0,0,-11,-11
-13,2,1,4,-13,2
-13,1,1,2,-13,1
0,-13,3,1,0,-13
0,2,3,2,0,1
2,-13,2,1,1,-13
2,-13,2,1,1,-13
1,0,2,3,1,0
-13,-11,3,0,0,-11
-13,-11,1,0,-13,-11
-13,-11,1,0,-13,-11
10,0,6,3,11,0
-11,1,0,2,-11,1
10,-11,6,0,11,-11
10,2,6,4,11,2
1,1,2,2,1,1
1,10,4,5,2,10
0,-13,2,1,1,-13
0,11,3,6,0,11
11,-13,6,1,11,-13
0,-11,3,0,0,-11
1,1,2,2,1,1
1,0,2,3,1,0
-13,0,1,2,-13,1
10,1,5,2,10,1
1,-11,2,0,1,-11
10,10,5,5,10,10
10,0,5,3,10,0
2,0,4,3,2,0
0,11,2,6,1,11
-11,-11,0,0,-11,-11
0,-11,3,0,0,-11
0,-11,3,0,0,-11
-11,11,8,2,-333,1
0,1,3,2,0,1
-13,11,1,6,-13,11
0,1,3,2,0,1
1,1,2,2,1,1
1,1,2,2,1,1
1,0,2,3,1,0
1,1,5,2,10,1
-13,3,1,4,-13,2
-13,1,1,2,-13,1
0,2,3,4,0,2
-11,4,0,6,-11,11
0,1,3,2,0,1
1,-13,2,1,1,-13
-13,0,1,1,-13,-13
0,-13,3,1,0,-13
1,-13,2,1,1,-13
10,0,5,3,10,0
10,2,6,4,11,2
10,-11,5,0,10,-11
-11,-13,0,1,-11,-13
12,10,6,5,11,10
1,1,3,2,0,1
1,-11,2,2,1,1
2,10,6,5,11,10
1,-11,6,0,11,-11
-11,1,0,2,-11,1
1,2,4,4,2,2
-13,10,3,5,0,10
0,1,3,2,0,1
10,10,5,5,10,10
-11,-11,0,0,-11,-11
-13,-11,1,1,-13,-13
0,-11,3,0,0,-11
1,1,2,2,1,1
1,-11,2,0,1,-11
-11,1,0,6,-11,11
1,1,2,5,1,10
3,2,6,2,11,1
-11,0,0,6,-11,11
-13,2,1,2,-13,1
0,10,2,5,1,10
1,-11,2,0,1,-11
1,0,2,3,1,0
-13,-13,1,1,-13,-13
10,-11,5,0,10,-11
10,10,5,5,10,10
-13,-11,1,0,-13,-11
1,10,2,5,1,10
2,10,2,2,1,1
1,-11,0,0,-11,-11
10,-11,5,0,10,-11
2,10,2,5,1,10
-13,10,1,5,-13,10
-13,10,1,5,-13,10
-11,1,0,2,-11,1
1,-13,2,1,1,-13
-13,2,1,4,-13,2
0,0,3,3,0,0
1,-13,3,1,0,-13
1,2,4,4,2,2
10,1,6,2,11,1
0,11,3,5,0,10
1,0,2,3,1,0
-13,-11,1,0,-13,-11
10,-11,2,8,1,-333
1,-11,2,0,1,-11
-13,1,1,2,-13,1
-11,2,0,2,-11,1
-13,-11,1,0,-13,-11
-11,0,0,2,-11,1
-11,-13,0,1,-11,-13
-11,0,0,3,-11,0
-11,1,0,2,-11,1
-13,-13,1,1,-13,-13
0,10,3,5,0,10
-11,1,0,3,-11,0
0,-11,2,2,1,1
-13,0,1,2,-13,1
-13,1,1,2,-13,1
-13,-13,1,1,-13,-13
10,0,5,3,10,0
11,1,6,2,11,1
2,-11,2,0,1,-11
1,1,2,2,1,1
1,-1,2,5,1,10
1,2,2,2,1,1
-11,-13,1,1,-13,-13
2,1,2,5,1,10
-13,1,1,2,-13,1
0,-11,3,0,0,-11
1,-11,2,0,1,-11
-11,-13,0,1,-11,-13
-11,-11,0,0,-11,-11
-11,10,0,5,-11,10
1,0,2,3,1,0
-11,-11,0,0,-11,-11
-11,10,0,6,-11,11
1,-11,8,0,-333,-11
2,1,4,3,2,0
1,1,2,6,1,11
0,0,3,3,0,0
1,1,6,2,11,1
10,10,5,5,10,10
-11,1,0,2,-11,1
1,-11,2,0,1,-11
10,1,5,2,10,1
0,1,0,2,-11,1
0,1,3,2,0,1
1,1,2,2,1,1
-11,2,0,4,-11,2
-11,-13,0,1,-11,-13
1,1,2,2,1,1
10,0,5,2,10,1
-11,2,0,2,-11,1
1,0,2,3,1,0
1,-13,2,1,1,-13
-11,2,0,2,-11,1
-11,1,0,2,-11,1
-11,2,0,4,-11,2
1,1,2,2,1,1
0,2,3,2,0,1
0,0,3,3,0,0
10,-11,5,0,10,-11
-11,1,8,2,-333,1
0,-13,2,2,1,1
1,2,2,4,1,2
-13,-11,1,2,-13,1
1,-13,2,1,1,-13
-13,1,1,4,-13,2
-11,1,0,2,-11,1
-13,-11,1,0,-13,-11
-13,11,1,6,-13,11
1,-13,2,1,1,-13
1,1,2,2,1,1
1,1,2,2,1,1
1,-11,2,0,1,-11
-11,2,0,4,-11,2
10,-11,5,0,10,-11
-11,0,0,3,-11,0
-11,1,2,2,1,1
-11,-11,0,0,-11,-11
-11,-13,0,1,-11,-13
10,-11,5,0,10,-11
1,1,3,2,0,1
10,2,7,2,-222,1
-11,1,0,4,-11,2
10,0,5,3,10,0
10,1,6,2,11,1
-13,-13,1,0,-13,-11
11,-11,5,0,10,-11
-13,2,1,4,-13,2
-13,-11,1,0,-13,-11
1,-13,2,8,1,-333
-11,1,0,3,-11,0
1,1,2,2,1,1
1,1,2,2,1,1
1,-11,2,0,1,-11
-11,-13,0,1,-11,-13
0,1,3,5,0,10
1,2,2,4,1,2
-13,0,1,3,-13,0
1,-11,2,0,1,-11
1,1,4,2,2,1
-13,0,1,3,-13,0
-11,1,0,2,-11,1
-13,1,1,3,-13,0
1,1,2,2,1,1
0,1,3,2,0,1
-13,0,1,3,-13,0
-13,-13,1,1,-13,-13
1,-11,2,0,1,-11
10,-13,6,1,11,-13
1,1,2,2,1,1
2,1,4,2,2,1
-13,11,1,6,-13,11
-11,1,0,2,-11,1
0,1,5,2,10,1
0,1,3,3,0,0
-11,-13,0,1,-11,-13
11,-13,6,1,11,-13
10,0,5,1,10,-13
0,-11,3,0,0,-11
0,-11,3,0,0,-11
-13,2,1,4,-13,2
10,-13,5,1,10,-13
10,-11,5,0,10,-11
0,1,3,2,0,1
10,0,5,3,10,0
1,1,2,4,1,2
-11,-13,0,1,-11,-13
1,2,2,2,1,1
10,0,5,3,10,0
0,-13,3,1,0,-13
0,-11,2,0,1,-11
0,-13,3,1,0,-13
-11,1,8,2,-333,1
-1,10,6,5,11,10
0,1,1,2,-13,1
-11,1,0,5,-11,10
1,11,3,5,0,10
1,2,2,2,1,1
1,-11,2,2,1,1
11,10,6,5,11,10
11,2,5,4,10,2
10,-13,5,1,10,-13
1,11,2,6,1,11
1,0,2,3,1,0
1,2,0,2,-11,1
3,1,4,2,2,1
2,-13,4,1,2,-13
1,-11,2,0,1,-11
-11,0,0,3,-11,0
1,-11,2,0,1,-11
1,10,2,5,1,10
-13,0,1,3,-13,0
1,-13,2,1,1,-13
-11,-11,0,1,-11,-13
-13,-13,1,1,-13,-13
0,0,3,2,0,1
3,-11,6,0,11,-11
10,10,5,5,10,10
1,1,2,2,1,1
2,-11,4,0,2,-11
-13,-13,1,1,-13,-13
10,1,5,0,10,-11
-13,-11,1,0,-13,-11
-13,-13,1,1,-13,-13
-13,2,1,4,-13,2
-11,2,0,4,-11,2
11,0,5,3,10,0
-11,-11,0,0,-11,-11
-11,0,8,3,-333,0
0,-11,3,0,0,-11
10,0,5,3,10,0
2,10,4,6,2,11
-13,1,1,2,-13,1
2,-11,2,0,1,-11
-13,-13,1,1,-13,-13
-13,1,1,3,-13,0
-13,1,1,2,-13,1
0,0,3,3,0,0
2,0,4,3,2,0
1,1,2,2,1,1
-13,10,1,5,-13,10
1,-13,2,1,1,-13
-11,10,0,5,-11,10
-13,-13,1,1,-13,-13
1,0,2,3,1,0
-11,-11,0,0,-11,-11
0,0,3,3,0,0
0,0,3,3,0,0
10,-11,5,0,10,-11
-11,11,0,6,-11,11
0,-13,4,1,2,-13
0,1,3,4,0,2
-13,1,1,2,-13,1
2,0,2,3,1,0
0,-11,3,0,0,-11
-13,1,1,4,-13,2
1,-11,2,0,1,-11
11,0,6,2,11,1
0,-13,3,1,0,-13
1,0,2,3,1,0
-11,-11,0,0,-11,-11
-13,-13,1,1,-13,-13
2,1,2,5,1,10
-13,3,1,4,-13,2
10,-11,5,0,10,-11
1,-11,2,0,1,-11
2,0,2,3,1,0
0,-11,2,0,1,-11
1,1,4,2,2,1
-13,-13,1,0,-13,-11
1,0,2,5,1,10
0,-11,5,0,10,-11
-11,-11,0,0,-11,-11
10,-11,5,0,10,-11
1,10,2,6,1,11
1,-13,2,1,1,-13
-11,10,0,5,-11,10
-11,1,0,2,-11,1
-13,1,1,2,-13,1
-11,0,0,3,-11,0
-11,1,0,2,-11,1
1,1,3,2,0,1
-11,1,0,2,-11,1
-13,10,1,2,-13,1
1,-11,2,3,1,0
1,10,2,5,1,10
-11,1,0,2,-11,1
-13,0,1,3,-13,0
1,1,2,2,1,1
0,2,3,4,0,2
-13,0,1,3,-13,0
-13,10,1,5,-13,10
-13,-13,1,1,-13,-13
-13,-11,1,0,-13,-11
10,-13,5,1,10,-13
11,1,5,2,10,1
-11,1,0,2,-11,1
1,1,2,2,1,1
-13,-11,1,0,-13,-11
-13,1,1,2,-13,1
-13,-11,1,0,-13,-11
1,0,2,3,1,0
1,1,2,2,1,1
-13,10,1,5,-13,10
0,-11,3,2,0,1
-11,2,0,4,-11,2
2,0,6,3,11,0
-11,0,0,3,-11,0
0,1,3,2,0,1
1,-13,5,1,10,-13
0,-11,3,0,0,-11
-11,1,0,2,-11,1
1,-13,2,1,1,-13
0,-11,3,0,0,-11
-13,1,1,2,-13,1
-11,11,0,6,-11,11
-13,0,1,2,-13,1
0,10,3,5,0,10
1,-11,2,0,1,-11
-13,0,1,3,-13,0
1,1,2,2,1,1
10,10,5,5,10,10
-11,1,0,2,-11,1
2,0,6,3,11,0
0,-11,3,0,0,-11
1,2,2,4,1,2
-13,-11,1,0,-13,-11
0,1,2,2,1,1
1,-11,2,0,1,-11
2,-11,4,0,2,-11
0,0,3,2,0,1
0,3,2,4,1,2
10,-11,2,0,1,-11
-11,1,2,2,1,1
1,-13,2,1,1,-13
1,1,2,2,1,1
2,-13,4,1,2,-13
1,1,2,2,1,1
-13,0,1,2,-13,1
11,1,6,2,11,1
0,-11,3,0,0,-11
10,1,5,2,10,1
-13,-13,1,1,-13,-13
10,2,6,2,11,1
-13,-13,1,1,-13,-13
-11,1,0,2,-11,1
10,-13,5,1,10,-13
1,-11,2,2,1,1
-13,1,1,2,-13,1
1,-11,2,0,1,-11
-13,2,1,2,-13,1
11,10,6,6,11,11
-13,-13,1,1,-13,-13
-13,1,1,2,-13,1
-11,-11,0,0,-11,-11
-13,-13,1,1,-13,-13
-13,-13,1,1,-13,-13
-13,10,1,5,-13,10
0,-11,3,0,0,-11
2,0,4,3,2,0
11,-11,6,0,11,-11
-13,1,1,2,-13,1
2,-11,4,0,2,-11
2,2,4,4,2,2
11,-13,6,1,11,-13
1,11,2,6,1,11
10,2,5,6,10,11
2,1,2,2,1,1
1,1,2,2,1,1
10,-11,2,0,1,-11
10,-13,6,1,11,-13
0,1,3,2,0,1
2,-11,4,0,2,-11
1,2,2,3,1,0
10,-13,5,1,10,-13
-13,1,1,2,-13,1
-11,1,0,2,-11,1
10,-11,6,0,11,-11
2,2,6,4,11,2
-11,-13,0,1,-11,-13
1,0,2,3,1,0
10,1,5,2,10,1
-13,0,1,0,-13,-11
-13,1,1,2,-13,1
-11,0,0,3,-11,0
-11,-13,0,1,-11,-13
0,1,3,2,0,1
1,-13,8,1,-333,-13
0,-13,3,1,0,-13
1,1,2,2,1,1
-11,-13,8,1,-333,-13
-11,11,0,5,-11,10
-11,1,0,4,-11,2
0,0,2,3,1,0
0,-11,3,0,0,-11
-11,10,8,6,-333,11
-11,-11,0,0,-11,-11
1,-13,2,1,1,-13
12,11,6,6,11,11
10,1,5,2,10,1
1,1,2,2,1,1
1,1,2,2,1,1
-11,-11,0,0,-11,-11
1,10,2,6,1,11
2,2,4,4,2,2
10,10,5,6,10,11
12,-13,6,1,11,-13
-11,-11,0,2,-11,1
1,10,2,5,1,10
-11,0,0,3,-11,0
10,-13,2,1,1,-13
10,-11,5,0,10,-11
2,-13,4,1,2,-13
0,-11,3,0,0,-11
1,1,2,2,1,1
-13,1,1,0,-13,-11
1,-13,2,1,1,-13
1,-11,2,0,1,-11
1,1,2,5,1,10
-11,1,0,2,-11,1
10,10,5,5,10,10
1,-11,2,0,1,-11
12,1,6,2,11,1
1,1,2,4,1,2
2,2,6,4,11,2
-13,1,1,2,-13,1
-13,2,1,2,-13,1
10,-13,5,1,10,-13
-11,2,0,4,-11,2
1,-13,4,1,2,-13
-13,1,1,2,-13,1
1,2,2,2,1,1
1,1,2,2,1,1
1,0,2,3,1,0
1,1,2,4,1,2
-11,-11,0,0,-11,-11
1,10,2,5,1,10
-11,-11,0,0,-11,-11
2,-13,2,1,1,-13
-11,0,0,3,-11,0
1,-13,2,1,1,-13
0,-11,5,0,10,-11
-11,1,0,2,-11,1
10,10,5,5,10,10
2,0,2,3,1,0
1,10,6,5,11,10
2,10,4,5,2,10
2,-13,6,1,11,-13
-13,11,1,6,-13,11
0,-11,3,0,0,-11
-13,-13,1,1,-13,-13
1,-13,2,1,1,-13
1,-11,2,8,1,-333
0,1,3,2,0,1
1,-13,2,1,1,-13
1,10,2,5,1,10
-13,-11,1,0,-13,-11
-11,0,0,3,-11,0
-11,2,0,4,-11,2
1,1,2,2,1,1
1,0,2,3,1,0
0,1,3,2,0,1
1,11,2,6,1,11
1,0,2,3,1,0
-11,-11,0,0,-11,-11
1,1,2,2,1,1
10,-13,6,1,11,-13
-11,-11,0,0,-11,-11
1,10,2,5,1,10
11,0,2,3,1,0
-13,10,1,5,-13,10
-13,-13,1,0,-13,-11
10,11,5,6,10,11
-13,10,1,5,-13,10
12,1,6,2,11,1
2,0,4,3,2,0
2,-11,4,0,2,-11
1,1,2,2,1,1
-11,2,0,2,-11,1
-11,11,0,6,-11,11
11,1,6,4,11,2
0,2,3,4,0,2
1,2,2,6,1,11
-13,-11,1,0,-13,-11
1,-13,2,1,1,-13
11,-11,6,0,11,-11
2,3,2,6,1,11
1,1,2,2,1,1
-13,10,1,5,-13,10
1,1,6,4,11,2
2,-13,2,0,1,-11
10,10,6,5,11,10
1,-13,5,1,10,-13
-11,10,0,6,-11,11
1,-11,2,0,1,-11
1,-11,2,0,1,-11
0,-13,3,1,0,-13
-13,10,1,6,-13,11
10,-11,5,0,10,-11
0,2,3,2,0,1
2,-11,2,1,1,-13
-11,1,0,2,-11,1
-13,2,1,6,-13,11
1,12,2,6,1,11
1,-11,2,0,1,-11
3,0,4,3,2,0
-11,0,0,3,-11,0
-11,11,0,4,-11,2
-13,-13,1,1,-13,-13
10,2,5,2,10,1
10,1,5,2,10,1
1,10,0,6,-11,11
0,1,3,2,0,1
11,10,6,5,11,10
-11,1,8,2,-333,1
1,-11,2,0,1,-11
0,2,3,2,0,1
-13,-11,1,0,-13,-11
-13,-11,1,0,-13,-11
1,-13,2,1,1,-13
-11,0,0,3,-11,0
2,1,4,2,2,1
11,1,6,0,11,-11
2,0,2,3,1,0
1,-11,2,0,1,-11
-11,-13,8,8,-333,-333
-13,11,1,5,-13,10
1,-13,2,1,1,-13
10,1,6,2,11,1
-13,10,1,5,-13,10
10,-13,5,1,10,-13
10,10,5,5,10,10
0,1,3,2,0,1
0,0,3,3,0,0
-11,1,0,2,-11,1
-13,1,1,2,-13,1
-11,1,0,2,-11,1
-13,11,3,6,0,11
1,2,2,4,1,2
0,-11,5,0,10,-11
10,0,6,3,11,0
-13,-11,1,0,-13,-11
0,-11,2,2,1,1
0,0,3,2,0,1
11,2,5,4,10,2
11,11,6,5,11,10
-13,-11,1,0,-13,-11
0,-13,3,1,0,-13
1,-13,2,1,1,-13
0,1,2,2,1,1
-11,1,0,2,-11,1
-13,-11,1,2,-13,1
1,0,7,2,-222,1
1,0,2,3,1,0
0,-13,2,8,1,-333
1,-11,2,0,1,-11
-11,10,0,2,-11,1
-13,0,1,1,-13,-13
1,-11,2,3,1,0
1,10,2,5,1,10
-13,3,1,2,-13,1
-11,11,2,6,1,11
-13,-11,1,0,-13,-11
1,10,2,5,1,10
1,1,6,2,11,1
2,0,3,3,0,0
11,1,5,2,10,1
2,0,2,3,1,0
1,-13,4,1,2,-13
0,2,3,6,0,11
2,0,4,5,2,10
-13,0,1,3,-13,0
1,-11,2,0,1,-11
2,1,2,2,1,1
1,0,2,3,1,0
-11,-11,0,0,-11,-11
-13,1,1,2,-13,1
1,4,2,6,1,11
1,0,2,3,1,0
10,12,5,5,10,10
-13,10,2,5,1,10
0,1,3,2,0,1
1,1,2,2,1,1
0,2,3,2,0,1
-13,1,1,2,-13,1
1,0,6,5,11,10
-11,0,0,5,-11,10
1,-13,2,1,1,-13
11,0,6,3,11,0
3,0,4,3,2,0
1,11,2,4,1,2
10,-13,6,1,11,-13
-11,-13,0,1,-11,-13
-13,11,1,6,-13,11
-13,-11,1,0,-13,-11
0,1,3,2,0,1
-13,-13,1,1,-13,-13
2,2,2,6,1,11
1,0,2,1,1,-13
2,-13,4,1,2,-13
-11,1,0,2,-11,1
11,1,6,2,11,1
-13,1,3,0,0,-11
11,2,6,4,11,2
-11,-13,0,1,-11,-13
-11,-11,8,0,-333,-11
1,0,2,3,1,0
-11,1,0,2,-11,1
1,0,2,3,1,0
1,-11,2,0,1,-11
11,-13,5,1,10,-13
1,-11,2,0,1,-11
0,10,5,5,10,10
1,1,2,2,1,1
10,10,5,5,10,10
1,-11,2,0,1,-11
1,2,2,4,1,2
-13,1,1,2,-13,1
1,-11,3,0,0,-11
-11,1,0,2,-11,1
1,2,4,6,2,11
10,1,2,2,1,1
1,-11,4,0,2,-11
-13,0,1,3,-13,0
-13,2,1,6,-13,11
0,-11,3,1,0,-13
-13,0,1,3,-13,0
0,1,3,2,0,1
0,2,3,2,0,1
11,-13,5,1,10,-13
10,1,5,2,10,1
1,-11,2,0,1,-11
1,2,4,4,2,2
-11,-13,0,1,-11,-13
2,-11,6,0,11,-11
-13,0,1,3,-13,0
-11,10,0,5,-11,10
10,-13,5,1,10,-13
1,-13,3,0,0,-11
10,1,5,2,10,1
-13,2,1,2,-13,1
1,-11,2,0,1,-11
-11,0,0,3,-11,0
10,1,6,2,11,1
1,11,2,5,1,10
-13,1,1,2,-13,1
-11,2,0,6,-11,11
1,0,2,3,1,0
-13,-13,1,1,-13,-13
-13,0,1,4,-13,2
1,10,6,5,11,10
-13,-13,1,1,-13,-13
1,-11,2,0,1,-11
-11,10,0,5,-11,10
10,-13,5,1,10,-13
1,2,4,2,2,1
-11,1,0,2,-11,1
-11,2,0,2,-11,1
1,1,2,6,1,11
1,1,2,2,1,1
-11,1,0,2,-11,1
-11,2,0,2,-11,1
0,-11,3,0,0,-11
1,1,2,4,1,2
11,-13,6,1,11,-13
-11,-13,0,1,-11,-13
1,-13,2,1,1,-13
-13,-11,1,2,-13,1
0,-13,3,1,0,-13
1,0,2,3,1,0
2,-11,2,2,1,1
11,-11,5,0,10,-11
-13,-13,1,0,-13,-11
-11,2,0,4,-11,2
1,-11,2,0,1,-11
1,11,2,2,1,1
2,-13,4,1,2,-13
-13,-13,1,1,-13,-13
10,1,6,2,11,1
1,2,6,4,11,2
-11,1,0,2,-11,1
-11,11,0,6,-11,11
10,-11,5,0,10,-11
0,0,2,3,1,0
10,-11,5,0,10,-11
1,-11,2,0,1,-11
10,1,5,2,10,1
-13,10,1,5,-13,10
1,1,2,2,1,1
1,3,2,4,1,2
3,0,6,2,11,1
-11,2,0,2,-11,1
1,1,2,2,1,1
1,1,0,2,-11,1
-11,-13,0,1,-11,-13
10,10,6,5,11,10
1,0,4,3,2,0
-13,1,1,2,-13,1
10,-13,5,1,10,-13
1,1,2,2,1,1
-11,1,8,8,-333,-333
-13,1,1,2,-13,1
1,-11,2,0,1,-11
1,-11,3,0,0,-11
-13,3,1,4,-13,2
1,2,2,4,1,2
1,-11,2,0,1,-11
-11,10,0,6,-11,11
-11,0,0,2,-11,1
-13,-13,1,1,-13,-13
2,1,6,3,11,0
10,0,5,3,10,0
1,-13,2,1,1,-13
1,11,2,6,1,11
1,10,8,6,-333,11
0,1,3,2,0,1
11,-13,6,1,11,-13
-13,0,1,3,-13,0
1,2,2,2,1,1
4,-11,4,0,2,-11
1,2,2,4,1,2
10,0,6,3,11,0
-11,-11,0,0,-11,-11
1,10,2,5,1,10
1,0,2,3,1,0
2,-13,2,1,1,-13
2,-11,4,0,2,-11
1,-13,2,0,1,-11
2,-11,4,0,2,-11
-11,11,0,6,-11,11
-11,-11,0,1,-11,-13
2,-13,4,1,2,-13
-13,-11,1,0,-13,-11
-13,0,1,3,-13,0
-13,0,1,3,-13,0
1,11,2,6,1,11
10,1,6,2,11,1
-11,1,0,6,-11,11
1,11,2,6,1,11
0,-11,3,0,0,-11
-13,-11,1,0,-13,-11
0,0,3,3,0,0
0,1,1,2,-13,1
3,-11,2,0,1,-11
1,10,2,6,1,11
0,10,2,5,1,10
3,0,2,3,1,0
1,1,2,2,1,1
10,1,6,2,11,1
1,-13,2,8,1,-333
11,0,6,3,11,0
-13,1,1,2,-13,1
11,-11,5,0,10,-11
1,-11,2,0,1,-11
1,0,4,3,2,0
1,2,2,2,1,1
0,-13,3,1,0,-13
2,11,4,5,2,10
-11,1,0,5,-11,10
1,1,6,2,11,1
2,0,1,2,-13,1
-13,2,1,2,-13,1
1,11,2,6,1,11
0,1,2,2,1,1
0,-13,2,1,1,-13
2,10,2,5,1,10
-11,-11,0,0,-11,-11
1,0,2,3,1,0
-11,1,0,2,-11,1
1,11,2,6,1,11
-11,-13,0,1,-11,-13
12,11,6,5,11,10
11,-13,6,1,11,-13
1,2,2,2,1,1
1,1,2,2,1,1
1,-11,2,0,1,-11
-13,-13,1,1,-13,-13
1,-13,2,1,1,-13
1,-11,2,0,1,-11
-11,0,0,3,-11,0
-11,0,0,2,-11,1
11,1,5,2,10,1
1,0,2,3,1,0
10,-13,5,1,10,-13
1,0,2,3,1,0
11,10,5,5,10,10
-13,1,1,2,-13,1
1,1,2,2,1,1
2,-11,2,0,1,-11
-13,10,1,5,-13,10
1,-11,2,0,1,-11
-13,0,1,3,-13,0
2,-11,2,0,1,-11
1,-11,2,0,1,-11
-13,1,1,2,-13,1
-11,1,0,2,-11,1
1,-11,4,0,2,-11
-11,-13,0,1,-11,-13
-11,-11,0,0,-11,-11
1,2,2,4,1,2
-13,1,1,2,-13,1
0,-11,3,8,0,-333
-11,1,0,2,-11,1
1,10,4,6,2,11
-11,1,0,8,-11,-333
-11,-13,0,1,-11,-13
2,10,2,5,1,10
-13,-11,1,0,-13,-11
1,10,2,5,1,10
10,0,6,3,11,0
-11,2,0,2,-11,1
1,1,2,2,1,1
2,-13,2,1,1,-13
1,-11,2,0,1,-11
10,0,5,3,10,0
-11,0,0,3,-11,0
-13,0,1,3,-13,0
10,0,5,8,10,-333
1,-13,3,1,0,-13
-13,10,1,5,-13,10
-11,-11,0,0,-11,-11
1,-11,2,0,1,-11
1,-11,2,2,1,1
2,-11,4,3,2,0
2,10,4,4,2,2
0,-13,3,1,0,-13
-11,2,0,6,-11,11
11,-11,5,0,10,-11
-13,-13,1,1,-13,-13
10,1,5,2,10,1
2,-13,4,1,2,-13
10,-11,5,0,10,-11
10,2,5,4,10,2
-13,-11,1,0,-13,-11
0,-11,3,0,0,-11
-13,1,1,2,-13,1
-13,11,1,6,-13,11
1,-13,2,1,1,-13
2,-13,4,1,2,-13
0,10,3,6,0,11
1,10,2,6,1,11
10,-13,5,1,10,-13
-13,1,1,2,-13,1
10,-11,5,0,10,-11
11,-13,6,1,11,-13
1,-11,2,8,1,-333
11,-11,5,0,10,-11
10,1,5,2,10,1
-11,-11,0,0,-11,-11
1,11,2,2,1,1
1,2,2,4,1,2
1,-11,6,0,11,-11
2,11,2,6,1,11
1,2,3,4,0,2
0,11,5,2,10,1
2,-11,6,0,11,-11
1,1,2,2,1,1
-11,-13,0,2,-11,1
-11,0,0,2,-11,1
-11,2,2,2,1,1
-11,1,0,2,-11,1
-11,0,0,3,-11,0
10,0,5,3,10,0
-11,0,0,3,-11,0
2,-13,4,1,2,-13
-11,-11,0,2,-11,1
-13,1,1,2,-13,1
1,-11,2,0,1,-11
-11,-13,0,1,-11,-13
-11,10,0,5,-11,10
1,-13,2,1,1,-13
2,1,6,2,11,1
2,0,2,3,1,0
2,1,4,6,2,11
-13,-13,1,1,-13,-13
3,1,6,2,11,1
1,10,2,5,1,10
-13,0,1,3,-13,0
2,0,4,3,2,0
1,1,2,2,1,1
-11,-11,0,3,-11,0
-11,-13,0,1,-11,-13
0,1,3,2,0,1
1,-11,2,2,1,1
-13,10,1,6,-13,11
-11,11,0,6,-11,11
2,-13,2,1,1,-13
0,11,2,5,1,10
-11,2,0,2,-11,1
-11,0,0,1,-11,-13
0,-11,0,0,-11,-11
10,10,5,5,10,10
2,1,2,4,1,2
2,-11,2,2,1,1
-13,1,1,2,-13,1
10,10,6,5,11,10
1,1,2,2,1,1
-11,1,0,2,-11,1
2,-13,6,1,11,-13
-13,11,1,5,-13,10
2,0,2,3,1,0
1,1,2,2,1,1
2,1,2,2,1,1
-11,-13,0,1,-11,-13
2,0,2,3,1,0
2,-11,4,0,2,-11
0,0,3,3,0,0
10,-11,5,0,10,-11
1,-1,2,5,1,10
-13,-11,1,0,-13,-11
-13,-11,1,0,-13,-11
-13,0,1,3,-13,0
-11,1,0,3,-11,0
-11,1,2,2,1,1
0,1,3,5,0,10
1,-13,2,1,1,-13
10,0,5,3,10,0
-13,-13,1,1,-13,-13
0,1,3,2,0,1
-11,-13,0,1,-11,-13
2,-11,4,0,2,-11
0,-13,3,1,0,-13
-13,2,1,4,-13,2
-11,1,0,2,-11,1
0,-13,3,1,0,-13
0,-11,2,0,1,-11
-11,10,0,5,-11,10
11,-11,6,0,11,-11
1,-13,2,1,1,-13
2,1,2,2,1,1
1,-13,2,1,1,-13
-11,10,0,5,-11,10
1,1,2,2,1,1
-11,1,0,2,-11,1
-13,0,1,3,-13,0
-13,1,1,2,-13,1
1,1,2,2,1,1
1,-13,2,1,1,-13
0,1,3,2,0,1
1,12,2,6,1,11
1,11,2,5,1,10
10,10,5,5,10,10
1,1,2,2,1,1
2,-13,2,1,1,-13
-11,-13,0,1,-11,-13
2,1,4,2,2,1
1,-13,2,1,1,-13
-11,-13,2,1,1,-13
2,1,2,0,1,-11
0,-13,3,8,0,-333
0,-13,5,1,10,-13
0,0,3,2,0,1
11,0,6,5,11,10
0,0,3,3,0,0
11,-13,6,0,11,-11
-13,-11,1,0,-13,-11
2,-11,4,0,2,-11
-11,-11,0,0,-11,-11
-13,10,1,5,-13,10
0,0,3,3,0,0
10,1,5,5,10,10
-13,-13,1,1,-13,-13
1,-13,2,1,1,-13
10,1,5,5,10,10
2,1,4,2,2,1
0,10,3,5,0,10
1,0,0,2,-11,1
-13,1,1,2,-13,1
1,1,2,2,1,1
11,0,5,3,10,0
-11,-11,0,0,-11,-11
11,-13,6,1,11,-13
1,-11,2,0,1,-11
2,1,4,2,2,1
-11,-11,0,0,-11,-11
-13,1,1,2,-13,1
2,-13,4,1,2,-13
10,0,6,1,11,-13
0,-13,3,1,0,-13
-11,1,0,2,-11,1
0,1,3,2,0,1
-11,-11,0,0,-11,-11
3,-11,4,2,2,1
10,0,6,3,11,0
1,1,6,2,11,1
-11,0,0,3,-11,0
1,0,2,3,1,0
11,0,6,3,11,0
1,-13,2,1,1,-13
1,1,6,2,11,1
11,1,6,2,11,1
0,-13,3,1,0,-13
10,0,5,2,10,1
0,2,3,4,0,2
1,0,5,2,10,1
11,10,5,5,10,10
1,10,2,6,1,11
1,1,0,2,-11,1
-11,0,0,3,-11,0
-11,1,2,2,1,1
1,-11,4,0,2,-11
11,2,6,4,11,2
1,-11,4,0,2,-11
-13,1,1,2,-13,1
-13,-13,1,1,-13,-13
-11,1,8,2,-333,1
-13,-13,1,1,-13,-13
1,1,2,8,1,-333
0,-11,3,0,0,-11
1,10,2,5,1,10
1,10,2,5,1,10
-13,0,1,1,-13,-13
1,1,2,2,1,1
1,10,2,5,1,10
1,1,2,2,1,1
11,0,6,3,11,0
0,1,3,2,0,1
-13,0,1,5,-13,10
1,1,1,2,-13,1
10,2,6,4,11,2
1,2,2,4,1,2
1,-13,2,1,1,-13
2,1,2,6,1,11
-13,1,1,2,-13,1
-11,0,0,3,-11,0
10,-13,5,1,10,-13
2,11,4,4,2,2
-13,-11,1,0,-13,-11
1,1,2,2,1,1
1,1,2,2,1,1
-11,-13,0,1,-11,-13
-11,1,8,0,-333,-11
2,-13,2,1,1,-13
1,1,2,2,1,1
2,-11,0,8,-11,-333
1,0,2,5,1,10
-13,11,1,6,-13,11
0,-13,3,1,0,-13
2,1,2,6,1,11
1,-11,2,0,1,-11
2,0,4,3,2,0
10,1,6,2,11,1
1,-11,2,0,1,-11
10,0,6,3,11,0
1,1,2,2,1,1
1,2,4,2,2,1
-13,1,1,4,-13,2
1,10,2,6,1,11
-11,1,0,2,-11,1
-13,-11,1,0,-13,-11
-13,-13,1,1,-13,-13
1,12,2,6,1,11
1,11,2,6,1,11
0,1,3,6,0,11
2,2,4,2,2,1
10,1,5,4,10,2
-11,2,3,4,0,2
-11,-11,0,0,-11,-11
0,-11,2,0,1,-11
-11,10,0,5,-11,10
1,1,2,2,1,1
-11,-13,0,1,-11,-13
-11,-11,0,0,-11,-11
-13,-11,1,0,-13,-11
-13,10,1,5,-13,10
1,-11,2,0,1,-11
11,-11,6,0,11,-11
-11,1,0,2,-11,1
2,-13,4,1,2,-13
1,10,2,5,1,10
2,-13,4,1,2,-13
2,1,2,2,1,1
11,-11,5,2,10,1
-13,-13,8,1,-333,-13
10,2,6,4,11,2
-13,10,1,5,-13,10
-13,-13,1,1,-13,-13
-13,-13,7,1,-222,-13
1,1,2,2,1,1
-13,2,1,4,-13,2
1,0,2,3,1,0
-11,1,0,2,-11,1
-11,1,0,2,-11,1
-11,1,0,2,-11,1
11,0,6,2,11,1
-11,1,0,2,-11,1
-11,-11,0,0,-11,-11
0,0,3,3,0,0
1,-11,5,0,10,-11
0,-11,3,0,0,-11
-13,-13,1,1,-13,-13
2,-13,4,1,2,-13
1,1,2,2,1,1
10,-11,5,0,10,-11
-11,0,0,3,-11,0
-11,-13,0,1,-11,-13
-13,-11,1,0,-13,-11
1,3,2,4,1,2
-13,-13,1,1,-13,-13
3,-13,4,1,2,-13
2,3,4,4,2,2
-13,1,1,2,-13,1
1,-13,2,2,1,1
-13,1,0,2,-11,1
-13,-13,1,1,-13,-13
10,0,5,3,10,0
-11,-13,1,1,-13,-13
3,-13,6,1,11,-13
-13,0,1,3,-13,0
-13,-11,1,0,-13,-11
0,10,3,5,0,10
-11,0,0,0,-11,-11
2,0,4,3,2,0
1,-11,2,0,1,-11
1,3,0,2,-11,1
-13,1,3,2,0,1
-11,2,0,2,-11,1
11,1,6,2,11,1
1,1,2,6,1,11
-13,2,1,2,-13,1
1,1,2,2,1,1
10,-11,5,0,10,-11
-13,1,1,2,-13,1
0,1,3,2,0,1
0,1,3,2,0,1
1,0,2,3,1,0
0,11,3,6,0,11
1,10,2,5,1,10
1,-13,2,1,1,-13
10,1,5,5,10,10
1,1,2,2,1,1
-11,-11,0,0,-11,-11
11,-13,5,1,10,-13
11,-13,6,1,11,-13
0,2,3,4,0,2
2,-11,4,0,2,-11
-13,1,1,2,-13,1
1,0,2,5,1,10
-13,12,1,6,-13,11
-13,-11,1,8,-13,-333
0,-13,5,1,10,-13
0,-11,3,0,0,-11
10,1,2,2,1,1
11,-13,6,1,11,-13
-11,-11,0,0,-11,-11
-11,-11,0,0,-11,-11
-11,12,0,6,-11,11
-11,1,8,6,-333,11
1,1,2,2,1,1
0,1,3,2,0,1
-13,0,1,3,-13,0
11,-13,6,1,11,-13
-13,10,8,6,-333,11
2,-13,4,1,2,-13
10,0,6,3,11,0
1,2,2,4,1,2
-13,11,1,6,-13,11
2,-13,6,1,11,-13
-11,2,0,2,-11,1
1,0,2,3,1,0
-13,11,1,6,-13,11
1,1,2,2,1,1
1,1,2,2,1,1
1,2,2,6,1,11
11,1,6,2,11,1
2,11,4,6,2,11
-11,1,0,2,-11,1
1,0,2,5,1,10
1,2,2,2,1,1
1,0,2,3,1,0
2,-11,2,0,1,-11
1,1,5,2,10,1
10,10,5,5,10,10
1,2,2,4,1,2
2,1,2,2,1,1
10,1,5,2,10,1
-13,2,1,4,-13,2
2,-13,2,1,1,-13
-13,1,1,2,-13,1
1,-13,2,1,1,-13
10,-13,5,1,10,-13
-13,-11,1,0,-13,-11
2,1,2,2,1,1
2,-11,2,0,1,-11
-13,1,1,2,-13,1
1,1,2,2,1,1
-13,2,1,6,-13,11
1,2,2,4,1,2
-11,2,0,4,-11,2
2,2,2,2,1,1
0,-13,3,0,0,-11
-13,11,1,6,-13,11
1,0,2,3,1,0
3,1,4,3,2,0
-13,-11,1,0,-13,-11
2,10,4,5,2,10
-11,2,0,2,-11,1
1,1,2,6,1,11
-11,-13,0,1,-11,-13
0,10,8,5,-333,10
0,1,4,2,2,1
-13,2,1,2,-13,1
1,1,2,2,1,1
1,1,2,2,1,1
-13,2,1,4,-13,2
-11,2,0,6,-11,11
0,1,3,2,0,1
-11,1,0,2,-11,1
-13,1,1,2,-13,1
1,-11,2,0,1,-11
1,10,2,5,1,10
0,11,2,4,1,2
10,-11,5,0,10,-11
-11,-13,0,1,-11,-13
1,2,2,2,1,1
-13,1,1,4,-13,2
1,1,2,2,1,1
-13,-13,1,1,-13,-13
10,10,5,5,10,10
1,0,2,2,1,1
-11,1,0,2,-11,1
-11,-13,0,1,-11,-13
0,-11,3,0,0,-11
1,1,2,2,1,1
1,10,2,5,1,10
1,1,2,2,1,1
1,1,2,2,1,1
1,1,2,2,1,1
-11,1,0,2,-11,1
0,10,3,5,0,10
0,10,3,5,0,10
-13,-11,1,0,-13,-11
-13,10,0,5,-11,10
0,1,7,0,-222,-11
-13,-13,1,1,-13,-13
10,0,5,3,10,0
0,-11,2,0,1,-11
2,10,2,5,1,10
-13,10,1,5,-13,10
-13,-11,1,0,-13,-11
0,10,3,5,0,10
-11,-13,0,1,-11,-13
0,1,3,4,0,2
1,0,2,3,1,0
1,3,2,4,1,2
0,1,3,5,0,10
0,-13,3,1,0,-13
0,11,2,6,1,11
2,1,4,3,2,0
1,0,2,3,1,0
11,10,6,6,11,11
1,0,2,3,1,0
10,0,5,3,10,0
-11,10,0,5,-11,10
10,-13,5,1,10,-13
0,1,0,2,-11,1
1,-13,2,1,1,-13
-11,-11,0,0,-11,-11
1,-11,2,0,1,-11
1,-11,2,0,1,-11
1,11,2,6,1,11
0,1,5,2,10,1
0,-11,2,0,1,-11
-11,2,1,4,-13,2
1,-13,2,1,1,-13
-13,3,1,4,-13,2
1,10,2,5,1,10
0,10,3,5,0,10
-11,-13,0,1,-11,-13
-13,-13,1,1,-13,-13
-11,0,0,3,-11,0
-13,-11,1,0,-13,-11
2,0,4,3,2,0
0,1,3,2,0,1
1,2,2,2,1,1
-11,1,2,2,1,1
-13,1,1,2,-13,1
-13,1,1,2,-13,1
10,-13,5,1,10,-13
-11,0,0,3,-11,0
-11,1,0,2,-11,1
-11,-13,0,2,-11,1
2,-13,4,1,2,-13
11,1,5,2,10,1
-11,10,0,2,-11,1
2,1,2,2,1,1
-11,-11,0,0,-11,-11
-11,1,2,2,1,1
0,10,3,5,0,10
10,0,0,2,-11,1
-13,-11,1,0,-13,-11
1,-11,2,0,1,-11
1,1,2,4,1,2
-11,1,0,5,-11,10
-11,-13,3,0,0,-11
0,-13,3,1,0,-13
-11,-11,0,0,-11,-11
0,10,3,5,0,10
1,10,2,5,1,10
-13,1,1,5,-13,10
0,1,2,2,1,1
1,-13,2,1,1,-13
10,1,5,2,10,1
1,-11,2,0,1,-11
-13,-13,1,3,-13,0
-11,-11,0,0,-11,-11
1,-11,2,0,1,-11
0,1,3,2,0,1
10,1,5,2,10,1
-11,1,0,2,-11,1
-11,2,0,4,-11,2
10,-11,5,0,10,-11
0,0,3,3,0,0
10,1,5,2,10,1
-13,2,0,4,-11,2
-13,0,1,3,-13,0
1,-13,7,2,-222,1
-11,-13,0,1,-11,-13
2,0,2,3,1,0
-11,10,0,2,-11,1
-13,2,1,2,-13,1
1,-11,2,0,1,-11
1,1,2,2,1,1
-13,1,1,2,-13,1
-11,-13,0,8,-11,-333
-11,0,0,3,-11,0
1,-13,2,1,1,-13
2,-13,4,1,2,-13
0,1,3,2,0,1
1,0,2,6,1,11
0,10,3,2,0,1
-13,-11,1,0,-13,-11
11,0,6,3,11,0
11,1,6,4,11,2
-11,-13,0,1,-11,-13
-13,-13,1,1,-13,-13
-11,0,0,3,-11,0
1,0,2,1,1,-13
0,1,3,2,0,1
-13,-13,1,1,-13,-13
-11,-11,0,0,-11,-11
-11,11,0,5,-11,10
2,1,2,2,1,1
10,2,5,4,10,2
-13,0,1,3,-13,0
0,11,5,6,10,11
2,11,2,6,1,11
-11,-13,0,1,-11,-13
0,0,3,2,0,1
11,0,5,3,10,0
-13,-11,1,0,-13,-11
2,-13,2,1,1,-13
11,1,6,2,11,1
-13,-11,1,0,-13,-11
-11,-13,0,1,-11,-13
2,-11,4,0,2,-11
1,1,2,2,1,1
-11,1,0,2,-11,1
-13,1,1,2,-13,1
11,10,2,6,1,11
-13,2,1,2,-13,1
1,-11,4,0,2,-11
-11,-11,0,0,-11,-11
0,1,3,2,0,1
10,0,5,3,10,0
10,10,5,6,10,11
-11,1,0,2,-11,1
-11,11,0,5,-11,10
-13,1,1,2,-13,1
1,1,2,2,1,1
10,1,5,2,10,1
0,1,3,2,0,1
-13,2,1,2,-13,1
2,1,5,4,10,2
-13,10,1,5,-13,10
1,1,2,2,1,1
1,1,2,2,1,1
-13,1,1,2,-13,1
2,1,6,2,11,1
-13,-11,1,0,-13,-11
-11,1,0,2,-11,1
0,11,3,6,0,11
-11,1,0,2,-11,1
-13,-11,1,0,-13,-11
1,1,2,2,1,1
-13,-11,1,0,-13,-11
1,0,2,3,1,0
1,-11,2,0,1,-11
-13,10,1,6,-13,11
-11,12,0,6,-11,11
0,-11,2,0,1,-11
1,1,4,2,2,1
2,0,4,3,2,0
0,11,0,6,-11,11
1,1,2,2,1,1
2,10,4,6,2,11
-11,10,2,0,1,-11
0,-11,2,0,1,-11
-13,1,1,2,-13,1
-11,1,0,2,-11,1
-13,10,1,5,-13,10
1,-13,4,1,2,-13
0,10,3,5,0,10
1,1,2,2,1,1
1,11,6,5,11,10
-13,10,1,5,-13,10
1,-11,2,0,1,-11
-11,-13,2,1,1,-13
1,10,2,5,1,10
10,1,6,2,11,1
10,2,5,4,10,2
10,2,5,2,10,1
10,-11,5,0,10,-11
-11,1,0,2,-11,1
1,11,2,2,1,1
3,1,4,2,2,1
0,-11,2,0,1,-11
1,-13,2,1,1,-13
1,-13,2,1,1,-13
-11,2,0,6,-11,11
1,-11,2,0,1,-11
10,3,5,6,10,11
10,0,5,6,10,11
-11,0,2,0,1,-11
-13,-13,1,1,-13,-13
-11,1,0,2,-11,1
-11,1,0,2,-11,1
-11,1,0,2,-11,1
2,-13,2,1,1,-13
-11,0,0,3,-11,0
-13,2,1,4,-13,2
1,-11,6,0,11,-11
-11,-11,0,0,-11,-11
2,1,2,2,1,1
0,1,3,2,0,1
-11,-11,0,8,-11,-333
1,1,2,2,1,1
10,10,5,5,10,10
1,1,2,2,1,1
-11,-13,0,1,-11,-13
1,1,4,2,2,1
-13,1,1,2,-13,1
2,0,4,5,2,10
0,0,3,2,0,1
0,1,3,2,0,1
11,-13,6,1,11,-13
-11,-13,0,1,-11,-13
0,0,3,3,0,0
-11,2,0,2,-11,1
-13,-13,1,1,-13,-13
0,1,2,2,1,1
-13,2,1,4,-13,2
1,1,2,5,1,10
12,-11,6,0,11,-11
-13,-13,3,0,0,-11
1,2,4,4,2,2
1,0,6,3,11,0
-13,-13,8,1,-333,-13
0,2,3,4,0,2
-11,1,0,2,-11,1
-11,10,0,5,-11,10
1,-11,2,0,1,-11
1,0,2,3,1,0
-13,1,1,2,-13,1
2,-11,2,2,1,1
-11,-11,0,0,-11,-11
0,-13,3,1,0,-13
1,-11,2,0,1,-11
-13,-13,1,1,-13,-13
2,1,2,2,1,1
-13,10,1,5,-13,10
10,10,2,6,1,11
0,2,3,2,0,1
2,-11,4,1,2,-13
-13,1,1,2,-13,1
2,0,2,3,1,0
-11,-13,0,1,-11,-13
1,-13,2,1,1,-13
1,-13,6,1,11,-13
3,-13,2,1,1,-13
-13,1,1,2,-13,1
1,-11,3,0,0,-11
1,-13,2,1,1,-13
0,1,3,4,0,2
-11,0,0,3,-11,0
-13,0,1,3,-13,0
1,11,2,6,1,11
-11,-13,0,1,-11,-13
-13,1,1,2,-13,1
-11,1,2,2,1,1
1,10,2,5,1,10
-11,1,0,2,-11,1
10,0,5,3,10,0
-11,-13,0,1,-11,-13
-13,-13,1,1,-13,-13
10,-13,5,1,10,-13
0,2,3,2,0,1
-11,0,0,3,-11,0
0,-13,2,2,1,1
-13,-13,1,1,-13,-13
1,1,2,2,1,1
1,2,2,4,1,2
1,-13,2,1,1,-13
-13,10,1,5,-13,10
11,1,6,0,11,-11
1,10,2,5,1,10
1,1,2,2,1,1
-11,11,0,6,-11,11
1,2,2,4,1,2
-13,-11,3,0,0,-11
-13,-13,1,1,-13,-13
1,12,2,6,1,11
10,1,5,2,10,1
-11,-11,0,0,-11,-11
2,0,4,3,2,0
-13,-13,1,1,-13,-13
-11,10,0,5,-11,10
12,0,6,3,11,0
-13,1,1,2,-13,1
1,1,2,2,1,1
0,2,3,2,0,1
2,10,6,6,11,11
11,1,6,2,11,1
-13,-11,1,0,-13,-11
-13,-13,2,1,1,-13
-11,-11,0,0,-11,-11
10,10,2,5,1,10
-11,2,0,2,-11,1
0,-11,3,0,0,-11
1,2,2,2,1,1
10,1,5,2,10,1
-13,11,1,6,-13,11
-13,3,1,4,-13,2
-13,-11,1,8,-13,-333
11,1,6,2,11,1
0,2,3,4,0,2
2,12,4,6,2,11
-13,-11,1,0,-13,-11
-13,-13,1,1,-13,-13
-13,10,1,5,-13,10
1,-11,2,0,1,-11
10,1,5,6,10,11
1,1,2,2,1,1
-11,10,0,5,-11,10
2,-11,4,0,2,-11
-11,1,0,3,-11,0
3,-13,4,1,2,-13
10,3,5,4,10,2
-11,2,2,2,1,1
1,10,2,5,1,10
-13,2,1,4,-13,2
1,-11,2,2,1,1
1,-13,2,1,1,-13
-13,2,1,4,-13,2
0,-11,3,0,0,-11
1,0,3,0,0,-11
1,1,2,5,1,10
-13,11,1,6,-13,11
2,-13,6,1,11,-13
-13,-11,1,0,-13,-11
2,-11,2,8,1,-333
2,12,2,6,1,11
1,1,2,2,1,1
1,1,2,2,1,1
1,0,5,3,10,0
-11,10,8,5,-333,10
0,10,3,6,0,11
2,1,4,3,2,0
1,0,5,6,10,11
-13,10,1,5,-13,10
0,11,8,6,-333,11
-13,10,8,5,-333,10
11,10,5,5,10,10
0,1,3,2,0,1
-13,-13,1,1,-13,-13
1,2,2,2,1,1
1,0,2,3,1,0
2,1,4,2,2,1
-13,0,1,3,-13,0
2,-13,2,1,1,-13
-11,-13,0,1,-11,-13
-11,-13,0,1,-11,-13
10,3,5,6,10,11
10,-11,5,0,10,-11
1,0,2,5,1,10
-13,-11,1,0,-13,-11
2,2,2,2,1,1
0,0,3,3,0,0
-13,1,1,2,-13,1
1,-13,5,1,10,-13
0,-11,3,0,0,-11
-11,2,0,4,-11,2
2,1,6,2,11,1
0,-11,3,0,0,-11
3,0,4,3,2,0
-11,-11,0,0,-11,-11
10,-13,5,3,10,0
0,2,3,2,0,1
-13,-13,1,3,-13,0
-1,10,6,5,11,10
-11,-11,0,0,-11,-11
-11,-11,0,0,-11,-11
10,11,5,5,10,10
1,1,2,2,1,1
1,11,2,6,1,11
1,2,2,2,1,1
2,1,2,2,1,1
0,10,3,5,0,10
0,10,3,5,0,10
-11,1,0,2,-11,1
0,-11,1,0,-13,-11
-13,0,1,3,-13,0
0,-13,3,1,0,-13
2,1,2,2,1,1
1,1,2,2,1,1
0,1,2,6,1,11
10,1,5,2,10,1
-11,-11,0,0,-11,-11
0,-13,3,1,0,-13
-11,10,0,5,-11,10
1,1,2,2,1,1
-13,0,1,3,-13,0
1,-13,0,1,-11,-13
10,-13,5,1,10,-13
1,-11,2,0,1,-11
-13,-11,0,0,-11,-11
-13,0,1,3,-13,0
1,11,2,5,1,10
11,1,6,2,11,1
-13,2,1,2,-13,1
1,2,4,4,2,2
10,0,5,2,10,1
-11,11,0,6,-11,11
-13,-13,1,3,-13,0
0,2,3,4,0,2
-13,-13,1,1,-13,-13
-13,-13,1,1,-13,-13
2,2,2,4,1,2
2,-13,4,1,2,-13
-11,10,2,5,1,10
0,-11,3,0,0,-11
-11,-11,0,0,-11,-11
2,-11,6,0,11,-11
11,-11,6,0,11,-11
-13,10,1,5,-13,10
1,1,2,2,1,1
1,10,2,5,1,10
12,1,6,2,11,1
-13,1,1,3,-13,0
1,2,2,2,1,1
1,-13,2,1,1,-13
-11,0,0,3,-11,0
1,1,2,2,1,1
1,-11,2,2,1,1
1,0,2,3,1,0
-13,-11,1,0,-13,-11
-13,-11,1,0,-13,-11
10,2,5,2,10,1
10,0,5,3,10,0
1,10,2,6,1,11
0,0,3,3,0,0
10,-11,2,0,1,-11
2,-11,2,0,1,-11
-13,-13,1,1,-13,-13
-13,-13,1,1,-13,-13
-13,-13,1,1,-13,-13
11,0,6,3,11,0
-13,2,0,4,-11,2
1,1,2,5,1,10
2,1,2,2,1,1
1,1,2,2,1,1
11,-13,6,1,11,-13
0,1,3,3,0,0
-11,-11,0,0,-11,-11
11,-11,6,0,11,-11
1,0,2,0,1,-11
0,11,3,6,0,11
1,-11,6,0,11,-11
-11,1,0,2,-11,1
1,-13,2,1,1,-13
2,0,2,2,1,1
10,1,5,2,10,1
1,2,4,2,2,1
1,0,2,5,1,10
0,1,3,2,0,1
-11,3,8,4,-333,2
1,1,2,2,1,1
1,-11,2,0,1,-11
0,-13,2,1,1,-13
1,1,2,2,1,1
-11,1,0,4,-11,2
-13,0,1,0,-13,-11
1,10,6,5,11,10
1,1,2,4,1,2
1,-13,4,1,2,-13
-11,2,0,2,-11,1
10,-13,5,1,10,-13
1,3,2,6,1,11
2,-11,2,0,1,-11
1,0,2,3,1,0
11,-13,6,1,11,-13
1,2,2,5,1,10
-13,-13,0,1,-11,-13
-11,2,0,4,-11,2
10,-11,6,0,11,-11
-13,1,1,6,-13,11
1,1,2,2,1,1
-13,-11,1,0,-13,-11
-13,0,3,2,0,1
2,10,2,5,1,10
1,1,2,2,1,1
-13,3,1,4,-13,2
2,1,4,2,2,1
1,-13,2,1,1,-13
-13,1,1,6,-13,11
1,-13,2,1,1,-13
1,-13,2,1,1,-13
1,1,2,2,1,1
11,2,6,4,11,2
0,2,3,2,0,1
11,0,5,3,10,0
2,10,8,2,-333,1
-13,-11,1,0,-13,-11
10,0,6,3,11,0
-13,1,1,2,-13,1
10,-11,5,0,10,-11
1,10,2,5,1,10
-11,0,1,3,-13,0
11,1,6,2,11,1
1,2,2,2,1,1
-13,1,1,2,-13,1
1,1,2,2,1,1
-11,1,0,2,-11,1
0,-11,3,2,0,1
0,-13,3,1,0,-13
1,2,2,2,1,1
0,-11,1,0,-13,-11
-11,2,0,4,-11,2
2,10,6,5,11,10
10,0,6,3,11,0
-13,2,1,2,-13,1
-13,2,1,4,-13,2
0,-11,3,0,0,-11
-13,-13,1,8,-13,-333
1,0,2,2,1,1
2,0,6,3,11,0
2,2,2,2,1,1
10,2,5,4,10,2
2,1,4,2,2,1
1,4,5,4,10,2
11,1,5,2,10,1
2,1,6,2,11,1
-11,11,0,6,-11,11
1,1,2,2,1,1
2,-11,2,0,1,-11
1,1,3,2,0,1
10,1,5,2,10,1
-13,-13,1,1,-13,-13
10,10,5,5,10,10
-13,2,1,2,-13,1
1,-13,0,1,-11,-13
2,0,4,2,2,1
-13,-13,1,2,-13,1
-11,1,0,2,-11,1
1,0,2,3,1,0
1,1,2,2,1,1
-11,0,0,2,-11,1
-13,-13,1,1,-13,-13
2,1,4,2,2,1
2,11,2,2,1,1
-13,1,1,2,-13,1
1,0,2,3,1,0
-13,-13,1,1,-13,-13
-11,11,0,6,-11,11
-11,2,0,2,-11,1
1,-11,2,2,1,1
-13,1,1,2,-13,1
10,-11,5,0,10,-11
0,1,3,2,0,1
1,2,2,4,1,2
0,-13,3,1,0,-13
1,-11,2,0,1,-11
-11,-13,2,1,1,-13
1,10,2,5,1,10
2,-11,2,2,1,1
-11,-13,0,1,-11,-13
1,1,2,2,1,1
-13,-11,1,0,-13,-11
10,-11,6,0,11,-11
-11,11,0,6,-11,11
-11,10,0,5,-11,10
0,1,4,2,2,1
1,2,2,2,1,1
-13,-13,1,1,-13,-13
0,1,3,2,0,1
10,-13,5,8,10,-333
1,3,2,4,1,2
-11,10,0,5,-11,10
1,0,4,3,2,0
-11,-13,1,1,-13,-13
11,-13,5,1,10,-13
0,-11,3,0,0,-11
0,0,3,3,0,0
3,1,4,2,2,1
1,3,2,6,1,11
-11,10,0,5,-11,10
1,-13,2,1,1,-13
0,-11,1,0,-13,-11
3,10,6,5,11,10
2,2,6,4,11,2
1,0,2,2,1,1
1,0,2,5,1,10
10,-13,5,1,10,-13
-11,10,0,6,-11,11
11,1,0,0,-11,-11
-11,2,0,2,-11,1
-11,0,2,3,1,0
2,1,6,6,11,11
-11,10,0,5,-11,10
-11,0,0,3,-11,0
0,-13,3,1,0,-13
1,10,2,6,1,11
0,-11,3,0,0,-11
1,1,2,2,1,1
-13,2,1,4,-13,2
-13,10,1,5,-13,10
0,0,3,3,0,0
0,0,3,1,0,-13
-11,1,0,2,-11,1
1,0,2,3,1,0
10,10,5,5,10,10
0,-13,3,1,0,-13
0,10,3,6,0,11
-11,12,0,6,-11,11
-13,-11,1,0,-13,-11
-11,10,0,5,-11,10
-13,12,1,6,-13,11
-13,-13,1,1,-13,-13
2,1,4,2,2,1
2,1,6,2,11,1
-11,-13,0,1,-11,-13
10,-11,5,0,10,-11
-11,-11,0,0,-11,-11
-13,1,5,8,10,-333
10,-13,5,1,10,-13
1,1,2,2,1,1
1,10,2,5,1,10
-11,1,0,2,-11,1
1,-11,2,1,1,-13
1,1,4,2,2,1
1,2,2,2,1,1
1,1,2,2,1,1
-13,-11,1,0,-13,-11
1,-13,2,1,1,-13
2,0,4,3,2,0
10,-13,5,1,10,-13
1,10,2,5,1,10
-11,-13,0,1,-11,-13
10,10,5,5,10,10
0,1,3,2,0,1
1,10,2,2,1,1
11,-13,5,1,10,-13
1,-11,2,0,1,-11
1,-11,2,0,1,-11
11,11,6,6,11,11
0,1,2,2,1,1
1,1,2,2,1,1
2,10,2,5,1,10
10,11,5,6,10,11
10,2,5,4,10,2
10,1,6,2,11,1
-11,1,0,2,-11,1
2,-13,4,1,2,-13
-13,-11,1,0,-13,-11
-13,1,1,0,-13,-11
0,1,3,2,0,1
2,-13,4,1,2,-13
11,2,6,4,11,2
0,10,3,5,0,10
-11,-11,0,0,-11,-11
-13,10,1,6,-13,11
1,3,2,4,1,2
-13,1,1,2,-13,1
11,2,6,2,11,1
2,10,2,5,1,10
10,10,5,5,10,10
2,-13,6,1,11,-13
0,-13,1,2,-13,1
2,1,2,2,1,1
-11,-13,0,1,-11,-13
0,1,3,2,0,1
-13,0,1,3,-13,0
-13,-13,1,1,-13,-13
1,10,3,5,0,10
-13,-13,1,1,-13,-13
-13,1,1,2,-13,1
-13,0,1,2,-13,1
0,-11,3,0,0,-11
-11,-13,0,1,-11,-13
0,4,3,4,0,2
1,-11,2,2,1,1
-11,10,7,5,-222,10
-11,-13,0,1,-11,-13
1,1,2,2,1,1
-11,1,0,2,-11,1
0,-11,3,0,0,-11
-13,11,1,5,-13,10
11,2,5,2,10,1
10,1,5,2,10,1
-11,2,0,2,-11,1
-13,10,1,5,-13,10
2,-11,2,0,1,-11
11,1,5,2,10,1
0,-11,2,0,1,-11
1,-11,2,0,1,-11
0,1,3,2,0,1
2,-13,6,1,11,-13
1,-11,2,0,1,-11
10,11,5,2,10,1
1,10,2,5,1,10
1,1,2,5,1,10
1,1,2,2,1,1
1,1,2,2,1,1
1,1,2,2,1,1
-11,10,0,5,-11,10
1,1,2,2,1,1
2,-11,2,0,1,-11
-13,1,1,4,-13,2
-11,0,0,3,-11,0
2,-11,4,0,2,-11
11,2,5,4,10,2
-13,-13,1,1,-13,-13
1,0,2,3,1,0
1,1,8,6,-333,11
-11,-11,0,2,-11,1
10,10,5,5,10,10
-11,11,0,6,-11,11
-13,-11,1,0,-13,-11
-13,-13,1,1,-13,-13
1,-11,2,0,1,-11
-11,-11,0,0,-11,-11
0,10,3,5,0,10
0,11,2,4,1,2
0,1,3,2,0,1
-11,0,0,3,-11,0
10,10,5,5,10,10
-11,0,0,3,-11,0
1,1,6,2,11,1
1,1,2,2,1,1
1,0,2,2,1,1
-13,0,1,5,-13,10
1,-11,2,0,1,-11
0,11,3,2,0,1
0,-11,3,0,0,-11
-13,1,1,2,-13,1
1,-13,2,1,1,-13
-11,1,0,2,-11,1
2,10,6,5,11,10
11,1,5,2,10,1
1,1,2,2,1,1
0,-13,1,1,-13,-13
-11,-11,0,0,-11,-11
0,-11,6,1,11,-13
-11,0,0,3,-11,0
-11,-11,0,0,-11,-11
-11,0,0,5,-11,10
1,10,2,5,1,10
1,-11,4,0,2,-11
0,10,3,5,0,10
2,1,4,2,2,1
-11,-13,0,1,-11,-13
-13,-11,1,0,-13,-11
10,0,6,5,11,10
2,11,2,6,1,11
0,-11,3,0,0,-11
1,-11,2,0,1,-11
1,-11,2,8,1,-333
-13,-13,1,1,-13,-13
1,-11,0,0,-11,-11
2,-13,2,1,1,-13
-13,1,1,4,-13,2
3,11,4,5,2,10
-11,-13,0,1,-11,-13
-11,-11,8,8,-333,-333
-11,10,0,5,-11,10
2,-11,4,0,2,-11
11,11,6,6,11,11
2,1,2,2,1,1
-13,-13,2,1,1,-13
1,11,2,6,1,11
1,-11,2,0,1,-11
-11,10,0,5,-11,10
-11,0,0,3,-11,0
-11,11,0,6,-11,11
0,-11,3,0,0,-11
-13,-13,1,2,-13,1
-11,0,0,3,-11,0
-13,0,1,2,-13,1
-11,1,0,2,-11,1
1,0,2,3,1,0
-11,10,0,6,-11,11
-11,0,0,3,-11,0
10,2,5,4,10,2
-11,1,0,2,-11,1
1,-11,2,0,1,-11
1,2,2,2,1,1
-11,-11,0,2,-11,1
-11,0,0,3,-11,0
1,1,2,4,1,2
1,2,2,2,1,1
-13,10,0,5,-11,10
1,-13,2,1,1,-13
-11,-11,0,1,-11,-13
1,10,2,5,1,10
-13,1,1,2,-13,1
-11,11,0,6,-11,11
-13,1,1,2,-13,1
1,1,2,2,1,1
0,-11,3,0,0,-11
10,10,5,4,10,2
0,-11,3,0,0,-11
2,10,2,5,1,10
11,-13,6,1,11,-13
1,1,2,2,1,1
-13,0,1,3,-13,0
1,2,6,4,11,2
1,-13,6,1,11,-13
1,11,2,6,1,11
-11,-11,0,2,-11,1
0,1,3,2,0,1
2,2,2,2,1,1
10,1,5,2,10,1
2,0,4,6,2,11
2,1,2,2,1,1
-13,-11,1,2,-13,1
1,1,2,2,1,1
-11,1,0,2,-11,1
1,-13,6,1,11,-13
10,2,5,4,10,2
0,10,3,6,0,11
10,2,5,6,10,11
1,2,2,8,1,-333
10,-11,6,0,11,-11
1,1,2,2,1,1
1,1,1,6,-13,11
10,0,5,3,10,0
2,0,2,3,1,0
2,-13,4,1,2,-13
0,1,3,0,0,-11
-13,-11,1,0,-13,-11
-11,0,0,1,-11,-13
1,1,2,8,1,-333
0,-11,5,0,10,-11
-1,0,5,3,10,0
1,-13,2,1,1,-13
10,-13,6,1,11,-13
1,1,2,2,1,1
11,-13,6,1,11,-13
1,0,2,3,1,0
-11,10,0,6,-11,11
1,11,4,6,2,11
-11,-11,0,7,-11,-222
0,10,3,5,0,10
1,2,4,2,2,1
2,-11,4,0,2,-11
-11,1,8,2,-333,1
1,1,2,2,1,1
1,10,2,6,1,11
-13,1,1,2,-13,1
0,1,2,2,1,1
1,11,2,6,1,11
2,2,5,4,10,2
-13,1,1,2,-13,1
-13,0,1,3,-13,0
0,-13,5,1,10,-13
2,2,4,4,2,2
0,1,2,2,1,1
10,-13,5,1,10,-13
1,1,2,2,1,1
-11,11,0,6,-11,11
11,-11,6,0,11,-11
1,-11,2,0,1,-11
-11,0,0,3,-11,0
-1,11,6,6,11,11
-13,0,1,3,-13,0
-11,0,0,2,-11,1
1,-11,2,0,1,-11
1,1,2,2,1,1
-13,1,1,2,-13,1
-11,10,0,5,-11,10
-13,10,1,5,-13,10
11,3,6,6,11,11
2,1,2,2,1,1
2,2,2,2,1,1
-13,0,1,3,-13,0
-13,-13,1,1,-13,-13
2,11,2,6,1,11
11,12,5,5,10,10
1,-11,5,0,10,-11
-11,1,0,2,-11,1
10,-11,5,0,10,-11
-13,-11,1,2,-13,1
10,-13,6,1,11,-13
1,1,2,2,1,1
1,-13,2,1,1,-13
1,1,2,2,1,1
0,2,3,4,0,2
1,0,2,3,1,0
-11,2,0,7,-11,-222
1,-13,4,1,2,-13
-13,3,1,2,-13,1
-13,0,1,5,-13,10
0,2,3,4,0,2
0,-13,5,1,10,-13
2,1,6,0,11,-11
-13,12,1,5,-13,10
-11,2,0,4,-11,2
1,10,2,5,1,10
1,10,2,6,1,11
10,-13,6,0,11,-11
-11,1,0,2,-11,1
1,-11,2,0,1,-11
0,0,3,3,0,0
-13,0,1,3,-13,0
1,11,3,5,0,10
10,10,5,6,10,11
0,-11,3,0,0,-11
0,0,3,6,0,11
-13,0,1,3,-13,0
1,-11,2,0,1,-11
1,1,2,2,1,1
-13,0,1,3,-13,0
1,1,5,6,10,11
0,1,3,2,0,1
1,0,8,2,-333,1
0,0,3,3,0,0
1,10,2,6,1,11
0,0,3,3,0,0
-13,-11,1,0,-13,-11
0,-13,3,1,0,-13
-11,1,0,4,-11,2
-13,2,1,4,-13,2
-13,1,1,2,-13,1
1,-13,2,1,1,-13
10,-11,5,0,10,-11
0,-11,3,0,0,-11
-11,-11,0,0,-11,-11
1,0,2,3,1,0
1,1,2,2,1,1
11,-11,6,0,11,-11
10,1,5,2,10,1
10,1,5,2,10,1
11,11,5,5,10,10
-11,11,0,5,-11,10
1,2,2,2,1,1
-11,1,0,2,-11,1
1,-11,2,0,1,-11
1,10,2,5,1,10
1,1,2,2,1,1
0,0,3,3,0,0
0,0,3,3,0,0
-11,-11,1,0,-13,-11
10,11,5,5,10,10
2,11,2,5,1,10
-11,1,0,6,-11,11
-11,0,0,3,-11,0
-13,0,1,3,-13,0
0,10,3,5,0,10
1,0,8,8,-333,-333
1,2,2,2,1,1
1,-11,2,0,1,-11
11,-11,5,8,10,-333
0,-13,2,1,1,-13
1,1,2,2,1,1
-11,0,0,3,-11,0
0,2,6,6,11,11
-11,1,0,2,-11,1
-13,1,1,2,-13,1
-11,1,0,2,-11,1
1,-11,5,0,10,-11
-13,-13,1,1,-13,-13
1,2,3,2,0,1
1,10,3,6,0,11
-13,-13,1,1,-13,-13
-11,-13,0,1,-11,-13
0,-11,3,0,0,-11
11,-11,6,0,11,-11
11,-13,6,1,11,-13
-11,0,3,3,0,0
-13,10,1,5,-13,10
10,-11,6,8,11,-333
-13,-13,1,1,-13,-13
1,2,2,2,1,1
-11,0,0,3,-11,0
-13,-13,1,1,-13,-13
0,-13,3,1,0,-13
12,11,6,6,11,11
10,1,5,2,10,1
10,0,5,3,10,0
1,1,5,2,10,1
2,-11,2,0,1,-11
10,1,5,2,10,1
2,-11,2,0,1,-11
2,10,4,5,2,10
-11,-11,0,0,-11,-11
-13,1,1,2,-13,1
-13,-13,1,1,-13,-13
-13,-11,1,0,-13,-11
10,-13,5,1,10,-13
-13,-13,1,1,-13,-13
1,1,6,5,11,10
-13,0,1,3,-13,0
-13,-11,1,0,-13,-11
-13,10,1,5,-13,10
-13,-13,1,1,-13,-13
0,3,3,4,0,2
2,-13,2,1,1,-13
-13,1,1,2,-13,1
1,-11,2,0,1,-11
11,10,6,5,11,10
0,0,3,3,0,0
0,10,3,5,0,10
-11,3,0,2,-11,1
11,1,6,2,11,1
1,-11,2,0,1,-11
1,-11,2,0,1,-11
-11,11,0,6,-11,11
-13,1,1,8,-13,-333
1,-13,2,1,1,-13
-11,1,0,2,-11,1
10,-13,5,1,10,-13
1,11,2,5,1,10
2,1,4,4,2,2
1,11,2,6,1,11
-13,-11,1,0,-13,-11
1,-13,2,1,1,-13
-11,2,8,2,-333,1
1,1,4,2,2,1
10,-11,5,0,10,-11
-13,0,1,3,-13,0
1,-11,2,0,1,-11
-13,2,1,6,-13,11
-11,10,0,5,-11,10
1,-11,6,0,11,-11
-13,0,1,3,-13,0
2,-11,4,0,2,-11
-11,0,0,3,-11,0
-11,-13,0,1,-11,-13
2,0,4,8,2,-333
2,0,4,3,2,0
0,0,2,3,1,0
-13,0,1,3,-13,0
2,-13,4,1,2,-13
1,1,2,2,1,1
0,-13,3,1,0,-13
-11,0,0,3,-11,0
12,10,6,5,11,10
1,1,3,2,0,1
-11,-11,0,0,-11,-11
1,2,2,4,1,2
1,0,2,3,1,0
10,-11,5,0,10,-11
2,-13,2,1,1,-13
1,0,3,3,0,0
1,-13,2,1,1,-13
-11,11,0,6,-11,11
-13,-13,1,1,-13,-13
1,-13,4,3,2,0
10,1,6,2,11,1
1,10,2,5,1,10
1,-13,2,0,1,-11
-13,-13,1,1,-13,-13
-11,1,0,2,-11,1
-11,2,0,4,-11,2
-13,0,1,3,-13,0
-11,0,0,3,-11,0
0,-11,2,0,1,-11
10,10,5,5,10,10
-11,-13,0,1,-11,-13
-11,0,0,5,-11,10
2,10,4,5,2,10
1,-11,4,0,2,-11
2,0,4,3,2,0
-13,1,1,2,-13,1
-13,1,1,2,-13,1
1,1,2,2,1,1
1,0,0,2,-11,1
-13,1,1,2,-13,1
10,1,5,2,10,1
-11,-11,0,0,-11,-11
0,-13,3,1,0,-13
-13,10,1,5,-13,10
2,1,6,2,11,1
-13,-13,1,1,-13,-13
10,1,5,2,10,1
-11,10,0,5,-11,10
1,10,2,5,1,10
1,0,2,5,1,10
10,-11,5,0,10,-11
1,0,2,3,1,0
-11,-11,2,0,1,-11
-13,-11,1,0,-13,-11
1,11,2,6,1,11
2,-13,4,1,2,-13
-13,-13,1,1,-13,-13
2,2,6,4,11,2
1,0,2,1,1,-13
1,10,6,5,11,10
1,0,2,6,1,11
11,-11,5,0,10,-11
10,-13,6,1,11,-13
1,10,3,5,0,10
-11,0,0,3,-11,0
-11,-11,0,0,-11,-11
-11,-11,0,0,-11,-11
10,-13,5,1,10,-13
-13,-11,1,2,-13,1
1,-13,2,1,1,-13
0,1,3,2,0,1
2,1,6,2,11,1
10,0,5,6,10,11
10,1,5,2,10,1
2,0,6,3,11,0
2,1,2,1,1,-13
1,-11,4,0,2,-11
10,1,6,3,11,0
2,-13,2,1,1,-13
3,11,2,6,1,11
-13,0,1,3,-13,0
1,-13,2,1,1,-13
1,0,2,5,1,10
-13,2,1,8,-13,-333
-11,10,0,5,-11,10
-11,-11,0,0,-11,-11
-13,0,1,7,-13,-222
10,2,6,6,11,11
2,-13,2,1,1,-13
1,-11,4,0,2,-11
-11,10,0,5,-11,10
2,-11,4,0,2,-11
1,2,2,6,1,11
1,1,8,2,-333,1
-11,10,0,5,-11,10
-13,10,1,5,-13,10
-11,-13,8,0,-333,-11
2,1,2,2,1,1
2,0,4,3,2,0
11,10,5,5,10,10
2,2,2,2,1,1
10,2,5,4,10,2
-11,0,0,3,-11,0
2,0,2,3,1,0
-11,1,2,2,1,1
-11,0,0,2,-11,1
1,10,2,5,1,10
10,-11,5,0,10,-11
2,12,2,6,1,11
-11,10,2,6,1,11
0,1,8,0,-333,-11
-11,1,0,2,-11,1
1,1,2,2,1,1
1,-13,2,1,1,-13
-13,-13,1,1,-13,-13
11,1,6,2,11,1
-11,-13,0,1,-11,-13
3,-11,4,0,2,-11
-11,0,0,3,-11,0
1,-13,2,1,1,-13
2,-13,2,1,1,-13
-13,-13,1,1,-13,-13
1,2,2,4,1,2
-11,11,0,6,-11,11
-11,1,0,2,-11,1
0,1,3,2,0,1
0,11,3,6,0,11
11,-11,4,3,2,0
0,1,2,2,1,1
-11,-13,0,8,-11,-333
-11,2,0,4,-11,2
-13,-13,1,1,-13,-13
10,-11,5,0,10,-11
11,10,6,5,11,10
-13,-11,1,2,-13,1
-11,-13,0,1,-11,-13
-13,-11,1,0,-13,-11
-11,10,0,5,-11,10
1,-13,2,1,1,-13
1,-11,2,0,1,-11
2,10,4,5,2,10
2,-11,2,0,1,-11
11,0,6,3,11,0
0,-13,6,1,11,-13
1,-11,0,1,-11,-13
0,10,3,5,0,10
1,-13,2,1,1,-13
1,-13,2,1,1,-13
-13,1,1,2,-13,1
-13,-11,1,8,-13,-333
1,1,2,2,1,1
2,2,6,4,11,2
10,-13,5,1,10,-13
1,1,2,2,1,1
1,1,2,2,1,1
-13,-11,1,0,-13,-11
-13,0,0,2,-11,1
1,11,2,6,1,11
0,1,3,2,0,1
10,11,6,5,11,10
0,-13,3,1,0,-13
1,-13,4,1,2,-13
-11,1,0,2,-11,1
1,10,5,6,10,11
0,-13,0,1,-11,-13
-11,-13,0,1,-11,-13
0,-11,3,0,0,-11
1,0,2,3,1,0
1,-13,2,1,1,-13
2,-11,4,8,2,-333
2,1,2,3,1,0
-11,10,0,6,-11,11
0,-11,3,0,0,-11
1,1,2,2,1,1
1,-11,2,0,1,-11
1,-11,0,2,-11,1
1,-11,2,0,1,-11
-11,2,0,2,-11,1
1,1,2,2,1,1
0,-11,3,0,0,-11
3,-11,4,0,2,-11
-11,1,0,2,-11,1
-11,0,0,3,-11,0
-13,-13,1,1,-13,-13
10,-13,5,1,10,-13
-11,3,0,4,-11,2
-13,10,1,5,-13,10
-11,1,0,2,-11,1
1,-13,2,8,1,-333
-13,0,1,3,-13,0
-11,0,0,3,-11,0
0,1,3,2,0,1
10,2,5,2,10,1
1,11,2,5,1,10
-13,0,1,3,-13,0
2,-13,2,1,1,-13
1,2,2,4,1,2
1,-11,2,0,1,-11
10,-13,5,1,10,-13
1,11,2,6,1,11
-13,2,1,2,-13,1
1,-11,2,0,1,-11
-11,1,0,2,-11,1
1,3,2,2,1,1
0,1,0,2,-11,1
10,11,5,5,10,10
1,-11,2,7,1,-222
1,12,2,6,1,11
-11,1,0,2,-11,1
-13,1,1,2,-13,1
0,0,3,5,0,10
1,10,2,5,1,10
12,1,6,2,11,1
2,1,4,2,2,1
1,10,2,5,1,10
10,0,5,3,10,0
1,-11,2,2,1,1
11,1,5,2,10,1
-13,-11,1,0,-13,-11
1,-11,2,0,1,-11
0,1,5,2,10,1
-13,1,1,2,-13,1
-13,1,1,2,-13,1
-11,1,0,2,-11,1
1,1,6,2,11,1
1,1,2,2,1,1
10,1,5,2,10,1
2,2,4,4,2,2
-11,1,0,2,-11,1
-11,10,0,4,-11,2
1,-13,2,1,1,-13
2,2,6,4,11,2
11,1,5,2,10,1
1,1,2,2,1,1
10,1,6,2,11,1
2,-11,2,0,1,-11
-13,-11,1,0,-13,-11
1,-11,2,0,1,-11
1,-13,3,8,0,-333
1,10,2,5,1,10
3,0,4,3,2,0
1,0,2,2,1,1
-13,10,3,5,0,10
10,-13,5,1,10,-13
-11,1,0,2,-11,1
2,1,2,2,1,1
0,3,3,4,0,2
10,-13,2,8,1,-333
2,2,4,4,2,2
1,-13,4,1,2,-13
-11,2,0,4,-11,2
-11,0,0,3,-11,0
2,2,4,4,2,2
3,2,4,4,2,2
1,-13,2,1,1,-13
-13,-11,1,0,-13,-11
2,1,2,6,1,11
-13,-11,1,0,-13,-11
1,1,2,2,1,1
2,0,4,3,2,0
-13,-13,1,1,-13,-13
2,0,4,3,2,0
10,1,6,2,11,1
1,2,2,2,1,1
11,1,6,2,11,1
0,-13,3,1,0,-13
0,2,3,6,0,11
-13,2,1,4,-13,2
1,1,3,2,0,1
-11,11,0,3,-11,0
1,1,2,2,1,1
11,0,6,3,11,0
10,1,5,2,10,1
-11,1,0,2,-11,1
10,-11,5,8,10,-333
10,1,5,2,10,1
10,-11,6,0,11,-11
2,11,6,6,11,11
1,-13,2,1,1,-13
-11,0,8,3,-333,0
1,1,2,2,1,1
0,-11,5,0,10,-11
-13,1,1,2,-13,1
2,10,4,5,2,10
-11,-11,0,0,-11,-11
-13,0,1,3,-13,0
-11,-11,0,0,-11,-11
-13,-11,1,0,-13,-11
1,-13,6,0,11,-11
0,1,3,2,0,1
-13,-13,1,1,-13,-13
-11,-13,7,1,-222,-13
-11,1,0,2,-11,1
0,10,3,6,0,11
0,-11,3,0,0,-11
10,-13,5,1,10,-13
-13,-11,1,1,-13,-13
11,10,6,6,11,11
-13,-13,1,2,-13,1
1,0,2,3,1,0
2,2,4,4,2,2
2,-11,4,0,2,-11
10,1,5,2,10,1
2,-11,4,0,2,-11
2,10,4,5,2,10
1,-13,2,1,1,-13
-11,11,0,6,-11,11
10,-13,5,1,10,-13
1,0,2,2,1,1
-13,0,1,3,-13,0
1,1,2,2,1,1
3,-13,4,1,2,-13
-13,10,1,6,-13,11
1,-13,3,2,0,1
2,1,4,2,2,1
3,1,4,2,2,1
10,2,5,2,10,1
-11,2,0,4,-11,2
1,-13,2,1,1,-13
10,1,5,2,10,1
-11,12,3,6,0,11
0,2,1,2,-13,1
10,1,5,4,10,2
0,2,3,2,0,1
2,11,2,5,1,10
-13,-11,1,0,-13,-11
0,0,3,3,0,0
10,-11,5,0,10,-11
-13,1,1,2,-13,1
1,-13,2,1,1,-13
0,-11,3,0,0,-11
1,1,2,4,1,2
10,2,6,2,11,1
-11,1,0,2,-11,1
1,-13,2,1,1,-13
1,1,2,2,1,1
-13,1,2,2,1,1
1,-13,2,1,1,-13
11,1,6,2,11,1
0,2,3,4,0,2
-11,1,0,2,-11,1
-13,-11,1,0,-13,-11
-11,11,8,6,-333,11
11,-11,6,0,11,-11
0,-11,2,0,1,-11
10,-11,5,0,10,-11
10,1,5,2,10,1
0,1,2,3,1,0
1,0,2,3,1,0
1,0,2,3,1,0
1,2,0,6,-11,11
10,10,6,6,11,11
-11,-13,0,1,-11,-13
-13,1,1,2,-13,1
2,-11,4,0,2,-11
-13,2,1,4,-13,2
1,-11,2,0,1,-11
2,10,2,5,1,10
-11,1,0,2,-11,1
-11,1,0,2,-11,1
0,1,3,6,0,11
-13,-13,8,4,-333,2
11,0,6,3,11,0
11,2,6,4,11,2
1,1,2,2,1,1
-13,1,1,2,-13,1
-13,2,1,4,-13,2
1,1,2,2,1,1
2,0,4,6,2,11
-13,0,1,3,-13,0
-13,-13,1,2,-13,1
-13,10,1,5,-13,10
-13,-11,1,0,-13,-11
1,1,2,2,1,1
1,1,2,2,1,1
2,10,4,5,2,10
0,-13,3,1,0,-13
-13,-11,1,0,-13,-11
-13,-11,1,0,-13,-11
-13,11,1,6,-13,11
1,1,2,2,1,1
10,0,6,3,11,0
0,-13,3,1,0,-13
2,-13,2,1,1,-13
0,2,1,2,-13,1
1,1,2,2,1,1
-11,-13,0,1,-11,-13
1,-13,2,1,1,-13
1,1,6,2,11,1
0,0,3,3,0,0
-13,11,1,5,-13,10
1,2,6,2,11,1
0,10,3,6,0,11
1,-13,2,1,1,-13
11,10,6,5,11,10
-13,-13,3,1,0,-13
1,-11,2,0,1,-11
2,3,4,4,2,2
1,-11,2,0,1,-11
1,-11,2,0,1,-11
1,10,2,5,1,10
-13,2,1,4,-13,2
