tau1,tau2,id-tau1,id-tau2
1,-13,1,-13
2,1,2,1
-11,1,-11,1
10,10,10,10
10,-13,10,-13
10,-11,10,-11
2,10,3,10
1,-13,1,-13
10,-11,10,-11
2,12,-2,2
1,2,1,2
12,-13,-2,-13
10,-11,11,-11
11,1,-11,1
2,-11,-11,-11
-11,10,-11,10
1,0,1,0
-11,11,-1,-11
1,-11,-20,-11
0,-13,-20,-13
-13,1,-13,2
-11,2,0,2
-13,-13,-2,-13
-13,1,-13,1
1,10,-2,-2
1,1,1,1
1,-11,1,-11
1,0,1,0
2,-13,2,-13
0,1,-13,1
1,1,1,1
0,1,0,1
-13,10,-13,-20
0,-11,0,-11
-11,-11,-11,-11
1,0,1,-20
-13,1,-13,1
11,10,11,-2
-13,10,-13,-1
-11,0,-2,0
0,1,0,1
-11,0,-11,-2
0,1,0,-11
-13,0,-13,0
1,2,1,-20
1,-11,12,-11
-13,-11,-13,-11
-13,1,-2,-2
11,11,-11,12
-13,0,-13,0
1,0,1,0
-11,-11,-11,-11
11,-13,11,-2
2,0,2,0
1,-13,-2,-2
-11,-11,-11,-11
12,-13,13,-13
1,1,1,1
-11,-13,-11,0
-11,1,1,1
-11,-13,-11,-13
-13,-13,-13,-13
-13,0,-13,0
-13,-13,-2,-13
2,-13,3,-13
-13,10,-13,10
10,-11,10,-2
10,2,10,2
1,-11,1,-11
2,-13,2,-13
2,10,2,-2
1,-13,1,-13
10,-11,-2,-2
10,10,10,-20
2,0,2,-20
-13,10,-13,10
1,-13,1,0
10,-13,11,-13
-13,-11,-13,-2
1,2,1,2
-13,0,-2,0
1,1,1,1
11,2,11,-2
0,2,0,-2
-13,0,-13,11
-13,-13,-13,-13
0,0,3,-2
-11,2,-11,-11
0,11,0,-2
10,-11,-2,-11
-13,10,-13,-2
-13,12,-13,11
0,11,0,-2
10,10,-2,-20
2,1,2,1
0,10,0,10
0,10,-2,-20
10,-13,-20,-2
1,0,1,-2
11,1,11,-2
10,1,10,1
0,-13,11,-2
-11,0,-11,0
2,-11,2,-11
-13,1,-13,-1
0,0,0,0
-11,11,-11,-20
1,-13,-2,-13
1,-11,1,-11
0,0,0,0
-11,11,-11,-11
-11,0,-2,-2
-11,1,1,1
-11,10,-11,-11
1,1,1,1
11,0,11,0
0,-13,0,-13
0,-11,0,-11
-11,-13,-11,-13
0,-11,0,-11
1,10,1,10
10,-13,10,-13
1,-13,1,-13
1,1,1,2
1,10,1,-20
10,-13,-11,-2
2,10,2,-20
2,2,2,-2
10,-13,10,-13
0,11,0,-2
2,1,-13,-11
-13,2,-13,2
0,-11,-20,-11
10,0,10,0
-11,0,-11,0
0,-11,0,-11
2,1,2,1
-11,-11,-2,-2
10,-13,-2,-13
1,10,1,10
1,1,2,1
-11,0,-11,0
0,-13,0,-13
0,1,0,1
1,0,1,0
11,1,-11,-2
1,1,1,1
10,-11,-2,-11
1,11,2,11
0,1,0,1
1,11,1,-1
1,2,-2,2
1,0,1,0
-11,0,-11,0
-13,-11,-13,-2
-11,0,-11,-20
11,0,11,0
-13,10,-13,10
2,-13,2,-13
11,-13,11,-13
0,2,0,1
-11,1,-11,1
0,11,0,-2
0,-11,0,-2
-13,-11,-13,-11
-11,0,-11,0
-11,0,-11,0
1,2,1,2
-13,1,-13,1
1,1,1,1
-13,-11,-13,-11
-13,-13,-13,-13
-11,-13,-11,-13
1,1,-11,1
10,10,10,-2
1,1,0,1
11,-13,11,-13
2,0,-20,0
0,1,0,2
0,11,-20,11
1,2,1,2
1,-13,1,-13
11,1,11,1
-11,2,-2,2
10,-11,10,-11
1,-13,1,-13
-11,0,-2,0
0,-11,0,-11
2,1,2,-2
0,-11,0,-11
1,-11,1,-11
-13,-13,-13,-13
0,-13,0,-13
10,0,10,0
2,0,-2,0
11,-13,-2,-13
11,11,11,11
1,1,1,1
-11,10,-11,10
2,1,2,1
10,0,-2,0
1,0,1,0
1,1,1,1
-11,0,-11,0
-13,-13,-13,-13
10,1,-2,1
1,0,-11,0
10,1,10,1
0,0,0,0
1,0,1,0
-13,1,-13,1
-13,1,-13,1
-11,-13,-11,-13
-11,0,-11,0
0,-13,0,-13
1,-11,1,-11
10,0,10,0
10,-11,-2,-11
-11,11,-11,-20
0,1,4,1
10,1,-2,1
0,1,0,1
10,2,10,2
1,-13,1,0
11,-13,11,-13
10,0,-2,0
1,10,1,-2
-11,1,-11,1
1,-13,1,-2
-13,2,-13,2
1,-13,-2,-13
-11,11,-11,-2
0,-11,0,-11
10,1,10,2
1,-11,1,-11
1,2,1,5
1,1,1,-20
-13,3,-13,3
10,-11,-2,-11
-13,0,-13,0
-11,2,-11,2
11,-11,-2,-11
10,-13,11,-13
11,-13,11,-13
2,-13,-2,-13
10,2,10,2
1,0,3,0
-11,10,-11,1
11,1,-2,1
-11,-13,-11,-13
11,-11,-11,-2
10,1,10,1
10,1,10,0
0,11,0,-2
10,1,11,-20
-11,0,-2,0
1,11,-11,-2
-11,1,-11,1
0,-13,0,-13
0,0,0,-20
1,-13,-2,-13
-11,10,-2,10
3,1,-2,-2
-11,-11,2,1
1,-11,1,-11
-11,1,-11,-2
0,1,0,2
1,-11,1,-11
1,2,1,2
2,0,1,-20
-13,-11,-13,-11
1,1,1,1
-13,12,-13,-20
10,3,-20,3
10,1,-2,1
2,-13,2,-13
-13,0,0,0
0,1,0,1
-13,1,-13,2
-13,1,-13,1
-13,1,-13,1
-13,-13,-13,-13
2,11,2,11
-11,11,-11,11
-13,0,-2,0
10,-13,-2,-13
2,11,-2,1
11,-11,-2,-11
4,-13,4,0
2,-11,3,-11
1,-13,1,-13
1,1,1,1
-11,11,-11,11
1,0,1,-2
1,2,1,2
10,2,10,-11
1,-11,1,-11
10,0,10,0
1,-11,2,-11
-13,-11,-13,2
1,1,1,2
0,12,-13,-20
1,1,1,1
2,1,2,1
2,-11,2,-11
1,0,1,0
-11,2,-2,-2
2,-13,1,0
-11,-11,-11,-2
1,-11,1,-11
2,1,2,1
2,2,2,2
1,1,-2,1
-13,11,-2,11
1,0,1,-13
1,-13,-20,-13
1,-11,1,-11
-11,2,-11,-2
10,11,-2,11
1,2,1,-20
1,1,1,1
-13,-13,0,-13
10,2,10,-11
-11,2,-11,3
1,10,1,-20
1,-13,1,-2
10,-13,-2,0
1,0,2,0
0,1,0,1
0,-13,0,-13
0,1,-20,1
1,-13,-2,-2
2,-11,2,-11
-11,0,-11,0
1,-13,1,-13
-11,2,-11,2
-11,2,-2,2
-11,1,-11,2
1,10,1,10
2,12,2,12
1,-13,1,-13
11,-11,-2,-11
0,2,-2,3
0,1,0,-13
10,2,-2,2
-11,0,-11,0
-13,-13,0,-13
-13,-11,-13,-11
2,2,1,2
2,2,1,-2
1,11,1,-2
-11,10,-2,10
-11,1,-11,1
-11,0,-11,0
1,0,1,-20
-11,1,-2,1
-11,-11,-11,-2
-11,1,2,1
1,-13,1,-13
-13,-13,-13,-13
1,-13,2,-13
2,1,2,-2
-11,1,-11,2
2,10,2,10
10,0,10,0
1,1,-2,1
1,1,1,1
-13,-11,-13,-11
2,-13,3,-13
0,-11,-20,-11
1,2,1,2
1,10,-2,-2
1,2,1,2
-13,-11,-13,-11
-11,1,-11,1
0,0,1,0
0,0,0,1
-11,2,-2,2
-11,2,-11,1
11,-13,11,-13
2,-13,2,-13
10,2,10,2
0,1,1,1
1,-11,1,-11
-11,-13,-11,-13
1,-11,1,-11
0,-13,0,-13
-13,-13,-13,0
2,0,2,0
-13,1,0,1
-11,10,-11,-2
0,-13,-2,-13
1,1,2,-2
1,1,1,1
-11,-13,-11,-13
10,-13,10,-13
0,11,0,-2
-11,-13,2,-13
2,0,2,0
1,2,1,2
0,-11,0,-11
1,1,2,-11
10,-13,10,0
-13,-13,-13,-13
1,-11,1,-11
2,1,2,1
0,1,0,1
-11,-13,-2,0
0,-13,2,0
-13,-11,-13,-11
-13,3,-13,-11
2,-13,2,-13
1,1,1,1
-13,1,-13,-13
-13,2,-13,3
-13,1,0,1
-13,1,-13,1
1,1,1,1
-13,-11,-13,-11
-13,1,-13,1
2,11,2,11
-11,2,-2,-20
-13,-13,-13,-13
10,-13,10,-13
-11,11,-2,-11
0,10,0,10
1,0,1,0
2,-11,-2,-11
0,2,0,4
2,-11,2,-11
10,1,10,1
-11,10,-11,11
1,-13,1,-13
-11,-13,-11,-2
1,-13,1,0
-13,-13,-13,-13
2,2,-11,2
11,0,11,0
1,10,1,-11
3,1,-2,1
-13,-13,-13,-13
-11,11,-11,-2
0,0,0,0
0,2,0,2
0,-11,0,1
1,1,1,1
0,1,0,3
1,-13,1,-13
1,0,1,-2
1,1,-2,1
11,-13,-20,-13
3,1,2,-11
-11,0,-11,0
1,4,2,2
1,3,-20,-20
1,-11,2,1
-13,0,-2,-2
1,11,1,12
-11,10,-11,10
0,-11,0,-11
-11,-13,1,-13
-11,-11,-2,-11
10,10,-13,10
-11,-11,-11,-11
1,2,-11,3
11,1,-2,1
1,1,1,2
10,1,-11,-13
-13,10,-13,10
1,0,1,-2
1,0,1,0
-13,10,-13,10
-11,1,-11,1
-11,1,-2,1
0,1,0,1
1,2,1,2
-11,0,-11,1
-11,-11,-2,1
1,1,1,1
-13,-13,-13,-13
11,11,11,-11
-13,0,-13,-20
0,10,0,10
1,-13,-20,0
3,10,3,10
1,1,1,1
1,1,1,1
2,11,3,11
-13,11,0,11
-13,0,0,-20
-13,1,-13,1
-13,-13,-13,-13
1,-13,1,-13
1,0,1,0
-11,1,-11,2
-13,11,-13,12
10,-11,10,-11
2,10,2,10
-13,0,-13,0
-13,-11,-13,-11
0,-11,0,-11
-11,-11,-11,-11
2,-13,-2,-2
-13,1,-13,1
-11,10,-11,-11
1,2,2,-11
-11,2,-11,2
-11,1,-2,1
12,-13,12,-13
-11,-11,-11,-11
2,11,2,-2
1,-13,-20,0
11,1,12,1
1,1,-11,1
0,-13,1,-13
-13,-13,-13,-13
-11,0,-2,0
1,1,1,1
-11,1,-11,1
1,1,1,1
-11,0,-11,1
-13,1,-2,1
-13,1,-13,-11
1,-13,1,-13
-11,1,-11,1
11,10,11,-2
10,1,10,1
10,10,10,12
2,11,2,11
-11,-13,-11,-13
-11,1,-11,1
2,1,-2,-20
0,0,-2,0
10,-13,10,-13
-13,1,-13,1
-11,1,-11,1
1,10,1,10
-13,2,0,2
2,-13,-2,-13
-13,10,-13,10
-11,-13,-11,-13
-11,1,-11,1
1,0,-11,0
10,-13,-2,-13
2,-11,2,-11
0,1,0,1
1,-13,1,-13
-13,1,-13,1
-11,1,1,1
10,-13,10,-13
-13,1,-13,2
1,1,1,1
10,-11,-2,-2
11,-13,-2,-13
1,1,1,1
10,-13,10,-13
0,-13,0,-13
-13,-13,-13,-13
2,1,2,-20
1,11,1,-20
-13,2,-13,2
1,1,1,1
1,1,1,1
1,10,1,10
-13,0,-13,0
-11,-11,-11,-11
-13,-13,-13,0
-11,10,-11,-2
-13,2,-13,2
2,-13,1,-13
1,-13,1,-13
-11,-11,-11,-11
0,-11,0,-11
-13,1,-13,1
-13,1,-13,1
11,2,11,2
-11,-13,-11,-13
-11,-11,-11,-2
2,1,2,1
0,-11,-2,-11
10,2,10,2
10,2,10,1
0,-11,0,-2
-13,2,0,2
-11,4,-11,-2
1,1,1,1
-11,-13,-11,-13
11,-13,11,-13
-11,-11,-11,-11
-11,-11,-11,-2
1,-11,1,-11
1,-11,-2,-2
10,11,10,-2
10,11,-2,-2
-13,11,-13,11
1,0,1,-20
2,10,2,10
1,1,1,-2
1,-11,1,-11
-13,10,-13,11
0,-13,0,-13
-11,-11,-11,-11
0,0,-11,0
0,-13,0,-13
-13,10,-13,10
-13,-13,-13,-13
1,-13,2,-13
0,0,0,0
2,-11,3,-11
-11,1,-11,10
1,10,1,10
11,2,-2,-11
-11,2,-11,2
0,10,0,-20
11,-11,-11,0
-11,1,-2,-2
1,-11,1,-11
1,1,-2,-2
-11,-11,-11,-11
10,1,-2,3
1,1,1,-11
10,1,10,1
1,1,2,1
1,-11,1,-11
1,-11,1,-2
-13,1,-13,2
10,1,10,1
11,1,-11,1
11,-13,-20,-13
-11,1,-11,1
0,1,0,0
1,2,1,2
10,1,10,1
10,2,-1,-2
-11,10,-11,-2
3,10,3,13
10,10,-20,10
1,-11,-2,-2
0,-13,0,-13
1,0,1,0
-11,11,-11,11
0,2,-13,2
-13,2,-13,2
1,1,1,-2
10,1,10,1
-13,-13,-13,-13
1,1,-2,1
-13,0,-13,0
0,10,-2,-2
1,1,-2,1
2,1,-11,1
-11,1,-11,3
10,1,-2,1
11,-13,-20,-13
1,0,4,0
3,1,3,1
1,1,1,-11
-11,-11,0,-11
11,1,-20,1
2,2,-2,2
1,-11,1,-11
1,2,1,2
1,0,-11,0
-11,11,-11,-2
1,1,1,1
3,1,3,1
-13,10,-13,-2
1,-11,1,-11
1,0,-2,0
-13,1,-13,1
-13,-13,-13,0
0,2,0,2
1,-13,-2,-1
1,1,1,1
1,-11,1,-2
1,-11,1,-11
-13,-11,-13,-11
-11,0,-11,0
2,2,2,2
10,-11,10,-11
2,2,-11,-2
-11,1,-2,1
-13,-11,-2,-2
10,-11,10,-11
0,1,0,1
0,0,0,-2
-11,1,-11,1
1,2,1,1
2,3,-11,3
-13,1,-13,11
-13,3,-13,3
-11,10,-2,-2
0,1,0,1
1,11,1,-2
1,1,1,1
-11,1,-11,1
0,-11,-2,-11
-13,0,-13,0
-13,-11,-13,-11
1,0,1,0
-11,-11,-11,-2
2,0,2,0
1,1,1,1
-11,1,-11,-2
1,-11,1,-11
11,10,-2,-2
10,2,-20,2
10,-13,-2,-13
0,-13,0,-13
1,0,1,0
1,1,1,1
1,-13,1,-13
0,-11,0,-11
1,1,1,1
2,-11,2,-11
1,1,1,1
-13,1,-13,1
2,-11,2,-11
-13,-13,-13,-13
-13,1,-2,-2
0,-13,0,-13
2,0,2,0
-13,0,-13,0
-11,1,-11,-2
1,-13,-20,-13
2,1,2,2
-11,-13,-2,-13
2,-13,2,-13
10,-11,10,-11
11,1,-20,-20
-11,1,-11,-2
-13,-11,-13,-11
-13,0,-13,0
-11,11,-2,-20
10,-11,10,-11
-13,1,-13,1
1,-13,1,-13
-11,2,-11,2
1,1,1,-20
2,2,2,-2
2,-13,-2,-13
2,-11,2,-11
2,1,2,-2
10,-11,-20,-11
-11,-11,-11,-11
1,-11,-2,-11
-11,-13,-2,-13
0,1,0,-11
1,11,1,11
1,-13,-2,-13
-11,1,-11,1
1,0,1,0
-13,-11,-13,-11
2,0,2,0
-13,10,-13,-2
1,-13,1,-13
-13,-13,-13,-13
1,0,1,0
11,0,-11,-2
12,-11,12,-2
-13,-13,-13,-13
0,-11,0,-2
-13,1,-13,1
-11,-11,-11,-11
0,-11,0,-11
-13,0,-13,0
10,0,-2,0
-13,-11,-13,-11
11,1,11,1
0,1,0,1
-11,-11,-11,-11
1,-11,1,1
0,-11,-20,-11
1,1,-2,1
-11,-11,-11,-11
10,-11,-20,-11
1,-11,1,-11
-13,10,-13,10
0,-13,-20,-2
10,3,-20,3
1,2,1,2
-13,-11,-13,-2
-13,1,-13,1
10,10,-2,-20
10,0,-2,0
-13,10,-2,-1
-11,-11,-11,-11
-13,2,-13,2
1,-11,-11,-11
-13,2,-13,-11
-13,-13,-13,-13
1,2,-20,1
1,1,1,1
10,-13,11,-13
10,1,-2,1
2,1,2,1
0,-13,1,-2
1,1,-2,-2
-13,-11,-13,-2
1,-11,2,-11
-13,10,-13,11
-13,1,0,1
10,-13,10,-13
1,0,1,0
-13,1,-2,1
1,-13,1,-13
-11,1,1,1
1,2,1,2
0,1,1,1
0,-13,0,-13
-11,10,-2,10
-11,1,-11,-13
2,10,2,10
-11,-13,-11,-13
1,11,1,12
-11,2,-2,2
-13,-11,-13,-11
1,1,1,1
-13,1,-2,1
2,10,2,-20
-13,-11,-13,-11
10,1,-2,-2
1,-11,1,-11
-13,11,-13,11
1,-11,1,-2
2,10,-11,10
1,-11,1,-11
1,0,-2,-2
1,1,1,0
10,1,10,1
1,1,2,1
1,11,1,11
0,-11,0,-11
-11,0,-11,0
2,10,2,-2
2,-11,2,-11
-13,0,-13,0
1,1,1,1
1,1,1,2
10,1,-20,2
2,0,2,-20
0,1,0,1
1,11,1,-20
1,1,1,1
-13,1,-13,1
2,10,2,-2
10,-13,10,-13
0,1,0,2
-13,-13,-13,-13
0,1,-2,1
2,1,-2,1
2,-13,2,-13
10,1,-2,1
2,0,2,0
11,2,-2,2
1,1,1,1
1,1,-11,-2
1,10,1,-20
2,1,2,-2
-13,1,-13,1
1,-13,1,-13
0,1,0,-2
-13,-11,0,-11
0,-11,0,-11
1,1,-2,-2
-11,1,-11,-11
-13,-11,0,-11
-13,1,0,-2
2,1,2,2
1,1,1,1
0,1,0,1
1,2,0,2
1,0,1,-20
1,-11,1,-11
2,1,2,1
-13,-11,-13,-11
-13,0,-13,0
1,-11,1,-2
0,-13,0,-13
1,1,-11,1
10,1,-2,1
-11,-13,-11,-13
10,1,10,1
2,-13,-2,-13
10,1,10,1
11,1,11,1
10,-11,-2,-11
1,2,1,2
-13,-13,-2,-13
-11,1,-11,-2
11,-13,11,-13
-11,-11,-11,-11
11,-13,11,-13
-11,1,-11,-20
2,2,2,2
10,2,-20,2
-11,1,-11,1
10,1,-2,-2
2,-13,2,-13
2,0,2,0
-13,1,-2,1
10,2,11,1
11,-13,11,-13
-1,-13,-1,-13
10,1,-20,-2
-13,1,-13,-11
1,-13,-2,-2
-11,11,-2,11
-11,2,-11,2
1,-13,1,-13
1,1,-2,-2
-11,-11,-11,-11
1,-11,-20,-2
10,-11,10,-11
-13,-13,-13,-13
10,1,10,1
-11,-13,-11,-13
2,1,2,1
-13,2,-13,2
-11,2,-11,2
1,0,1,0
10,1,10,-11
1,2,1,2
10,-13,-2,-13
2,1,2,1
-11,-13,-11,-13
0,3,0,0
-13,0,-13,0
-13,0,-13,11
1,-11,1,-11
1,10,0,-20
1,-11,-11,-11
-11,-11,-11,-11
1,-11,1,-11
3,1,2,1
-13,0,-13,0
-11,-11,-2,-2
12,2,13,2
1,10,1,-11
10,-11,-2,-11
0,-13,0,-2
1,-11,2,-2
-11,1,-2,1
-11,-11,-11,-11
-11,1,-11,1
1,-13,-2,-2
0,11,0,12
1,1,1,-11
2,-13,2,-13
11,0,-1,0
-11,-13,-11,-13
1,-13,0,-13
1,-11,1,-11
2,-13,-2,-13
10,1,-20,1
-11,0,-2,0
0,1,0,1
10,-13,10,-13
-13,-11,-13,-11
-13,1,-13,1
-11,-11,-11,-11
-13,10,-13,-11
-13,1,-13,1
2,1,2,1
-13,1,-13,1
0,-11,0,-11
1,-11,1,-11
0,1,0,-20
1,-11,1,-11
-13,1,-13,-2
-11,0,-11,-20
-11,0,-2,0
10,11,10,1
2,11,2,11
1,2,-2,-11
10,10,-2,-20
1,-13,-13,-13
-13,0,-13,0
1,-13,1,0
0,0,0,0
11,-11,11,-11
-11,-13,-11,-13
-13,2,-13,3
-13,0,-13,0
2,1,2,1
10,11,10,11
1,-13,-2,-13
2,2,1,-2
0,0,0,0
-11,1,-11,1
10,2,-2,-11
2,-11,1,-2
2,1,2,1
1,1,1,1
-13,1,-13,1
2,0,1,0
10,-13,-2,-13
10,0,-11,0
-11,0,-11,0
2,-13,-20,-13
-13,10,-13,-2
1,-13,1,-13
2,1,2,1
-11,3,-11,2
-11,0,-11,-11
12,10,12,-2
11,-11,-2,-11
11,1,11,1
-13,1,0,0
1,1,1,-2
1,-11,1,-11
0,-11,-2,-11
-11,-13,-11,-13
-13,10,-13,-13
1,-11,1,-11
-13,11,-13,-2
10,1,10,1
0,11,0,11
-13,2,-13,2
-11,1,-11,1
1,-11,-1,-11
-13,0,-13,0
1,-11,-2,-2
-11,1,-11,2
10,-13,-2,-13
-11,-13,2,-13
0,-11,-11,-11
11,2,11,2
-13,1,-13,1
1,-11,1,-11
1,0,0,-2
-13,10,-13,-2
2,-13,2,-13
-13,2,0,2
1,-13,1,-13
-11,1,-2,1
2,10,-11,0
1,-11,-20,-11
1,1,-11,1
-13,11,-13,10
11,1,-2,-11
-13,10,-13,-2
1,10,1,-2
10,0,10,0
-11,3,-11,-2
10,2,10,3
-11,1,-11,1
1,1,1,-2
2,-13,2,-13
-11,2,-11,3
11,0,12,0
11,2,-2,2
0,-13,-2,-13
10,2,10,1
2,0,2,0
0,1,-20,1
2,1,-11,3
-11,0,-11,-2
-11,1,-11,1
-11,-11,-11,-11
-11,11,1,11
2,0,2,-20
-11,0,-2,0
1,1,2,1
3,-11,2,-2
10,-11,-2,-11
-11,-13,-11,-13
10,0,-2,0
1,1,-2,2
-11,10,-11,-2
10,1,10,1
-13,-11,-13,-11
1,1,1,1
0,0,0,0
1,-11,2,-11
0,-13,0,-2
10,-13,-2,-13
10,10,10,10
-11,1,-11,1
1,1,2,1
1,-11,1,-11
1,-11,2,-11
-11,1,-11,1
-11,1,-11,1
0,2,-2,2
2,-13,2,-13
1,1,1,1
11,1,11,1
-11,-13,-11,-13
-13,-11,-13,-11
2,0,-11,2
0,1,-2,0
-13,1,0,1
-11,11,-11,-2
11,-13,11,-13
11,1,-11,1
-13,2,-13,2
10,-13,-2,-13
0,-11,1,-11
-13,1,-13,1
-11,-11,-11,-11
10,-13,1,-13
0,-13,0,-13
-13,2,-2,2
10,10,10,10
-11,0,-2,0
1,0,-11,0
10,-11,-2,-11
-11,-13,-11,-13
-13,2,-13,-2
1,-11,1,-11
-11,-13,-11,-13
-13,-13,-13,-13
-13,-11,-13,-11
-11,1,-11,1
2,-11,-11,-11
10,-13,10,-13
-11,2,-11,2
10,11,-2,11
0,1,0,1
2,1,2,1
2,-11,1,-11
0,-11,0,-11
1,-13,1,-13
10,1,10,1
-11,2,-11,2
2,1,2,1
2,2,2,-2
0,1,0,1
1,-11,1,-11
10,1,10,-11
1,-13,1,-13
1,0,1,0
-13,1,-13,-13
0,1,1,1
1,-13,1,-13
-13,0,-13,0
1,-13,-11,-13
2,1,2,1
10,-11,-11,-11
2,-11,2,-11
0,-11,0,-11
10,-13,10,-13
-11,10,-11,-2
-11,1,-11,2
1,-11,1,-11
1,10,1,0
2,1,2,-20
-11,-13,-11,-13
2,-11,2,-11
0,0,-20,0
1,1,-2,-11
-11,-13,-11,-13
1,-11,-2,-2
1,-11,-2,-11
-13,0,-13,0
2,-13,2,-13
0,-13,0,-13
1,-13,1,-13
0,-13,0,-2
10,1,-2,1
1,10,1,10
1,3,-11,3
-11,10,-2,-2
-13,0,-13,0
-13,3,0,3
-13,-11,-13,-11
-11,-13,-11,-13
1,1,1,-2
1,1,1,1
1,0,1,-2
2,1,2,2
2,-13,2,-13
0,-13,1,-13
0,2,0,-2
10,0,10,1
-11,2,-11,-2
-11,0,-11,0
-11,-11,-11,-11
-11,-11,-11,-11
10,0,10,0
0,-11,0,-11
0,1,0,1
1,1,1,1
-11,-13,-11,0
1,1,1,1
0,0,0,0
2,0,2,0
-11,11,-2,-13
1,1,1,1
1,0,1,0
10,1,12,2
1,-13,1,-13
10,0,10,0
-11,1,-11,1
0,1,0,1
1,10,1,-2
-13,0,-13,0
10,-13,10,-13
0,2,2,2
2,-13,3,-2
-13,1,-13,-20
2,0,2,0
0,-11,0,-2
-13,1,-13,1
0,1,0,1
10,1,10,1
-11,10,-11,-2
-11,1,-11,1
1,-11,1,-11
0,1,-2,-2
-11,1,-11,-11
10,1,10,1
-11,2,-11,2
11,10,11,10
1,1,1,-2
2,1,2,1
1,2,1,-2
-13,10,-13,10
-11,-11,-11,-11
11,1,11,1
-11,-11,-11,-11
1,1,1,1
10,1,-2,1
-11,1,-11,1
11,-13,-2,-13
0,1,0,1
1,1,1,1
0,-13,0,-13
1,-13,1,-13
-13,10,-13,-11
0,11,0,11
1,1,1,1
10,-11,-11,-11
-11,11,-11,-2
-13,0,-13,-20
-11,-11,-11,-11
1,10,1,10
1,10,-20,10
-13,-11,-13,-11
1,-11,2,-11
1,1,1,-2
1,1,1,2
11,-13,11,-13
2,1,2,1
-13,-13,-13,-13
-11,-11,-11,-11
10,-13,-2,-13
1,0,-2,1
0,-13,0,-13
-11,-13,-11,-13
10,10,10,11
10,3,-2,2
10,-11,10,0
-11,0,-11,0
10,2,-2,-2
-11,2,-11,1
2,1,2,1
0,1,-2,1
-11,10,0,10
-11,-13,-11,-13
2,-13,2,-13
-13,-11,-13,-2
0,1,0,1
2,0,2,3
0,-13,-11,-13
1,10,1,-13
1,-13,1,-13
-13,-11,-13,-2
1,2,1,2
0,1,0,1
10,-11,10,-11
11,0,-20,-2
10,-13,-20,-13
1,1,1,1
-13,-13,-13,0
-11,1,-2,1
-11,10,-11,10
-11,10,-11,10
1,-13,1,-13
10,1,-2,1
-13,-11,-13,-11
-13,0,-13,0
1,-11,-20,-11
1,1,1,1
11,0,-2,0
2,11,2,-2
-11,0,-11,0
1,-13,1,0
-13,1,-13,1
-13,12,-13,-11
10,-13,10,-13
0,0,0,0
0,-11,0,-11
1,-13,2,-13
1,-11,2,-11
1,-11,1,-11
10,1,11,1
1,0,1,0
1,-13,1,-13
0,-11,-20,-11
1,-11,1,-11
1,10,1,10
-11,2,-11,3
1,1,2,1
11,-13,11,-13
-11,-11,1,-2
-13,2,-13,2
-13,-13,-13,-13
-13,10,-13,12
1,1,2,2
-11,2,-11,2
1,11,1,-2
1,-13,1,-13
0,-11,0,-11
-13,-11,-13,-11
10,-11,10,-11
-11,-11,-11,-11
0,1,-2,1
1,-13,2,-13
-13,1,-13,1
1,0,1,-13
0,0,0,-13
0,-11,-2,-11
1,-13,1,-13
-13,1,-13,-2
-13,1,-13,1
1,2,-2,-2
10,-13,-2,-2
10,10,10,10
2,-11,2,-11
10,2,-2,2
1,0,-20,0
2,10,2,-20
1,1,3,1
-11,-13,-11,-13
0,1,0,-11
-11,2,-11,2
10,1,-2,1
-11,-13,-11,-13
-13,1,0,-20
1,1,1,1
-11,11,-11,1
-11,1,-11,1
0,-11,0,1
-13,0,-13,0
-13,1,-13,-2
2,10,3,-13
10,2,0,-1
-13,0,0,0
0,2,0,2
-11,0,-11,0
11,-11,-20,-11
-11,0,-11,0
1,-11,1,-11
2,-13,-2,-13
1,1,1,1
3,1,3,1
2,2,2,2
-13,-11,-13,-11
-13,-11,-13,-11
-13,1,-13,1
2,1,2,1
11,-11,1,-11
2,2,-11,2
1,1,-2,-20
-13,10,-13,10
1,-11,-2,-2
1,-11,1,-11
-13,2,-13,1
0,-11,-2,-11
-13,1,-13,1
12,1,-2,1
-11,2,-11,-11
-11,-13,-2,-13
1,2,1,3
-11,1,-11,-2
1,-11,1,-11
-11,1,-11,1
10,-11,-11,-11
1,1,1,1
-13,10,-13,-1
3,1,3,1
2,0,2,0
10,10,-20,-2
1,2,2,2
1,10,1,-20
10,11,10,-20
-11,2,-11,2
10,2,10,2
11,3,11,13
0,2,0,2
1,10,1,10
0,10,0,11
10,1,-2,-2
-13,-13,-13,0
-13,-11,-13,-2
0,1,0,1
1,1,1,1
1,2,1,2
-13,-11,-13,-11
1,-11,1,-11
2,1,2,-2
-11,-13,2,-13
10,-13,10,-13
-11,1,-11,1
-11,11,-2,-2
-13,2,-13,2
10,11,10,12
-11,0,-11,0
1,1,1,-20
-11,-11,-11,-11
1,11,2,-2
10,1,-2,-20
1,1,-11,-20
-13,1,-13,2
1,2,1,-20
0,-11,-1,-11
-13,-11,-13,-11
-11,2,-2,2
1,1,1,2
2,-11,-11,-2
1,1,3,1
1,11,1,-11
2,-11,2,1
-13,1,-13,2
11,-11,-2,-11
1,1,2,1
1,1,1,11
1,2,0,2
0,-11,0,-11
1,0,1,-20
1,-13,1,-13
1,0,1,-2
2,10,4,10
2,1,2,1
-11,0,-11,0
1,-11,1,-11
1,1,1,2
11,11,-2,-1
1,1,2,1
0,1,0,1
10,10,11,-2
1,0,1,0
-13,-13,-13,-13
-13,-13,-13,-13
1,1,1,1
2,1,2,1
-13,-13,-13,-13
-11,1,-11,1
0,0,-20,0
2,1,2,1
10,10,-2,10
10,-11,-2,-11
10,11,10,-20
0,1,0,1
-11,-13,-11,-2
0,1,0,1
1,2,1,3
0,11,0,11
1,-13,1,-13
10,10,10,10
-13,3,-13,3
-13,0,-13,0
-11,-13,-11,-13
-11,2,-11,2
10,10,-1,10
3,1,3,1
-11,-13,-11,-13
1,1,1,-2
1,10,1,10
-11,1,-11,1
1,12,1,-2
10,-11,-20,-11
-13,1,-13,-13
10,11,-2,-2
1,-13,2,-13
-11,1,-11,2
-11,10,-11,1
0,1,0,1
11,-11,-2,-11
-13,1,-13,-11
-11,2,-11,2
2,1,3,2
-13,2,-13,2
1,0,-20,0
0,1,-2,-2
11,11,11,11
1,1,1,2
0,1,0,1
2,0,-2,2
-11,0,-2,0
-13,-11,-2,2
-13,11,-13,12
0,1,0,1
0,0,0,0
-11,0,-11,0
-11,1,-2,1
-13,2,-13,1
0,-11,1,-11
-11,1,-11,-2
11,-11,12,-11
1,-13,1,-2
-11,1,-11,-2
1,1,1,-2
1,2,1,1
1,-13,1,0
-13,1,-13,1
10,-13,10,-13
0,0,0,0
-13,2,-13,1
1,-13,-20,-13
10,-11,-11,-11
1,-13,1,-13
-11,2,-11,2
0,1,1,1
-13,-13,-13,-13
-11,0,-11,0
0,-13,0,-13
11,2,-11,2
11,2,11,1
11,2,-11,2
-11,-13,-11,-13
1,-13,1,-13
1,0,1,0
-11,-11,-11,-11
-13,-11,-13,-11
2,-11,2,-11
1,11,-2,-2
-13,-13,0,-13
1,1,1,2
10,-13,10,-13
-11,-11,-11,-11
1,1,-11,1
1,-13,1,-13
-11,0,-11,0
-11,0,-11,0
0,0,-11,1
-13,-11,-13,-11
-13,1,-13,-2
0,10,0,10
2,11,2,11
-13,-11,0,-11
10,-11,10,-2
0,2,0,2
-13,0,-13,3
0,-11,0,-2
-13,2,-13,3
10,11,-2,12
0,-11,0,-11
10,-13,10,0
0,1,-2,1
1,1,1,1
2,-11,-11,-2
-13,-11,-13,-11
-13,-13,-13,-13
11,1,-2,1
0,1,0,1
1,2,1,2
2,0,1,-2
1,10,1,-2
-11,1,-11,1
10,1,-11,1
-11,1,-11,1
-11,2,-11,1
-11,10,-11,10
1,1,-11,1
-11,-11,-11,-11
1,-11,-11,-11
10,0,10,1
1,1,1,2
1,1,1,1
2,-11,3,-11
-11,0,-11,0
10,-11,-2,-11
10,1,10,1
0,1,0,1
2,-11,-2,-2
-11,-13,-11,-13
-13,10,-13,-1
-13,-13,-2,-13
-11,2,-11,2
2,1,-20,1
1,1,1,1
-13,-11,-13,-11
-11,-11,-2,-11
1,-13,1,0
10,1,10,-2
-13,-13,-13,-13
-11,2,-11,2
1,-11,1,-11
-11,1,-11,1
1,1,2,-2
1,2,1,2
1,-11,1,-11
0,1,0,1
10,1,11,-20
1,0,1,0
-13,1,-13,1
0,-13,-20,-13
2,1,-2,-11
0,1,0,0
1,-13,1,-13
-13,10,-13,-2
-11,10,-11,10
1,-13,1,-13
0,1,0,1
1,-11,1,-11
-13,1,-13,2
-11,0,-11,0
11,2,-2,2
-11,10,-11,-20
10,10,11,10
-11,2,-11,3
1,-13,1,-13
2,-11,2,-11
-11,0,-11,0
10,1,10,1
0,1,0,-2
1,1,2,-2
-11,-13,-11,-13
1,1,1,1
1,-13,1,-13
12,10,-2,10
2,-11,-11,-11
-11,-13,-11,-13
0,10,0,10
10,1,10,-2
10,-11,-20,-11
1,1,-11,-11
1,-13,2,-13
-13,1,-13,1
1,2,2,2
-13,2,-2,-2
10,-11,-2,-2
1,-11,1,-11
2,1,2,2
0,1,-2,1
10,2,-2,-13
1,2,1,2
-13,0,-13,1
0,-11,0,-11
1,0,-2,0
2,-11,2,-11
0,0,0,0
-13,-11,-13,-11
10,1,10,1
2,1,1,-2
2,1,-2,-2
1,-13,-20,-13
-11,1,1,1
1,0,1,0
1,-11,-2,-11
-13,-11,-2,-11
2,10,3,-2
10,1,10,2
1,10,1,10
-11,1,-11,1
10,-11,-11,-11
1,-13,-2,-2
2,10,-11,-1
10,11,10,-2
-11,1,-11,1
-11,10,-11,10
1,1,1,1
-13,2,-13,1
-13,-11,0,-11
-13,-11,-13,-2
11,1,11,-2
-11,0,-11,-2
-13,10,-13,-11
-13,2,-13,2
-13,1,-13,1
2,1,-2,1
-13,-13,-13,-13
1,-11,-20,-11
1,-13,1,-13
2,0,2,0
-11,1,-11,1
11,-13,-13,-13
2,10,2,10
2,1,2,2
1,-11,1,-11
1,1,1,1
1,-13,1,-13
11,1,-2,1
-11,-13,-11,-13
0,2,-2,-2
-11,1,-2,1
-13,-11,-13,-11
11,-13,11,-13
1,-11,2,-2
-11,-11,-11,-11
-11,2,-11,2
-13,-11,-13,-11
-11,1,-11,1
1,0,-2,0
-11,10,-11,0
-13,-13,-2,-13
0,2,0,-11
-13,2,-13,-13
0,-13,-20,0
1,-13,13,-1
11,-11,11,-11
-11,2,-11,-11
0,-13,0,-13
-11,2,-11,2
-11,1,-11,1
-11,1,-11,1
10,-11,11,1
-13,1,-13,1
1,2,1,-2
10,-13,-2,-13
1,10,1,10
1,2,1,2
1,-11,-13,-2
1,-13,1,0
-11,1,-11,1
1,0,1,-20
11,-13,11,-2
-11,1,-11,1
1,-11,1,-11
-13,2,-13,2
1,1,1,1
11,-11,-20,-11
-11,0,1,0
-11,10,-11,10
-11,-11,-11,-2
-11,-11,-11,-11
-13,3,-13,3
-13,-13,-13,-2
1,1,1,1
-13,-11,-13,-11
-11,-11,-11,-11
-11,1,-11,1
0,-13,-20,-13
-13,-11,0,-11
0,-11,0,-2
1,1,1,1
1,1,1,-11
11,10,12,10
0,0,0,0
-11,1,-2,-2
11,-13,11,-13
2,0,2,-20
-11,10,-11,10
-11,1,-11,-2
-13,1,0,-11
-11,-13,-11,-13
-11,0,-11,0
-13,-13,-13,-13
-13,0,-13,0
1,2,1,2
0,0,-2,1
3,-11,3,-2
1,1,1,0
-11,-13,-11,-13
1,-13,2,0
2,2,2,1
1,1,1,1
1,1,1,1
-11,1,-11,1
0,2,-2,2
1,2,2,-13
-13,-13,-13,-13
-13,1,-13,1
10,1,-2,1
0,2,1,2
1,1,1,1
2,-11,-20,1
1,1,-2,-20
10,10,10,-2
10,-13,-2,0
0,1,0,-2
11,1,-2,1
1,0,1,0
1,1,3,1
1,1,1,1
1,11,-2,-2
0,-11,-11,-11
1,0,1,-20
0,-13,0,-13
1,-13,1,-13
1,-13,-2,-13
0,11,0,0
-13,1,0,1
2,-11,2,-11
10,-13,10,-13
11,1,-11,1
-13,0,-13,0
2,2,4,-2
1,0,-20,0
-11,-11,-11,-11
10,1,10,-20
10,0,10,-2
2,-11,3,-11
0,-11,0,-11
1,10,1,-2
2,10,-13,-20
-13,1,-13,2
0,-13,0,-13
1,0,1,-2
2,10,1,-2
10,0,10,-2
1,1,-2,-2
0,10,0,10
1,0,1,0
-11,10,-2,-20
0,1,-20,1
-11,1,-11,1
1,2,1,2
2,-13,2,-13
1,10,1,10
-11,-11,-11,-2
11,0,-2,0
-13,1,-13,1
1,-13,-2,-13
0,10,0,10
1,-11,-20,-11
-13,-11,-13,-11
0,1,0,1
-13,0,-13,-2
1,1,1,1
-13,1,-13,2
2,-11,2,-11
2,1,2,1
10,10,-20,10
-11,-11,-2,-11
-11,-13,-11,-13
1,1,1,-2
1,-11,1,-11
11,-11,-13,-2
-11,-11,-11,-11
1,1,1,1
-13,2,-13,2
-11,1,-11,1
10,4,-2,3
-11,10,-11,10
1,-11,1,-11
-11,-13,-11,-13
-11,0,-11,-20
-13,-13,-13,-13
3,1,3,1
-11,-11,1,-11
1,1,1,1
2,-13,2,-13
-11,10,-11,10
2,-11,2,-11
0,-11,0,-11
10,-13,-2,-13
1,-13,1,-13
1,0,1,0
-13,1,-13,-2
0,-11,0,-11
1,10,1,10
0,10,-2,-2
-13,-13,-13,-13
1,1,1,1
-11,10,-2,-2
3,1,3,1
1,-11,-20,-11
2,-11,2,-11
1,0,1,0
2,-11,2,-2
-11,10,-11,-2
-13,1,-13,1
2,1,1,1
-13,1,-2,-2
1,-13,4,-2
1,2,1,2
0,1,0,-2
1,0,1,-13
10,-13,-2,-13
2,2,2,2
-13,1,-13,1
-13,1,-13,2
1,0,-20,0
11,-13,12,-2
2,-11,2,-11
-11,0,-11,0
1,-13,1,-13
1,-13,1,-13
-11,2,-11,-2
1,-13,1,-13
0,1,0,-11
-13,3,-13,3
0,11,0,0
10,2,-11,2
2,1,2,1
-13,-11,-2,-11
11,-11,11,-11
1,10,3,10
1,-13,1,-13
2,0,2,-2
1,1,-2,2
1,3,1,3
-11,1,-11,2
10,-11,-11,-11
-13,1,-13,1
-11,0,-11,0
1,-11,1,-11
2,10,2,10
0,2,0,2
10,1,-2,1
2,-13,-2,-13
-13,10,-13,10
1,2,-2,-2
0,-13,0,-13
10,-13,10,-13
-13,-11,-13,-11
-11,2,-2,-2
10,-13,10,-13
0,-11,0,-11
1,1,-2,1
-11,0,-11,0
-11,1,-11,1
2,0,2,0
-13,1,-2,2
1,-13,1,-13
-13,2,-13,3
-11,1,-11,1
-11,-13,-11,-2
-11,2,-11,-2
2,0,2,0
1,-13,2,-13
-11,2,-11,2
3,-11,-20,-2
1,3,1,3
1,10,-20,10
-11,0,-2,2
1,1,-2,-20
11,10,11,-2
-11,1,-11,1
-13,10,-13,10
-11,0,-11,-20
-11,10,-11,-20
1,-11,-11,-2
1,2,-2,-2
0,-13,0,-13
-13,1,-13,1
0,1,-11,-2
1,0,1,-13
2,-13,2,-13
-13,1,-13,1
0,-11,0,-2
-11,-11,-11,-11
1,-13,1,-13
-13,0,-13,-2
1,-13,1,-13
1,10,1,10
0,1,0,1
1,2,1,2
-11,0,-11,-11
-11,1,-11,1
11,1,-20,1
-11,-13,-2,-13
0,11,0,-2
11,2,-11,2
0,10,0,10
1,-11,1,-11
11,2,11,2
10,11,-2,12
-13,-11,-13,-11
-11,1,-11,1
1,-11,-2,-11
1,-11,1,-11
-11,1,-11,1
10,1,-11,1
2,-11,2,-2
11,2,-2,2
-13,1,-13,1
10,1,-2,-2
2,-11,2,-11
1,10,1,-2
-11,-13,-11,-13
-13,1,-13,1
-13,10,-13,-20
-13,1,-13,-2
-13,-11,-13,-11
1,10,1,-11
0,1,0,1
2,-13,2,-13
0,1,0,1
10,1,-2,1
2,1,2,1
1,10,1,10
1,0,1,0
10,-13,11,-2
11,0,-2,0
10,-13,10,-13
-11,11,-2,-2
2,2,2,-11
-11,-11,-11,-2
1,-13,-1,-13
-11,-11,-2,-11
1,-11,1,-11
1,11,2,11
-11,-13,-11,0
1,-11,1,-11
10,10,10,10
2,1,1,1
1,2,1,1
1,10,1,-2
-11,1,-2,1
-13,2,-13,2
1,2,1,-2
10,-13,-2,-13
0,1,0,2
-11,10,-11,-2
-11,0,0,0
1,1,1,1
-11,1,-11,-2
-11,2,-11,-11
0,0,0,0
-11,0,-11,0
-11,0,-11,0
1,1,-2,1
1,0,-2,0
0,1,0,1
-13,10,-13,10
11,-13,11,-13
-13,1,-13,1
2,2,-2,2
-11,1,-11,1
1,-13,1,-13
10,10,10,10
0,10,-20,10
-13,-13,-13,-13
10,2,10,2
2,11,2,11
-13,11,-13,-11
-11,0,-11,0
-11,10,-11,10
10,0,-2,0
1,-13,1,-13
-11,10,-11,10
0,2,-20,1
-13,-13,-13,0
1,10,1,10
0,2,0,1
10,-11,-2,-11
11,-13,11,-13
-11,0,-11,0
-13,1,-13,1
0,-13,0,-13
1,-13,1,-13
-13,10,-13,12
-11,1,-11,1
10,10,-13,-2
0,10,0,10
10,1,-20,-11
11,0,12,0
0,2,0,-2
-13,1,-13,-2
10,-13,-2,0
-11,-13,2,-13
-13,-13,-13,-13
-11,1,-11,1
-13,-13,-13,-13
10,1,10,-2
1,11,1,12
0,10,0,10
10,-11,10,-11
10,0,10,0
10,-11,10,-11
1,10,1,10
1,1,1,1
2,1,2,1
0,10,-20,-2
10,10,10,10
10,0,10,14
-13,-11,-13,-11
-13,0,-13,0
1,-11,1,-11
1,0,1,0
-11,1,-11,2
2,-13,2,-13
1,2,1,2
-13,1,-13,-11
-11,0,-11,0
1,1,1,-13
-11,11,-11,11
1,1,-2,1
1,10,1,-20
1,-11,1,-2
10,3,-2,3
-11,-13,-2,-13
-11,11,-11,-11
-11,10,-11,10
-11,1,-11,1
1,10,1,-2
2,-13,2,-13
10,-11,-2,-11
1,11,-2,-2
-11,1,-11,1
10,-13,-20,-13
-11,-11,-11,-11
1,2,1,2
1,-13,-2,-13
-13,1,-13,1
12,1,12,1
-13,10,-13,10
-11,1,-11,1
-13,-11,-13,-11
1,0,-2,0
-11,12,-11,-2
-13,2,-13,14
-11,1,-11,-2
1,1,-2,-2
0,-13,0,-13
2,10,-11,-2
11,2,-2,-11
1,-11,1,-11
-13,0,-13,0
0,-13,1,0
10,1,10,1
1,1,1,1
11,1,11,-2
0,1,-20,1
1,1,1,1
1,10,1,-20
11,0,11,3
1,2,2,2
2,2,11,-2
1,-13,1,-13
10,-13,-2,-13
-11,1,-11,2
0,0,0,0
-13,0,-13,1
0,10,0,-2
2,1,2,1
1,1,1,2
-13,2,-13,1
-11,1,-11,1
-13,-13,-13,-13
11,-11,11,-11
-11,-11,-11,-11
-13,10,-13,10
1,1,-2,1
1,1,1,-13
-11,-13,-11,-13
1,2,1,3
0,-13,-20,-13
-11,-13,-11,0
2,-13,-2,-13
1,10,1,-2
2,-11,2,-2
11,2,-2,1
-13,1,-13,1
0,-13,-20,-13
-11,-11,0,-11
10,3,-11,2
10,1,10,0
-11,0,-11,0
1,11,-2,-2
1,11,1,-2
2,-13,2,-13
-13,0,-13,0
0,2,0,2
0,2,-2,2
2,0,-2,0
0,2,-2,2
-11,1,-11,1
2,1,-11,1
2,0,2,-20
11,1,-20,4
-13,1,-13,1
1,-13,1,-13
-11,1,-2,1
1,-13,1,-13
10,-11,10,-11
1,-11,1,-11
-11,1,-11,1
1,-13,-2,-13
2,4,3,3
1,10,-20,12
-13,-13,-13,-13
0,1,0,1
2,-13,2,-13
-13,-11,-13,-11
2,10,2,10
-11,-11,-11,-11
1,1,1,-11
1,2,1,2
-11,-11,-11,-11
2,1,-20,-2
2,10,2,10
10,1,10,1
-13,-13,-13,-13
1,-13,1,-13
10,1,-2,0
-11,1,-11,1
-13,-13,-13,-13
11,-11,11,-11
1,-11,-2,-11
1,-11,1,-11
2,0,1,0
-11,1,2,1
2,1,2,1
2,1,2,1
-11,10,-11,-2
1,0,1,0
-11,1,-11,1
-11,0,-2,0
2,2,2,2
-11,1,1,1
-11,0,-11,0
2,-11,3,-11
-13,1,-13,1
0,1,1,-20
-1,1,-1,1
0,2,0,2
-11,-11,-11,-11
-11,11,-11,-2
0,-11,-11,-11
1,-13,1,-13
0,1,-20,1
0,-11,0,-11
-13,10,-13,10
3,1,3,1
0,1,0,1
-13,2,-13,2
10,-13,10,-13
11,1,11,1
10,-13,10,-13
10,1,-2,1
0,10,-20,10
-13,1,-13,1
-13,-11,-13,-11
0,10,0,-13
1,1,-13,1
0,-13,0,-13
-11,1,-11,1
-11,-11,-11,-11
-11,1,-11,1
-13,0,-13,-2
11,-13,11,-13
-11,1,-2,2
-11,1,-11,1
-13,1,-13,1
-13,2,-13,2
0,-13,0,-13
0,0,0,0
11,-11,11,-11
0,10,0,-2
1,1,1,-2
1,2,1,2
0,-13,0,-13
1,1,2,1
-13,0,-13,0
12,-13,-13,-13
1,-13,1,-13
-13,1,-13,-20
1,10,1,12
-11,2,-2,2
10,1,-2,-2
-13,10,-13,-2
2,-13,1,-13
1,1,1,1
10,-11,-11,-1
0,11,-20,11
-11,1,-11,1
-11,0,-11,0
0,2,0,3
1,11,1,11
1,-13,1,-13
-11,1,-11,1
1,-13,2,-13
1,-11,1,-11
-11,-11,-11,-11
-11,1,-11,1
2,2,3,1
-13,1,-2,2
-11,-11,-11,-11
-11,10,-11,10
0,2,0,2
1,2,1,2
0,-11,0,-11
10,2,10,2
-13,3,-13,-2
10,0,-2,0
0,1,0,1
1,-11,1,-11
2,1,2,1
11,2,-2,2
-11,-11,-2,-2
-11,1,-11,1
1,1,2,1
-13,0,-13,0
-11,1,-11,1
2,2,1,2
-11,1,-11,1
2,-11,2,-11
-11,2,-11,-11
10,-11,10,0
2,0,2,0
0,-13,0,-13
-13,-13,-13,-13
0,-11,0,-11
0,-11,0,-11
-13,-13,-13,-13
0,1,0,-13
2,0,1,0
10,10,-2,10
-13,0,-13,0
2,0,2,0
-13,-11,-13,-11
1,-13,-20,-13
-13,1,-13,1
-11,1,-11,1
1,-11,1,-11
0,-13,0,0
10,1,-20,1
-13,-13,-13,-13
-13,-11,-13,-11
-13,3,-13,3
-13,2,-13,1
1,11,1,11
2,-13,-2,-13
11,0,12,-20
0,1,1,1
-13,12,-13,-2
-11,0,-11,0
10,1,10,1
1,10,1,-13
-11,0,-2,-2
-13,0,-13,0
-11,0,-11,0
-13,0,-13,0
2,-11,3,-2
1,-11,1,-11
10,12,10,12
1,-11,1,-11
1,-13,1,-13
2,10,2,11
10,0,10,-20
10,2,-2,2
-13,-11,-13,-11
2,-11,2,-11
2,1,2,-13
1,0,0,0
0,0,0,0
-11,0,-11,-2
1,-11,1,-11
11,10,-11,-2
1,10,-2,-2
0,-11,-20,-2
2,-11,2,-11
1,10,1,-2
-11,-11,-11,-11
2,0,2,0
0,1,1,1
-13,11,-13,-13
1,0,1,0
2,0,2,0
1,2,-2,2
-11,1,-11,1
1,1,1,2
-11,0,-11,0
0,11,0,-11
1,11,1,2
11,2,-2,2
2,1,2,1
-11,1,-11,1
-13,0,-13,0
2,1,-11,-2
-11,11,-2,11
10,-11,3,-11
10,10,-20,10
2,2,-20,1
1,-11,-13,-2
1,1,1,1
0,1,0,2
-11,-11,-11,-11
0,10,-20,10
1,1,1,1
-11,1,-11,1
10,11,-20,-13
10,1,-2,1
2,-11,2,-11
0,1,0,1
10,1,10,1
0,1,2,1
1,1,1,1
10,-11,-11,-11
1,11,-20,13
10,2,10,1
-11,-11,-11,-11
-13,10,-13,10
0,-11,0,-11
11,1,-1,1
2,1,2,1
0,0,-20,-2
-11,1,0,1
0,-11,0,1
-13,1,-13,1
-11,12,-2,12
1,10,1,-2
1,0,1,0
3,-11,-11,-11
1,1,1,1
1,1,-2,-11
1,1,-2,1
-13,1,-13,1
-11,-11,-11,-11
-13,-11,-13,-11
-13,0,-13,0
2,10,2,-2
-11,-13,-11,-13
2,1,2,-2
0,-13,0,-13
-13,-13,-13,-13
1,-11,2,-2
1,1,1,1
-11,-13,-11,-13
-13,-13,-13,-13
1,-11,1,-11
1,0,-2,0
0,-13,0,-13
10,-11,10,-11
1,-13,-2,-13
-11,1,-11,1
10,-11,10,-11
-13,1,-13,-2
1,10,1,-2
-13,0,-13,0
2,-11,2,-11
10,-11,-2,-11
1,1,1,1
10,-11,-2,-2
2,-13,2,-13
0,1,0,1
0,1,-20,1
2,-11,2,-11
1,2,1,2
-13,-13,-13,-13
-13,10,-13,-2
-13,-11,-13,-11
-11,0,-11,0
1,11,1,-2
0,-11,0,-11
-11,10,-11,10
1,0,1,10
1,1,1,1
-13,-13,-13,-13
1,1,1,2
-13,11,-13,-2
-13,-13,-13,-13
-11,0,-11,0
-11,2,-11,2
-13,10,-13,-11
11,0,-2,-2
1,2,1,2
1,0,1,0
10,-11,10,-11
2,-13,2,-2
-11,-11,-2,-11
1,1,1,1
-11,-11,-11,-2
12,1,-2,-11
1,1,1,-20
10,-11,10,-11
-13,10,0,10
1,-13,2,-13
-11,-11,-11,0
1,10,0,15
2,0,2,-2
1,10,-11,10
1,-11,-13,-11
-11,1,-11,1
1,-11,1,-11
1,-11,1,-11
1,2,1,1
-13,1,-13,1
1,10,-2,10
-13,1,-13,1
1,-11,1,-11
1,2,2,1
1,0,-11,0
1,1,1,1
2,0,2,0
0,0,0,-1
0,10,0,-2
11,-13,-2,-13
-13,0,-13,0
-11,2,-11,1
-11,10,-11,12
-13,1,-13,1
0,-11,-20,-11
11,1,-20,1
0,0,0,0
0,12,-20,11
0,11,0,11
-13,-11,-13,-11
2,1,-11,1
-11,1,-2,1
-11,-13,-11,-13
0,-11,1,-2
2,2,-1,2
-13,-11,-13,-11
1,1,2,-20
0,-13,0,-13
1,1,-2,-2
-11,-11,-11,-11
0,-13,0,-13
2,-11,2,-11
10,-13,10,-13
1,-11,1,-11
-13,0,-13,0
-13,-13,-13,-13
-11,-11,-11,-11
-11,-11,-11,-11
1,-11,1,-2
2,10,2,-2
-11,-11,-11,-11
-11,1,-11,2
1,0,1,0
1,1,-2,-2
-13,-13,0,-13
1,-13,1,-13
2,-11,2,-11
1,1,1,-2
11,-11,11,0
1,-13,-11,-13
1,0,1,0
10,2,-20,2
0,-11,0,-11
-13,-11,-2,-2
0,1,0,1
0,2,0,2
10,1,10,1
-13,2,-13,2
1,1,2,1
1,-11,1,-11
1,-13,1,-13
-11,1,-11,1
1,-11,1,-11
1,-13,3,-13
-13,1,-13,1
2,10,3,10
0,-11,0,-11
1,3,1,-20
0,0,0,0
-11,-13,-11,-13
1,10,1,10
-11,0,-2,-20
-13,1,-13,1
10,-11,10,-11
1,-11,1,-11
1,1,1,1
1,0,1,0
2,-11,-2,-2
0,-13,-20,-13
0,0,0,-2
1,1,2,-20
-11,10,-2,-2
-11,1,-11,1
-13,1,-13,1
2,0,2,0
11,1,-13,1
1,1,1,1
1,-13,2,-13
1,10,1,-1
0,0,-2,0
-11,-13,-11,-13
-11,-13,-11,-13
-13,1,0,1
2,3,2,3
3,-11,2,-11
0,-11,0,-11
1,1,1,2
10,1,-2,-20
-13,1,-13,2
1,-11,1,-11
-11,-13,-11,-13
0,-11,0,1
11,-11,-2,-11
-11,10,1,-1
10,-13,10,0
0,10,0,-2
1,-13,1,-13
1,-11,2,-11
-13,0,-13,-20
1,2,1,2
1,1,1,1
1,0,1,0
1,10,1,10
-11,0,-11,0
3,10,3,10
10,-13,10,-13
2,1,2,1
-11,1,-11,1
1,-13,-2,-13
-13,1,-2,-2
0,-11,-20,-11
10,-11,10,-11
1,-13,2,-13
1,2,1,2
-13,-13,-13,-13
1,10,1,10
1,1,1,1
0,10,0,-2
1,10,-2,14
-11,-11,-11,-11
1,0,1,-11
-11,11,-11,-20
10,-11,10,0
-13,-13,-13,-13
1,0,1,0
0,-11,-20,-11
-11,0,-11,0
-13,0,-13,0
0,-13,0,-13
3,-13,-2,-13
1,1,1,1
1,-11,1,-11
1,2,1,2
10,2,11,-20
10,-13,-2,-13
10,-11,-2,-11
1,1,1,1
-11,-11,-11,-11
10,-13,11,0
1,0,-2,0
1,2,1,2
-13,1,-13,1
-13,-11,-13,-11
1,-13,1,-13
-11,0,-11,0
2,1,2,1
10,-13,10,-13
-13,-11,-13,-2
10,1,-20,2
-13,0,-13,-2
10,1,-2,1
0,-13,0,-13
-13,-13,-13,-13
-13,1,-2,-2
-11,1,-11,1
10,1,10,1
-11,1,-11,1
1,-13,1,-2
-13,1,-13,0
1,-11,1,0
-13,10,-13,-2
1,0,2,0
0,1,0,1
1,0,1,0
11,1,-2,1
0,-11,0,-11
10,-13,-2,-13
10,2,10,2
1,-11,-2,-2
1,1,1,1
-13,1,-13,1
-11,1,-11,2
10,-13,-2,-13
1,0,1,0
11,1,12,1
0,2,0,2
-11,1,-11,1
11,-13,-11,-13
2,11,2,-2
1,1,1,1
-11,-11,-11,-11
-11,-11,-11,-11
1,10,1,10
1,1,1,1
10,-11,10,-11
-13,1,0,1
0,-11,1,-11
2,1,3,-11
1,0,-2,0
10,-13,-2,-2
-13,0,-13,0
-11,0,-11,0
1,2,1,2
-13,-13,-13,-13
3,1,-2,-20
1,-11,2,1
11,-13,11,-2
-11,1,-11,1
0,2,0,-11
-13,1,-13,1
0,0,0,0
1,-11,1,-2
1,-13,1,-13
-13,1,-13,1
1,-13,0,-13
0,0,-2,-2
2,-11,2,-2
0,-11,0,-2
0,-13,-20,-13
1,-13,-11,-13
-11,-13,-11,-13
1,-11,0,-11
-13,2,-13,2
11,1,11,1
11,-11,14,-2
1,-11,1,-11
1,0,1,0
11,2,11,-20
0,11,0,-20
1,0,1,-2
-13,11,-13,11
-11,0,-11,0
-13,2,0,2
2,1,2,1
10,-11,-20,-11
2,2,3,2
-13,1,-13,-11
1,1,1,1
1,1,1,1
1,1,1,1
0,-13,0,0
-11,-11,-11,-11
1,0,1,0
-11,10,-2,10
-13,0,-13,0
2,-13,-2,-2
11,10,-2,-2
0,11,-2,11
0,1,0,1
-13,-11,-13,-2
1,1,1,1
-11,10,-11,10
1,2,1,-2
-13,10,-13,-20
10,10,11,-1
10,-13,10,-13
-13,2,-13,2
0,-11,0,-11
1,2,1,3
10,-11,-2,-11
1,10,1,10
-11,11,-11,11
1,11,1,11
1,-11,1,-11
0,-11,0,-11
1,-13,-13,-13
1,2,2,2
2,2,2,2
-13,-13,-13,-2
-13,-13,-2,-13
2,10,2,10
0,1,1,1
1,-11,1,-11
-13,2,-13,2
10,-13,-2,-13
-13,-11,-13,-2
1,1,3,0
-13,1,-13,1
-13,-11,-13,-2
-13,-13,-13,-13
10,11,11,11
-13,-11,-13,-2
1,1,2,1
10,10,10,-2
-13,-11,-13,-11
1,1,-11,1
1,-13,1,-13
0,0,0,0
10,2,11,2
1,1,3,-11
1,-11,1,-11
-13,-11,-13,-11
-11,-11,-11,-11
1,0,1,0
1,2,1,3
-11,0,-11,0
1,1,1,1
10,0,-2,0
-11,2,-11,2
1,2,-2,-2
10,-13,10,0
11,2,-2,2
1,-13,1,-13
-13,-11,-13,-11
-13,10,-2,-11
0,2,0,2
11,-11,-2,-11
10,10,10,10
2,-11,2,-11
10,-11,10,-11
-13,-11,-13,-11
2,2,-11,2
2,1,2,1
1,1,1,-20
1,0,1,-20
1,11,1,11
1,11,-2,11
1,1,1,1
10,-11,-13,-2
10,-13,10,-13
-13,-13,-13,-13
2,1,2,1
10,-13,0,-2
-11,0,-11,0
2,-13,2,0
2,-11,3,-11
-13,-13,-13,-13
10,1,10,1
11,1,11,2
-11,11,-11,11
1,-11,1,-2
-13,11,-13,-11
-13,-13,0,-13
11,-13,-11,-13
1,1,-2,1
2,-11,2,-11
0,1,-20,1
1,11,1,11
-11,10,-11,-11
11,-11,-20,-11
-13,1,-13,1
11,-13,11,-13
-1,0,-13,-2
1,-13,2,0
2,10,2,-20
10,-11,-20,-11
1,1,-20,-20
-13,0,-2,0
-11,-11,-11,-11
1,1,1,1
0,1,0,-11
0,-13,0,-13
10,-11,10,-2
2,-13,2,-13
-13,-13,-13,-13
-13,-11,-13,-11
0,-13,2,0
-11,2,-11,2
1,1,1,1
-13,-13,-2,-2
11,1,11,1
0,0,0,0
0,-11,0,-11
10,-11,10,-2
-11,-11,-11,-11
-11,11,-11,-20
1,-13,1,0
2,0,2,0
1,-11,-20,-11
1,-11,1,-11
4,-11,4,-2
-13,-13,-13,-13
1,1,1,1
10,2,-2,-13
1,1,1,1
1,-13,-20,-2
-11,2,-11,2
1,2,1,2
1,-11,2,-11
1,10,0,10
1,-11,1,-11
10,0,-2,0
-11,-11,-11,-11
-11,-11,-2,-11
2,-13,3,-13
-11,0,-2,-2
1,1,1,2
-11,10,-11,10
0,2,0,2
-13,0,-13,0
2,10,2,10
-11,-13,-11,-2
1,-13,1,-13
11,-13,-2,-2
-13,2,-13,2
0,2,-2,2
1,1,-20,1
-11,2,-11,2
-13,1,-13,1
-13,-11,-13,-11
-13,1,-13,1
1,-13,1,-13
-11,-11,-11,-11
-13,-13,-2,0
2,1,2,1
0,10,0,10
1,11,1,-2
1,1,1,-2
-11,-13,-2,-13
-11,-13,-11,-13
-11,2,-11,2
0,2,0,2
2,2,2,2
3,-13,3,-13
0,-13,0,-13
10,-13,10,-2
-11,2,-2,2
-13,3,-13,2
-13,1,0,1
0,2,0,-2
-13,-11,-13,-11
10,10,10,10
-13,-13,-13,-13
0,1,0,1
10,2,11,3
-13,0,-13,0
-13,-11,-13,-11
-13,-13,-13,-13
-13,1,-13,1
1,0,1,-11
3,2,-11,-2
11,0,-11,0
0,1,-2,1
11,-13,11,-13
-11,10,-11,10
11,1,11,2
1,-13,-2,-2
0,0,0,-20
11,1,12,-2
1,-11,1,-11
-11,10,1,-20
-13,1,-13,1
-11,1,-11,-11
1,-11,2,-11
1,0,2,1
-11,-11,-11,-11
-11,1,-11,1
0,1,0,1
0,1,0,2
1,-13,-2,-2
-11,-11,-11,-2
10,2,-2,0
0,0,0,0
-11,1,-11,1
11,10,-2,-2
10,0,10,0
11,2,-2,2
-11,-13,-11,-2
1,1,1,1
1,-13,1,-13
-11,2,0,2
-11,1,-11,1
1,11,1,11
1,1,1,1
-13,-13,-13,-13
-11,11,-11,11
1,-13,-2,-13
2,10,2,-11
0,2,0,-2
0,10,0,10
1,-13,1,-13
2,-11,2,-11
-13,11,-13,11
0,1,0,1
-13,-11,-13,-11
2,-11,2,-11
1,1,1,1
-11,10,-11,10
0,0,0,0
-13,0,-13,0
1,1,1,1
2,2,-2,2
-11,1,-11,1
1,1,1,1
1,1,1,1
0,0,0,0
0,10,0,10
0,11,0,-13
11,1,11,1
-11,0,-11,0
1,0,1,0
1,-13,1,-13
-13,2,-13,-2
2,-11,2,-11
0,-11,0,-11
1,-13,1,-13
1,1,1,1
0,0,-2,-2
-13,0,-13,0
1,-13,-13,-13
-11,11,-11,-11
0,-13,0,0
-11,11,-11,11
-13,10,-13,10
10,-11,-20,-11
1,0,-2,-2
-11,2,0,3
0,10,0,-20
1,1,1,1
-13,1,-13,1
2,0,1,-20
-11,2,-11,-13
-13,-11,-2,-11
3,0,3,0
1,-11,1,-2
0,10,-20,10
0,-11,0,-11
-13,0,-13,0
-13,-11,-13,-2
2,2,2,2
2,10,-13,10
1,1,1,1
1,2,5,2
1,10,1,10
1,1,1,1
10,10,10,10
1,-13,1,-13
0,1,0,1
10,2,10,-11
1,10,1,-2
-11,-13,-11,-13
1,1,-2,-2
1,-13,1,0
1,2,-20,2
2,-11,2,-11
1,-13,1,-13
10,0,10,-2
10,12,-2,-2
0,-13,0,0
1,1,1,-2
-13,10,-13,10
1,-11,1,-11
0,1,0,1
11,0,13,-2
1,1,1,1
0,1,-20,1
0,-13,0,-13
0,-13,0,-13
2,11,-2,-2
1,2,-2,2
-11,1,-11,1
-13,-11,-13,-11
10,0,10,0
2,10,2,10
1,-11,1,-11
0,1,-20,1
-11,-11,-11,-11
1,1,1,-20
1,2,1,2
1,1,1,1
-11,0,-2,0
2,-13,2,-13
1,-11,1,-2
0,-11,0,-2
0,2,0,2
-11,2,-2,2
-13,-13,-13,-13
11,0,11,-20
1,1,-11,1
1,1,1,1
-11,-13,-2,-2
-11,1,-11,1
2,-13,2,-13
1,1,3,1
0,-11,0,-2
-13,-13,-13,-13
1,-13,1,0
-13,-11,-13,1
-13,12,-13,-2
0,10,0,-1
0,1,0,1
1,1,1,1
0,10,0,-2
-13,10,-13,-2
11,1,11,1
1,-11,-2,-2
0,0,0,0
0,1,0,1
1,1,1,2
0,1,0,1
1,1,-20,1
1,-11,1,-11
-11,1,-11,1
0,0,0,0
2,-11,3,-11
0,-11,0,-11
1,1,2,1
-11,10,-11,-20
-11,1,-11,1
1,-11,-2,-11
-13,-13,-13,-13
1,10,2,-20
0,1,0,1
1,1,1,1
11,11,11,-2
-13,11,-13,11
3,2,2,2
-13,11,-13,11
2,-13,2,-13
1,2,-20,2
11,1,-20,-20
1,1,-2,1
-13,-11,-13,-11
0,-11,0,-11
2,10,-2,-2
10,10,-11,10
2,0,2,0
0,1,0,1
1,-13,1,-13
10,11,-20,-2
11,1,11,1
-13,2,-13,2
0,-13,0,-13
-13,1,-13,1
10,1,-2,1
1,1,1,1
-13,2,-13,2
-13,-13,-13,-13
10,1,-2,-11
0,1,-11,-2
-11,-13,-11,-13
1,-13,-20,-13
10,-13,11,-13
-11,1,-2,1
-13,0,-13,0
1,-13,1,0
1,1,1,1
10,1,-20,1
-13,-11,-13,-11
10,1,10,-20
-11,-11,-11,-11
1,10,1,-11
2,-11,2,-11
1,10,-1,-2
0,1,2,-2
0,11,0,-11
1,0,1,-2
1,1,-20,1
0,-13,-20,0
0,-11,0,-11
2,10,2,10
1,0,1,0
10,1,-2,-2
10,0,10,0
-13,1,-13,1
1,-11,1,-11
0,0,0,0
1,1,-11,1
11,0,11,0
2,-13,2,-13
1,-11,1,-11
1,1,2,2
1,2,1,2
10,10,-20,10
1,2,2,2
0,-11,0,-2
10,11,10,-2
11,0,-20,-13
1,-13,1,-13
-13,2,-13,3
10,-11,-20,-11
-13,10,-13,-2
-13,-11,-13,-11
11,-11,11,-11
0,-13,-2,-13
-13,11,-13,-11
-13,1,-13,1
11,-13,-11,-13
12,-11,12,-11
1,1,1,-20
1,1,1,-2
-11,1,-11,-20
-11,-11,-11,-11
-11,1,-11,1
2,-11,2,-11
-13,-13,-13,-13
1,-11,1,-11
11,1,-11,1
0,11,-2,-2
10,-13,10,-13
2,11,3,-2
1,1,1,1
-13,2,-13,2
10,2,-20,-2
1,-13,1,-13
0,1,-2,1
1,0,2,0
1,0,-2,-20
2,-13,2,-13
1,-11,1,-11
1,-11,2,-11
2,-11,3,-11
1,1,1,1
12,-11,-20,-11
-11,10,-11,-2
-11,2,-11,3
10,2,10,2
1,1,1,1
0,0,0,-20
10,1,10,0
0,-11,0,-11
10,-11,10,-11
3,11,4,11
-11,1,-11,1
2,0,2,0
-11,11,-11,11
10,1,1,-2
-13,10,-13,-2
10,2,-13,2
1,11,1,11
0,1,0,1
1,-13,-11,-13
-13,10,-13,10
-11,2,-11,2
0,0,0,0
-13,1,-13,1
-13,1,-13,1
2,2,1,2
2,1,2,-11
1,3,1,3
0,-11,0,-11
-11,0,-2,-2
10,-11,10,-11
-13,0,-13,-13
1,0,1,0
-13,-13,-13,-13
-13,-13,-13,-13
1,-13,2,-13
1,2,1,2
-11,-11,-2,-2
1,-13,1,0
2,11,-2,-2
1,1,-2,1
11,-13,-2,-13
0,-13,0,-13
1,10,1,-2
-13,-13,0,-13
-13,-13,-2,-13
10,-11,10,-11
-11,-11,-2,-11
-11,-13,-11,0
1,-13,1,-13
10,1,10,1
1,11,-2,11
1,-13,0,0
-11,-13,-2,-13
-11,1,-11,-11
0,-11,0,-11
1,1,1,2
1,-13,1,0
1,-13,-2,-13
-13,-11,-13,-11
1,-11,-11,-11
1,-11,1,-11
1,-13,1,-13
-11,-11,-11,-11
2,1,13,2
1,-13,1,-2
-11,-11,-2,-11
1,1,2,1
1,1,1,-2
1,1,-2,-2
1,-11,1,1
2,1,2,1
-13,0,-13,1
-13,2,-13,-2
1,1,-11,1
3,1,2,1
2,11,-11,11
0,-13,-20,-13
2,1,2,-11
3,-13,-2,-13
0,-11,0,-11
-11,-13,-11,-13
-11,1,-2,1
-11,1,-11,0
-13,-11,-13,-2
2,-13,2,-13
10,-11,10,-11
-13,10,-13,10
2,1,2,1
11,1,11,1
2,10,3,-2
10,1,-2,1
10,-13,10,-13
1,-13,1,-13
-11,-11,-11,-11
-13,1,-13,1
-13,0,-13,-20
-13,10,-13,-2
-13,1,-13,1
1,-13,1,-13
1,-13,-2,-2
1,1,2,1
-11,10,-11,-1
1,11,2,-2
-11,2,-2,2
2,1,2,1
10,1,-20,1
-11,11,-11,-2
-13,-13,-13,-13
-13,-11,-13,-11
10,-11,10,-11
-11,1,-11,1
-11,-13,1,-13
0,10,0,10
11,0,1,0
-11,2,-11,2
1,-13,-2,-13
-11,2,-11,-20
2,-13,2,-13
-11,2,-11,2
0,10,0,10
2,1,1,-2
-11,-11,-2,-11
0,-13,0,0
11,1,11,-11
0,-13,0,-13
11,1,11,1
-13,-11,-13,-11
0,-11,0,-2
1,-11,1,-11
0,-13,2,-13
10,2,11,2
-13,-13,-13,-13
-13,-11,0,-11
0,1,1,-11
-13,11,-13,-2
0,2,0,1
1,0,0,0
-13,1,-13,1
10,1,10,1
2,2,-11,2
1,-13,1,0
2,-13,2,-13
-11,0,-11,1
1,1,1,1
1,-13,0,-13
0,2,0,2
2,-13,-11,-13
-11,1,-11,1
11,1,-2,1
-13,-13,-13,-13
-13,-11,-13,-11
-13,0,-13,0
0,-11,-2,-11
1,-11,1,-11
0,1,-20,1
-11,-11,-11,-11
-11,-11,-11,-11
2,2,4,2
-13,11,-13,11
-11,-13,0,-13
-13,0,-13,-20
-11,1,-11,1
1,0,1,1
1,1,1,1
-13,1,-13,2
-13,-13,-13,-2
-11,-11,-11,-11
-11,1,-11,1
2,10,2,-2
-13,1,-13,-11
1,-13,1,-13
1,10,1,0
-11,-11,-11,-11
-13,-13,-13,-2
2,10,2,10
-13,1,-13,1
-13,1,-13,-2
-11,1,-11,1
2,2,-11,-2
1,10,1,10
-11,-11,-2,-11
-13,2,-13,2
0,2,0,2
-11,-13,-2,-2
11,2,-20,2
1,10,1,10
2,1,2,1
10,0,10,-20
0,-11,0,-11
1,10,-13,-20
-11,0,-11,0
-11,2,-11,2
-13,2,-13,2
0,-1,0,-2
1,1,1,-11
-13,-13,-13,-13
2,-13,1,-13
0,-13,0,-13
10,11,10,11
-11,1,-2,2
1,-11,1,-11
11,1,12,1
3,2,-11,2
11,-11,11,-2
1,-13,1,-13
-13,-13,0,-13
-13,2,-13,3
0,-11,0,-2
2,-13,4,-13
11,10,-2,10
0,1,1,1
10,-11,13,-11
-13,-13,-13,-13
10,-11,10,-11
1,-13,-11,-13
2,11,2,-11
1,10,1,10
-11,2,-11,2
0,0,0,0
1,10,1,11
1,0,1,0
-13,0,-13,0
-13,-11,-13,-11
1,10,1,10
1,1,1,1
-11,1,-11,1
2,10,2,10
10,1,-2,1
1,-13,1,-13
-13,1,-13,-20
10,-11,10,-11
1,-11,1,-11
0,-11,0,-11
-13,0,-13,-20
-13,-13,-13,-13
10,1,11,1
0,10,0,10
1,1,1,1
-11,10,-11,-2
-13,10,-13,-2
10,-11,10,-2
1,-11,1,-11
-13,1,-13,1
-11,1,-11,1
-11,-13,-11,-13
-13,10,-13,10
2,2,2,-20
-11,1,-11,1
-13,10,-13,2
1,1,2,3
1,0,-11,0
0,-11,0,-11
-13,0,-13,1
2,10,2,-2
1,10,1,-2
1,-13,1,-13
-13,-13,-13,-13
2,1,2,1
2,-13,3,-13
-11,-11,-11,1
-11,-13,-11,-13
1,0,1,0
-11,1,-11,1
2,-13,2,-13
-13,2,-13,2
1,-11,4,-11
1,-11,1,-11
1,-13,1,-13
1,1,1,1
11,11,11,-2
2,10,-2,-2
-11,2,-11,-20
10,-11,-20,-11
-11,1,-11,11
0,-13,0,-13
0,0,0,0
1,10,1,-20
2,0,2,-2
10,-13,-2,-2
1,-13,1,-2
0,-13,0,-13
-11,-11,-11,-11
0,-11,0,1
0,-13,-20,0
1,0,1,0
-11,-11,-2,-11
11,10,11,10
1,10,1,10
11,-13,12,-13
-13,11,-13,11
0,1,0,1
-11,-11,-11,-2
-11,0,-2,2
10,2,10,3
1,10,1,10
0,10,0,-2
1,2,1,2
-11,1,-11,-20
0,-11,1,-11
1,0,1,0
10,-11,-2,-2
1,10,-2,-2
0,3,-11,2
10,-11,10,-11
-11,-11,-11,-11
1,1,1,-2
2,2,2,2
11,1,-11,1
-11,-13,-11,-13
11,10,-11,10
2,11,1,11
1,-13,1,0
1,-13,3,-13
1,0,0,-20
1,-13,1,-13
2,2,-2,2
-11,1,-11,1
0,1,-2,1
1,1,2,-20
-13,1,-13,1
-13,10,-2,-2
1,1,1,1
-11,1,-11,1
2,1,-11,1
2,-13,2,-13
0,1,-2,1
11,-11,11,-11
1,2,2,3
-11,1,-11,1
-11,-11,-11,-11
1,-11,-11,-11
-13,-13,-13,-13
1,2,1,-20
-11,11,-11,12
-11,0,-2,-2
-11,-13,-11,0
1,-13,-11,-13
1,2,-2,3
-13,0,-13,1
11,1,11,1
10,10,-20,-20
-13,1,-2,0
2,0,2,0
1,-11,1,-11
-11,2,-11,2
-11,-11,-2,-11
10,0,10,0
-11,11,-11,11
-13,0,0,-20
1,10,1,10
-13,1,-13,1
2,12,2,11
10,-11,-2,-1
1,-11,1,-11
1,1,1,1
11,-13,11,-13
-11,0,-11,0
11,-11,-11,-11
-11,1,-11,1
10,11,0,-2
1,10,1,10
10,1,-2,2
1,1,2,1
-13,-11,0,-11
0,0,0,0
0,2,0,-11
10,-13,10,-13
1,10,1,-20
-13,-11,-13,-11
1,1,1,1
1,1,1,1
10,10,10,10
-13,-13,-13,-13
1,-11,1,-11
-11,0,-11,-20
1,1,1,2
-13,2,-2,-20
1,1,1,-11
11,2,11,2
0,11,0,11
1,10,2,-1
0,-13,-2,1
0,-13,-2,-2
-11,0,-11,0
-13,1,0,1
1,1,1,1
10,-11,-2,-11
-13,-13,-13,-13
-11,0,-11,0
-11,2,-11,2
1,10,1,-20
1,-13,1,-13
1,10,-2,-11
2,1,1,1
2,10,2,10
2,11,3,-11
1,11,1,-2
12,-13,-20,-2
11,10,-13,10
2,-11,2,-11
1,1,1,1
2,0,2,0
-11,1,-11,0
1,-11,1,-11
0,3,0,2
1,0,1,2
-11,-13,-11,-13
2,0,2,-20
11,-13,-20,-13
0,-11,0,-11
3,2,-11,-13
1,10,1,-2
1,1,1,1
10,-11,10,-11
-13,-13,-13,0
1,-11,1,1
-13,-13,-13,-13
0,-13,0,-13
10,-13,10,-13
-11,1,-11,-11
-11,-13,-2,-2
1,1,1,0
-11,10,-11,10
1,10,1,10
-11,-11,-11,-11
1,1,1,1
10,-13,10,-13
-13,1,-2,1
2,2,1,2
2,1,2,1
0,10,0,10
1,2,1,2
-11,2,-11,2
0,1,0,1
10,3,10,3
10,-11,-2,1
-13,1,-13,1
-13,1,-13,1
0,1,0,1
-13,10,-11,-2
-13,0,-13,0
-13,1,-13,1
0,1,-11,0
1,-13,1,-13
1,-11,1,-11
1,1,-11,1
-13,2,-13,-2
1,11,1,11
-13,1,-13,2
0,2,0,2
10,-13,10,0
-11,11,-11,-20
10,2,10,2
1,3,-11,1
0,-13,0,-13
2,2,-20,5
0,2,-2,2
0,10,0,-2
-11,-13,-11,0
-13,-13,-13,-13
-11,11,-11,-2
-13,1,-13,1
-11,-13,-11,-13
1,0,-20,0
-11,1,-11,-2
10,-13,10,-13
-11,1,-11,-2
1,-11,1,-11
1,1,1,-2
1,-13,1,-13
-11,1,-11,1
0,-13,-2,-13
-13,2,0,2
1,-11,1,-11
11,10,-2,-20
11,-13,-2,-13
10,2,10,-20
2,1,2,1
1,-13,1,-13
0,10,0,-13
-11,-13,-11,-13
2,1,1,1
11,-13,-20,-2
2,-11,2,-11
1,0,1,1
2,1,2,2
1,-13,2,-13
1,12,1,12
-13,0,-13,0
-13,1,-13,1
1,2,1,-11
-11,1,-2,1
2,2,2,1
-11,-13,-11,-13
10,1,-2,-20
-13,-13,-13,-13
1,11,-2,-20
10,-13,-11,-13
0,-13,0,-13
1,-11,1,-11
1,1,1,1
-13,2,-13,2
2,-11,2,-11
1,1,-13,1
10,2,10,1
-11,0,-11,0
1,0,1,0
-13,10,-13,-2
1,2,1,-11
-11,1,-2,1
-13,-13,-13,-13
11,-13,-2,-2
10,-11,10,-11
-11,1,-11,2
-11,0,-11,-2
-13,11,-13,11
2,1,2,-2
2,10,2,10
1,-11,1,-11
-13,-13,-13,-13
-11,0,-11,0
0,1,2,-2
10,-13,10,-13
1,2,1,2
-11,2,-2,2
-13,2,-13,2
10,-13,-11,-13
10,1,10,1
1,-13,1,-13
1,1,1,1
1,1,1,1
1,-11,1,-11
-11,-13,-11,-13
2,2,2,2
10,1,-2,1
1,1,1,1
2,2,-2,-2
12,-11,-20,-11
-13,-13,-13,-13
-13,-13,-13,-2
2,2,1,-20
-13,11,-13,-20
0,1,-2,1
1,11,1,-2
0,-11,0,-11
-11,-11,-11,-11
-11,1,-11,1
1,-13,1,-13
2,-13,-2,-13
-13,0,-13,0
10,-11,-2,-2
0,1,0,1
-13,-13,-13,-13
1,1,-2,-2
0,0,0,0
-11,-11,1,-11
1,10,1,-2
0,0,1,0
-13,0,-13,0
3,1,3,1
-13,10,-13,10
1,1,1,1
-11,10,-11,-2
-13,1,-13,2
2,1,1,1
-11,2,-2,2
1,1,1,-2
-11,-11,-11,-2
2,-11,1,-11
0,11,0,-20
-13,1,-13,1
1,-13,1,-13
1,1,1,-11
2,1,1,1
1,2,1,2
11,1,11,1
-13,0,-13,0
-13,-11,-13,-11
10,0,-2,0
0,1,0,1
10,3,10,3
0,-13,0,-13
-11,-13,-11,-13
1,10,1,-2
-11,-11,-2,-2
2,1,2,2
-13,10,0,-2
1,-11,-20,-11
-1,10,-2,-2
0,-13,-2,-13
1,0,1,0
0,11,0,11
2,-13,2,0
10,1,10,-11
10,10,10,11
2,-11,3,-11
-11,1,-2,1
1,-13,1,-13
-13,1,0,-11
-11,1,-11,1
-13,11,-13,11
11,0,-2,0
1,-13,1,-13
-13,1,-13,1
1,2,1,2
2,-13,-20,-13
-13,10,-13,-20
0,2,0,2
11,-11,-1,-11
-11,10,-11,-1
10,10,-2,-2
-13,0,-13,0
1,3,1,2
10,10,-2,-2
1,-11,1,-2
1,-11,1,-11
1,1,2,1
2,1,2,1
-13,-13,-13,-13
1,1,2,1
-13,1,-13,2
-11,0,-11,-2
-13,1,-13,2
0,-11,0,-11
2,10,2,-20
-11,1,-11,1
-11,11,-11,11
10,-11,10,-2
1,1,1,1
-11,1,-11,2
-11,-11,-11,1
2,-11,2,-11
11,-11,11,-11
-13,1,-13,1
1,1,-11,1
-11,1,-11,1
-13,-11,0,0
1,-11,-2,-2
0,-11,-20,-11
1,1,2,1
1,-13,1,-13
1,1,0,1
1,0,-2,0
11,1,11,1
2,10,-2,10
11,0,11,1
10,-11,-2,-11
11,2,-2,2
2,-11,1,-11
2,0,2,-20
-13,2,-13,2
1,0,1,0
0,-13,-20,-13
-11,2,-2,2
1,1,1,-2
1,1,1,1
10,1,10,1
-13,-13,-13,-13
2,-11,2,-11
-13,-13,-13,-13
-11,1,-11,-13
-11,-11,2,-11
-11,-11,-11,-11
3,0,3,0
-11,-13,-11,-2
2,-13,2,-13
10,1,10,-2
10,-13,-20,-13
0,-13,0,-13
1,1,1,-2
1,1,1,1
-11,-1,-2,-20
2,-11,2,-2
-13,11,-13,11
-13,-13,-13,-13
1,2,1,2
10,10,10,10
2,-11,2,-11
-11,0,-11,0
1,10,1,10
1,1,-2,-2
1,-11,1,-2
-13,2,-13,2
-11,2,-11,2
-11,1,-11,1
1,1,1,1
2,-13,2,-13
1,0,1,0
-13,0,-13,0
10,1,-11,1
2,0,2,-2
-13,0,-13,-2
0,-13,0,-13
0,-11,0,-11
10,1,-2,1
1,10,1,10
-13,-11,-13,-11
11,-11,1,-11
10,0,11,0
-11,1,-11,-20
-11,-11,-11,-2
1,-13,-20,-13
0,0,0,1
-11,-13,-2,-13
1,-11,1,-11
0,1,0,1
4,10,3,10
-13,-11,-13,-11
1,1,2,1
0,1,-2,0
11,0,-2,0
1,0,1,0
-13,-13,-2,-13
-11,1,-11,1
10,11,10,11
-11,-13,-11,-13
2,1,1,2
1,-13,1,-2
2,-11,2,-2
-11,1,-11,1
1,1,-2,1
-13,-11,0,-11
1,-11,1,-11
-13,10,-13,10
0,1,0,1
-13,-11,-13,-2
1,-13,-2,-13
0,1,-20,-2
3,3,4,3
2,-11,-2,-2
-11,1,-11,1
1,0,1,0
2,-11,2,-11
1,-11,-2,-2
-11,2,-11,2
0,1,0,1
0,-13,-20,-13
1,2,-2,2
1,2,1,2
0,11,0,11
-13,11,-13,11
11,0,-13,0
-11,12,-11,-2
10,2,-20,1
-13,0,-13,0
-13,-13,-13,-13
10,-11,-2,-11
0,0,3,-11
1,-13,-11,-13
11,0,-1,0
0,10,0,10
-13,0,0,0
1,3,3,3
0,1,0,1
-13,-13,-13,-13
11,0,-2,0
1,1,1,1
-11,1,-11,1
-11,-11,-11,-11
-13,1,-13,1
-13,10,-13,10
-13,2,-13,2
-11,-11,-2,-2
10,-13,-2,-2
2,0,2,0
1,-13,-2,0
11,1,12,1
-11,-11,-11,-11
10,-13,10,-13
1,10,1,10
1,-11,2,-11
1,1,-2,-2
1,1,2,1
-11,2,-11,2
1,-11,1,-11
10,10,-11,-2
0,2,-2,1
12,-13,13,-2
1,0,-2,0
0,2,-20,2
0,-13,0,-13
10,0,-11,0
-11,-11,-11,-11
0,-13,0,-2
10,10,-20,-2
-11,-11,-11,-11
1,-11,1,-11
-13,-13,-13,-13
10,10,10,-1
-13,-11,-13,1
-13,2,-13,-13
2,-13,1,0
2,-11,2,-11
1,-11,1,-11
1,-11,-2,-11
-13,1,-13,1
0,1,0,1
11,0,-2,0
10,-11,10,-11
-13,-11,-13,-11
10,0,10,0
11,2,-2,4
-11,1,-11,-20
2,0,2,0
2,3,1,4
-11,-13,-11,-13
0,-11,0,-11
-13,1,-13,1
1,10,1,-2
-11,0,-11,0
1,1,1,1
-13,0,-13,-20
11,-13,11,-13
1,-13,-20,-13
10,-13,1,-13
-11,2,-11,1
-11,0,2,3
1,0,2,-2
1,1,1,1
2,2,3,2
0,-13,-20,-13
-11,-13,-11,-13
11,1,-11,1
0,10,0,-2
0,2,0,3
-11,10,-11,10
-11,11,-11,-2
-13,1,-13,-20
10,11,-20,-2
1,-13,1,-13
1,-13,-20,-13
1,10,1,11
10,-11,10,-11
0,-11,-20,1
-13,10,-2,-2
1,-13,1,-13
1,2,1,2
11,11,11,-2
0,1,0,2
11,-11,-20,-11
0,10,0,10
1,-11,-2,-11
1,-13,1,-13
-13,2,0,-13
0,-11,-2,-11
1,-13,1,-2
-13,-13,-13,-13
-11,-11,-2,-11
1,0,1,0
-11,-13,-11,0
2,1,3,1
-13,2,-13,2
-11,1,-11,1
-11,1,-11,1
2,1,2,2
-13,-13,0,-13
1,11,1,11
-13,1,-13,2
-11,12,-11,-20
1,11,1,11
1,11,1,4
1,-11,1,-11
-11,-11,-11,-11
10,2,-2,2
-13,-11,-13,-11
-11,-13,-2,-13
10,-13,-13,-13
1,-13,1,-13
10,1,-20,1
-13,-13,-2,-2
-13,-11,-13,-11
-11,0,-11,-2
1,0,1,0
0,2,0,2
2,12,3,12
-13,2,0,-2
0,-13,0,-13
10,-13,10,-13
-13,0,-13,0
1,1,1,1
-13,10,-13,-2
1,-11,1,-11
0,0,0,0
0,12,-2,-2
2,1,2,1
10,11,10,11
0,-13,0,-13
-11,1,-2,2
-11,10,-11,-2
1,-11,-11,-11
3,-11,3,-2
0,1,0,1
-11,1,-11,1
1,1,1,1
-13,1,-13,1
-11,1,-11,1
11,-13,12,-13
1,1,1,1
0,0,1,0
10,1,10,1
11,0,12,0
1,-11,1,-11
0,10,0,-2
-13,2,-13,-20
1,-13,1,-13
-11,-11,-2,-11
10,1,-20,0
1,1,-2,1
-11,-11,-11,1
-11,1,-11,2
-11,-13,-11,-13
1,0,1,1
-13,-13,-13,-13
2,-13,2,-13
-13,0,-13,0
1,1,2,1
10,-11,10,-2
11,10,11,-2
-13,10,-13,10
0,1,0,1
1,1,1,1
2,-11,-2,-11
1,1,-11,1
10,1,10,1
-11,2,-11,2
11,1,11,1
1,2,-20,2
-11,10,-11,-1
2,2,2,-11
2,2,2,-13
-13,10,0,-2
11,10,-20,10
2,2,2,2
-13,-11,-13,-11
2,0,-20,0
1,-13,2,-13
1,1,3,1
-11,11,-11,11
10,-13,-20,-13
1,0,1,0
10,-11,10,-11
1,-13,1,-13
0,2,0,-13
11,1,11,1
-11,0,-2,0
-13,1,-13,4
-13,11,-13,-20
-13,-11,-13,-11
11,0,-2,-20
0,11,0,-2
0,-13,-11,-13
1,2,1,2
0,1,0,1
11,-11,12,-11
-13,2,-13,-13
0,0,1,-2
1,2,1,1
-11,-11,1,-11
-13,-13,-13,-13
1,-11,1,-2
-11,10,-11,-2
-13,10,-13,-2
-11,0,-11,0
0,-11,-2,-11
11,0,11,0
-13,11,-13,-2
0,-13,0,-13
1,0,2,-2
1,-11,1,-11
-13,1,-13,-20
1,0,1,0
0,-13,0,-13
-11,-13,-11,-13
-11,0,-2,0
10,10,-20,10
-13,1,-13,1
-13,0,-13,-13
1,1,-2,1
-11,-11,-11,-11
2,-13,-2,-13
-11,-11,-11,-11
0,-13,0,-13
1,-11,-20,-11
1,10,1,-11
-11,10,-11,10
2,-13,2,-13
10,-13,10,-13
1,2,1,2
-13,0,-13,0
1,1,-11,1
1,-11,1,-11
-13,2,-13,2
1,0,1,0
-13,-13,-13,-13
-11,-11,1,-11
2,4,2,3
1,10,1,10
-13,-13,-13,-13
1,1,1,1
1,10,1,-2
1,-11,1,-2
2,-11,-20,-11
11,0,-20,-2
1,-13,1,-13
2,1,2,1
-11,1,-11,1
2,1,1,1
1,0,1,-20
1,1,1,1
1,0,1,0
-11,-13,-11,-2
1,1,1,1
-11,2,-11,2
0,-11,0,-11
1,1,1,1
-13,2,-13,2
0,0,0,-20
-13,1,-13,2
1,0,1,0
-11,-11,0,-11
-11,1,-11,1
-13,2,-13,2
-11,-11,-11,-11
10,1,10,0
1,-13,2,-13
1,2,-11,2
1,-13,1,-13
-11,-11,-11,-2
0,-13,0,-13
1,1,1,1
1,1,1,1
0,2,0,2
10,-13,10,-13
1,-13,0,-13
-1,1,-1,2
0,-11,0,-11
1,-11,1,1
1,-13,1,-13
0,-11,0,-2
0,0,0,0
-13,-13,-13,-13
-11,10,-11,10
-13,1,-13,-2
-13,2,-13,-20
0,0,0,0
-13,-13,-13,-13
0,1,0,1
1,-13,3,-13
-13,0,0,0
2,2,2,2
-11,1,-11,1
-13,2,-13,2
-11,-11,-11,-11
11,0,11,0
1,1,-20,1
2,1,2,1
3,-11,3,-11
-11,1,-11,3
0,1,0,1
0,-11,0,-11
3,1,3,1
-13,1,-13,1
2,1,2,2
-13,-11,-13,-11
-11,0,-11,0
11,10,12,11
-13,10,-13,10
12,-11,-20,-2
11,1,11,4
10,11,10,11
1,1,1,1
10,1,11,-2
2,11,-20,12
-11,1,-2,1
-13,-11,0,-2
1,11,-2,12
-13,-13,-13,-13
0,10,0,10
-11,0,-2,0
1,1,1,1
1,-11,1,-11
-11,0,0,0
1,10,2,-20
-11,-11,-11,-2
1,0,1,0
10,0,10,0
2,1,2,1
10,1,-2,1
0,11,0,11
1,-11,1,-11
10,-11,10,-11
10,10,10,10
-13,-13,-13,-13
2,-13,2,-13
-11,0,-11,0
-13,1,-13,-20
-11,10,-11,10
1,3,1,3
11,1,-2,1
0,-13,0,-13
1,-13,2,-13
1,-11,-11,-11
-11,10,-11,-2
-13,-11,0,-11
0,-13,0,-13
1,10,1,10
-13,2,-13,2
-11,0,-11,0
-13,1,-13,1
-13,-13,-13,-13
0,0,-2,0
-11,-13,-11,-13
12,0,12,1
1,-13,1,-13
0,10,-20,10
2,-11,2,-11
0,1,0,1
11,-11,11,-11
2,0,2,0
1,0,1,0
11,-11,-2,-11
-13,2,-13,2
1,1,2,1
1,-13,1,-13
0,0,0,0
1,0,1,-2
-11,-13,-2,-13
-11,-11,-11,-11
-11,1,-11,1
-13,10,-13,10
1,3,-2,2
10,11,10,11
-13,1,-13,1
2,1,2,1
2,10,2,10
1,10,2,-11
-11,1,-11,1
0,0,0,0
0,1,0,1
2,0,2,0
-11,-11,-11,-2
-11,2,-2,2
1,1,-11,1
1,-13,1,-13
-13,1,-13,1
-11,1,-11,1
1,0,1,0
1,-13,1,0
1,-13,-2,-2
-11,1,-11,1
0,1,0,1
11,1,11,1
0,2,-2,2
-13,-11,-13,-11
1,10,-20,-2
10,1,10,-11
1,10,1,10
-11,1,-1,-11
-13,-11,0,-11
1,1,1,1
1,0,1,0
-13,10,-13,-2
-11,-11,-11,-11
1,2,1,2
-11,-11,-2,-11
11,-13,-2,-13
-13,1,-13,-11
1,1,2,1
0,10,0,-20
-11,10,-11,-20
-13,1,-13,1
-11,1,-11,0
-11,-11,-11,-11
1,2,-11,2
10,11,10,-11
-13,-11,-13,-11
10,-13,-2,-13
-13,2,-13,1
2,-13,-11,-13
-13,-13,-13,-13
1,-13,1,0
-13,-11,-13,-11
11,-13,12,-13
1,-11,1,-11
-13,0,-13,0
-13,-13,-13,-13
10,10,10,-13
2,1,2,0
10,0,10,-2
3,10,3,-11
11,10,12,-11
-13,0,-2,1
-13,-13,-13,-13
1,-13,1,-13
0,-11,0,-11
-11,-11,-11,-11
1,10,1,-2
1,-13,1,-13
2,1,2,1
-11,-11,-11,-11
0,-11,0,-11
-11,10,-11,-2
11,10,-2,10
0,2,1,2
10,2,10,2
11,0,-11,0
-11,-11,-11,-11
1,-13,1,-13
-13,-11,-13,-11
0,0,0,0
11,1,-11,1
-13,11,-13,11
-13,-13,-13,-13
2,-11,2,-11
1,1,2,-2
1,10,1,10
-13,2,0,2
1,-11,2,-11
1,11,1,11
11,-11,-20,-2
-13,1,0,1
2,-13,3,-13
2,-11,2,-11
-13,1,-13,1
-11,-13,-11,-13
10,-13,-2,-13
1,1,1,1
1,0,1,0
-13,1,-13,1
0,1,0,1
-13,10,-13,-20
0,-11,-2,-11
2,-13,2,-13
11,-11,11,-11
0,1,0,-11
-13,0,-13,-2
-13,1,-13,1
2,1,2,2
2,-13,2,-13
-13,10,-2,-2
0,-13,0,-13
1,1,1,1
10,3,10,-2
1,-11,1,-11
1,0,-13,0
0,1,0,-2
-13,-13,-13,-13
1,-13,2,-2
1,1,1,1
-11,0,-11,0
1,-13,1,0
-11,1,-11,1
1,-13,-2,-13
0,1,0,1
-13,-13,-13,-13
-11,1,-11,1
-13,0,-13,-20
2,0,0,-2
-13,2,-13,2
-11,-13,-11,-13
2,-11,-2,-2
-11,3,-11,-11
-11,10,-11,11
-11,10,-11,10
1,1,2,1
1,2,2,3
3,10,3,-20
-11,1,-2,1
-13,10,-13,12
-11,-11,-11,-11
2,1,2,1
-13,10,-13,10
10,1,11,2
-13,-13,-13,-13
0,1,2,1
1,-11,1,1
2,1,2,1
0,-11,0,-11
0,1,-2,1
-11,2,-2,1
1,0,1,0
0,-13,-2,-13
0,1,0,2
10,1,10,1
-11,0,-2,0
2,1,-2,-2
-11,0,-11,0
10,-13,-2,-13
11,1,-2,1
0,11,0,-2
12,-13,-2,-13
1,1,1,1
10,-11,-2,-2
10,-13,-2,-13
11,1,11,1
-13,-13,-13,-13
1,1,2,1
1,11,-11,-2
0,1,0,1
11,11,-2,11
0,1,0,-20
-11,1,-11,1
-13,11,0,11
10,11,-2,-20
0,-13,0,-13
-11,1,-11,-11
-11,2,-11,2
-13,0,-13,-20
-11,1,-11,1
-11,1,-11,1
-13,2,-13,3
-13,2,-13,-2
-11,1,-11,1
-11,1,-11,1
-11,0,-11,0
1,-11,-13,-2
-11,1,-11,1
0,11,0,11
1,-13,1,-13
-13,11,-13,-2
2,-11,2,-11
-13,11,-13,12
-11,2,-11,1
1,-13,1,-13
-13,0,-13,0
10,-11,-2,-2
11,1,12,1
-11,-13,-11,-13
4,-11,4,-11
1,2,1,3
11,0,11,0
-13,-13,-13,0
2,-11,-20,-11
2,11,2,-2
0,1,0,-2
1,2,-2,2
-13,0,-13,0
0,-11,0,-11
1,1,-2,-2
-13,1,-13,1
-11,0,-11,0
-11,0,-11,-20
11,-13,11,-13
10,1,-20,1
1,10,1,-20
-11,10,-11,-2
1,10,1,10
11,2,11,2
-11,1,-11,0
-11,-13,-11,-13
11,2,12,2
-13,-13,-13,-13
-13,10,-13,-20
-13,2,-13,2
1,-11,2,-2
-11,-11,1,-11
1,-11,1,-11
-13,-11,-13,-11
-13,11,-13,-11
0,2,0,2
-13,1,-13,1
3,10,3,-2
-13,10,-13,-2
-11,-11,1,-11
0,-11,0,-11
-13,1,-13,1
-11,-13,-11,-13
10,-11,-20,-11
1,0,1,0
1,1,1,1
1,2,1,2
1,10,1,10
-11,1,-11,1
-11,-13,-11,-13
-11,10,-11,10
1,0,1,0
10,2,-2,-2
1,2,1,-11
-13,1,-13,1
1,-11,1,1
2,-11,2,-11
2,1,2,1
1,1,2,1
-11,-13,-11,-13
-11,1,-2,1
-13,-13,-13,0
1,2,1,3
10,0,10,-11
-11,1,1,-2
2,1,2,2
0,0,0,0
0,1,0,1
1,0,-2,0
1,1,1,1
1,10,1,11
1,-11,1,-11
3,-13,1,-13
-13,-13,-13,-2
1,2,-11,2
10,0,-11,-2
11,1,-2,-2
-11,-11,-11,-11
10,-13,-2,-13
-11,0,-11,0
1,1,1,1
2,1,1,3
0,-11,0,-2
0,1,0,1
-11,0,-11,0
0,1,0,1
2,1,2,1
0,2,-2,-2
10,1,-2,1
-13,-11,-13,-11
1,2,1,2
-11,1,-11,-2
-13,1,-13,1
-11,-11,-2,-11
2,-13,2,-13
2,-13,2,-13
10,11,-2,10
10,1,10,1
1,2,2,2
1,-13,1,-13
1,0,1,0
-13,-11,-13,-11
-11,-13,-11,0
1,1,1,1
1,-13,1,-13
2,-13,2,-13
0,1,0,1
-13,-11,-13,-2
11,1,-2,-11
1,-13,1,-13
-11,1,-2,1
11,1,11,1
1,1,2,1
1,10,3,11
1,-13,1,-13
-11,0,0,0
-13,-13,-13,-13
3,1,3,1
1,2,1,2
1,11,2,-2
-11,0,-11,0
2,1,2,1
10,10,-1,1
0,1,0,2
-13,-13,-13,0
1,1,1,1
-11,1,-11,1
-11,-13,-2,-13
1,10,1,-11
10,-11,-2,-11
10,11,-13,-11
-13,10,-13,10
-11,1,-11,1
-13,1,-13,-2
10,0,-20,0
10,0,-20,0
-13,-13,-2,-13
0,-13,-20,-13
11,-13,11,-13
-11,10,-11,10
-11,1,-11,1
1,1,-11,2
10,-13,-20,-13
0,-11,0,-11
2,-11,-2,-11
-13,-13,-13,-13
1,-11,2,-11
0,-13,0,-2
-11,10,-11,10
2,-11,2,-11
2,1,3,1
2,11,2,-2
-11,1,-2,-11
1,0,1,0
-11,2,-11,2
-13,-13,-13,-13
-13,1,-13,2
1,1,1,1
1,2,-2,2
-13,-13,-13,-13
10,1,10,1
-13,1,-13,-2
-11,0,-11,0
0,-13,0,-13
-11,10,-11,-2
10,2,10,-11
-13,10,-13,10
2,10,3,10
1,1,2,1
10,0,-2,4
1,11,-2,-2
1,10,1,10
10,1,-2,-2
1,1,2,1
10,-11,10,-11
11,0,11,0
10,1,10,1
2,2,2,2
-11,10,-2,10
1,0,-2,0
1,1,1,1
1,1,1,1
-13,-13,-13,-13
10,1,10,0
-13,1,-13,-2
10,-11,-20,-11
2,1,3,1
1,1,1,-2
1,11,-2,-11
1,-13,1,-13
-11,-11,-11,-2
-11,2,-11,2
1,1,1,1
2,-11,3,-11
-11,0,-11,1
2,2,-11,1
-11,1,-11,1
-13,2,-13,2
0,10,0,-20
1,1,1,1
1,1,1,1
11,-11,11,-11
1,-11,1,-11
11,2,-2,-11
-11,-13,-11,-13
1,1,2,1
0,11,0,-2
1,3,-2,2
2,-13,2,-13
1,1,1,1
2,-11,3,-11
1,-13,1,0
-11,-11,-11,-11
1,-13,-11,-13
-13,1,-13,1
1,1,-11,2
0,-11,0,-11
1,-11,1,-11
-13,11,-13,-2
1,11,-2,10
0,2,1,-20
-13,10,-13,10
2,11,1,-2
11,1,12,-20
-11,-11,-11,-11
11,10,-2,10
1,-13,1,0
10,-11,10,-11
1,-11,1,-2
2,-11,2,-11
2,2,-2,2
0,-13,-20,-13
-11,-13,-2,0
1,-11,1,-11
0,0,2,1
-13,-11,-13,-11
2,-11,2,-11
10,-13,-20,-13
2,0,2,0
1,0,-20,0
1,1,1,1
1,0,-2,-2
10,0,10,0
1,1,1,1
2,-13,2,0
2,-13,2,-2
-13,-13,-13,-13
0,2,0,2
1,11,2,-2
0,1,0,-2
-11,-13,-11,-13
-13,2,-13,-2
-13,-13,-13,-2
-13,1,-13,1
-11,1,-11,1
-11,2,-11,1
-13,2,-13,1
2,-13,2,-13
0,-13,0,-13
10,-13,-20,-13
10,0,10,0
2,1,2,1
1,-13,1,-13
1,0,1,0
10,1,-2,1
11,-11,-20,-11
0,10,0,-2
1,1,1,1
-13,1,-13,1
2,-11,2,-11
2,0,2,0
0,-13,-2,-13
11,-13,-2,-2
-13,1,-13,1
0,1,0,-2
0,1,0,1
-13,1,-13,1
1,0,-2,0
10,-11,10,-11
1,-11,1,-11
-11,1,-11,2
0,2,1,2
2,1,2,1
-13,-11,-13,-11
-11,-11,-11,-11
-11,1,-11,1
0,-13,0,-13
1,10,1,10
1,0,2,0
0,10,0,-20
2,10,2,13
1,-13,1,-2
-13,11,-13,11
2,-13,1,-13
1,2,2,2
10,-13,10,-13
11,-13,11,-13
2,10,2,-2
2,1,2,1
-11,-11,1,-11
1,-11,1,-11
10,0,10,-2
-13,1,-13,1
1,11,-2,-11
10,1,-11,1
1,-13,-11,-13
-13,10,-13,-2
-11,10,2,-2
10,-11,10,-11
-11,0,-11,0
2,11,-11,-2
-13,-13,-13,-13
1,-13,-2,-13
-13,11,-2,-2
1,-11,2,-11
1,-13,1,-13
-13,1,-13,1
-13,0,-13,-2
1,1,-2,1
2,10,2,10
-13,1,-13,1
1,-11,1,-2
-11,-13,-11,-13
1,1,1,1
2,-13,2,-13
0,-11,0,-11
1,0,-20,0
-13,1,-13,1
-11,2,-11,2
-13,1,-13,1
-13,-11,-13,-11
1,-13,1,-13
11,1,-2,1
-11,-13,1,-13
2,0,2,0
0,-11,0,0
3,10,2,11
1,1,-2,1
1,2,3,2
1,-11,0,-11
-13,10,-13,-13
-13,0,-13,0
-13,-11,-13,-2
-13,-13,-13,-13
-13,3,-13,3
2,1,2,1
-11,10,-11,10
-13,-11,-13,-11
-13,1,-13,-2
-11,0,-2,0
1,1,1,2
0,1,0,1
-13,1,-13,1
10,1,-13,1
-11,-11,-11,-11
-11,-13,-11,-13
0,1,3,1
0,-13,0,-13
-13,1,-13,1
10,-13,10,-13
0,1,-2,1
-13,2,-2,2
0,-11,0,-11
-13,2,-13,2
-11,11,-11,-2
10,-11,-2,-11
1,1,1,-2
10,1,-11,2
-11,-11,-11,-11
10,1,10,1
1,10,1,10
10,-13,-2,0
10,10,10,-2
-13,11,-13,11
0,-11,1,-11
1,0,1,0
-13,-13,-13,-2
0,-13,0,-13
-13,-11,-13,-11
3,2,3,2
1,1,1,1
2,2,2,3
1,2,1,2
-11,0,-11,0
1,-11,1,-11
-11,11,-11,11
2,1,2,1
10,2,-2,-2
0,10,-20,-2
-11,1,-11,1
-11,2,-11,2
3,-13,-20,-13
-13,1,-13,1
-13,-11,-13,-11
10,11,-2,11
10,0,10,0
-11,1,-11,1
1,0,1,0
1,2,1,-2
11,1,2,1
1,1,0,1
-11,1,-11,-11
11,-13,-20,-13
-13,10,-13,-2
-13,1,-13,4
2,0,-2,-2
2,-13,2,-13
2,2,2,-11
1,2,1,2
0,1,-2,1
-11,10,-11,10
-11,2,-2,2
2,-11,-2,-11
11,-13,11,0
0,2,0,2
-13,11,-13,11
0,1,-2,1
-13,-11,-13,-11
-13,-11,-13,-11
0,-13,0,-13
10,1,10,1
10,-11,-11,-11
-11,1,-11,1
-13,-13,-13,-13
0,10,0,10
1,10,-2,-20
1,1,1,1
1,10,1,10
1,1,-20,2
-13,-11,-13,-11
-11,-11,-11,-11
10,10,10,10
2,-13,-2,-13
10,2,-2,2
-11,1,-11,1
11,2,11,2
-11,10,-2,10
1,-11,1,-11
1,2,1,-11
-13,1,-2,1
1,2,-13,2
1,-11,1,-11
-13,0,-13,0
-11,-13,-11,-13
-1,11,-2,-2
-11,-11,-11,-11
1,-11,1,-11
0,1,0,1
1,-11,1,-11
10,11,10,11
-13,-13,-13,-13
0,10,0,11
10,1,10,2
1,-11,1,-11
0,1,0,1
-11,1,-11,1
-13,10,-13,-20
-11,1,-11,1
1,-11,1,-11
0,-11,-2,-11
-13,-13,-13,-13
0,-11,-20,1
1,-11,1,-11
10,0,-20,0
0,10,0,10
1,10,3,-2
-13,-11,0,-11
2,-11,-20,-11
10,0,10,0
2,-13,-2,-2
10,0,-2,0
1,-11,1,-11
2,2,2,1
0,-13,0,-13
0,-13,0,-13
-13,11,-13,11
-11,1,-11,1
-11,-11,-11,-11
-13,1,-13,1
-11,-13,-11,-13
-13,-11,-13,-11
-11,2,-11,2
2,-13,1,-13
-13,10,-2,10
2,1,2,1
10,10,-20,10
2,0,1,-2
-1,10,11,10
-13,2,-13,2
1,-13,1,-2
-11,-13,-11,-13
-13,1,-13,1
1,1,0,1
1,1,2,-11
1,1,1,1
0,-13,0,-13
1,1,1,1
-11,1,-11,1
1,-11,1,-11
10,2,-2,3
-13,-11,-13,-11
1,11,1,-2
1,0,1,0
-11,0,-11,0
10,-11,10,-11
1,1,1,1
2,-11,2,-11
11,1,11,1
-13,-13,-13,-13
0,1,0,1
1,-11,-2,-2
1,1,1,1
10,1,-20,-11
-13,1,0,2
0,1,0,1
1,0,-2,-2
-11,1,-11,1
2,1,2,1
1,1,-11,1
-11,-11,-11,-11
1,1,1,1
-11,-13,-2,-2
-13,-11,-13,-11
10,1,10,2
10,-13,10,-13
2,1,1,1
1,0,1,0
-13,-13,-13,-13
-11,0,-11,0
0,10,0,10
3,-11,3,-11
11,-13,-2,-2
3,-11,3,-11
-11,1,-11,1
1,-13,1,-13
-13,10,-13,10
-13,10,-13,11
1,-13,1,-13
1,1,1,1
1,-11,1,-11
1,10,1,-2
0,-13,-20,-13
0,-13,0,-13
-11,-11,-11,-2
-11,2,-11,2
1,1,1,1
2,-13,-11,-13
0,-11,0,-2
1,1,2,1
1,0,1,0
1,1,1,1
0,10,-2,10
-11,11,-11,-2
1,-13,1,-13
10,-13,-2,-13
-11,0,-11,0
11,-13,-11,-13
0,1,0,2
2,1,2,2
0,-13,0,-13
11,-11,11,-11
0,1,0,1
0,0,-11,0
0,-13,0,-13
1,-13,1,-13
-11,11,-2,-20
-11,2,-11,2
2,-13,2,-13
0,3,0,3
-11,1,-11,1
-13,1,-13,1
1,0,1,-20
-13,2,-13,2
0,0,-2,0
-13,-13,-13,-13
-11,1,-11,-20
1,0,1,0
-13,-11,-13,-11
-11,2,-11,-11
2,-11,2,-11
-13,1,-2,-2
-13,-13,-13,-13
-11,-13,-11,-13
10,11,11,-2
1,-11,1,0
1,0,-20,0
10,1,-2,-13
-11,0,-2,0
-13,11,-13,-1
1,-11,-2,-2
10,0,10,0
10,0,10,0
-11,-13,-2,-13
-11,-13,-11,-13
-13,1,-13,1
10,1,10,1
11,0,-20,0
10,1,-2,1
0,1,0,1
-13,-13,-13,0
-11,11,-11,11
-11,11,-11,11
10,1,10,1
1,10,1,10
1,-13,1,-13
11,1,11,2
-13,10,-13,10
-11,1,-11,1
1,1,-2,2
0,2,0,2
1,-13,1,0
2,1,2,1
1,0,1,0
-11,1,-11,1
1,10,1,-2
0,-13,0,-13
1,1,1,2
0,1,0,1
1,0,1,0
-11,-13,-11,-13
1,2,1,-20
10,-11,-11,-11
2,0,2,-13
0,-13,0,-13
0,2,0,-2
11,0,-2,-20
1,-11,1,-11
-13,1,-13,1
0,-13,0,-13
2,1,2,3
11,-13,-20,-13
1,2,1,2
-11,1,-11,1
2,10,2,-2
-11,-11,1,-11
11,-13,11,-13
-13,3,-13,-20
-11,1,-11,1
-13,10,-13,10
1,-11,1,-11
-13,-11,-13,-11
10,10,-2,11
10,11,10,-20
-11,1,-11,1
1,-13,-20,-13
2,1,2,-2
2,1,2,2
2,10,2,-20
10,10,-2,10
2,11,1,11
1,1,-2,1
-13,0,-13,0
1,0,1,0
1,1,-20,-2
-13,-11,-13,2
1,1,1,1
1,1,-2,1
10,-13,-11,-13
0,0,0,0
-11,10,-11,10
1,0,1,0
2,1,-2,1
-13,-13,-13,-13
10,10,-2,11
10,11,10,11
1,2,1,2
10,1,-20,1
11,1,-20,1
2,-13,2,-13
1,-11,-20,-11
0,1,-13,0
-11,1,-11,1
1,-11,1,-11
10,12,10,-11
1,1,1,1
11,2,-2,2
1,1,1,1
2,-11,2,-11
0,-13,0,-13
2,10,3,-2
0,-13,0,-13
2,-13,-2,-13
1,-13,2,-13
-13,10,-13,-13
1,2,-11,2
11,-13,-1,-13
1,1,1,1
-11,-11,-11,-2
-13,11,-13,11
0,-11,0,-2
-11,0,-11,2
10,-11,-11,-11
0,1,0,1
11,1,-2,-20
0,-11,-20,-11
1,10,1,-2
-11,1,-11,1
1,1,1,1
-13,-11,-13,-11
0,-11,0,-11
1,-11,2,-2
-11,11,-11,11
2,-13,-2,-13
1,0,1,0
1,-13,2,-13
0,1,0,2
-13,-13,-13,0
1,-13,1,-13
0,0,0,0
-11,10,-11,-11
2,-11,-2,-11
1,1,-11,1
-13,0,-13,0
1,0,1,-2
-13,1,-13,-2
11,1,12,1
10,-13,-2,-13
-13,-13,-13,-13
-11,0,-11,0
10,2,10,-2
0,2,0,2
2,10,2,10
10,1,-20,1
1,10,2,10
0,1,0,1
-13,10,-13,-2
1,10,1,13
11,10,-1,10
1,1,1,2
-11,2,-11,-20
10,0,-2,-20
10,2,-1,2
0,10,0,-20
-13,-13,-13,-13
11,0,-11,0
-11,0,-11,0
1,10,1,10
-11,10,-11,10
10,1,-20,1
-13,10,-13,-20
-13,-13,-2,-13
10,4,10,4
10,3,10,3
11,1,-2,1
-13,10,-13,10
-11,2,-11,2
10,-13,-2,0
-13,-13,-2,-13
-13,-13,-13,-13
11,11,-20,-2
-13,-11,-13,-11
10,1,-11,1
-13,-13,-13,-13
1,0,2,0
2,-13,2,-2
11,-13,11,-13
-11,10,-11,13
1,0,1,0
11,1,10,-2
2,0,2,0
0,-11,0,-11
11,-13,-2,-13
2,10,2,10
1,-11,1,-11
0,-11,0,-11
-11,11,-2,-2
1,2,1,12
1,1,1,2
1,2,1,2
-13,1,-13,1
-13,-11,-13,-11
12,1,12,1
10,-11,10,-2
12,2,12,2
2,1,2,1
10,1,10,1
1,0,1,0
-11,10,-11,-11
-13,1,0,1
-13,10,-13,-2
-11,-13,-11,-13
0,10,0,10
-13,10,-13,11
0,-11,0,-11
1,-11,1,-11
-13,-13,-13,-13
-11,11,-11,11
-11,-11,1,-11
1,1,1,1
2,-11,2,-11
2,1,2,1
10,0,-2,-20
10,2,10,3
2,-11,3,-11
0,-13,0,-13
-13,-11,-13,-11
1,10,-11,-2
11,2,11,2
0,-11,0,-11
2,-13,-2,0
0,-11,0,-11
0,2,0,13
-11,-13,-11,-13
2,11,2,-20
1,-13,1,-13
-13,1,-13,1
0,1,0,-1
0,0,0,0
-13,0,-13,0
10,0,10,0
1,0,1,0
11,-13,11,-2
1,-13,1,-13
10,1,10,1
2,10,2,11
1,1,2,1
10,3,-2,3
1,1,-11,-2
-11,1,-11,1
1,-13,1,-13
0,0,0,0
-11,-13,-11,-13
1,-13,2,-13
0,1,0,1
0,-13,-2,-13
-11,2,-11,2
-11,2,-11,2
-11,0,-11,0
-11,10,-11,10
10,0,10,0
-11,10,-11,11
0,-13,0,0
2,2,2,3
1,-13,1,0
1,-11,1,-2
-13,-13,-13,-13
11,-11,11,-11
-13,1,-13,1
-13,0,-13,0
1,-13,1,-13
1,2,2,2
1,1,-2,1
2,0,-11,0
10,1,10,-11
2,2,2,2
2,1,-20,1
-13,-13,-13,-13
-13,-13,-2,-2
-13,-11,-13,-11
10,3,-20,2
-13,-13,-13,-13
10,-13,10,-13
-13,-11,0,-11
11,-13,-20,-13
10,-13,11,-13
-13,11,0,-20
10,0,10,0
1,-13,1,-13
-13,-13,-13,-13
1,11,1,11
-11,1,-11,1
-13,-13,-13,-13
2,1,-13,1
0,2,1,2
0,1,0,-20
-11,2,-11,-11
1,-13,1,-13
-11,-11,-11,-11
-13,1,-13,1
1,0,1,0
-13,1,-13,-2
-11,-11,-11,-11
-13,-11,-13,-11
-11,1,-11,1
0,1,0,1
2,-13,-20,0
2,1,1,1
2,-13,2,-13
-13,-11,-13,-11
2,0,-2,0
1,0,1,0
-11,10,-2,10
0,0,0,0
11,0,11,-20
1,2,0,2
1,0,1,0
1,-13,1,-13
-11,2,0,2
-13,-13,-13,-13
-13,-11,-13,-11
10,0,-2,0
2,2,2,-11
-13,-13,-13,-13
-11,0,-11,0
0,-11,0,-2
1,1,1,-2
1,-13,1,-13
-11,10,-2,10
1,-11,-2,-2
-13,1,-13,1
2,3,2,-2
1,2,1,2
1,1,1,-2
-11,0,-11,-20
1,-13,1,-13
1,3,1,2
1,-13,1,-13
-13,1,-13,-2
1,11,3,-11
1,10,-11,-2
1,1,-20,-13
1,10,1,-2
1,-13,1,-13
-13,10,-13,10
10,0,10,0
-11,-13,-11,-13
2,1,2,-2
-13,11,-13,11
11,1,11,1
1,-11,1,0
1,1,-20,-2
1,-13,1,-13
-13,12,-13,12
11,1,11,1
10,1,11,1
1,0,1,0
-13,1,-13,1
2,1,2,2
-13,1,-13,1
1,2,-20,2
-11,1,-11,-2
-13,-13,-13,-13
-13,1,0,1
0,-11,0,-2
-13,-13,-13,-13
-13,0,-13,0
10,-13,10,-13
-13,1,0,1
11,1,-2,1
1,2,-2,2
-11,10,-11,10
-13,-13,-13,-13
1,2,1,1
2,10,2,10
-13,10,-13,10
-11,12,-2,12
-13,11,-13,12
-11,1,-11,1
1,0,1,0
-13,-13,-13,-13
11,-11,-2,-11
-13,2,-13,-11
-13,-11,-13,-11
2,1,2,1
2,0,2,0
0,2,0,2
1,-11,2,-11
1,1,0,0
0,1,0,0
-13,3,-13,1
1,-13,1,-13
11,-11,-2,-11
1,1,1,1
1,-11,2,-11
-11,11,-2,-11
-11,1,-2,-11
0,-13,0,-13
2,0,2,0
-13,-11,-13,-2
-11,1,-11,-13
10,2,10,2
-13,2,-13,2
-11,1,-11,1
-11,0,-11,0
0,-13,0,-13
-11,-13,-11,-13
0,-13,0,-13
10,-11,-2,0
1,1,1,1
1,-11,1,-11
-13,1,-13,1
-11,1,-11,1
11,1,-2,1
1,1,1,1
0,0,0,0
11,10,-20,11
1,0,1,-2
1,0,-2,0
2,0,3,0
-13,-13,-13,-13
1,1,1,2
1,2,2,-2
-13,1,-13,2
-13,-13,-13,-13
-11,-13,-11,-13
-13,-13,-13,-13
0,-13,0,-2
1,1,2,3
3,2,3,2
0,1,0,1
-11,-13,-11,-13
1,10,-2,-2
0,0,0,0
3,1,2,1
-11,10,-11,10
-11,-13,-11,-13
1,10,1,-2
10,1,-20,0
1,-11,1,-11
1,-11,1,-11
1,1,1,2
10,1,-2,1
-13,2,-13,2
1,-13,1,-13
1,11,-2,-20
11,0,11,0
-11,-11,-11,-11
-13,1,-13,1
-11,1,-11,2
1,-11,1,-11
-13,10,-13,10
-13,0,-13,-2
1,-11,1,-11
1,10,1,10
0,2,0,3
1,-13,1,-13
-13,-11,-13,-11
-13,1,-2,1
-11,-13,-11,-13
11,-13,11,-13
0,1,0,1
1,10,1,-2
-11,2,-11,2
-11,-13,-11,-13
-11,1,-11,-11
10,0,10,0
10,-11,-2,-11
0,-13,0,-13
1,10,1,-2
0,1,0,1
2,1,2,1
-13,1,-13,1
-11,-11,1,-2
1,-11,1,-11
-11,1,-11,1
-13,2,-13,2
2,1,2,1
0,10,0,-2
-13,-11,-13,-11
1,-11,1,-11
1,11,1,-11
-13,0,-13,0
-13,-13,-13,-2
-13,-11,-13,-11
1,0,1,0
1,0,2,0
-13,1,-13,1
-11,0,-11,-2
11,-13,-2,-13
1,2,1,-20
1,-11,-20,-11
-11,1,-2,1
-11,-11,-11,-11
-13,1,-2,-2
2,0,2,0
-13,1,-13,-11
0,1,-20,-2
3,1,3,1
-11,11,-11,-2
-11,1,-11,1
2,-11,1,-11
-13,3,-13,2
0,1,0,2
2,-13,2,-13
-11,1,-11,2
0,2,0,2
1,1,1,1
1,1,-2,-13
1,-13,1,-13
1,2,1,3
2,1,2,-20
10,-11,-2,-11
1,-13,1,-13
10,1,-2,1
-11,1,0,1
-11,-11,-11,-11
1,1,-20,1
11,0,11,-20
2,1,2,2
-13,-11,-13,-11
-11,2,-2,2
10,-11,10,-11
1,-11,1,-11
1,-11,1,-11
2,10,2,-2
-11,11,-2,-20
11,-11,-2,-11
-11,10,-11,10
1,0,1,-20
-11,12,-11,12
-11,1,-11,-2
1,-11,2,-11
0,10,-20,11
2,-13,2,-13
2,-11,1,-11
2,1,2,-11
10,-11,-20,-11
-13,-13,-13,-13
10,-11,-2,-2
10,-13,-2,-13
-13,10,-13,10
-13,1,-13,-2
-13,0,-13,0
0,2,0,2
0,1,0,1
1,11,2,11
-11,-11,-11,-11
12,-11,-2,-2
1,1,1,1
1,3,1,3
2,-11,1,-11
-13,1,-2,-2
10,-11,10,-11
10,-13,-13,-13
0,1,0,1
-11,-13,-11,-13
1,-13,2,-13
2,1,2,-13
1,-13,-2,-13
-11,1,-2,1
2,-11,3,-11
-13,10,-13,10
-11,-11,-11,-2
-13,-11,-2,-2
10,1,10,1
-13,1,-13,1
10,0,-2,0
0,-13,0,-13
1,3,1,3
-11,-11,-2,-11
0,-13,-2,-13
-11,10,-11,10
1,-11,1,-11
10,1,10,1
-13,1,-13,1
1,0,1,0
10,-11,10,-11
10,-13,10,-2
1,1,1,1
-11,1,-11,1
10,1,10,1
-11,-13,-11,-13
-13,2,-13,2
11,1,-2,2
1,1,1,1
2,2,2,-2
2,2,2,-2
2,11,1,11
1,1,1,-2
10,0,0,0
-13,10,-13,10
2,-11,3,-11
-13,1,-13,1
-11,-13,-11,-13
1,-13,1,-13
-13,2,-13,2
10,1,10,-20
-11,1,-2,1
-13,-13,-13,-13
-13,0,-13,-13
-13,-13,-13,-13
-11,1,-11,1
-11,11,-1,-2
11,-13,11,-13
-11,0,-2,0
2,-11,1,-11
-11,10,-11,-20
-11,3,-11,1
-11,-13,-11,-13
-11,-11,-11,-11
-11,-13,-11,-13
2,-13,-2,-13
2,-13,2,-13
1,-11,1,-2
2,-13,-2,-13
-13,1,0,1
2,-11,2,-11
0,1,0,1
-11,-11,-11,-11
1,1,-2,-2
-11,1,-11,1
2,10,2,10
10,10,-2,-20
1,-13,1,-13
3,-11,3,-2
-13,2,-13,-20
1,0,1,0
0,0,0,0
1,-13,-20,-13
1,1,1,1
2,2,2,2
1,-11,-2,-11
-13,1,-13,-11
2,0,2,0
2,0,-11,0
1,0,1,1
1,1,11,1
1,1,1,1
-11,1,-11,1
1,-11,1,-11
1,11,-11,11
10,-13,10,-13
2,10,-20,10
1,-13,1,-13
-11,11,-2,-11
1,1,1,-2
1,-11,1,-11
1,10,1,10
-11,-11,-2,-2
2,11,2,11
-13,-11,-13,-11
0,-13,0,0
1,0,1,0
0,-11,0,-11
1,-13,1,-13
-13,0,-13,0
1,0,2,0
0,-13,0,-13
0,1,0,1
1,-13,1,-13
0,-13,0,-13
-11,2,-11,1
0,10,0,11
0,1,1,1
11,10,11,-20
-11,10,-11,3
2,-13,2,-13
-13,1,-13,1
10,-11,-13,-2
1,1,1,1
-11,1,-11,2
1,0,1,-2
11,-13,11,-13
1,-11,1,-11
0,-11,0,-11
1,1,-2,-2
1,0,1,0
0,12,1,12
2,-11,2,-11
11,1,-11,2
-11,0,-11,0
1,-13,1,0
0,1,-2,1
1,1,1,-2
-13,0,-13,0
10,1,10,1
0,-11,0,-11
-13,-11,-13,-11
2,0,2,-11
1,-11,1,-11
1,0,1,1
3,2,3,3
10,12,11,-2
1,1,1,1
0,10,-20,10
-11,-13,-11,-13
1,-11,-2,-2
10,-11,-2,-2
1,0,1,0
1,10,-2,-20
-13,2,-13,2
3,-13,2,-13
-11,1,-2,1
1,0,1,-2
-13,1,-13,-2
0,1,0,1
-11,2,-11,-11
10,0,10,-2
10,0,10,0
1,2,1,2
10,-13,-20,-2
-11,11,-11,12
1,2,1,2
-13,10,-13,-2
1,0,0,-20
0,10,2,-2
1,1,1,1
10,10,-20,-2
1,-13,1,-13
-11,0,-11,0
-13,-13,-13,-13
0,11,-2,-20
10,1,-11,1
10,0,10,0
-13,10,-13,-2
1,11,1,11
10,2,13,2
2,-13,2,-13
-13,-13,-13,-13
-13,0,-13,0
3,-11,2,-11
-13,1,-13,1
-11,1,-11,1
1,-13,-2,-13
11,-13,12,-13
1,2,2,2
1,-13,1,-13
1,1,1,-20
-11,-11,-11,-11
-11,-11,-11,-11
-11,0,-11,0
10,2,10,-11
-13,0,-13,0
0,-13,0,-13
1,2,1,2
11,-13,-2,-13
1,10,1,11
1,-13,1,-13
10,-11,-2,-11
1,10,2,10
1,10,-2,10
2,1,2,-20
0,-13,0,-13
0,1,0,1
-11,1,-11,1
-11,-13,-11,-13
-11,1,-11,1
10,1,10,1
-13,0,-13,0
2,1,2,1
-13,1,0,1
0,-11,-20,-11
-11,1,-11,1
1,11,1,11
-13,10,-13,-2
10,10,10,-2
1,1,1,1
1,-11,1,-11
1,10,1,-2
10,10,10,10
-13,-13,-13,-13
-13,11,-13,11
0,-11,0,-11
-13,2,-13,2
-11,-11,-11,-11
2,0,2,0
1,0,-2,0
-11,2,-11,3
-13,1,-13,-11
10,1,-20,1
-11,-11,-11,-11
2,10,2,10
1,2,-2,-11
0,10,-2,-2
1,-13,5,-13
1,0,1,-2
1,1,1,1
-13,1,-13,1
1,-13,1,-13
-11,10,-11,10
0,-13,-20,-13
-13,1,-13,1
-11,-11,-11,-11
-13,1,-13,2
1,0,-20,10
1,2,-13,3
1,1,1,-2
-11,0,-11,0
2,0,2,0
-11,-11,-11,-11
0,0,0,-11
-11,-13,-11,-2
0,3,0,-2
1,-13,1,-13
-13,-13,-13,-13
2,-11,-11,-11
2,10,2,13
2,2,2,3
0,-11,0,-11
-13,1,-13,1
1,-13,1,-13
1,11,1,-20
0,2,0,2
0,1,0,1
1,-11,2,-11
1,2,1,2
-13,1,-13,1
1,12,1,12
0,12,0,-2
1,-13,1,-13
0,-13,-2,-13
10,2,10,2
-11,10,-11,10
-13,1,-13,1
0,1,0,1
-13,0,-13,0
1,-13,1,-13
-11,10,-11,-2
-13,10,0,11
-13,-13,-2,-13
11,11,-2,-20
-11,10,-11,10
0,1,0,1
3,1,-2,1
10,-13,10,-13
10,-13,-2,-2
2,-11,-20,-11
-13,10,-13,10
-11,1,-11,1
0,2,0,-2
1,2,1,2
2,-13,2,-13
0,1,0,-20
1,1,-1,1
-13,1,-13,1
10,0,10,0
0,2,0,2
10,2,10,2
0,1,0,1
10,0,10,0
-13,1,0,1
-13,10,-13,-2
0,10,0,10
1,10,1,-20
-13,1,-13,1
10,11,-11,11
1,-13,1,-13
1,1,-11,1
2,1,2,1
0,11,-20,11
0,0,0,0
0,-13,0,-13
1,2,-2,-2
2,-13,2,-13
1,10,-2,-1
2,10,1,-20
-13,2,-13,2
10,0,-20,0
11,-11,11,-11
10,10,-2,-2
1,2,2,2
1,1,-20,2
1,-11,1,-11
10,12,10,-20
1,11,1,-11
1,-13,1,-13
10,11,10,11
1,0,1,0
-11,1,-11,1
1,-11,-11,-11
0,-13,0,0
10,1,-11,1
1,0,-11,0
0,0,0,-2
10,1,10,-2
-11,1,-11,1
2,0,2,0
2,0,2,0
0,-11,0,-11
0,10,0,-11
-11,-13,-11,-13
-11,2,-2,3
-13,-13,-13,-13
-13,1,0,1
-13,-13,0,0
1,1,-2,1
1,1,1,2
2,-11,2,-11
0,1,0,2
-11,-11,-11,-11
2,3,2,-2
0,0,0,0
10,-11,-20,-2
0,0,0,0
-13,1,0,1
-11,1,-11,1
1,0,2,0
1,1,-20,1
1,-13,1,-13
1,10,1,10
1,2,1,3
1,-11,0,-2
10,0,-20,0
10,1,10,1
1,-11,1,-11
-13,1,-13,1
10,10,11,10
11,11,11,13
2,-11,2,-11
1,-11,1,-11
0,11,0,11
-11,-11,-11,-11
-13,1,0,1
-13,1,-13,1
1,0,1,0
-11,0,-11,0
0,-11,-2,-11
1,1,-20,1
-13,-11,-13,-11
1,1,-1,1
10,0,-20,0
1,1,1,1
1,1,1,1
-11,0,-11,-20
10,-11,-11,-11
0,2,0,2
1,-11,1,-11
10,1,-2,-20
1,10,-2,10
11,2,-11,2
-13,2,-2,-2
1,2,1,-13
1,-13,1,-13
-13,0,-13,0
-13,2,-13,3
-11,1,-11,1
-11,-13,-11,-13
-13,0,-13,0
-13,-13,-2,-2
-11,1,-11,1
1,1,1,-20
2,-13,-2,-2
-13,11,-13,-11
-13,1,-13,-2
0,-11,0,-11
1,-13,-11,-13
1,-13,1,-13
1,11,1,11
10,-13,-2,-13
-11,1,-11,1
-11,10,-2,-11
0,-13,-20,-13
-11,-13,-2,-13
0,-11,-2,-11
-13,1,-2,1
1,1,1,1
-13,-11,-13,-11
1,0,-2,-11
11,-11,12,-11
-11,-13,-11,-13
2,-13,2,-13
1,1,1,1
11,-13,2,-13
0,2,0,-11
-11,10,-11,-20
-11,-13,-2,-13
1,0,-2,0
-13,0,-13,-2
-13,1,-13,-2
0,2,-2,2
1,10,1,10
0,-11,0,-2
-11,-11,-11,-11
1,1,1,1
1,0,1,0
11,0,11,0
1,-11,2,-11
2,-11,2,-11
1,-11,1,-11
0,11,0,11
1,1,1,1
1,10,1,-2
2,-11,2,-11
1,10,1,10
-13,-13,-2,-2
2,-13,2,0
-11,2,-11,2
0,-11,0,-11
11,-11,11,-11
1,-11,0,-11
-13,0,0,-20
0,0,0,0
10,2,11,2
10,1,10,1
1,-11,1,2
-13,-11,0,0
1,0,1,0
1,10,1,-2
-13,10,-13,-2
0,1,0,1
10,1,-11,1
0,0,0,-20
-13,-11,-13,-2
10,1,-2,1
1,1,-20,1
1,1,1,1
2,1,2,1
-11,2,-11,-20
10,-13,10,-13
-13,-11,-13,1
-13,1,-13,1
-11,2,-11,2
-13,-13,-13,-2
10,-13,10,-13
-11,1,-11,1
-13,1,-13,1
-13,10,-13,-2
2,-11,-2,-2
0,-13,0,-13
-13,2,-13,2
0,-13,0,-13
-11,1,-11,1
10,-11,10,-11
2,0,3,0
0,1,0,1
1,2,1,3
10,0,-2,0
2,1,2,1
-13,12,-13,-2
-11,1,-11,1
-11,0,-11,0
0,-13,0,-13
-13,-13,-13,-2
-11,-13,-11,-13
1,1,1,1
-13,1,-13,1
-11,-13,-11,0
-11,11,-11,-13
11,2,11,2
10,0,-11,0
-11,-11,-11,-11
-13,-13,-13,-13
1,11,1,-20
11,1,12,-20
3,-11,3,-11
1,10,1,-2
-13,-13,-13,-13
-11,11,-11,11
-11,1,-11,1
11,1,-2,1
0,0,0,0
-11,-11,-2,-11
1,1,-2,1
-11,1,-11,-20
-13,1,0,1
2,2,2,2
1,-13,1,-13
-11,0,-11,0
0,-11,0,-11
-11,-13,-11,-13
1,1,1,1
1,1,-2,2
10,-11,-11,-11
0,-11,0,-2
-13,2,-13,-2
1,1,-2,-2
1,-11,1,-2
0,-13,1,-13
-13,-13,-13,-13
1,1,1,1
10,10,-2,-2
0,0,0,0
12,-11,12,-2
-11,-11,-2,-2
-11,-13,-2,-13
11,10,1,10
1,10,1,10
-13,11,-13,11
1,-13,1,-13
-13,1,-13,1
-11,1,-11,1
-11,1,-11,1
-11,2,-11,2
3,-13,3,-13
-11,-11,-11,-11
1,-11,1,-11
1,1,1,1
10,10,-2,-20
-13,0,-13,-20
2,10,2,-20
2,-11,2,-2
2,11,2,-11
1,-13,-2,-2
-13,10,-13,11
1,-11,1,-11
0,1,-20,1
0,-11,0,-11
2,1,2,1
1,12,1,-2
2,-13,1,-13
1,0,-2,-2
10,1,11,1
1,1,1,-11
1,12,2,-11
1,0,1,0
2,-13,2,-13
1,2,2,2
-11,1,-11,1
12,1,12,1
2,-13,2,-13
0,1,0,1
10,1,10,1
10,-11,10,-11
2,1,2,1
10,11,10,12
-13,1,-13,1
10,-11,10,-11
1,1,2,1
-11,1,-2,1
1,-13,1,-13
1,1,1,2
2,10,2,-2
2,0,2,0
10,0,-20,-20
1,-13,-13,-13
1,10,1,-20
1,1,-20,1
1,10,1,10
-11,1,0,-2
10,-13,10,-13
1,-11,1,-11
-13,4,-13,4
-13,10,-13,10
-11,1,-11,2
11,-11,11,-2
-11,0,-11,1
4,-11,4,-11
2,0,2,0
1,-13,1,-13
-11,-13,-11,0
1,1,1,-11
1,-11,1,-11
1,1,1,1
1,-11,1,-11
-11,-11,-2,-11
-13,-11,-13,-11
1,1,2,1
0,11,0,-11
1,2,1,3
10,1,-2,1
-13,3,0,3
1,1,-20,1
10,1,-1,1
-13,0,-13,0
-13,1,-13,1
-11,1,-11,1
1,-11,-2,-11
1,-11,1,-11
2,2,2,2
-13,1,-13,1
11,1,-2,1
-11,1,-11,1
-13,1,-13,-11
-11,1,-11,1
11,10,-20,10
-11,1,-11,2
2,-11,2,-11
11,1,11,1
1,1,1,1
0,1,0,-11
10,11,10,-11
1,1,2,-20
2,10,2,-2
1,2,1,2
-13,11,-2,11
-11,-13,-11,-13
-13,-1,-13,-1
2,0,2,0
2,1,1,11
10,-11,10,1
1,1,1,1
-13,10,-13,-20
10,-13,10,0
-13,1,-13,1
-11,-13,-11,0
-13,2,-13,-2
-11,2,-11,2
-11,1,-11,2
2,-13,2,-13
-13,-11,-13,-11
3,1,2,1
1,1,1,-2
1,1,1,1
1,10,1,10
-13,1,-13,1
10,-11,10,-11
-13,0,-13,0
2,0,2,0
-13,1,0,2
-11,-13,-11,-2
0,1,0,-2
-11,1,-11,-11
2,1,2,2
1,0,1,0
-11,2,-2,-11
10,1,10,1
-13,2,-13,1
1,0,1,0
2,0,2,0
-11,0,-11,0
1,-13,1,-13
1,-11,-20,-11
-11,-13,-11,-13
1,2,1,2
-13,0,0,0
0,1,0,1
0,-11,-20,-11
-13,1,-13,1
-13,-13,0,-13
2,-11,2,-11
0,-11,0,-11
1,1,1,1
2,1,2,1
1,-11,1,-11
2,0,3,0
-11,2,-11,-2
0,1,1,-11
2,2,1,2
0,1,0,1
1,1,2,1
10,0,-11,0
-11,1,-11,1
10,11,10,11
1,-11,1,-11
2,12,2,12
0,-13,0,-13
1,-13,1,0
10,2,-2,2
-11,1,-11,1
1,1,1,1
1,10,1,10
0,2,0,-20
1,2,1,2
-13,0,0,0
11,1,-2,-2
3,-11,3,-11
0,1,-2,1
-11,0,-2,0
-11,10,-11,10
1,-13,2,-13
1,1,1,2
1,-11,1,-11
10,-11,-2,0
1,-13,1,0
2,-13,3,-13
1,-11,1,-11
1,-11,1,-11
-11,1,-11,1
0,10,0,10
0,1,0,1
-11,1,-2,1
-11,-11,-11,-11
1,1,1,2
-11,0,-11,-20
2,0,2,0
1,-13,2,-13
0,1,0,1
1,2,1,2
10,1,-2,1
-11,0,-11,0
-11,3,-11,-11
-13,-11,-13,-2
1,-11,1,-2
1,10,-11,-2
1,-11,-2,-11
1,1,0,1
0,0,0,-20
-13,-13,-13,-13
-13,-11,-13,-11
10,0,-20,-20
-13,-11,-13,-11
1,1,1,1
0,1,0,1
1,11,2,11
-13,0,-13,-11
-11,10,-11,-20
1,-13,1,-13
-11,-11,-11,-11
0,1,1,2
10,1,10,1
10,0,10,0
-13,0,-13,-2
1,1,1,2
1,-11,-2,-2
1,11,-2,-20
0,0,0,0
2,2,2,2
1,-11,2,-11
10,1,10,1
2,-13,2,-13
-11,10,-11,10
1,-13,1,-13
1,1,1,1
-11,1,1,1
0,1,0,1
-13,2,0,1
-11,-13,-2,-13
2,-13,2,-13
-13,1,-13,1
1,-11,1,-11
-13,-13,1,-13
10,10,-20,11
-13,-13,-13,-13
10,1,10,1
0,0,0,0
-11,1,-11,1
1,2,1,2
10,-11,-2,-11
-13,-13,-13,-13
1,1,1,2
1,-11,1,-11
-11,-13,-11,-13
1,0,-20,0
1,1,1,1
0,-13,0,-13
-13,-13,-13,-2
-13,10,-13,-2
10,2,-20,2
-11,-11,-11,-11
1,1,1,1
1,0,1,0
1,2,1,1
-13,3,-13,3
1,-11,13,-11
0,-11,0,-11
-13,1,-13,1
1,10,-11,-13
2,1,2,-13
11,1,-2,1
1,-13,1,-13
0,-13,0,-13
1,12,1,-20
0,-11,0,-11
11,11,-2,-2
-13,-13,-13,-13
2,2,2,3
10,0,-2,-2
-11,1,-11,1
-13,1,-13,1
2,-11,-11,-11
-11,10,-11,10
1,-13,1,-13
10,2,-2,2
1,-13,-2,-2
0,2,0,2
1,-11,1,-11
-13,1,-13,-11
1,2,-20,2
-13,0,-13,-2
0,-13,1,0
-13,10,-2,-2
-13,11,-13,-2
1,0,-11,0
1,0,1,0
-13,-11,-13,-11
1,0,2,0
1,10,1,10
1,1,-20,1
10,-11,-20,-11
-13,0,-13,0
-13,1,-13,1
10,-13,10,-13
-13,1,-13,1
10,0,11,0
1,-11,1,-11
1,1,-2,-11
10,10,10,-2
-13,-11,-13,-11
1,1,1,1
-11,0,-11,0
1,0,1,0
10,10,10,10
1,-11,-1,-11
10,-11,10,-2
1,0,1,11
-11,1,-11,1
0,1,0,1
-11,-13,-11,-13
10,-11,-2,-11
-13,-13,-13,-13
1,-11,2,-11
11,1,-2,2
1,2,1,-2
-11,-13,-11,-13
2,-11,-20,-11
1,1,1,1
1,1,2,-2
10,-11,10,-11
-13,0,-13,-20
10,-13,10,-13
2,-13,2,-13
0,1,-2,11
-11,11,-2,11
-11,-11,-2,1
1,-11,1,-2
-13,0,-13,0
0,-13,0,-13
1,1,1,1
-13,2,0,2
0,1,1,1
-13,1,-13,1
-11,-11,-11,-11
0,-13,0,-13
2,0,2,-2
1,1,1,1
1,0,1,0
1,-13,-11,-2
1,10,1,-11
1,-11,-13,-11
2,2,2,2
-13,-13,-13,-13
1,-13,1,-2
-13,10,-13,-20
0,1,0,1
-11,-11,-11,-11
10,1,-2,1
0,-13,-20,-13
1,-11,1,-11
-13,0,-13,0
1,-11,2,-11
-11,-11,1,-11
1,-13,1,-13
11,-11,-13,-2
-11,0,-11,2
-11,1,-11,1
1,10,1,10
-11,1,-11,1
1,-13,-2,-13
0,2,-20,2
0,1,0,1
-13,-11,-13,-11
0,0,0,1
12,10,13,10
1,2,1,2
0,1,0,2
-11,2,-11,-11
10,1,-2,1
2,0,2,0
0,2,0,2
10,12,11,-20
-13,0,-13,0
2,0,2,-11
-11,-11,-11,-2
1,10,1,12
1,0,1,0
0,1,0,1
-11,10,-11,10
-13,2,-13,2
1,-13,0,-13
0,10,2,11
-11,1,-11,1
-13,1,-13,1
0,-11,0,-11
1,2,1,2
10,0,10,0
0,10,0,10
-13,2,-13,-11
1,0,1,0
1,-11,1,-11
-13,1,-13,1
-11,10,-11,-2
0,2,0,-13
2,10,4,-2
0,-11,0,-11
10,11,10,11
1,-13,0,-13
-11,2,-11,1
-11,-13,-2,-13
0,1,-2,1
-11,1,-11,1
0,2,2,2
-13,-13,-13,-13
-11,0,-2,0
-11,1,-11,4
-13,-11,-13,-11
10,-13,10,-13
2,-11,2,-2
11,10,-20,10
-13,0,-13,0
1,0,-11,0
-11,1,-11,1
1,0,1,0
10,1,-11,-2
1,0,1,-2
2,11,-11,-20
0,1,-20,2
11,10,-2,-11
3,1,4,-2
1,2,2,2
1,2,1,2
0,1,0,-20
1,-13,1,-13
11,10,12,-2
1,0,1,0
0,10,0,10
1,-13,1,-13
1,-13,1,-13
2,0,2,-13
-13,12,-13,-2
0,1,0,1
1,-13,1,-13
2,-13,-2,-13
2,0,2,0
0,-13,0,-13
-13,0,-2,0
1,1,1,1
-11,2,-11,3
1,1,1,1
10,0,10,-11
-13,-13,-13,-13
1,11,-11,-1
-13,0,-13,0
1,2,-2,-11
10,-13,-11,-13
10,-13,-20,-13
-13,-11,-13,-11
1,2,1,2
-13,-11,0,-11
1,-13,1,-13
-11,1,-11,1
0,-13,0,-13
0,1,0,1
-13,1,-13,1
-11,0,-11,0
-13,1,-13,1
1,2,-2,1
10,-11,-13,-11
2,-11,1,-11
0,1,0,-2
-11,-13,-11,-13
-11,2,-11,2
-13,1,-13,3
1,1,1,1
10,1,-2,1
10,-13,-2,-2
0,11,0,-11
1,1,1,-11
-13,-11,-13,-2
11,0,-2,-20
-13,0,0,0
-11,-13,1,-13
1,-11,1,-11
2,-13,-2,-13
-13,1,-2,1
-11,1,-11,1
1,-13,2,-13
-13,-11,-13,-2
-11,1,-11,1
10,-11,10,-11
1,0,1,-2
2,11,-2,11
-11,-13,-11,-13
11,-11,12,-11
-13,-13,-13,-13
1,-11,1,-11
1,10,1,10
-13,11,-13,-1
-11,0,-11,-2
10,1,10,2
2,-13,4,-13
-13,-13,-13,-13
-11,-13,-11,-13
1,2,1,2
-11,-11,-11,-11
2,2,2,2
0,11,0,-2
0,2,-20,2
-13,-11,-13,-11
2,11,2,-2
10,2,11,1
10,-13,-20,-13
2,2,2,-2
-11,10,0,10
-13,-13,-13,-13
-11,1,-2,-2
10,-11,10,-11
0,-11,0,-11
1,1,1,-2
1,10,1,10
0,1,0,1
2,10,3,10
1,1,1,1
-11,10,-11,-2
10,1,-13,1
-13,1,-13,1
1,-13,1,-13
-13,1,-13,1
1,-11,1,-11
1,-11,2,-2
10,1,11,-2
2,1,3,1
-11,1,-11,-11
-13,1,-13,2
1,0,1,0
1,0,1,-2
-13,0,-13,0
1,0,2,0
10,1,11,1
-11,1,-11,1
-11,10,-11,10
0,-13,0,-13
1,2,1,3
10,-13,10,0
1,1,1,1
2,1,-13,1
1,1,10,1
-13,11,-13,-11
2,11,-2,11
0,2,0,2
1,10,1,-2
-11,-11,-11,-11
11,10,-2,-20
0,2,0,2
-13,1,-13,1
1,-13,1,-13
10,-13,10,-13
0,1,0,1
-13,-11,-13,-11
10,-11,10,-11
0,-11,0,-11
2,-11,-20,-11
-13,0,0,0
-11,-13,-11,-13
1,-13,1,-13
-13,1,-13,1
-11,-11,-11,-11
1,-13,1,-13
-11,0,-11,0
-11,-11,-11,-2
-11,1,-11,1
-11,1,-11,-2
-11,1,-11,1
-13,0,-13,-2
1,10,1,-2
1,0,1,0
10,-13,10,-13
12,10,12,-2
11,2,11,2
10,-11,10,-11
-11,1,-2,1
10,1,10,1
1,1,1,1
-11,1,-11,2
1,1,-20,-2
1,11,1,-2
-11,0,-11,0
-11,10,-11,-2
1,-13,1,-13
1,3,-11,3
-11,0,-11,0
1,-13,1,-13
0,-11,-2,-2
1,-13,1,-13
10,0,10,1
-11,10,-11,10
-13,0,-13,-2
-13,0,-13,-13
11,-13,-2,0
12,1,-11,1
0,0,0,0
-11,-11,-2,-11
2,10,2,10
2,1,2,1
1,-13,-2,-2
1,-13,-11,-13
1,1,1,1
-13,1,-13,2
-13,-13,0,-2
0,1,0,1
2,2,1,3
-11,-13,-11,-13
2,-11,2,-11
10,2,-2,2
-11,1,-11,1
0,0,0,0
-11,1,-11,-20
1,-11,1,-11
2,-13,2,-13
0,11,0,14
1,1,1,-20
1,1,1,1
2,1,2,1
1,1,-2,-2
10,2,-2,2
-13,1,-13,1
-13,2,-13,2
1,-11,1,-11
0,-11,0,-2
-13,10,-13,10
2,2,-20,2
2,-11,3,-11
0,10,0,-2
1,0,1,-20
2,1,2,1
1,2,1,2
-13,1,-2,1
10,0,10,0
1,-11,1,-11
1,1,-20,-11
0,1,0,1
0,2,-20,2
0,1,0,-2
1,-13,-2,-2
-13,11,0,12
10,1,-2,-2
10,-11,10,-2
0,2,0,3
2,2,3,3
1,1,1,-11
1,-13,1,-13
-13,10,-13,10
0,3,0,-2
1,11,1,11
-13,1,-2,-2
2,1,2,0
0,2,0,-11
10,0,-20,0
1,1,1,1
1,1,1,-13
11,2,11,1
-13,1,-13,1
0,1,0,1
-13,-13,-13,-13
1,10,-2,11
-13,1,-13,1
-11,-13,-11,-13
0,-11,0,-2
-13,-11,-13,-11
1,-13,1,-13
10,10,10,10
-13,-11,-2,-2
-13,1,-13,1
-13,11,-13,-2
1,1,1,1
2,10,2,-20
11,0,-20,0
0,0,-2,0
11,0,-2,10
-13,1,-13,1
1,1,1,0
1,2,1,2
-11,-13,-11,-13
2,-13,11,-13
1,1,1,1
2,0,3,0
1,1,1,1
10,-13,10,-13
10,10,-20,0
-13,10,-13,-13
1,1,1,1
0,1,0,1
3,1,3,1
-13,0,-2,0
-11,-13,-11,-13
10,1,-2,-2
-13,1,-13,1
1,1,1,1
2,11,2,11
-11,-11,-11,-11
-13,-11,-13,-11
10,-13,10,-13
1,-13,-2,-13
-11,-11,-11,1
0,-11,-11,-2
10,10,10,10
2,-13,1,-13
0,1,0,1
10,11,10,11
1,-13,1,-13
2,0,3,0
1,-11,1,-11
-11,2,-2,1
-11,1,-2,-11
1,-13,-2,-13
1,3,-2,-20
-13,0,0,0
2,-11,-2,-2
1,-13,1,-13
-11,-13,-11,-2
1,-11,-11,2
2,1,1,1
10,2,-2,2
-13,10,-13,10
10,1,-11,1
0,-13,0,-13
1,-13,1,-13
-11,-11,-11,-11
-13,1,-13,1
-13,11,-13,-20
1,2,1,2
0,-13,0,0
1,-13,1,-13
2,1,2,1
0,-11,0,-2
-11,-13,-2,-13
-11,2,-11,2
1,0,1,0
-11,0,-11,0
10,1,-2,-2
1,2,1,2
0,1,0,12
10,0,-2,-11
1,1,1,1
0,0,0,0
1,0,1,0
10,11,10,-2
10,-13,-2,-13
-13,1,-13,1
1,-11,1,-11
1,-11,1,-11
2,1,2,1
-11,-11,-11,-11
2,1,2,1
-13,1,-2,-2
-11,10,-11,10
1,10,-2,-2
1,0,-11,0
-13,-13,0,-13
1,0,1,0
0,2,0,-2
2,-13,2,-13
1,1,-2,1
10,-13,10,-13
1,-11,1,-2
10,-11,0,-11
2,-13,3,-2
11,1,11,1
10,-13,-20,-13
-13,1,-13,1
1,1,1,1
-11,-13,-11,-13
11,-11,-2,-11
-13,0,-13,0
-11,2,-11,2
0,-11,0,-11
-11,-11,-11,-11
1,1,2,1
-11,-11,-11,-11
-11,1,-11,1
-13,1,-13,1
-13,2,-13,2
0,10,-20,-11
0,2,0,2
0,10,0,10
0,10,0,10
-13,1,-13,-2
-13,-13,0,-13
-11,2,-11,-2
1,1,1,1
-11,10,-2,10
11,-13,12,-13
-11,-11,-11,-11
1,0,-2,0
-13,10,-13,10
-13,10,0,10
-13,1,0,1
-11,-11,-11,-11
10,-11,-20,0
11,1,-2,-2
1,-13,1,-13
-11,10,-11,10
-13,-11,-13,-11
-13,-13,-13,-13
10,-11,10,-11
0,1,1,-2
-13,-11,-13,-2
11,1,-11,1
1,1,-11,1
1,1,-11,1
-11,11,-2,11
-13,-13,-13,-13
10,-11,10,-11
-13,1,-2,-11
-11,1,-11,1
0,-11,0,-11
0,10,0,10
1,1,-2,0
-11,-11,-11,-11
1,2,1,2
2,0,-2,0
-11,1,-2,1
1,1,1,-11
2,0,3,0
1,0,1,0
-11,-11,-11,-11
-11,0,-11,0
-13,-13,0,-13
1,-13,1,-13
1,-13,1,0
1,-13,1,-13
-13,1,-13,1
0,-11,0,-11
-11,-13,-11,-13
10,10,-11,-2
-11,12,-11,11
1,1,11,1
11,2,-11,3
0,10,-20,10
-13,-13,-13,-2
-13,10,-13,14
1,2,1,2
1,1,1,1
11,2,11,-11
1,1,-13,1
10,1,10,2
0,0,0,0
11,1,-2,-2
1,3,-13,3
1,-11,1,-11
0,10,0,10
10,11,-20,-20
1,-13,-2,-13
-11,1,-11,1
-13,0,-13,-2
2,-11,1,-11
0,-11,0,-11
10,-11,10,-11
10,1,10,1
11,11,-11,12
-11,-11,-11,-11
-11,-11,-11,-2
0,11,-20,-2
0,-11,0,-11
-11,-11,-11,-11
10,-13,10,-13
3,1,3,1
0,2,0,-2
1,-13,1,-13
-11,1,-11,1
12,2,12,2
0,-11,0,-11
-13,-11,-2,-11
1,10,1,11
1,-11,1,-2
1,-11,-2,-2
-11,-11,-11,1
-11,0,0,0
2,-11,2,-11
3,10,3,-11
-13,0,-13,0
-11,1,-11,1
2,-13,2,-13
1,-11,2,-11
-13,10,-2,-2
10,1,-2,1
0,-11,0,-11
10,-11,10,-11
10,1,-2,-2
0,-13,0,-13
1,-11,1,-11
-13,1,-13,1
-11,1,-11,-11
-11,-11,-2,-11
-11,2,-11,2
0,1,-20,1
-13,1,-13,1
0,0,0,-13
-13,1,-13,-2
1,1,1,1
1,1,1,1
1,-11,1,-11
1,0,-2,11
-11,0,-11,0
-13,11,-13,11
1,0,1,0
10,2,-2,2
-11,1,-2,2
10,1,10,1
1,1,1,3
1,-13,0,-13
-13,10,0,-2
1,0,1,0
1,1,-2,1
-13,1,-13,1
0,3,0,-11
-13,-13,-13,-13
0,-13,-20,-13
1,0,1,0
1,-13,1,-13
1,0,-2,0
-11,-13,-11,1
10,-13,-20,-13
1,1,-2,-11
-11,0,-11,0
0,-11,-2,-2
2,2,-11,2
-11,1,-11,1
-11,-13,-11,-13
1,-13,1,-13
-11,-11,-11,-11
-11,1,-11,-2
10,1,-2,2
-11,1,-11,1
0,10,0,10
-11,2,-11,2
-13,-11,-13,1
-13,-13,0,-13
10,1,10,1
1,1,1,-20
-13,0,-13,0
1,-13,1,-13
1,2,1,2
1,10,1,-20
11,-11,11,-11
10,0,10,0
-11,0,-2,0
0,10,-20,-2
10,2,10,-2
-11,-11,-11,-11
2,12,2,13
0,10,0,0
0,0,1,0
0,1,-20,1
-13,1,-13,1
0,10,0,10
-13,1,-13,1
0,-13,0,-2
-13,1,-13,1
-11,1,-11,2
2,-13,2,-13
1,1,-20,1
-13,-13,-13,-13
-11,10,-11,-20
-11,10,-11,10
0,-13,0,-13
0,10,0,10
1,11,1,11
-13,11,0,-2
-11,1,-11,1
-11,-11,-11,-11
-13,-13,-13,-13
2,-13,2,-13
2,1,2,1
1,1,1,1
10,10,10,10
1,-11,1,-11
-11,-13,-11,-13
2,0,-2,1
-13,1,-13,1
1,-11,1,-11
1,10,1,-11
0,1,-20,1
1,10,1,10
11,1,11,1
0,-11,0,-2
10,-13,10,-13
1,-13,1,-13
-13,-11,-13,-11
1,10,1,10
0,-11,1,-11
11,2,-2,3
1,0,-20,0
-11,1,1,2
-13,1,-13,1
2,1,2,-11
1,11,-20,-2
-11,-11,-2,-11
1,-13,1,-13
0,-13,-13,-13
0,-11,0,-11
1,1,-2,-2
-13,10,-13,11
-11,1,-11,1
-11,-11,-11,-2
2,-13,1,-13
1,2,1,2
-11,0,1,0
-11,1,-11,11
10,-13,-2,-13
1,10,-11,10
10,0,-2,0
-11,1,-11,1
1,-11,1,-11
1,1,-20,1
1,-13,1,-13
-13,1,0,1
10,-11,10,-11
-11,0,-11,-20
1,0,1,-13
1,10,-2,-20
-13,11,-13,2
-13,1,-13,-13
11,10,11,-2
-11,-13,-11,-13
1,2,-2,3
-11,10,-2,-20
-11,1,-11,-13
1,0,1,0
-11,-13,-11,-13
1,0,1,0
-11,-13,-11,-13
1,-11,1,-11
-11,-13,0,-2
1,-11,-20,-11
-13,-11,-13,-11
-13,11,-13,11
1,2,2,2
2,1,3,1
1,0,2,-20
0,1,1,1
1,0,1,0
-11,-11,-11,-11
1,1,1,1
-11,10,-11,11
-11,-11,0,-11
-11,0,1,0
-11,1,-11,2
-13,10,-13,10
2,-13,2,-13
10,-13,10,-13
1,10,1,-13
10,2,10,-11
10,-13,-2,-13
1,11,1,11
0,-11,0,-11
10,3,10,2
10,2,-13,1
-11,11,-11,11
2,-13,-2,-2
0,-13,0,-13
1,1,1,1
0,1,0,1
1,-11,1,-11
0,1,0,3
2,2,2,2
-11,2,-11,2
-13,1,-13,1
-11,10,-11,10
1,1,1,1
-11,0,-11,0
-13,1,-13,1
-11,1,-11,-2
-11,10,-11,-11
1,-13,1,-13
-13,-11,0,-11
-11,-11,-11,-11
-11,-13,-11,-13
3,1,3,1
-13,1,-13,1
-13,1,-13,1
1,0,-11,-2
12,-11,2,-11
-13,-11,-13,-11
-13,-11,-13,-11
2,0,2,0
1,0,-2,0
0,-11,0,-11
0,-13,0,-13
0,0,0,0
-13,1,-13,1
0,1,0,1
3,1,-11,1
1,11,1,-20
2,0,2,0
1,10,1,10
-11,0,-11,0
1,11,1,-2
2,1,2,1
2,-13,2,-13
2,1,2,2
10,-13,10,-13
-11,-11,-11,-2
10,-13,11,-13
1,1,1,1
1,10,-2,-2
-11,-11,-2,-11
-13,-13,0,-13
1,0,1,0
1,1,1,-2
1,1,-2,1
2,0,3,0
-13,1,-13,1
0,-13,0,-13
10,-11,10,-11
1,1,2,-11
10,2,-2,2
-11,-13,-11,-13
2,0,2,0
-11,1,1,1
2,-13,2,-13
0,-13,0,-13
1,1,-11,1
1,-13,2,-13
1,-11,1,1
2,0,-20,0
0,-11,0,-11
1,11,1,-2
-13,1,-13,1
1,0,1,0
1,-11,-2,-11
-13,1,-13,1
1,1,1,3
10,1,10,1
2,3,2,2
-11,0,-11,0
1,1,1,1
-13,-11,-13,-11
-13,2,-13,2
1,1,1,2
10,1,10,1
2,1,1,1
-13,1,-13,1
2,2,-11,-20
1,11,-11,11
-13,1,-13,1
10,1,10,1
-13,1,-13,2
-1,-13,-20,-13
-11,2,-11,-13
-13,10,-13,10
1,0,1,0
-11,0,-11,0
1,-13,1,-13
11,1,-20,1
2,2,2,2
-13,0,-13,-20
0,10,0,10
1,-13,-11,-13
11,1,12,1
0,2,0,-11
-13,1,-13,-13
2,11,2,-2
-11,2,-11,2
10,1,-2,2
0,0,0,-20
-13,-11,-13,-11
1,0,1,0
0,-11,0,-2
1,2,2,2
11,10,-2,-2
0,1,0,1
1,-13,1,-13
2,2,2,3
-13,-11,-13,-2
1,1,-2,3
2,1,2,-11
0,-13,-20,-13
-13,0,-13,0
-11,-13,-11,-13
10,-11,-13,-11
1,10,1,10
2,1,2,1
2,-11,-11,-2
-13,2,-13,2
-13,-11,-13,-11
1,0,1,0
1,-11,1,-11
-13,1,-13,1
10,-13,-2,-13
2,-13,-11,-13
1,10,-13,10
0,0,0,-2
-13,1,-13,1
-11,1,-11,1
-11,1,-2,1
-13,-13,-13,-13
10,-11,-11,-11
-13,1,-13,1
-13,-13,-13,-13
1,1,1,2
-11,2,-11,2
-11,2,-11,-13
1,2,1,2
-13,1,-13,1
-11,11,-11,-20
-11,-13,-2,0
-11,2,-11,1
2,-13,2,-13
1,0,1,0
2,-13,2,-13
1,11,0,11
-13,11,-13,11
-13,1,-13,2
1,1,1,1
-11,1,-11,1
1,-11,1,-11
1,11,1,-20
2,-13,2,-13
1,0,-2,-2
2,11,1,11
1,-13,1,-2
-13,1,-13,1
2,-11,2,-2
10,-13,10,0
0,1,0,1
11,-13,11,-13
0,2,0,2
11,1,0,0
10,-11,10,-2
1,-11,1,-11
1,10,1,10
1,1,1,-11
-11,1,-11,1
11,1,11,1
1,-11,1,-11
2,11,2,11
10,1,-2,1
0,-11,0,-2
1,1,1,1
11,10,11,-11
0,0,0,-2
-11,0,-11,0
1,0,-11,-13
1,3,-20,2
0,0,-20,0
1,1,-2,1
-13,2,-13,1
-13,-11,-13,-11
1,0,1,0
-13,1,-13,11
1,10,1,10
0,-11,1,-11
-13,-11,0,-11
-13,1,-13,1
10,-11,10,-11
2,1,2,1
2,1,-2,1
0,2,0,2
1,2,1,2
-13,-11,-13,-11
-13,10,-13,10
-11,-11,-11,-11
-11,12,1,-1
0,-13,0,-13
0,1,-2,-20
0,-11,0,-11
-11,10,-11,11
1,-11,-2,-11
-13,10,-13,-2
12,0,13,0
-11,2,-11,2
11,-13,10,-13
1,-13,1,-13
-13,-13,-13,-13
1,2,1,2
-13,2,-13,3
-13,1,0,1
10,-13,10,-13
11,0,-2,0
-11,0,-11,0
-11,1,-11,1
1,-13,1,-13
-13,1,-2,1
-11,1,-11,-2
1,-13,1,-13
11,10,-11,-20
1,0,1,0
1,-13,1,-2
1,-13,1,-13
-13,-13,-13,-13
-13,1,-13,1
1,1,2,1
1,1,1,-2
1,11,-11,-2
11,0,11,0
0,-13,0,0
0,0,-2,0
1,-13,2,-13
10,-13,-11,-13
0,0,0,11
2,1,2,1
1,-13,1,-13
1,-11,1,-11
1,-13,1,-13
-11,3,-11,-2
10,10,-20,10
-13,1,0,1
-11,0,-11,0
-11,0,-11,0
0,10,0,-2
-11,1,-11,1
1,11,1,10
-13,-13,-13,-13
-13,10,-13,-2
0,-13,0,-13
-13,2,-13,2
-11,1,-11,1
10,1,-2,-2
2,1,2,1
0,1,0,1
-13,2,-13,3
2,1,2,1
-13,1,-13,1
1,1,1,2
10,-11,10,-11
10,-13,10,-13
0,-11,-20,1
-13,10,-13,10
0,1,0,1
0,2,0,13
1,-11,12,-11
1,0,2,0
1,-11,1,-11
1,-11,2,-11
-13,11,-13,11
2,-11,3,-2
1,1,1,1
-13,10,-13,-20
0,1,0,-11
0,-11,0,-11
-11,1,-11,1
10,1,-20,2
-13,-13,-13,-13
-13,1,-13,1
10,0,-2,0
11,-11,11,-2
-13,10,-13,-2
-13,-13,-13,-13
-11,11,-11,12
0,10,0,-2
1,0,2,0
1,1,-2,-2
2,-11,-2,-11
-11,-11,-11,-11
-13,10,-2,11
-13,2,-13,1
-11,1,-2,-11
-11,0,-11,0
-13,1,-13,1
1,-13,1,-13
10,2,10,1
2,10,2,-20
-13,10,-13,10
0,1,0,1
-11,0,-11,0
-13,10,-13,-20
-13,10,-13,10
1,2,-2,-2
-11,-13,-11,-13
0,0,0,0
1,1,1,1
0,0,0,0
10,-11,10,-11
2,-11,3,0
1,-13,1,-13
2,-13,2,-13
-11,-13,-11,-13
1,10,1,10
-13,1,-13,-2
3,1,3,1
1,-13,-11,-13
1,1,1,1
11,10,-11,10
2,-11,3,-11
12,2,12,-20
-11,1,-11,2
10,1,10,1
10,1,10,1
-13,3,-13,2
-13,1,-13,1
1,2,-20,-11
1,1,3,-2
1,-11,1,-2
1,2,1,2
2,-11,2,-11
-13,2,0,-11
10,11,10,-2
11,-11,-11,-11
1,-13,-11,-13
1,10,0,11
10,1,-2,1
2,2,2,3
1,-13,-2,-13
-13,11,-13,-2
1,0,1,0
-11,1,-11,1
-11,-11,-2,-11
-11,10,-11,10
10,0,-20,1
1,-11,1,-11
1,1,1,1
-13,1,-13,2
1,1,-11,1
10,2,10,2
-13,1,-13,1
1,1,-13,1
2,0,2,0
1,1,1,-2
0,-11,0,-11
10,2,-2,1
2,-11,3,-11
1,1,1,1
10,-13,10,-13
1,-13,1,-13
0,0,0,0
10,1,10,1
1,-13,1,-13
-11,-11,-11,-2
1,-13,2,-13
-11,-11,-11,-2
-11,-13,-11,-13
2,0,1,0
2,-11,2,-2
1,-13,0,-13
1,-13,1,-13
1,1,1,-20
10,4,-2,4
-13,-13,-13,-13
10,2,10,2
-13,10,-13,-11
0,0,0,0
-11,0,-11,0
-11,-11,-11,-2
0,-11,0,-11
10,1,10,-20
10,0,10,0
10,0,10,0
-11,-11,-11,-11
-13,-13,-13,-13
0,1,0,1
-11,11,-2,-11
0,1,0,1
1,0,2,0
0,10,1,11
-13,0,-13,-2
-13,1,0,1
-13,1,-13,1
0,0,0,0
-11,0,-11,-20
1,10,1,10
10,1,-11,1
-13,1,-13,-2
2,0,2,0
1,1,1,1
-13,0,-13,-2
10,-11,10,-11
1,2,1,2
1,1,1,1
2,2,-2,2
10,1,10,1
-11,2,0,2
1,1,2,1
-13,2,-13,3
2,1,2,1
1,1,1,1
11,1,11,1
-11,-13,-11,-13
0,-11,0,-11
1,2,1,2
-13,1,-13,1
0,1,0,-11
-11,1,-11,2
10,0,-2,0
1,-13,1,-2
0,11,0,-11
2,1,2,1
11,-11,-2,-11
-11,1,-11,1
-11,0,-11,0
1,0,1,-20
1,2,1,2
1,-11,1,-2
2,-11,2,-11
-11,1,-11,1
10,0,-20,0
1,2,1,1
2,-11,2,-11
0,-13,0,-2
1,1,1,1
-13,2,-13,2
2,11,1,-20
1,1,-20,1
10,-13,10,-13
10,10,10,10
-13,2,0,2
1,-11,1,-11
-13,2,-13,-2
1,1,1,1
2,1,2,-2
1,-13,1,0
-13,-13,-13,-13
10,1,-20,-2
10,1,10,-20
1,-11,1,-11
1,1,5,1
-13,-11,-13,-11
1,10,-13,10
2,0,-2,0
0,11,0,11
-11,0,-11,0
1,-11,1,-11
2,10,2,10
1,-11,1,-11
-13,0,-13,0
1,0,1,-2
-11,-13,-11,-13
11,-11,-11,-11
-13,-13,-13,-13
-13,2,-13,2
2,11,-2,-20
0,1,2,1
-11,-13,-11,-13
0,1,0,1
11,-11,11,-11
0,1,0,1
-11,-13,-11,0
-13,11,-2,-11
11,1,11,1
10,1,10,1
10,-13,10,0
1,0,1,0
1,1,-13,1
-13,1,-13,1
11,2,12,-2
1,0,1,0
-13,1,-13,1
1,-11,1,-11
10,0,10,0
-11,1,0,1
10,-13,10,-13
1,11,-20,-1
-11,1,-11,1
1,11,1,-20
-13,-13,-13,-13
1,1,1,2
12,-13,-13,-13
3,2,2,2
1,1,1,1
10,2,-11,-11
-11,0,-11,0
-11,1,-11,1
-11,-11,-2,-11
-13,-13,-13,-13
-13,10,-13,10
1,1,1,1
0,1,1,1
1,1,1,1
1,-13,1,-13
2,1,-2,-2
2,1,2,1
10,1,10,1
0,12,0,12
-13,-11,0,-11
2,0,2,0
2,-13,1,-13
0,-13,0,-13
-11,1,1,-2
-11,-13,-2,-2
-11,1,-11,1
0,-13,0,-13
-13,-11,-13,-11
-13,1,-13,1
1,-13,1,-13
11,2,-2,-2
0,11,0,12
1,-13,1,-13
2,1,2,1
10,-13,10,-2
2,0,2,0
-13,11,-13,11
-11,11,-11,11
-11,-13,-2,-13
0,1,0,1
0,11,0,11
2,1,2,1
1,-13,-2,-13
11,1,-20,1
2,1,2,2
10,1,10,1
0,1,0,1
11,1,0,1
-13,0,-13,0
1,-11,1,-11
-13,-13,-13,-13
-13,-11,-13,-11
2,-13,-2,-13
0,1,0,1
11,-13,13,-13
-11,-11,-11,-11
-11,1,-11,1
1,10,-2,-2
-11,1,-11,-20
2,0,2,0
-13,10,-13,10
-11,-11,-11,-11
-13,1,-13,-11
10,1,-2,1
-13,1,0,2
-13,2,-13,3
10,-11,-11,-2
-13,1,-13,-2
-13,1,-13,1
2,11,-2,-2
1,-13,1,-13
-11,-11,-11,-2
2,-11,2,-11
1,3,1,-2
2,0,2,0
-11,10,-11,10
-13,2,-13,2
2,10,3,10
-13,11,-13,-2
0,11,0,11
-13,10,-13,10
0,1,0,1
-11,-11,-11,-2
1,-13,2,-13
1,11,3,11
-13,-11,0,-11
10,-13,10,-13
0,2,0,2
11,-11,11,-2
10,-11,10,-11
2,-13,2,-13
1,2,1,2
10,0,10,1
-13,11,-13,11
1,0,1,0
-11,-13,-2,-13
1,-11,1,-2
-11,-13,-11,-13
0,-13,0,-13
1,1,1,1
-13,10,-13,-2
-13,0,-13,0
10,1,10,1
-11,10,-11,10
2,0,2,0
-11,2,-11,2
1,-13,-20,-13
-11,-13,-11,-13
0,-13,0,-13
-13,-13,-2,-13
-13,-13,-13,-13
-11,-13,-11,-13
1,0,1,0
0,-13,0,-13
-11,11,-11,-2
1,10,-2,10
10,-13,10,0
1,-13,-2,-13
10,1,-20,1
0,1,0,-11
-13,1,-13,2
2,11,2,11
0,-11,0,-11
-13,1,-13,1
1,11,0,11
-11,2,-11,2
-11,11,-11,-2
11,2,11,2
-13,11,-13,11
-13,-11,-13,-2
10,1,10,2
0,0,-2,0
1,-11,3,-11
10,11,-2,-20
2,-13,2,-13
-13,-13,-13,-13
-13,-13,-13,-13
-13,0,-13,0
11,1,-20,1
2,10,2,-11
-13,-11,-13,-11
-13,-13,0,0
0,-13,0,0
-11,10,-11,11
-13,-13,-13,-13
-13,10,-13,10
1,-13,1,-13
-11,-11,-11,-11
-11,0,-2,0
0,12,0,12
1,-13,-2,-13
10,-13,10,0
-13,-11,0,-11
-11,1,-2,-2
-13,-11,-13,-11
-13,11,-13,-2
1,1,1,1
0,-13,0,-13
2,-13,2,-13
12,0,12,0
1,-11,1,-11
2,-13,2,0
1,11,1,-2
-11,-11,-11,-2
10,-11,10,-2
-13,1,-13,1
0,2,0,2
-13,-13,-13,-13
-11,0,-11,0
10,11,11,11
2,2,2,2
-13,1,-2,-2
2,-13,2,-13
1,1,1,1
2,1,1,1
-13,1,-13,1
10,2,10,2
0,1,0,1
-11,2,-11,2
-13,1,0,1
0,10,0,10
0,1,0,1
1,1,1,2
-13,-11,-13,-11
10,2,-11,2
-13,2,-2,-2
-11,-13,-11,-13
1,11,1,11
0,-13,0,-13
0,2,0,2
1,-11,-2,-11
10,11,-2,-2
-11,-11,-11,-2
11,1,-2,-20
-11,0,-11,0
-13,-11,-13,-11
10,-13,-2,-13
-11,2,-11,2
0,-11,-20,-11
1,0,-2,-2
1,1,-2,1
0,10,1,10
0,1,-2,-2
-11,0,-11,0
1,-13,1,-13
4,-13,3,-13
2,-11,-2,-2
10,1,10,-11
0,-11,0,-11
10,1,10,1
10,-13,-20,-13
-11,1,-11,1
2,10,2,10
1,12,1,-2
2,11,3,-2
1,-13,-2,-13
1,-13,2,-13
-11,-13,-11,-13
1,1,1,2
-11,1,-11,2
11,2,11,1
0,0,0,0
-13,-11,-13,-11
-11,10,-11,10
1,0,1,0
1,1,1,1
-11,2,-11,2
1,1,1,2
-13,1,-13,-11
-11,1,-11,-2
1,-11,1,-11
2,-11,2,-11
2,1,2,-2
0,10,0,10
0,-11,-13,-11
0,2,0,-2
-11,-13,-2,-2
1,-11,1,-11
-11,10,-11,-11
-11,1,-2,-11
1,-11,1,-11
-13,1,0,1
2,-13,-2,-13
1,1,-13,1
-13,-11,-13,-11
-11,-13,-11,-13
11,2,-2,3
-13,-13,-13,-13
-11,-13,-11,-13
0,-13,0,0
-11,1,-11,1
-13,1,-13,-2
-11,-11,-11,-11
-11,1,-11,1
-11,10,-11,-2
1,-13,-2,-13
1,1,1,1
-13,1,-13,1
0,-11,0,0
1,11,1,11
11,1,-11,1
0,-11,0,-11
10,2,-2,2
-13,1,-13,1
11,10,-11,-20
2,-13,2,-13
0,-11,0,-11
1,-13,-2,-2
10,2,-2,2
0,1,0,1
1,-11,1,-2
-13,-13,-13,-13
1,1,-20,1
1,1,-20,-2
2,-11,2,-11
1,-11,1,-11
11,-11,-20,-11
-11,-13,1,-13
-13,0,-13,0
2,0,2,0
1,1,1,1
-13,1,-13,1
1,10,1,11
1,10,1,-2
10,0,10,0
0,1,1,1
-13,0,-13,0
0,-13,0,-13
1,10,1,10
10,1,-2,1
-11,-13,-2,-13
-11,-13,-11,-13
-13,-11,-13,-11
11,1,-20,1
-13,-11,-13,-11
10,-11,11,-11
1,3,1,3
0,-13,0,-13
-11,1,-11,1
0,1,1,1
-13,1,-13,1
-13,-11,-13,-11
0,10,-2,-2
-11,10,-11,11
1,-13,1,-13
1,1,1,1
3,1,-2,1
0,-13,-2,-13
-13,-11,-2,-11
1,-11,1,-11
0,-11,-20,-11
1,-11,-20,-11
-13,2,-13,-2
1,-11,-20,-11
-13,2,-13,2
2,1,2,1
-13,-13,-13,-2
-13,2,-13,2
1,2,-2,2
10,1,10,1
-13,-11,-13,-11
-11,1,-11,1
-13,-13,-13,-2
-11,2,-11,2
1,1,1,1
-11,1,-11,1
2,1,2,1
-11,1,-11,2
0,10,0,10
-11,-11,-11,-11
1,-13,1,-13
-13,0,-13,0
-11,1,-2,1
1,2,1,2
0,1,1,1
-13,1,-13,1
3,2,3,2
-13,1,0,2
0,2,-13,2
1,-11,1,-11
1,0,1,-20
11,-13,-2,-13
1,-13,1,-13
0,-13,0,-13
-11,10,-2,-2
-11,10,-11,10
-13,-13,-13,-13
-13,1,-13,2
-11,1,-11,-2
0,0,0,0
-13,-11,-13,0
11,1,-20,1
1,-13,1,-13
-13,2,-13,2
1,0,2,1
10,10,-2,-13
1,1,2,1
-11,0,-11,0
1,-11,-20,-11
-13,-11,-13,-11
-13,11,-13,11
-11,-11,-11,0
-11,-13,0,-13
-13,1,-13,1
-13,-11,-13,-11
10,-11,11,-11
10,10,10,-11
10,10,10,1
0,1,0,1
0,2,0,2
-13,-11,-2,2
-11,-11,-2,-11
-13,-11,-13,-11
2,-13,4,-13
2,-13,3,-13
0,0,0,0
-13,0,-13,0
0,1,0,1
2,11,2,-20
1,0,-20,0
-11,0,-2,0
-13,1,-13,1
10,-13,10,-13
-13,0,-13,0
-13,-1,-13,-1
1,0,1,0
0,0,0,-20
-11,10,-11,-2
2,10,2,10
1,-11,-2,-11
2,-13,2,-13
-11,0,-11,0
1,10,-20,10
2,-11,3,-11
2,2,1,2
-13,11,-13,11
1,1,2,1
0,1,0,1
0,11,-20,11
1,11,1,11
2,1,2,1
-11,10,-11,10
1,-13,1,-13
-11,0,-11,-2
10,1,10,1
-11,1,-11,1
-11,-13,1,-2
0,0,0,-20
1,-13,-2,0
10,-13,-20,-13
-11,2,1,-2
1,-11,1,-11
2,1,-2,1
-11,11,-11,-2
1,2,1,3
2,1,1,1
1,-11,1,-11
1,0,1,0
-11,-13,-11,-13
-13,1,-13,1
11,10,11,-20
1,1,1,1
-13,10,-13,-2
1,10,1,-2
1,0,1,0
1,10,-2,0
10,2,10,2
1,2,1,2
-13,1,-2,1
1,-11,1,-11
1,2,1,2
-13,-13,-13,-13
1,2,-20,1
3,0,3,0
11,-11,11,0
-11,0,-2,0
1,1,1,1
-11,0,-11,0
10,-11,-2,-11
-13,-11,-13,-11
10,1,10,2
0,1,0,1
-13,-11,-13,-2
0,0,-2,0
-11,10,-2,10
-13,1,-13,1
1,1,1,1
11,2,-2,-11
1,-11,-2,-11
2,1,2,0
-13,1,-2,1
1,2,1,3
-13,10,-13,-2
2,1,2,1
0,-11,1,-11
11,2,-20,2
1,0,1,0
0,1,0,1
0,-13,0,-2
-13,-11,-13,-11
-11,-13,1,-13
-13,-11,-13,-11
4,-11,4,-11
-13,1,-13,1
3,2,3,-2
10,11,-1,11
11,0,-2,1
0,0,0,0
-11,-11,-11,-11
10,-11,10,-11
-13,11,-2,11
1,1,2,-2
11,11,-2,-20
10,0,10,0
10,0,10,0
1,1,-20,1
0,1,0,1
-13,-13,0,0
11,2,-20,2
-11,-13,-11,-13
-11,-13,-11,-13
1,2,1,2
11,0,11,-2
-13,-11,-13,-11
0,-13,1,-13
11,2,11,2
-11,1,-11,1
1,1,1,1
0,-13,-11,-13
-13,3,-13,3
1,-11,1,-11
2,0,2,-13
2,1,2,-11
1,0,1,0
2,1,3,1
2,-11,2,-11
-11,-13,-11,-13
-11,2,-11,2
1,1,1,1
2,-13,1,-13
-13,-13,-13,-13
11,1,11,1
-11,-13,-2,-13
11,11,-2,11
-11,1,-2,-11
-13,10,-13,-2
10,0,10,-20
0,1,-2,-2
10,2,-2,2
10,-11,10,-11
2,0,2,0
1,1,1,-2
1,1,2,1
11,-11,-2,-11
2,2,2,3
2,-13,-2,0
1,-11,1,-11
0,-11,0,-11
0,-11,0,-11
1,11,1,11
1,1,2,1
0,-13,0,-13
0,-11,-2,-11
0,-13,0,-13
-11,0,-11,0
1,11,2,11
0,1,0,1
-11,-13,-11,0
0,1,0,1
0,-13,0,-13
0,1,-2,1
1,-13,1,-13
11,12,-2,-2
1,0,1,0
0,-11,0,-2
-13,1,-2,1
-11,3,-11,3
10,-13,10,-13
-13,2,-13,4
10,1,-2,-11
1,10,1,10
-13,-11,-13,-11
11,-13,11,-13
2,-13,2,-13
10,0,-11,-2
1,11,1,-2
10,1,-20,1
-11,-13,-11,-13
2,2,2,3
11,1,-20,1
2,1,1,1
1,2,1,-2
11,-11,-20,-11
1,2,1,2
2,1,2,1
-11,-13,-11,-13
4,10,3,10
1,10,1,10
0,1,0,1
-13,1,-13,1
-11,1,-11,13
1,1,1,1
1,0,1,-2
-11,-13,-11,-13
0,2,10,-2
1,1,-11,1
10,11,10,11
11,0,-2,-2
11,2,11,2
1,-11,1,-11
0,-13,0,-13
1,3,1,3
2,10,2,10
1,2,1,2
-13,-11,-13,-11
1,-11,1,-11
-11,11,-11,-20
10,1,-2,2
10,0,10,-11
12,-11,12,-11
1,-13,-2,-13
2,1,2,2
10,2,10,2
1,-13,1,-13
0,-11,0,-11
-13,10,-13,11
1,-11,1,-11
0,0,0,3
0,-13,-11,-13
-13,-13,-13,-13
10,1,10,1
1,1,2,1
10,0,10,0
1,2,1,-13
-13,0,-13,0
-13,2,-13,2
-13,2,-13,1
2,1,1,1
-13,1,0,2
-13,-11,-13,-11
-11,-11,-11,-11
0,-11,0,-11
-13,1,-13,1
-11,1,-11,1
1,0,1,0
3,2,3,2
2,11,3,11
-13,2,-13,3
-13,1,-13,1
0,0,0,-20
0,-13,0,-13
2,-13,2,-13
-11,1,-11,1
11,0,-20,0
2,0,-2,-2
1,-11,1,-11
0,2,0,3
2,10,2,11
1,-13,2,-13
0,-13,0,-13
-11,2,-11,-20
1,-13,-2,-13
-13,-13,-13,-13
10,-11,-2,-11
1,-11,1,-11
-13,2,-13,2
10,1,-11,1
-11,0,-11,0
10,10,-2,10
1,10,1,10
1,0,1,0
-13,1,-13,1
10,-11,-2,-2
-13,-13,-13,-13
1,12,1,-2
2,-11,1,-11
-13,2,-13,2
10,0,10,0
0,1,0,-2
1,-11,1,-11
1,0,1,0
2,1,-2,-20
1,2,1,2
-11,0,-11,0
-11,1,-11,-2
-11,0,-11,0
1,3,1,3
-11,1,-11,1
-11,-11,-11,-11
0,0,0,0
2,-13,-20,-13
-11,-13,-2,-13
0,0,0,0
10,1,10,1
-11,0,-11,-20
1,0,1,0
1,0,2,0
1,-11,1,-11
-13,-13,-13,-13
-13,-13,-13,-13
-11,1,-11,1
-11,-11,-11,-2
-13,0,-13,0
2,10,2,10
-11,-11,-11,-11
0,-11,0,-11
0,0,0,0
1,1,-20,1
2,-13,3,0
11,2,-13,4
1,11,1,11
-11,2,1,2
10,-11,10,1
-11,0,-11,1
11,-11,-2,-11
0,-13,0,-13
0,10,0,10
2,10,3,10
10,-11,10,-11
2,-13,2,-13
1,2,1,2
1,1,1,1
-11,1,-11,1
-11,-11,-11,-11
-11,1,-11,1
-13,-11,-13,-11
0,-13,0,-13
11,0,11,3
-13,10,-13,-2
1,1,1,1
-11,-13,-11,-13
-13,2,-13,-2
2,-13,-2,-13
-13,-11,-13,-11
-13,3,-13,3
-13,0,-13,1
3,1,3,-2
0,0,0,0
10,1,10,-11
10,11,10,11
-13,11,-13,11
-11,11,-11,11
0,-13,0,-13
0,10,0,11
-11,-13,-11,-13
1,10,1,10
-13,-11,-13,-11
-11,0,-11,-2
-13,3,-13,3
-13,1,-13,-2
-11,11,-11,12
3,2,3,2
-11,-13,-11,-13
-13,-13,-13,-2
10,-13,11,-13
2,-13,2,-2
0,1,0,1
-13,-13,-13,-13
10,-13,10,-13
1,0,1,0
-11,1,-2,1
11,11,11,-2
1,-13,1,-13
10,1,-2,-20
0,10,0,-2
0,11,1,11
-11,2,-2,2
10,2,10,-11
0,-13,-2,-13
-13,-11,-13,-2
-13,2,-2,3
-13,2,-13,-2
0,11,0,11
2,1,2,1
10,-13,10,-13
-13,-13,-13,-13
2,-11,2,-11
-13,1,-13,0
-11,-11,-11,-11
0,11,0,11
-13,0,-13,0
1,1,1,1
10,-11,-11,-11
10,-13,10,-13
2,-11,-20,-11
0,-13,0,-13
2,1,2,1
1,-11,2,-11
-13,-11,-13,-2
1,-13,1,-13
-13,0,-13,0
0,1,0,1
11,0,-2,0
1,1,1,1
1,-13,2,-13
1,2,1,3
1,-13,1,-13
-13,-13,0,-13
0,0,-20,0
-13,0,-13,0
-13,1,-13,1
1,2,-2,2
10,1,10,1
-13,-11,-13,-11
1,1,1,1
1,2,-2,2
1,0,-2,0
-13,-13,-13,0
-11,0,-11,-20
-11,-11,-11,-11
-11,-13,-11,-13
-11,1,-11,1
-11,10,-11,10
-11,3,-11,-2
10,1,10,1
0,-11,0,-2
1,-11,1,-11
-11,11,-11,-20
10,2,-2,2
10,-13,10,-13
10,0,11,2
-11,1,-11,-11
10,-13,-20,-13
-13,1,-13,-11
0,1,0,1
-11,1,-11,1
-13,0,0,0
10,10,10,10
1,1,1,1
-13,0,-13,0
1,10,1,-20
10,1,-20,1
1,-11,1,-11
0,1,0,-2
-11,2,-11,-20
1,1,1,1
11,1,11,-20
10,2,10,2
-11,-13,-11,-2
2,-11,2,-11
-13,0,-13,-2
1,-11,-2,0
-11,1,-11,-11
-13,1,-13,-11
-13,1,-13,-11
1,10,1,11
-13,2,-13,2
0,-13,0,-13
0,-13,0,-13
0,1,0,-11
1,-13,1,-13
-13,-11,-13,-2
1,1,1,1
-13,-13,-13,-13
1,-11,1,-11
2,-13,2,-13
11,-13,-13,-13
1,-13,1,-13
2,11,2,-2
1,11,1,-20
1,-13,-2,-13
11,1,11,1
1,-11,1,-11
-11,0,-2,-2
0,2,-2,2
2,10,2,-13
-11,-11,-11,-11
11,1,-2,1
0,0,0,-11
4,-11,-2,-11
-11,0,-11,0
-13,1,-13,1
1,1,1,1
1,-11,1,-11
11,-13,-2,-13
1,1,1,2
-11,-13,-11,-13
-13,-13,-13,-13
2,2,2,2
-13,10,0,-2
2,0,2,0
-13,2,-13,2
-11,1,-11,1
1,-13,1,-13
-13,10,-13,-20
1,-13,-2,-13
-11,11,-11,-11
2,-11,-2,-11
11,0,11,1
0,1,-2,1
0,-13,0,-13
1,1,1,2
-13,2,-13,3
11,1,-2,1
2,2,2,-11
0,-13,-20,-13
-13,1,-13,1
1,-11,-11,-11
1,0,1,0
1,-13,1,-13
10,-11,10,-2
-11,1,-11,1
1,-11,1,-11
-11,-13,-11,-13
0,2,0,-11
3,1,3,1
10,10,11,10
-13,1,-13,2
1,0,1,0
-13,0,-13,0
-11,10,-2,-2
1,1,1,1
0,10,0,10
1,0,2,0
1,-11,1,-11
-11,1,-11,1
1,2,1,2
-11,1,-11,1
0,-13,-2,-13
1,-13,1,-13
10,-13,10,-13
0,1,0,-2
1,-13,1,0
2,1,3,1
-13,-13,-13,-13
1,12,1,-20
-11,10,-2,10
-11,1,-11,0
0,-13,-2,-13
1,-11,1,-11
-11,-11,-2,-2
2,10,2,-20
1,1,-20,2
0,1,-2,1
-11,0,-11,0
1,0,-13,0
1,2,1,2
11,-13,13,-13
1,-13,-11,-13
1,-13,1,-13
-11,0,-11,0
-11,10,-11,10
2,-13,2,-13
1,2,-20,2
10,-11,10,-11
1,-13,1,-13
10,1,11,1
3,1,4,1
10,1,10,1
-13,10,-13,10
2,1,2,2
1,1,1,-2
11,-11,-20,-11
0,11,0,11
-13,-13,-13,-13
11,-13,11,-13
1,-11,1,-11
1,-11,-2,-2
-11,-11,-2,-11
0,-11,0,0
3,11,3,-13
1,1,1,2
1,1,1,2
1,0,1,0
11,-13,-2,0
-11,-11,-11,-11
-13,0,-13,0
2,1,2,-20
-11,2,-2,2
-13,-11,-2,-11
11,1,-2,-2
1,-11,2,-11
1,3,1,3
10,1,-2,1
-11,11,-11,11
11,1,-13,1
11,1,11,1
1,-13,-2,-13
-13,11,-13,-2
11,-11,-20,-11
1,-11,1,-11
-13,1,-13,1
-13,2,-13,2
-13,1,0,1
2,-11,-11,-11
0,10,-20,10
1,0,1,0
11,11,-11,11
1,2,1,3
-11,1,-11,-20
1,-13,1,-13
1,0,1,0
-11,-11,-11,-11
10,-11,-2,-11
1,0,1,0
2,11,-2,11
-13,0,-13,0
10,-13,10,-13
2,0,1,0
1,1,1,1
1,1,1,1
2,2,3,2
-11,0,-2,0
-11,-11,-11,-11
1,2,-2,3
-13,2,0,2
1,10,1,10
1,0,1,0
-13,1,-13,1
2,-13,2,-13
1,0,1,-11
10,0,-2,1
0,-11,0,-11
-13,1,-13,1
11,1,12,12
0,-13,0,-13
1,10,1,10
2,1,2,1
11,-13,11,-13
1,1,1,1
1,2,-2,1
2,-11,2,-2
0,-13,0,-13
1,0,1,0
-13,-13,-13,-13
1,-11,-11,-11
-11,-13,-11,-13
1,1,1,1
-11,1,-11,1
-13,-13,-13,0
1,11,1,11
-11,-11,-2,-2
10,2,-2,-2
1,10,1,10
1,2,1,2
1,-11,1,1
10,0,10,0
1,1,1,1
1,2,1,2
1,-11,1,-2
0,-13,0,-13
-11,2,-11,2
-11,-13,-11,-13
-13,-11,-13,-11
0,-11,0,-2
-11,-13,-11,-13
-13,-11,-13,-11
1,10,-11,10
2,1,2,1
1,2,1,2
10,1,10,1
1,1,1,1
-11,1,-11,1
1,10,11,10
11,1,-11,1
-11,-11,-2,-2
1,1,1,1
-13,11,-13,12
11,2,11,2
1,-11,1,-11
1,-13,1,-13
-11,-11,-11,-11
-13,1,-13,-2
10,1,-2,1
-13,1,-13,-11
1,2,2,3
1,-13,2,-13
0,2,0,2
0,-11,0,-11
-13,-11,-13,-11
1,-11,1,-11
1,-13,1,-13
-11,-13,-11,-13
-13,-11,-2,-11
1,-13,1,-13
-13,1,-2,-13
-11,-11,-11,-11
-13,-11,-13,-11
1,0,1,-2
-11,-13,-11,-13
-13,-11,-13,-11
1,3,1,2
-13,-13,0,-2
1,11,1,11
1,-13,-2,-13
1,1,-11,1
1,0,2,0
0,1,0,1
-13,1,-13,1
-13,-11,-13,-11
1,-11,1,-11
2,-13,2,-13
2,-13,5,-13
-11,0,-2,-2
1,-13,1,-13
1,0,1,0
0,-13,0,-13
-11,1,1,-11
-13,1,-13,2
-13,10,-13,-20
-13,0,-13,1
10,10,10,10
-11,1,-11,-2
-11,-11,-11,-2
-13,-11,-2,-2
-13,11,-13,1
0,1,0,1
1,1,2,1
-11,10,2,10
1,1,-2,-2
-11,3,-11,3
2,-11,2,-11
-13,1,-13,2
-13,3,0,2
1,1,-2,1
10,-11,10,-11
-11,-11,-11,-11
10,1,10,1
-13,-11,-2,-11
11,1,-2,1
11,1,-11,1
-11,1,2,1
2,1,2,1
2,0,2,0
-11,2,-11,2
4,2,4,3
0,-13,0,-13
1,-13,-2,-13
-11,1,-2,-11
-13,1,-13,0
-13,1,-13,-20
0,1,0,2
1,0,-2,0
1,2,1,-11
2,1,2,1
10,2,10,2
1,-11,-13,-11
11,0,11,0
-11,-11,-11,-2
-13,2,-13,2
1,-13,1,-2
0,10,0,10
-11,0,-11,0
10,-11,10,-11
1,1,1,-2
10,1,10,1
-13,-11,-13,-11
0,0,0,0
-13,-11,-13,2
-13,-13,-13,-13
11,1,11,-2
11,1,-2,1
10,-13,-11,-13
0,10,0,-2
10,2,10,2
2,1,-2,1
2,11,-20,-2
1,1,2,-2
-11,-11,-11,-2
11,0,11,0
1,-13,1,-13
0,10,0,-2
-13,1,-13,1
2,2,2,2
1,-13,-2,-13
-11,1,-11,1
1,1,-20,1
1,-11,2,-2
-13,0,-13,0
0,0,0,-20
10,1,10,-20
0,-11,0,-2
-11,0,-11,1
-13,1,-13,1
0,1,0,2
0,1,0,2
-13,0,-13,-20
0,-13,-11,-13
-13,-13,-13,-13
-11,1,-11,1
2,2,2,2
1,11,-20,-2
1,0,-11,2
-11,-13,-11,-13
-11,0,-11,1
-13,-11,0,-11
1,1,-20,-2
1,1,1,1
-13,0,-13,0
-11,1,-2,1
-11,1,-11,-11
2,1,2,1
2,2,2,2
11,1,11,1
0,1,-2,2
2,2,2,3
-11,-13,-11,-13
2,-11,2,-11
0,-11,0,-11
0,10,0,10
-11,0,-11,-11
-13,-11,-13,-11
1,-13,1,-13
10,-11,10,-2
-13,-13,-13,-13
-13,-13,-13,-13
0,0,0,0
1,11,1,11
1,-13,2,-13
-11,1,-2,1
1,1,2,2
0,1,-13,1
-13,0,-13,0
10,-13,10,-2
2,1,-20,1
1,10,1,10
1,-11,1,-11
10,-11,10,-11
-11,-11,-11,-11
-13,0,-13,0
-11,-13,-11,-13
11,10,-2,10
-13,-13,-13,-13
1,1,2,1
0,-11,0,-2
1,11,-2,11
2,-13,2,-13
2,-13,2,-13
1,1,1,1
0,-13,0,-13
-13,-13,-13,-13
10,-13,10,-13
1,0,3,0
-13,1,-13,2
1,-11,1,-2
2,1,-2,1
1,-13,1,-13
-11,2,-11,2
1,-11,-11,-11
-13,1,-13,1
1,1,-2,-2
1,1,-2,0
1,-13,-2,-13
10,1,-2,1
1,1,2,1
1,1,1,-20
-13,1,-2,-2
10,1,10,1
1,0,1,0
1,2,1,2
1,-11,1,-11
-11,1,-11,1
11,11,11,11
3,1,4,1
11,11,-20,-2
-11,2,-11,2
0,1,0,1
2,2,2,3
-13,-11,-13,-11
1,1,2,-20
-13,-13,-13,-13
2,1,-2,0
2,-13,2,-13
1,1,1,1
-11,11,-11,11
-11,-11,-11,-11
2,-11,2,-11
-11,-11,-11,1
1,-13,1,-13
1,2,1,2
-11,0,-11,0
-13,1,-13,2
1,-13,1,-13
-11,10,-11,10
10,0,-2,0
-13,-13,-2,-2
-11,2,-11,-2
10,-11,-20,-11
-11,-11,-11,-11
-11,0,-11,0
0,1,1,1
-11,2,0,-2
-11,-11,-11,-11
0,3,0,-11
1,1,1,1
1,2,1,2
-11,1,-11,1
10,1,-20,1
0,-11,0,0
1,0,1,0
12,-11,-2,-11
-13,-13,-2,-13
-13,10,0,10
11,-13,-11,-13
-13,1,-13,1
-13,-13,-13,-13
2,-11,2,-11
1,1,1,1
1,2,-2,1
2,2,2,3
-13,1,-13,1
1,0,1,0
-11,1,2,1
-11,0,-11,0
0,2,0,-2
1,-13,1,-13
-11,-13,-11,-13
1,-11,-2,-11
10,-13,10,0
1,1,1,2
2,0,-11,0
1,-11,1,-11
2,4,-11,-2
1,-11,-11,-11
-13,1,-13,1
0,1,-20,2
-11,1,-2,1
-13,1,0,1
-13,-11,-13,-11
2,1,-2,2
-13,-13,-13,-13
2,2,2,-2
1,1,1,2
2,1,-11,2
-13,-13,-13,-13
0,3,0,3
1,-11,-2,-11
-11,-13,-2,-13
-11,-13,-11,-13
-11,0,-2,0
-13,3,-13,3
0,1,0,1
10,11,10,11
-13,-13,-13,0
1,1,1,1
1,0,1,0
-11,-11,-11,-11
1,1,2,2
0,-11,0,-11
1,-11,1,-11
-13,10,0,-2
1,1,1,1
2,2,2,2
1,10,1,10
1,1,1,-2
-13,0,-13,0
0,-13,-20,-13
10,-11,10,-2
0,1,0,-2
1,1,1,1
10,1,10,1
2,-13,-2,0
2,1,-11,1
1,2,1,1
-13,10,-13,-20
1,-11,1,-11
-13,1,-13,1
-13,10,-13,10
1,1,-2,-2
1,11,1,12
1,-11,1,-11
1,1,1,1
10,-13,-2,-13
1,-13,-2,0
2,-13,2,-13
1,-11,1,-11
2,-13,2,0
0,1,0,-2
1,-11,1,-11
10,10,-2,-11
10,-13,10,-13
1,-11,-2,-11
10,-11,10,-11
-11,10,-11,10
-13,1,0,1
-11,11,-11,-20
11,-13,-20,-13
10,1,-20,1
-11,1,-11,2
-11,10,-2,10
2,-11,2,-11
10,0,-11,0
-11,-11,-11,-11
-13,1,-13,2
10,11,-2,-11
1,1,1,-20
1,-13,1,-13
1,-11,2,-11
10,-13,10,-2
1,1,-13,1
-13,-11,-13,-11
2,0,2,0
2,1,2,1
10,-13,-2,-13
1,1,1,2
-11,10,-11,10
1,10,4,12
2,0,-20,0
2,1,1,1
-11,0,-11,0
2,0,4,-13
-11,1,-11,1
2,0,2,0
11,0,12,-2
1,-13,1,-13
10,0,10,0
1,1,-11,-2
0,-13,0,-2
-11,-11,-11,-11
11,0,-20,-2
-13,-11,-13,-2
1,-13,1,-13
-13,-11,-13,-11
1,-11,1,-11
-11,0,1,0
-11,1,-11,1
-11,1,-11,1
2,1,2,1
10,-11,-2,-11
10,1,10,-13
-11,1,-11,1
0,-11,0,-11
-11,-13,-11,-13
1,10,1,10
10,0,1,0
0,-13,0,-13
2,0,2,0
1,11,1,10
1,1,2,1
1,-11,-2,-2
-13,1,-13,1
-13,-11,-13,2
10,-13,10,-13
1,-13,1,-2
-11,-11,-2,-11
10,-13,-2,-13
-11,1,-11,1
1,10,1,-2
-13,1,-13,1
-13,1,-13,1
-11,0,-2,0
-11,-11,-11,-11
1,2,1,2
1,1,-2,1
1,-13,2,-13
0,-13,0,-13
-11,0,-11,0
0,-11,0,0
-13,-13,0,-13
10,-11,10,-11
1,-11,1,-11
1,1,2,1
1,0,1,0
-13,-11,-13,-11
11,10,12,10
0,2,-20,-11
2,-11,2,-11
-11,-11,-11,-11
2,11,2,11
-11,-11,-11,1
-13,11,0,11
1,-11,-2,-2
1,1,1,1
-11,11,-11,11
1,-11,1,-11
-13,-13,-13,0
1,0,1,0
1,1,-2,-2
-13,-11,-13,1
-11,-13,-11,-13
2,-13,2,-13
10,10,10,10
-13,-13,-13,-13
-11,11,2,11
-11,1,-11,-20
2,11,1,11
2,-11,2,-11
2,0,2,0
-11,-11,-11,-11
1,-11,-2,-11
-11,0,-11,0
1,1,1,1
11,2,11,-11
11,11,11,11
2,10,2,-2
1,10,1,-20
-13,0,-13,0
0,10,0,-2
2,-13,2,-13
-11,-11,-11,-11
2,-13,2,-2
0,10,-20,10
1,-11,1,-2
3,10,3,-2
0,-13,0,0
0,-11,-2,-2
1,1,1,1
-11,0,-11,-20
-11,11,-2,-20
0,-11,-20,1
1,1,2,1
-11,-13,-11,-13
1,10,-11,-11
0,-11,5,-11
1,1,1,1
11,10,11,12
0,1,0,1
1,2,-11,2
-13,1,0,1
0,1,0,1
1,10,-2,10
2,10,-2,10
0,-13,0,-13
-11,-13,-11,0
0,-13,-2,-2
-13,-11,-13,-11
-11,-13,-11,-13
-13,-11,-13,-11
10,10,10,11
-11,2,-2,-2
1,0,-20,0
2,-13,2,-13
-11,10,-11,10
2,-13,2,-13
-11,1,-11,1
1,1,1,1
-11,0,-11,0
-11,1,-11,1
1,1,1,1
1,1,1,1
2,-13,3,-13
-11,-13,-11,-13
-13,10,-13,10
-11,1,-11,2
2,1,3,1
2,0,-2,0
-11,10,-11,-2
-13,1,-13,1
1,1,1,1
-11,-11,-11,-11
1,10,1,10
11,0,-2,0
-11,-11,-11,-11
-11,1,-11,1
-13,1,-13,1
0,-11,0,-11
0,1,2,1
-11,1,-11,1
2,10,2,-11
0,1,0,1
0,2,0,2
1,11,1,-2
1,1,1,1
-11,-11,-11,-11
1,1,1,1
0,-13,0,-13
11,-13,11,-13
1,1,1,1
2,-13,2,-13
1,1,1,-11
10,0,-11,0
1,2,1,-20
-11,11,-11,-2
-11,-11,-11,-11
-13,0,-13,0
0,-13,0,-13
1,-11,2,0
-13,11,-13,-20
0,-11,0,-11
-13,-13,0,0
2,10,2,10
-11,0,-11,0
-13,1,-13,1
2,0,2,0
1,-11,1,-11
1,-13,1,-13
2,-11,2,-11
0,10,-2,-2
2,1,2,-2
1,0,1,0
10,-13,-2,-13
3,1,3,1
2,1,2,-2
1,-13,1,0
10,0,-2,-20
10,1,10,1
10,3,10,2
1,0,1,0
-11,1,-11,1
11,0,11,0
2,-1,2,11
-13,0,-2,0
-11,2,-11,2
0,1,0,1
0,-13,0,-13
-13,-13,-13,-13
-11,10,-11,10
11,-11,-20,-11
1,-11,-13,-11
1,2,1,2
11,1,-20,-2
10,1,-20,1
2,-13,-2,-2
10,1,10,1
11,10,11,-20
1,-13,1,-13
10,1,-2,-2
-13,0,-13,0
10,2,10,2
-11,1,1,2
10,-11,11,-2
1,2,1,3
-13,1,-13,1
-13,-13,-13,-13
1,-13,2,0
10,-13,-20,-13
-13,0,-2,0
-11,1,-11,1
2,-13,2,-13
2,1,2,1
1,1,1,1
10,-13,-20,-13
1,1,1,1
11,0,11,-13
-11,11,-11,11
-13,1,-13,1
-11,-11,-11,-11
-11,0,-11,0
1,11,2,12
10,-11,10,-11
-11,-13,0,0
-11,2,-11,2
-13,1,-13,1
-13,1,-13,-2
0,-11,0,-11
-13,1,-13,1
0,-13,-20,-13
1,10,2,10
1,-11,-11,-2
1,-11,1,-11
10,-13,-13,-13
-11,11,-11,-2
1,-13,-11,-13
-11,2,-11,3
-13,1,-13,1
-11,1,1,1
-13,1,-13,1
-13,-11,-13,-11
10,2,10,2
1,11,-20,11
11,0,12,0
10,-11,-2,-2
2,1,2,1
-11,-11,-11,0
10,-11,10,-2
2,1,2,-11
-13,2,-13,2
10,10,10,10
-13,2,-13,2
-13,-11,0,-11
2,-11,-2,-11
-13,1,-2,-2
10,1,10,-2
-13,-13,-13,-13
-13,0,-13,2
-13,-13,-13,-13
1,-13,1,-13
1,1,1,1
10,10,-2,-2
0,-11,0,-11
1,1,1,1
1,0,0,-2
-11,2,-11,2
2,1,2,1
1,-13,-20,0
1,11,1,-11
-11,1,-2,1
10,2,-1,1
1,0,1,-2
10,1,10,1
-11,1,0,1
-11,-13,-11,-13
0,11,0,-11
10,0,-11,-2
10,1,10,1
0,2,-20,-11
1,10,1,10
-13,2,1,2
2,1,2,1
4,0,4,0
1,11,1,11
-13,1,-13,-2
-11,-13,0,-13
1,0,1,0
1,1,1,1
2,0,-2,-2
0,2,0,2
12,0,-2,-1
-13,10,-13,-11
3,0,2,0
2,1,2,1
-11,0,-11,-2
1,-13,1,-13
10,-13,10,-13
-11,1,-11,1
-13,2,-13,2
-13,1,-13,2
0,-11,0,-11
0,1,0,1
0,10,-2,10
-13,-11,0,-11
0,1,0,2
-13,-11,-13,1
-13,-13,-13,-13
-11,-13,-11,-13
1,-13,1,-13
1,-11,2,-11
1,1,1,-2
0,2,0,2
1,0,-20,0
-11,-13,-11,-13
1,0,1,0
11,10,11,10
-11,1,-11,1
0,0,-2,-20
0,10,0,10
2,1,2,1
-11,-11,-11,-11
-11,1,1,1
-13,-11,-13,-11
0,10,0,10
2,1,-11,1
-11,1,-11,1
2,-13,2,-13
-13,10,-13,10
10,0,-2,0
-11,-11,-11,-11
1,-11,1,-11
-13,0,-13,-20
0,10,0,10
10,1,-20,1
0,1,0,1
-11,11,-11,1
1,10,-2,-20
-11,0,-2,0
-11,1,-11,1
-11,11,-11,-20
1,10,1,-11
-11,-13,-11,-13
3,10,2,-2
10,0,10,0
-11,1,-11,2
-13,1,-13,-13
-13,-13,0,-13
-13,-11,-13,-11
0,2,2,-20
1,10,1,10
1,1,4,1
1,11,1,11
-11,-13,-11,-13
10,1,-20,1
-11,1,-11,1
10,1,-20,-2
10,1,10,2
-13,-11,-13,-11
0,0,0,-20
0,1,0,1
-11,1,-11,1
-11,-13,-11,-13
0,3,0,3
-11,2,-11,2
1,1,1,2
-13,-13,-13,-13
-13,2,-13,2
-13,1,-13,-11
2,0,2,0
10,-13,11,-13
0,0,5,0
1,12,1,12
1,0,1,1
1,0,1,0
0,0,0,-20
10,2,-20,2
2,-13,-13,-13
-11,0,-11,2
0,-11,0,0
0,-11,0,-11
0,2,0,2
0,0,0,0
1,-11,1,2
1,-11,1,-11
-11,-13,-2,-13
-11,0,-2,0
1,10,1,-2
1,1,1,1
-13,-13,-13,-13
-13,1,-13,-2
-11,-13,-11,-13
-13,2,-13,2
0,-11,-20,-11
0,2,0,2
1,2,1,2
-11,-13,-11,-13
-13,-13,-13,-13
11,-11,11,-11
10,1,-1,-2
0,-11,0,-11
10,-13,10,-13
2,-11,2,-11
-11,1,-11,5
1,1,1,-11
0,-11,-11,-11
-13,10,-13,-20
-13,0,-2,-2
-13,2,0,2
10,0,10,0
11,11,11,-2
11,0,11,0
2,-11,2,-2
-13,11,-13,-11
-13,-13,-13,-13
11,-13,12,-13
-11,10,-11,10
1,2,1,2
2,1,2,-20
0,1,0,1
-13,10,-13,10
10,1,-2,1
1,0,1,-2
11,-11,-20,-2
-11,0,-2,0
1,10,-20,-2
1,10,1,10
-13,-13,0,-2
1,0,1,2
3,2,3,1
1,2,0,-20
10,-11,10,-11
2,10,-2,-11
1,0,1,-20
-13,1,-13,2
-13,-11,-13,-11
-11,-11,-11,-11
2,1,2,2
2,10,2,10
0,-11,0,-11
-11,0,-11,0
0,-13,0,-2
1,1,1,-2
2,0,2,0
2,-13,3,-13
-11,11,-11,11
-11,-11,-11,-11
1,-11,1,-11
1,1,2,1
-11,0,-2,-2
-13,11,-13,-2
-11,-11,-11,-11
0,-13,0,-13
-13,10,-13,12
0,-13,0,-13
0,-13,0,-13
1,0,1,0
1,1,1,1
-11,0,-11,0
1,1,1,1
1,1,5,1
10,1,10,1
-11,-11,-11,-11
0,-11,0,-11
-11,-11,-11,-11
0,1,0,1
2,2,-2,2
2,1,1,1
1,0,1,0
2,1,2,1
3,-13,2,-2
-13,1,-13,-11
-11,-11,-11,-11
0,1,0,1
-13,11,-13,11
0,1,0,1
0,1,0,1
0,10,0,-2
1,-13,1,-13
2,1,2,-2
2,-13,2,-13
-11,2,-11,-2
-13,1,-2,1
2,10,-2,10
1,0,1,0
11,10,11,-2
1,3,-11,3
-13,2,-13,2
11,-13,-13,-13
-11,-11,1,-2
11,1,-2,-20
-11,2,-2,12
11,11,-2,-20
1,-11,2,-11
-11,1,-11,1
10,-11,10,-11
1,0,2,-20
1,-13,1,-13
1,-11,1,-11
1,-11,1,-11
-13,10,-13,10
1,-11,0,-2
-13,11,-13,11
0,0,0,0
-11,0,-11,-2
0,-11,0,-11
10,0,-2,0
1,1,1,1
1,-13,1,-13
-11,10,-11,10
-11,-13,-11,-13
-13,-13,0,-13
-11,0,-11,0
1,11,1,11
2,1,2,1
-11,-11,-11,-11
1,1,1,1
1,2,2,2
1,-11,1,-11
-11,1,-2,1
1,1,2,1
2,-11,2,-11
1,-11,1,-2
1,1,1,-13
1,-11,1,-11
1,-13,1,-13
2,1,2,1
3,11,3,-11
1,11,1,12
10,-13,10,-13
-13,0,-13,0
0,1,0,1
0,-11,-11,1
-11,1,-11,2
0,-13,0,-13
1,0,1,0
-11,11,-11,11
1,1,1,1
-13,-11,-13,-11
1,1,-11,1
-11,1,-11,1
-13,12,-13,12
10,1,10,1
10,1,11,1
1,2,1,2
-11,0,-11,-20
-11,11,-11,11
1,-11,12,-11
-13,2,-13,-2
1,-13,-20,-2
2,10,2,10
1,-13,1,-13
1,2,-11,1
1,-11,1,-11
-11,1,-11,-11
1,1,1,1
1,-13,-2,-2
2,0,-2,0
1,-11,1,-11
-11,-11,-11,-11
1,0,1,-20
1,10,1,-2
0,1,0,2
-13,-11,-13,-2
1,11,-2,-2
-13,1,-13,2
10,0,11,-20
0,1,-2,1
1,-13,1,-13
1,1,1,1
10,1,-20,-2
10,1,-2,-2
1,-11,1,-11
2,10,-20,10
0,0,0,0
1,1,1,1
1,3,2,3
0,2,0,-20
-13,-11,-13,-11
10,-13,10,-13
0,-11,1,-11
1,-11,-11,-11
-11,1,-2,1
-11,-13,-11,-13
10,1,-2,1
-11,2,-11,2
-13,3,-13,3
10,-11,-2,-11
11,1,11,1
2,-11,-2,-11
11,-13,11,-13
0,1,0,1
-13,-13,-13,-13
11,-13,11,-13
0,-13,1,-13
10,11,0,-11
-13,1,0,1
-13,-13,-13,-13
0,1,-2,1
10,-11,10,-11
0,-13,0,-13
0,3,-20,4
-13,-13,-13,-13
1,1,1,-2
10,11,-2,-2
-11,-13,-11,0
1,0,1,-20
0,0,0,0
0,2,0,2
-13,-11,-13,-11
1,-13,-11,-2
2,10,2,-2
-13,-11,-13,-11
1,1,1,1
2,1,2,1
0,2,0,-2
1,-13,1,-13
-13,-13,-13,-2
2,11,-2,-2
-11,2,-2,-2
11,0,1,0
-11,-11,-11,-11
-13,-11,-13,-11
11,-11,-11,-11
2,0,1,0
0,1,0,1
2,0,2,0
10,0,-2,0
2,0,2,0
2,11,2,11
-13,-11,-13,-11
-11,-11,-11,-11
0,1,0,-20
1,-11,1,-11
-13,-13,-13,-13
1,-11,1,1
10,1,-20,1
0,1,0,1
1,-13,1,-13
11,-13,11,-13
-13,2,-13,-2
-11,1,-11,1
1,2,-20,2
1,-11,1,-2
1,-13,1,-13
10,1,10,-20
10,0,-20,0
1,0,1,-20
-13,1,-13,-11
11,1,-2,-2
-13,-11,-13,-11
11,-11,-2,-11
-11,1,-11,1
-11,1,-11,1
-13,-11,-13,-11
-11,1,-2,1
1,1,1,1
2,-13,2,-13
11,10,-13,11
0,10,0,-2
11,-11,11,-11
-13,1,-13,1
2,11,2,12
11,-11,-2,-11
-13,-13,-13,-13
-13,-13,-13,-13
1,11,0,11
1,0,1,-20
0,2,-20,-20
10,-13,10,-13
1,10,1,10
1,2,1,2
0,-13,0,-2
1,0,1,0
-11,-13,-2,-13
2,-13,2,-13
2,0,1,-2
1,-13,1,-13
-11,-13,-11,-13
1,2,-1,-2
-11,-11,-2,-11
10,0,-11,0
2,1,2,1
-11,0,-2,2
1,0,1,0
-11,1,-2,3
2,1,-2,1
1,1,1,2
10,2,-2,2
1,1,1,1
-11,1,-11,1
1,1,2,1
0,-11,0,-11
-11,-13,-11,-13
-11,1,-11,-2
-11,-13,-11,-13
-11,1,-11,0
1,1,1,1
1,10,2,12
0,-11,0,-11
2,1,-11,1
-11,1,-11,1
1,1,1,-11
10,0,-2,-2
1,-13,1,-13
-11,2,-11,2
2,1,-2,1
1,1,1,1
2,1,2,1
1,1,1,1
-13,10,-13,10
-11,10,-2,10
10,11,-2,11
-11,-11,-11,-11
0,-13,0,-13
1,0,1,0
-13,-13,0,0
2,-11,2,-11
0,1,0,1
1,-11,1,-11
1,-13,1,-13
2,1,2,1
-13,10,-13,10
10,12,-2,2
1,-11,2,-11
10,0,10,-20
10,2,-2,2
2,10,-20,-2
1,11,1,11
2,-11,2,-11
-13,1,-13,-13
1,-13,1,0
-11,-11,-11,-11
1,10,0,-2
0,2,-2,-2
1,-13,1,-13
11,2,-11,2
2,-13,3,-13
0,-13,0,-13
1,-11,1,-11
1,-13,0,-13
0,0,0,0
0,0,0,0
10,10,11,-11
1,1,-2,-2
-13,1,-2,1
-11,2,-11,2
2,10,2,10
0,0,0,0
1,1,1,1
0,1,0,1
1,2,1,-2
1,-11,1,-11
0,-11,0,-11
1,1,1,-2
0,0,0,0
0,2,0,2
11,-11,11,-11
-11,1,-11,1
-11,0,-11,0
-13,-13,-2,-13
1,2,2,2
1,-13,1,-13
1,0,1,0
-13,-11,-13,-2
1,-13,1,1
-11,1,-11,1
0,0,1,-20
10,11,-2,11
1,0,1,0
1,2,1,2
12,1,12,1
-11,1,-11,2
-11,-13,-11,-13
10,1,11,1
0,10,0,10
-13,10,-13,12
0,-11,0,-11
-13,0,-13,0
0,0,0,-2
11,0,-1,0
0,1,0,1
-13,10,-13,-2
10,2,-2,2
-13,-11,-13,-11
-13,-11,-13,-11
-13,-11,-13,-2
-13,-11,-13,-11
2,-11,2,-11
0,-13,0,-13
-11,11,-11,11
0,-13,0,-13
2,-11,2,-11
-13,-13,-13,0
1,10,1,-20
-11,1,-11,1
-13,-11,-13,-11
1,0,-2,0
1,1,1,1
10,10,-2,10
1,-13,1,-13
1,10,1,10
0,-11,-2,-11
-11,-13,-11,-13
1,1,-20,1
10,10,-2,10
0,0,0,0
1,-13,-2,-13
-11,-13,-11,0
1,1,1,1
11,-11,11,-11
2,-11,1,-11
10,-11,-20,-11
-11,-11,-11,-11
-11,-11,-11,-11
-11,-13,-11,-2
-13,-11,-13,-11
3,1,3,1
1,-13,1,-13
2,2,2,-2
1,-11,1,1
0,-13,0,-13
2,10,-20,-20
-13,1,-13,1
1,1,1,1
-11,1,-11,1
-13,10,0,10
1,-13,-11,-13
1,-11,1,-11
1,10,1,-2
10,3,-20,-11
10,1,10,1
-11,2,-11,3
-11,-13,-11,-13
1,0,-2,0
1,1,1,1
-11,0,-2,-2
1,-11,1,-11
1,0,1,0
-13,10,-13,-2
-11,1,-11,-2
3,1,-11,1
-11,1,-11,2
-1,-11,-2,-11
2,-13,2,-13
0,-11,10,-11
10,1,-2,2
1,-13,-11,-2
-11,-13,-11,-13
-11,2,-11,-2
1,3,1,3
-13,0,-13,0
3,-13,3,-13
10,-11,-20,-2
2,-13,2,-13
-11,11,-11,11
-13,-11,-13,-2
-11,2,-11,2
-13,2,-13,2
1,10,1,-2
0,1,0,2
1,-11,1,-11
2,1,2,1
-13,1,-13,-11
1,1,1,0
10,10,-2,10
-13,-13,-13,-13
-13,1,-13,1
-13,-13,-13,-13
2,-11,2,-11
1,1,4,-2
-13,2,-2,2
0,1,0,1
1,1,1,1
11,-11,-2,-11
-13,1,-2,1
0,10,0,10
0,-13,0,-13
1,0,1,0
-11,-11,-11,-11
-11,10,-11,-2
-13,-11,-13,-11
0,1,0,-2
-13,1,-13,1
-13,1,-13,-2
1,2,-2,-13
-11,2,-11,2
11,10,10,11
1,1,1,1
11,1,-1,2
-11,-11,-11,1
10,1,10,1
-11,11,-11,11
10,1,-2,1
2,1,1,1
1,1,-11,1
1,1,1,2
0,-11,0,-11
10,-11,-2,-11
-11,-13,-11,-13
1,2,1,2
11,-11,-1,-2
-11,1,-11,2
-13,-11,-13,-11
2,0,3,0
1,1,1,1
1,2,1,2
10,-11,10,-11
1,1,3,1
1,0,-13,0
-13,1,-13,1
-11,0,-11,0
1,1,1,1
2,1,2,1
10,-11,-2,-11
1,1,1,1
0,1,0,-20
2,1,2,1
1,1,1,1
1,-11,1,-11
1,1,1,1
11,1,12,1
3,-11,4,-2
-11,0,-11,0
-11,10,-11,10
-11,1,-11,1
1,10,-20,-20
-13,-13,-13,-13
-13,11,-13,-20
11,2,-2,-2
-11,1,-11,1
-13,-13,-13,-13
-11,1,-11,1
-13,10,-13,10
2,2,2,2
1,-13,1,-13
2,-11,2,-11
-11,2,-11,2
-11,10,-11,-2
-11,-13,-2,-2
1,0,1,0
10,-13,11,-2
1,0,2,0
2,11,1,-2
-13,2,-13,-13
-11,10,-11,12
0,12,0,-20
-13,1,-13,1
0,2,0,2
1,1,-2,1
-13,0,-13,0
1,-11,1,-11
11,0,-2,-2
1,-13,1,-13
1,2,-2,2
0,-11,-2,-11
-11,0,-11,0
-11,10,-11,10
1,11,1,-11
-13,-11,-13,-11
-11,1,-11,1
1,1,1,1
0,2,0,3
1,11,1,-2
-13,10,-13,-2
11,-11,11,-2
10,1,-2,1
-11,0,-11,0
10,1,-2,2
2,-13,-2,-13
1,-13,2,-13
1,1,1,1
-11,1,-11,1
-11,1,-11,1
-11,2,-11,2
-11,-13,-11,-13
0,10,0,-20
1,1,1,-2
0,1,0,-20
1,10,1,10
1,0,1,0
2,-13,3,-13
1,0,-11,-2
10,-11,10,-11
0,-13,0,-13
-11,-11,-11,-11
-11,1,-11,1
11,-13,-2,-2
-11,2,-11,2
-11,2,-11,2
-11,1,-11,1
2,10,2,10
1,-11,1,-11
10,-11,-2,-11
-11,1,-11,4
0,0,0,0
1,1,-11,1
10,1,10,1
-11,-13,-11,-13
-11,10,-11,-2
1,0,-2,1
0,0,0,0
11,1,3,1
-13,1,-13,-2
-11,0,-11,0
1,1,1,1
1,1,1,1
11,-11,-2,-11
-11,1,-11,1
-11,2,-11,-2
1,3,2,2
1,-13,1,-13
10,11,-2,-11
2,1,1,1
1,2,-2,-2
11,10,-2,10
1,-13,2,-13
-11,-11,-2,-11
-11,-13,-11,-13
0,-11,0,-11
0,-11,0,-11
10,1,10,1
-13,10,-13,-2
0,-13,0,-13
1,1,-20,-20
1,1,1,1
2,1,2,1
-11,1,-11,2
1,10,-2,10
2,0,-11,0
-11,-13,-2,-2
-11,1,-11,1
1,1,0,1
10,11,-2,11
10,0,10,0
11,1,11,1
-13,-11,-2,-11
11,-11,11,-2
-13,-13,-13,-2
1,0,1,0
10,2,0,1
-13,1,-13,1
-13,-13,-13,-13
-11,1,-11,1
1,-11,1,-11
1,10,1,0
1,3,1,-11
0,-13,0,-13
-13,10,-13,10
-11,2,-11,3
2,0,2,-2
-13,1,-13,1
10,3,-11,3
-13,-13,-13,-13
1,1,2,2
-13,1,-13,1
-13,11,-13,-11
1,-11,1,-11
-13,-11,-13,-11
-11,10,-11,10
-11,10,-11,-2
1,11,1,12
1,1,-11,-11
1,0,-2,0
-13,-13,-13,-13
10,1,10,1
11,1,11,1
-13,1,-13,1
11,-13,11,-13
-11,1,-11,1
1,0,1,0
1,2,1,3
2,12,2,15
0,0,-20,0
1,11,1,13
1,1,1,1
-13,-13,-13,-13
-11,-13,-11,0
1,-11,1,-11
0,0,0,0
0,1,-20,3
0,-13,0,-13
1,-11,1,-11
-11,-13,-11,-13
0,1,0,-2
10,2,-11,2
1,0,1,0
0,-13,0,-13
2,1,2,1
1,0,1,0
-13,0,-13,0
-11,11,-2,11
-11,-13,1,-13
0,-13,3,-13
1,1,-11,1
1,-11,1,-11
-11,-13,-11,-13
-11,1,-11,2
10,0,-2,0
0,1,0,1
1,-11,1,-11
1,-11,-2,-2
-11,-13,1,-2
-11,-11,-11,-2
-11,0,-11,0
1,11,1,-2
-13,10,-13,-11
-11,0,-11,1
1,-13,1,-13
10,11,11,-20
0,2,2,2
3,-11,2,-11
0,0,0,0
-13,-11,-13,-11
-11,-11,-11,-11
0,-11,0,-11
10,11,10,11
1,-11,1,-11
0,1,1,1
-11,-13,-11,-13
1,-11,1,-11
2,1,2,-2
-13,1,-13,-11
-11,11,-2,11
-11,10,-11,10
-11,10,-11,10
-13,-11,-13,-11
-13,10,-13,10
1,1,-20,1
-13,10,0,-2
1,-11,1,-11
1,1,1,1
0,1,0,1
-13,0,-13,0
1,-11,1,-11
0,1,0,2
-11,-13,-11,-13
-11,-1,-11,-1
1,0,1,0
0,1,-1,1
1,1,1,-20
1,-13,1,0
1,2,1,2
10,0,10,0
-11,1,-11,1
10,1,-2,1
-13,1,-13,1
1,-11,-20,-11
2,1,2,2
1,-13,1,-13
1,-11,1,-2
1,-11,-2,-11
1,-11,-2,-2
1,0,1,0
-11,-11,0,-11
1,1,1,2
10,-13,-2,-13
1,0,1,0
1,10,2,-11
3,1,3,0
10,1,-13,1
-11,10,-11,10
2,-11,3,-11
-11,-11,-11,-11
1,0,1,0
-11,1,1,1
-13,0,-13,0
1,1,1,1
10,-11,10,-2
-13,0,-13,0
-13,1,-13,1
2,1,-2,2
1,2,1,-2
-13,10,-13,10
-11,1,-11,1
1,0,1,0
11,1,-11,-2
0,1,-20,1
10,2,10,2
-11,0,-11,0
-13,2,-13,-2
-13,0,0,0
-13,1,-13,1
12,2,13,2
1,2,1,2
0,0,-2,0
-13,1,-13,1
1,1,1,-13
1,-13,1,-13
2,1,2,-20
-13,0,-13,1
-13,1,-13,1
-13,1,-2,1
0,11,0,-2
2,11,2,-2
2,-11,1,-11
1,1,1,1
1,10,1,10
-13,0,-2,0
1,1,1,1
10,11,-2,-2
10,0,1,0
-13,11,-2,-11
1,1,1,1
-11,1,-11,1
2,-11,2,-11
1,-13,1,-13
10,1,10,1
-13,-11,-13,-11
-13,1,-13,1
-13,1,-2,1
-11,1,-11,-2
1,1,-20,1
11,2,-2,12
1,-11,-2,-11
-13,-13,-13,-13
1,10,1,-2
10,1,10,1
-13,1,-13,1
1,10,-11,11
11,1,11,1
-11,1,-11,-11
0,11,-2,-13
0,0,0,0
1,0,1,0
-11,-11,-11,-11
10,1,10,1
1,1,-2,1
11,-11,-2,-2
-11,1,-11,1
-11,-11,-11,-11
-11,1,-11,-20
-13,-11,-13,-11
-11,0,-11,-20
0,1,-20,1
-13,1,-13,0
10,11,10,-2
-11,-11,-11,-11
-13,-11,0,-11
-13,-11,-13,-11
11,-13,11,-13
2,0,2,0
-11,-13,-2,-2
-13,11,-13,11
-11,1,-2,1
10,-13,-11,-13
-11,0,-2,0
-13,-11,0,-11
10,2,10,-2
1,-11,1,-11
0,-13,0,-13
0,1,0,2
0,1,0,1
0,-11,0,-2
-11,2,-11,2
0,1,-2,1
-11,-11,-11,-11
1,-13,1,-13
11,-13,11,-13
1,1,1,1
2,1,2,1
-11,0,-11,0
2,-11,2,-11
11,0,-2,-20
0,2,0,2
1,11,2,11
-11,-11,-11,-11
-13,2,-13,2
1,10,1,-2
2,11,1,11
0,0,-2,-2
1,1,1,1
1,1,1,1
0,11,-20,11
1,-13,1,-13
0,1,0,1
-11,-11,-11,-11
1,0,1,0
0,-11,1,-11
-13,10,0,-2
-11,1,-11,2
-11,-13,-11,-13
1,11,1,-13
-13,10,-13,10
-13,1,-13,-2
1,-11,-20,-2
2,1,2,1
-13,-11,-13,-11
0,2,0,3
-11,2,-11,2
-13,1,-13,1
-11,1,-11,1
-13,1,-13,1
0,11,0,11
-13,-11,-13,-11
-13,-13,-13,-13
2,1,2,1
1,-11,1,1
-11,-11,-11,-11
-13,1,-13,1
-13,-11,-13,-2
-11,-13,-11,-13
-13,10,-13,10
10,11,10,-11
0,-13,0,-13
1,1,1,1
-11,-11,-11,-11
11,-11,11,-11
-11,-13,-11,-13
-11,-13,-11,-13
-11,-11,-11,-11
0,-11,0,-11
-11,10,-11,-20
-11,10,-11,-2
-11,-13,-11,-13
-11,-11,-11,1
10,-11,-11,-11
2,-11,1,-11
10,1,-11,1
-13,0,-13,0
10,-13,10,-13
1,-13,1,-2
0,-11,0,-11
-11,2,-11,2
10,11,10,11
0,-11,0,-11
-11,-11,-11,-2
2,1,13,1
11,2,4,2
10,-11,-2,-2
1,1,1,0
4,-11,3,-2
10,1,10,1
-13,-11,-13,-11
10,1,-11,1
3,0,3,0
1,1,1,1
10,0,10,0
-13,2,-13,2
10,-13,-2,-13
10,-11,10,1
10,10,-2,10
10,1,-2,1
-13,-11,-13,-11
-13,0,-13,0
-13,0,-13,-20
1,10,1,10
2,1,2,1
-13,1,-13,1
1,1,1,1
2,-11,1,-11
-11,1,-11,-2
-11,-11,-11,-11
-11,0,-11,0
-13,-13,-13,-13
0,2,-11,2
-11,1,-11,1
1,-13,1,-13
0,-13,0,-13
-13,1,-13,1
-13,-11,-13,-11
1,-13,1,-13
-11,1,-11,1
10,1,10,2
-11,1,-11,1
-13,1,1,1
0,1,-11,1
-11,1,-11,1
1,-13,1,-13
-11,10,-11,-2
0,1,0,-11
0,-13,-2,-13
2,-11,2,-11
10,2,-2,2
-11,1,-2,1
1,-13,1,-13
-11,-13,-11,-13
1,0,1,0
-11,1,-2,1
10,-11,10,-11
-11,-13,-11,0
2,1,3,1
1,-13,1,-13
-11,3,-11,3
1,-13,1,0
1,-1,2,-1
0,2,0,1
1,2,1,-2
11,0,-20,-20
-13,1,-13,1
1,10,1,-2
1,-11,1,-11
1,10,-20,10
10,1,10,1
-11,0,-11,0
1,1,1,1
11,1,-2,1
-13,2,-13,1
1,11,-2,1
-13,0,-13,0
2,2,3,1
1,10,1,12
10,1,-2,2
1,1,2,2
10,1,-2,1
-13,-11,-13,-11
-11,-11,-11,-11
1,1,1,1
0,-11,0,-11
1,2,1,2
0,11,0,-2
0,-13,0,-13
0,-13,0,-13
-11,2,-11,2
2,1,2,1
-11,-11,-11,-11
1,1,1,1
1,0,2,0
1,3,1,-2
-13,0,-13,0
1,-13,-2,-13
2,10,2,10
-11,-11,-11,-11
2,10,2,10
1,0,-11,0
1,-13,-2,-13
-13,0,-13,0
1,1,-2,1
-13,1,-13,1
0,11,0,-20
1,0,1,0
2,11,-2,11
0,-13,0,-2
-11,11,-11,11
2,-13,-11,-13
3,-13,2,-13
-13,-13,-13,1
0,-11,-20,-2
10,-13,-2,-13
1,10,1,-2
-13,10,-13,10
-13,1,-13,1
0,-11,0,-11
1,1,1,2
-13,2,-13,1
1,-13,1,-13
10,0,-20,0
-13,1,-13,1
10,0,-2,0
4,11,-2,12
-11,1,1,1
10,-13,10,-13
1,1,1,1
-13,1,-13,2
10,1,10,1
1,2,1,2
0,2,0,2
-11,1,-11,1
2,1,2,1
-13,11,-13,-2
1,2,1,2
10,1,-13,2
0,11,0,11
1,1,1,1
1,-11,1,-11
1,1,1,1
12,2,-20,2
-11,1,-2,-20
1,-13,1,-13
-13,3,-13,-20
1,2,1,-2
10,-11,-2,-11
-11,2,-2,-20
-11,2,-11,2
-13,-13,-13,-13
1,-13,1,-13
0,1,0,1
10,1,10,1
-13,-13,-13,-13
10,-13,-13,-13
-13,2,-13,-13
2,1,2,1
1,-13,2,-13
10,-13,-2,-13
-11,-13,-11,-13
10,1,10,1
-13,1,-13,2
-13,0,-13,0
0,2,-2,2
0,0,-2,0
2,-13,2,-13
-11,-11,-11,-11
0,1,0,1
1,2,1,2
2,11,2,11
-11,10,-11,1
-11,2,-11,4
1,0,1,0
0,11,-2,-2
1,1,1,1
-11,1,-11,1
0,1,-20,1
10,10,-11,10
2,11,2,-2
-13,-11,0,-2
1,0,1,0
1,-13,1,-13
-11,-13,-11,-13
0,10,0,-20
1,10,1,10
1,-11,1,-2
-11,1,-11,2
-11,0,-11,0
-11,10,-11,10
10,-13,-20,-13
2,1,2,1
0,2,0,2
2,-13,2,-13
10,0,-20,0
-13,-11,-13,-11
-13,-11,-13,-11
1,10,1,-11
3,1,3,1
10,-13,-20,-2
-13,10,-13,-2
11,-13,13,-13
-13,1,-13,-20
0,-11,0,-11
1,0,1,-2
0,-13,0,-13
0,-13,0,0
1,1,1,1
1,1,1,1
-11,1,-11,-11
-11,10,-11,10
1,-11,1,-2
1,1,1,1
2,10,-2,12
0,1,0,1
10,-11,10,-11
1,10,1,-2
-11,1,-2,1
1,0,-2,-2
3,11,-2,11
0,0,0,10
-11,11,-11,12
2,1,3,1
1,-11,-20,-11
-11,-11,-2,-2
2,11,3,11
10,1,10,1
0,1,0,1
1,-13,0,-2
10,10,10,11
1,2,1,3
1,10,1,10
2,1,2,1
-11,0,-11,0
-13,-11,0,-11
-11,-11,-11,-2
1,1,1,1
0,-13,-20,-13
0,2,0,2
1,1,-2,1
10,0,-2,0
-11,1,-11,-1
10,0,10,-2
-11,3,-2,2
-11,1,-11,2
-13,2,-13,2
-13,1,-13,1
1,1,1,-2
1,10,1,10
1,1,2,1
-13,-13,-13,-13
10,1,-2,-20
10,11,-2,11
-13,-13,-13,-13
1,-13,-2,-13
-11,-11,-11,-11
2,-13,2,-13
0,0,0,-20
0,-13,0,-13
0,-13,1,-13
-11,2,-11,12
-11,10,-11,10
-11,-11,1,-11
1,-11,1,-11
2,11,2,-20
2,1,-11,-2
1,1,1,1
1,-13,1,-13
-11,1,-2,1
0,2,0,-20
2,-11,3,-11
2,-13,2,-13
-13,-13,-13,-13
0,-11,-20,-11
10,0,-2,0
11,0,-20,0
1,10,-2,-2
-11,1,-11,2
2,-13,2,-13
-11,0,-2,0
0,-11,0,-11
10,-11,-2,-11
10,11,11,-2
0,-13,0,-13
1,11,1,-2
-11,-11,-11,1
2,-13,2,-2
1,-13,1,-13
10,1,-2,1
-13,1,-13,1
2,11,2,11
1,-11,-2,-2
2,-11,2,-11
11,3,11,4
-11,-11,-11,-2
1,-13,1,-13
10,1,10,1
2,-13,2,-13
12,0,11,1
11,-11,-2,-11
1,1,2,1
1,11,1,11
-11,0,-11,0
-11,2,-11,2
3,10,3,10
1,1,1,1
-11,1,-2,1
1,-11,1,-11
-11,0,-11,-11
-11,1,-11,4
1,-11,1,-2
1,1,1,1
-13,1,-13,1
-13,0,-13,0
-11,-13,-11,-13
0,1,0,1
-13,0,-13,0
-13,0,-13,0
-13,1,0,1
-11,0,-11,0
0,2,-20,2
2,1,-11,1
1,11,1,11
1,11,1,4
-13,1,-13,1
0,-11,-2,-2
-11,1,-11,2
1,2,-2,2
1,1,1,1
1,-13,1,-13
0,-13,0,-13
-13,2,-13,2
1,2,2,-20
1,-13,-2,-13
11,-13,11,0
-11,-11,-11,-2
1,1,1,1
10,1,10,1
2,10,2,-11
-13,1,-13,4
-13,-13,-13,-13
1,1,1,1
11,10,11,-20
11,-13,-20,-13
-13,-11,-13,-11
-11,-11,-11,-2
1,2,1,2
-13,1,-13,1
2,2,-2,2
1,0,-20,0
0,2,0,3
-13,-11,-13,-2
-13,-11,-13,-2
0,1,-20,1
1,-13,1,-13
11,1,-11,1
2,-13,2,0
-11,-13,-11,-13
-13,11,-13,-20
10,-13,10,-13
-13,1,-13,-2
-13,-11,-13,1
-13,1,-13,1
2,1,1,4
-11,-13,-11,-13
-13,11,-13,12
1,-11,1,-11
10,0,10,0
-13,3,0,3
10,-13,10,-13
-11,1,-11,1
1,1,1,1
3,0,2,0
1,1,1,1
0,-13,-20,-13
1,-13,1,-13
-11,-13,-11,-13
0,0,0,0
1,0,1,-20
0,-11,0,-2
0,-11,0,-11
-13,11,-13,-13
1,10,1,10
0,-11,0,-11
-11,-13,-11,-2
0,11,0,11
1,11,1,11
2,-11,2,-11
10,-13,11,-13
0,-13,1,-13
3,2,2,3
-11,10,-11,10
-11,0,-11,-2
10,-11,-2,-11
-13,10,-13,11
-13,-11,-13,-11
11,1,-20,-2
1,-11,-2,-11
-13,10,-2,10
-13,1,-13,1
1,-11,1,-11
-13,1,0,1
-13,-11,-13,-11
0,1,0,1
10,1,-2,1
-11,-13,-11,-13
-11,1,-2,1
0,-11,0,-11
10,-13,-2,-2
10,1,-2,1
-11,1,-11,1
-13,-13,-13,0
2,1,2,1
2,11,2,11
10,-13,-2,-13
-13,2,-13,2
-13,11,-13,11
1,-13,1,-13
10,0,11,1
-13,1,-13,1
2,10,2,-2
-11,1,1,1
-11,1,-11,1
-11,0,-11,-11
0,0,-20,0
1,1,2,-2
1,-11,3,-11
10,-11,-2,-11
10,-13,10,-13
11,11,-1,1
1,-13,1,-13
-13,0,-13,0
1,0,-13,0
1,10,-1,-2
10,1,10,1
-13,-11,-13,-11
1,-11,1,-11
-11,11,-11,-11
1,2,1,2
-11,10,-11,10
-11,-13,-11,-13
-13,1,-13,1
1,1,2,1
1,-13,-11,-13
1,10,-2,-1
10,10,10,10
0,2,0,1
1,-13,1,-13
1,-11,1,-11
0,11,-20,-2
-11,11,-11,11
-11,10,-11,10
10,-11,10,-11
-11,-11,1,-11
1,10,1,-11
1,1,1,2
0,-11,0,-11
-11,2,-11,-11
-13,1,-13,1
-11,11,-11,11
1,2,1,2
-11,10,-2,10
10,0,-20,1
-13,-13,-13,-13
-11,1,-11,1
0,10,-11,-11
-13,0,-13,-2
0,0,0,1
11,-13,-2,-13
1,1,-2,1
10,1,10,1
10,-11,10,1
2,10,2,-20
-11,-11,-2,-2
1,1,2,1
1,0,1,-20
-11,11,-11,11
1,1,1,-13
2,-13,2,-13
10,0,11,-11
10,1,10,1
-11,-11,-11,-11
-11,1,-11,1
1,1,1,2
0,-13,-2,-2
1,0,1,0
1,-11,1,-11
1,1,1,1
-13,-13,-13,-13
1,-11,-20,-11
1,-13,2,-13
10,2,10,2
0,1,0,1
-11,1,-2,1
-13,11,-13,-20
-13,-13,-13,-2
-11,1,-11,1
1,-13,1,-13
1,0,1,0
1,1,1,1
1,0,1,0
10,2,10,-11
-11,11,-2,-20
11,10,-11,-2
1,1,1,-20
-13,1,-13,1
-11,1,-11,1
1,-11,2,-11
1,-13,-11,-13
0,1,-20,-20
-13,2,-2,1
3,-11,3,-11
0,-11,-2,-2
1,2,-20,3
2,-13,-2,-2
10,-13,10,-13
2,1,-2,-2
-11,-11,-2,-11
10,1,10,2
-13,10,-13,10
-13,10,-13,10
1,1,1,2
0,0,0,1
2,2,2,2
1,1,1,1
10,0,-11,0
10,-13,-2,-13
0,2,0,1
-11,10,-11,-20
0,-13,0,-13
1,1,1,-11
-11,2,-11,2
-11,1,-11,-2
1,-13,1,-13
1,-11,1,-11
0,-1,0,-2
10,-11,-20,-11
-11,-13,-11,-13
0,0,0,-20
-11,1,0,1
0,2,0,5
1,-11,3,-11
2,1,2,1
-13,-11,-13,-11
0,3,-20,3
-11,0,1,0
10,1,-20,-2
11,1,-11,1
-11,10,-2,10
-11,10,-11,10
10,-13,10,-13
-11,2,-2,2
1,-13,1,-13
-13,2,-13,2
-11,-11,-11,-11
1,-11,1,-11
-11,1,-11,1
2,-13,2,-13
10,10,13,-20
2,1,2,1
-13,1,-13,1
-11,-13,-11,-2
2,-13,2,-13
0,-13,-20,-13
1,2,2,2
-11,1,-2,-2
-11,-11,1,-11
-13,11,-13,11
-13,-13,-13,-13
-13,-11,-13,-11
-11,-13,-11,-13
10,2,10,1
1,-11,1,-2
-13,2,-13,4
0,-13,0,-13
1,-11,1,-11
-11,-11,-11,-11
0,10,-2,10
-11,0,-11,0
2,1,-20,1
10,-13,-20,-13
2,1,2,-11
-11,1,-11,1
-11,-11,-11,-2
-11,0,-11,0
-11,-13,-11,-13
1,0,1,-20
10,-13,-20,-13
2,0,2,-2
2,1,-2,1
-13,-13,-13,-13
-13,1,-13,1
10,10,-2,-11
0,-11,1,-11
10,1,-20,1
-11,0,-11,3
-11,2,1,2
11,-13,11,0
-13,1,-13,1
10,10,10,10
-11,2,-11,2
10,1,-2,1
2,1,2,-20
-13,12,-13,12
2,2,2,-13
1,-13,1,-13
12,2,12,-2
-13,1,-13,1
-13,2,-13,2
10,10,10,10
2,-11,2,-11
-13,0,-13,0
-11,-11,-11,-11
-13,-11,-13,-11
10,-13,10,-13
2,0,-2,0
1,0,1,-20
0,11,0,-2
0,1,0,1
-11,-11,-2,-2
1,0,1,0
2,11,2,11
-11,0,-2,-2
11,10,11,10
0,1,0,1
-13,12,-13,12
-13,0,-13,0
-11,-11,-11,-2
1,1,-2,-20
0,1,0,2
1,1,2,1
-13,-13,-13,-13
0,1,0,1
-11,-11,-11,-2
-13,-13,-13,-13
-13,1,-13,2
-13,1,-13,1
-13,10,-13,10
11,-13,-11,-13
2,0,2,0
0,-13,0,-13
10,-11,-2,1
0,1,0,2
0,1,0,1
0,-11,0,-2
-11,10,-11,10
-11,-11,1,-11
1,1,1,1
1,-11,1,-11
10,-11,10,-11
0,1,0,-20
2,-11,3,-11
2,1,2,-2
1,1,3,1
2,1,-2,1
4,0,4,0
1,-13,1,-13
1,10,1,-2
10,10,-20,-2
2,1,-2,2
-13,10,-13,10
3,-11,14,-2
-11,1,-11,1
10,0,-2,0
1,-13,-20,-13
1,10,1,-20
1,2,-11,2
-11,2,-11,2
1,10,1,10
2,1,2,1
1,-11,1,-2
-13,1,-13,1
2,2,2,1
10,0,-2,0
10,-11,10,-11
1,1,-11,1
11,1,-20,2
2,-11,2,-11
0,0,0,0
1,11,-20,-20
-11,1,-2,1
0,0,-20,0
0,1,0,1
0,-11,0,-11
-11,-13,-11,-13
1,10,1,-2
1,-13,1,-13
-13,1,-13,1
1,1,1,-2
0,10,0,10
-13,1,-13,1
0,-13,-20,-13
-11,2,-11,0
-11,0,-11,0
10,1,-2,1
-13,10,-13,10
0,1,0,-2
-11,1,-11,1
-13,-11,-13,-11
-11,-13,-2,-2
0,10,0,10
-13,1,-13,1
3,1,3,1
11,-13,11,-13
1,-11,1,-11
10,10,10,10
-13,1,-2,-2
-13,-11,-13,-11
-11,11,-2,13
0,1,0,1
1,1,1,1
1,11,1,13
1,-11,1,-2
1,1,1,-2
1,-13,1,-13
1,10,1,10
-13,1,-13,-11
1,1,1,2
-13,-13,-13,-13
-13,-13,-13,-13
-13,-13,-13,-13
-13,-13,-13,-13
10,1,-20,1
0,0,0,0
0,-13,1,-13
10,10,-2,-2
2,11,2,11
-11,11,-2,-2
-13,11,-13,11
2,0,2,0
2,3,2,-2
1,-11,2,-2
-13,0,-13,-20
2,-11,2,-11
0,-11,0,-11
11,0,-2,0
11,2,11,-2
0,1,-20,-13
0,-11,0,-11
-11,10,1,10
-13,1,-13,1
1,-13,1,-13
-13,11,-13,11
10,2,10,-20
0,-11,0,-11
2,0,2,0
0,-11,0,-11
-11,-11,-2,-11
1,10,1,-20
1,1,1,2
-13,1,-13,1
10,2,-2,2
-11,1,-11,-2
1,0,1,0
11,0,-13,0
1,1,1,1
1,1,1,-11
1,1,-2,1
-11,-11,-11,-11
-11,1,-11,1
0,-11,-2,-11
10,1,10,0
10,2,-2,2
0,4,0,-11
1,-11,-11,-11
1,0,1,0
1,-11,1,-11
-11,0,-2,0
0,-11,0,-11
0,2,-2,2
3,1,3,1
1,10,1,11
1,1,1,1
10,1,-2,0
-11,0,-11,0
3,-1,3,11
0,10,-2,10
2,1,-2,1
-13,1,-13,1
1,-11,1,-11
0,11,0,12
1,1,1,1
-11,0,-11,0
1,1,1,-20
-13,-11,-13,-11
10,-13,-2,-13
10,11,11,-2
-11,1,-11,1
2,10,2,10
1,1,1,1
1,1,-11,2
-11,2,-11,-2
-11,-11,-11,-11
0,1,0,2
-11,-13,-11,-13
11,0,11,-11
2,2,2,2
-13,2,-13,1
0,10,0,-2
11,2,11,2
-11,11,-11,-2
2,0,2,-20
1,-13,1,-13
1,-13,1,-13
-11,1,-11,2
1,1,1,1
-11,1,-11,1
-13,-11,-13,-11
-13,-11,-13,-11
-11,1,-11,1
0,1,0,2
-13,0,-13,-20
-13,0,-13,0
11,1,-2,1
-13,1,-13,1
0,-11,-20,-11
10,-13,-2,-13
10,0,-2,1
-13,1,0,1
1,-13,1,-13
-11,1,-11,1
-13,1,-13,1
10,-13,10,-13
0,-13,0,-13
-13,2,-13,3
1,-11,-2,-2
0,11,0,11
-13,1,-13,1
1,-13,1,-13
0,-13,-20,-13
1,2,1,2
11,0,11,0
-11,-13,-11,-13
10,2,10,2
11,1,11,1
-11,1,-11,1
-13,-11,-13,-11
10,-11,10,-11
1,2,1,1
-13,-13,-13,-13
1,-13,1,-13
0,-13,-20,-13
1,0,1,0
1,-11,-20,-11
-11,2,-11,-13
1,1,1,1
1,1,1,1
-11,1,-2,1
0,-13,0,-13
1,0,1,-20
1,10,1,10
1,-11,-2,-11
2,1,-11,-2
10,2,-2,2
11,0,11,0
-11,-13,-11,-13
-11,1,-2,1
-11,-11,-11,-11
10,1,-11,1
10,-13,-2,-13
2,1,2,1
0,-11,0,-2
2,11,-20,1
0,1,0,1
10,0,11,0
1,-11,-11,-11
-13,1,-13,1
-13,10,-13,-2
0,1,0,-2
-11,-11,-11,-11
-13,1,-13,1
2,0,2,0
-13,-13,-13,-13
2,0,2,-2
10,11,10,11
0,11,1,12
10,0,13,0
1,1,1,1
0,0,0,-2
-11,-13,-11,-13
0,-11,0,-11
0,1,-2,-2
11,1,11,1
-13,1,-13,1
1,1,1,1
-11,1,-11,1
-13,-13,-13,-2
-11,-11,-11,2
-13,0,-13,0
-13,-13,-13,0
-11,1,-11,1
10,11,-20,-20
10,2,10,-20
1,1,-2,1
-11,11,-11,11
12,11,12,11
10,3,10,3
-13,1,-13,1
10,11,10,11
-13,10,-13,10
11,-11,-2,-11
11,-11,-2,-11
10,1,10,1
1,-11,-13,-11
1,-11,2,-11
-13,10,0,10
1,11,1,11
1,-11,1,-11
-13,0,-13,0
-11,-11,-11,-11
2,11,2,2
1,-11,3,-11
10,2,1,2
0,0,0,0
1,-11,1,-11
1,1,1,1
1,-13,1,-13
0,-13,0,-13
-11,10,-11,-13
-11,10,-11,-20
-13,11,-13,-2
10,-13,-11,-13
-11,0,-11,0
-11,-11,-11,-11
-13,-13,0,-2
0,2,-20,2
2,-11,1,-11
1,1,-11,1
2,-13,2,-13
0,1,0,1
10,1,10,-2
10,-13,-2,-13
-13,2,-13,1
-13,-13,-13,-13
1,11,-20,-20
1,-11,1,-11
10,1,-2,1
0,1,0,1
1,1,-11,1
10,-11,10,-11
1,0,-11,0
-13,-13,-13,-13
-11,10,-11,10
10,2,10,3
2,11,2,-20
11,3,11,3
10,1,10,1
1,0,2,0
10,1,10,1
10,10,10,10
-11,1,-11,1
1,0,1,-2
-11,-11,-11,-2
0,1,0,1
-11,0,-11,1
-11,1,-11,1
-11,-11,-11,-11
0,-13,0,-13
2,1,2,1
-13,-13,-13,-13
-11,2,-11,-2
0,2,0,-2
-13,-13,-13,-13
-11,3,-2,3
-11,-13,-11,-13
-13,11,-13,-2
10,-11,10,-11
11,-13,11,-13
-11,1,-11,1
2,1,3,1
-13,10,-13,10
10,-11,-20,-11
1,-13,1,-2
-13,-11,-13,-11
1,10,1,-20
1,1,1,1
-11,-11,0,-11
1,10,1,10
-13,0,-13,0
-13,-11,-13,-11
1,2,2,2
1,-13,-2,-2
1,-11,1,-11
-13,0,-13,3
-13,10,-13,-2
10,-11,10,-11
-13,11,-13,11
1,-11,1,-11
1,-11,0,-11
1,1,1,1
0,-11,0,-11
-11,2,-11,2
1,0,-20,0
1,10,-2,-2
-13,11,-13,11
11,-13,-11,0
0,-13,0,-13
3,-13,4,-13
10,-13,-2,0
0,-13,0,-13
1,11,1,1
0,1,0,1
1,1,-2,-2
0,-13,0,-13
10,11,10,-2
1,2,-13,2
-11,0,0,0
-11,1,-11,1
1,-11,1,-11
-11,10,-11,-2
-11,11,-11,-11
-11,0,-11,-2
-13,2,-13,-20
2,1,2,2
-11,0,-11,0
0,0,0,0
10,1,10,1
2,-11,-11,-11
1,2,1,1
-11,-13,-11,-13
-11,1,-11,1
1,11,1,-2
-11,-13,-11,-13
-11,1,-2,1
-13,-11,-2,-11
-11,-11,-11,-11
1,-11,1,-11
-13,11,-13,-20
11,11,11,11
0,1,-2,1
-13,10,-13,10
-13,-13,-13,-13
-11,1,-11,2
-11,-13,-11,-13
-11,-13,-11,-13
1,1,1,1
-13,1,-13,1
1,-11,1,-11
-11,-11,-11,0
1,-13,1,-13
10,-13,-2,-2
-13,-13,-13,-13
0,-11,0,-11
-13,0,-13,0
-13,10,-13,10
10,10,10,-20
-11,1,-11,1
11,0,11,-20
-11,0,-2,0
10,-11,10,-11
1,-11,-20,-11
-11,1,-11,1
-11,10,-11,-2
3,0,3,1
0,-13,-2,-13
-13,1,-13,1
0,-13,-11,-13
-13,-13,0,-13
0,-11,-20,-11
1,1,1,1
-11,1,-11,1
-11,1,-11,2
1,0,1,0
-13,11,-13,-2
0,1,0,1
10,-13,-2,-13
0,-13,0,0
0,0,0,0
-11,-11,0,-11
1,2,-11,3
0,-13,0,-13
-11,-11,-11,-11
1,-11,1,-11
10,2,10,1
10,2,-13,2
1,2,1,3
1,-11,-11,-11
1,2,-2,-2
-11,10,-11,10
1,-13,1,-13
-11,2,-11,1
-13,11,0,-2
1,10,1,11
2,11,-2,-11
-11,0,-2,0
1,-13,2,0
2,-13,3,-13
0,2,0,2
-11,-11,-11,-11
0,1,0,2
0,-13,0,-13
-11,11,-11,14
-13,3,-13,3
0,1,2,-2
-13,10,-13,10
-13,0,-13,-11
1,2,2,2
10,11,10,12
2,-11,-2,-11
10,10,-20,-20
1,0,1,0
1,1,1,1
0,-13,0,-13
1,0,-2,0
1,1,1,1
0,0,0,0
11,0,11,0
2,10,-2,10
-13,1,-2,-2
0,3,-20,-11
-11,2,-11,1
-13,-13,-13,-13
1,1,1,1
-11,1,-11,1
-11,-11,-11,-11
10,1,10,1
-13,1,-13,1
2,11,1,11
1,-13,1,-13
-11,11,-11,-20
0,1,3,-20
0,1,-20,1
1,10,1,-2
0,-11,0,-2
-13,1,-13,1
10,10,10,10
10,11,10,-2
-11,-13,-11,-13
1,2,1,2
0,-1,0,-1
-11,0,-11,-20
0,1,0,-2
1,1,1,1
-13,-11,-13,-11
0,0,12,0
-13,10,-13,10
12,1,12,1
-13,1,-13,1
1,0,1,0
12,1,-11,1
-11,1,-11,1
2,1,2,1
0,0,0,0
-11,10,-11,10
1,1,1,1
10,10,10,0
-13,-13,-13,-13
3,-11,2,-11
-13,11,0,11
-13,1,0,-20
10,-11,-20,-2
-11,-13,-11,-13
0,-13,0,-13
-13,1,-13,1
1,11,1,-11
0,-13,-2,-2
10,1,-20,4
-11,10,-11,-2
-11,-13,-11,-13
11,-11,-2,-2
10,10,10,-2
1,-13,1,-13
-13,-11,-13,-11
-11,1,-11,1
1,-11,1,1
0,-11,-2,-11
1,-11,1,-11
-13,-11,-13,-11
1,1,1,-20
3,1,3,2
1,-11,1,-11
1,-11,1,-11
10,-13,-20,-13
1,-11,13,-11
-11,0,-11,-20
1,1,1,1
11,-11,11,-2
-11,1,-11,-2
10,1,10,1
-13,2,-13,2
-11,1,-11,-2
2,0,2,0
11,2,12,2
1,11,1,10
0,2,-2,-2
-11,11,-11,11
1,1,1,-2
11,1,11,1
1,0,-20,0
10,1,10,1
0,10,0,-2
-11,1,-11,2
-11,2,-11,12
1,1,3,-11
-11,-13,1,-13
-11,-13,-11,-13
1,0,-20,0
1,1,1,1
1,0,1,0
1,0,1,0
2,-11,2,-11
1,-11,1,-11
1,-11,2,-11
3,-13,-11,-13
1,0,-11,-20
12,1,-20,1
1,-13,1,-13
10,-11,-2,-11
0,1,0,1
1,0,1,-20
-13,-11,-13,-11
11,2,-2,-11
10,2,10,-13
-13,-13,-13,-13
10,-13,10,-13
-11,1,-11,-11
-13,-13,-13,-13
-13,-11,-13,-11
1,10,1,-20
-13,-11,-13,-11
1,0,-2,-2
1,-13,3,-13
11,-11,11,0
-13,2,-13,2
1,-13,1,-2
-11,1,-11,3
-11,10,-11,-2
11,11,-20,-13
1,12,1,-20
1,-13,2,-13
0,-11,0,-11
0,1,0,1
-13,-11,-13,0
1,1,2,1
10,1,10,1
10,10,10,-20
0,-11,0,-11
1,-13,1,-2
10,1,10,1
-11,1,-2,2
10,1,-2,-2
10,12,10,13
1,-13,1,-13
-13,-13,-2,-2
1,-11,1,-11
1,1,1,1
-13,0,-13,2
0,1,0,-2
-13,-13,0,-13
-13,10,-13,-2
-11,2,-11,2
0,0,0,0
11,-13,-2,-13
1,11,-2,0
-11,2,-11,2
-11,-11,-2,-11
1,0,1,0
11,-13,11,-13
2,-11,2,-11
2,-11,2,-11
-11,-11,-11,-11
1,-13,1,-13
1,2,1,2
-13,0,-13,0
0,2,0,2
2,-11,2,-2
-11,1,-11,2
3,-13,4,-13
0,1,-2,-20
1,3,3,5
0,0,-2,-2
-11,1,-11,1
0,-11,0,-11
10,-13,10,-13
10,1,-2,1
-13,1,-13,1
1,1,1,1
10,1,10,1
1,1,1,-11
0,1,0,1
-13,12,-13,11
-11,1,-11,-2
10,0,10,0
0,10,0,-20
-11,2,-11,2
10,0,11,0
10,1,10,-2
1,1,1,1
-11,0,-11,-2
-11,1,-2,1
-11,1,-11,2
2,-13,2,-2
1,1,1,1
11,1,11,1
1,1,1,-2
0,1,0,1
1,1,1,1
-11,10,-11,10
11,1,11,1
11,-13,-2,-13
0,0,0,0
3,-11,3,-11
-13,1,-13,1
-11,-11,-11,-11
-13,-13,-13,-13
-13,0,-13,0
-13,-13,-13,-13
-11,2,-11,2
-13,-11,0,-11
0,2,0,-20
3,1,3,1
1,-11,1,-2
1,-13,1,-2
0,-11,-20,-11
0,10,0,-20
1,1,1,1
10,1,-2,1
10,-13,-2,-13
-11,-13,-11,-13
10,1,10,1
1,-13,-11,0
1,2,1,2
-11,0,-11,0
2,-13,2,-13
-13,1,-13,-2
11,-13,-2,-2
-13,2,-13,2
1,1,-2,-11
10,2,12,1
-13,-13,-13,-13
-11,0,-11,-2
1,1,1,1
0,0,3,0
1,-11,1,-11
-13,-13,0,-13
1,-11,1,-11
2,-11,1,-11
-11,-11,-11,-11
10,10,-1,10
1,-13,1,-13
-11,11,-11,-2
-11,10,0,10
2,-11,1,-11
-11,1,-11,1
-13,0,-13,0
11,1,11,2
1,0,-20,1
1,0,1,0
0,11,0,-2
1,-13,1,-13
2,10,5,11
-11,1,-2,0
-13,3,-2,-11
2,1,-2,-20
-11,10,-11,-2
-13,0,-13,-20
-11,-13,-2,0
1,-13,1,-13
-13,-11,-13,-2
-11,11,-11,11
-11,1,1,1
11,-11,11,-11
-13,0,-13,1
10,10,-20,-2
1,1,1,1
10,1,10,1
1,0,2,0
-11,11,1,2
-11,11,-11,-2
-11,0,-11,-2
-11,-13,-11,-13
-13,-13,-13,-13
-11,-13,-11,-13
10,1,-2,0
-11,1,-2,-2
-13,-13,-13,-13
1,1,1,-20
1,10,1,12
2,-11,2,-11
1,2,-2,2
-13,-13,-13,-13
0,11,0,-2
1,-13,1,-13
11,-13,-20,-13
2,10,-2,10
-13,1,-13,1
1,1,1,1
1,0,1,0
0,-13,0,-13
0,0,1,0
-13,1,-2,-2
2,-13,2,-13
-13,-13,-13,0
-13,-13,-13,-13
-11,-13,-11,-13
-11,-11,-11,-11
2,10,1,10
1,-13,1,-13
-13,12,-2,-20
2,3,1,2
10,1,10,-20
-13,-13,-13,-13
11,-11,11,1
10,0,-11,0
0,10,0,10
-13,1,0,1
-13,-11,-13,-11
1,1,1,1
10,-11,-2,-11
10,10,10,-11
2,-11,-2,-11
1,0,1,0
-11,1,-11,1
1,-11,1,-11
-13,-13,0,-13
-13,1,-13,1
-11,-13,-11,-13
10,-11,-2,-2
2,2,2,2
10,1,10,-11
-11,1,-11,-2
-11,10,-11,10
-11,2,-11,1
1,-11,1,-11
0,0,-20,0
1,-11,1,-11
-13,-11,1,-11
-11,1,-11,-2
-13,-11,-13,-11
-13,-11,-13,-11
11,-13,11,-13
1,-11,2,-11
0,10,0,10
1,-13,1,-13
-11,-11,-11,-2
1,11,2,-2
2,1,2,1
1,10,1,10
-13,-13,-13,-2
-13,-13,-13,-13
-13,11,-13,-11
1,1,1,1
2,1,2,1
1,-11,1,-11
-13,10,-13,-20
1,-13,1,-13
0,1,0,-11
0,10,0,10
-13,-11,-13,-11
10,10,10,10
2,10,-11,10
-11,-13,-11,-13
11,10,11,10
1,2,1,-11
0,1,0,1
-11,-13,-11,0
-13,1,-13,1
-13,-11,-2,-2
-13,2,-13,2
11,0,-2,-2
-11,-13,-11,-13
-13,-13,-13,-13
-11,1,-11,1
-11,2,-11,2
-11,1,-11,1
11,1,-2,1
-11,-13,-11,-2
1,-13,1,-13
-11,2,-11,2
0,0,0,0
2,10,2,-20
11,10,11,-13
0,-13,0,-13
1,1,-2,-2
1,1,1,1
-11,-11,-11,-11
-11,0,-11,0
0,1,0,1
-13,-11,-13,-11
1,-13,1,-13
-13,-13,-13,-13
3,-11,3,-11
1,10,-13,10
1,-11,-2,-2
-13,2,-2,3
10,-13,10,-2
-13,-11,-13,-11
10,1,-13,1
1,2,4,2
10,2,10,2
0,1,0,1
1,1,1,1
-11,1,-11,1
2,10,-2,10
11,-11,11,-11
10,10,10,-2
1,-11,1,-11
-11,0,-11,0
2,0,2,0
-11,1,-11,1
-13,0,-13,0
-13,-13,-13,0
1,0,-20,0
1,-13,2,-13
0,1,0,1
10,11,10,11
0,-13,-11,0
0,-13,0,-13
0,11,0,-2
-13,0,-13,1
-13,2,-13,-2
0,1,0,1
-13,-11,-2,-2
1,0,1,0
1,1,1,1
-13,10,-13,10
-11,0,-11,-2
1,-11,1,1
-13,10,-13,10
1,0,1,0
11,12,-2,11
1,10,1,10
-11,10,-11,10
-13,-11,-13,-11
2,-13,2,-13
-11,0,-11,-20
-11,1,-2,-20
-11,-13,-11,-13
10,1,10,2
1,-13,1,-13
0,0,-2,0
10,1,-11,-2
-13,10,0,10
1,0,1,0
1,1,-13,2
1,1,-2,1
-11,1,-11,1
-11,10,-11,10
-13,1,-13,1
1,1,1,-11
-11,10,-11,10
-11,0,-2,0
10,0,10,0
2,2,-2,0
1,2,-2,2
-11,1,-11,1
10,10,-2,10
2,-11,3,-11
-13,1,-2,3
1,-11,1,-11
-11,0,-11,2
11,2,-20,2
-13,1,1,1
0,2,0,2
10,-13,-2,-13
1,11,1,-2
0,11,-2,-2
1,-13,1,-13
1,2,1,1
0,1,0,1
0,2,0,1
0,0,0,-2
2,-11,2,-2
1,10,1,10
-13,10,-13,10
2,1,2,1
-13,-13,-13,-13
2,-13,2,-13
-11,1,-11,1
1,-11,1,-2
11,1,-1,1
10,1,-2,1
0,0,0,0
1,-13,1,-13
-13,1,-13,-13
1,-11,-11,-2
-11,-13,-11,-13
1,10,-2,-2
1,-13,-2,-13
-11,-11,-11,-11
1,11,1,-2
1,-13,1,-13
11,-13,12,-13
1,1,-2,1
0,1,12,-2
-13,-13,-13,-13
1,1,-2,1
10,-11,-20,-11
1,1,1,1
1,2,1,-11
-11,10,-11,-2
-13,0,-13,0
-13,-13,0,-13
0,2,0,-2
-13,-11,0,-11
1,0,1,-20
-11,11,-11,11
-13,1,-13,2
1,0,0,0
2,1,2,1
0,-11,-20,-11
1,10,1,10
-11,-13,-11,-13
2,11,1,11
-11,0,-2,0
10,0,10,-2
-13,1,-13,1
-13,2,-13,-20
1,-13,1,-13
11,10,12,10
-13,1,-13,-2
-13,-11,-13,-11
1,-13,2,0
-11,-11,-11,-2
-11,10,-11,-11
-11,2,-11,2
1,1,1,1
2,-13,2,-2
-13,-13,-13,-13
1,-11,1,-11
-11,-13,-11,-13
-11,2,-2,-2
1,0,1,0
-13,0,-13,0
1,1,1,1
-13,1,-13,1
-13,10,-13,10
10,-11,10,-11
2,10,2,-2
1,1,1,1
1,3,1,3
0,1,0,1
0,-11,0,-11
-13,3,-13,3
-11,0,-11,0
1,-11,1,-11
0,2,0,3
2,1,2,1
-11,-13,-2,-13
10,1,10,1
0,2,0,2
0,0,-2,0
1,1,1,1
-13,1,-13,1
-11,-11,-2,-11
-13,10,-13,-20
-13,1,-13,1
0,1,-11,1
1,-13,1,-2
2,-13,2,-13
1,1,1,1
2,-13,2,0
11,1,-13,1
0,0,-20,-11
-13,1,-2,-2
1,-11,1,-11
-11,1,-11,-20
1,1,1,1
1,2,1,4
2,1,-11,-2
10,10,-20,10
-13,1,-13,2
2,10,2,10
-13,-11,-2,-11
10,1,10,2
-11,10,-11,10
2,11,1,-2
-13,-11,-13,-2
-11,-11,0,-2
-13,-13,-13,-13
1,1,1,1
2,1,2,1
-11,1,-11,-11
0,1,-20,-11
-13,-13,-13,-13
11,1,13,1
1,-13,1,-13
11,-11,-20,-11
-11,1,-11,1
1,2,2,-2
1,1,2,1
2,2,2,2
-11,-13,-11,-13
0,0,0,-20
0,1,0,2
-13,2,0,2
-11,-11,-11,-11
1,1,1,1
-13,1,-2,1
1,0,1,-20
1,-13,1,-13
-11,1,-11,1
1,0,1,0
1,-11,1,-11
1,1,1,1
10,2,-2,2
0,-11,0,-11
-11,10,-11,10
3,-11,-11,-11
-13,-13,-2,-13
-13,1,-13,1
0,0,-20,0
-13,11,-13,11
2,10,2,10
-11,1,-2,1
10,0,-2,0
1,2,1,-2
10,1,-11,1
0,1,0,-2
-11,1,-11,0
-11,1,-11,1
10,2,10,1
-13,-11,-13,-11
-13,-13,-13,-2
10,0,10,0
1,1,1,2
1,-11,1,-11
2,-11,2,-11
10,11,10,-2
2,-13,2,-13
1,0,1,0
0,-11,0,-11
0,11,-2,11
-11,-11,-11,-11
0,2,0,2
10,-13,-20,-13
1,1,2,1
1,1,-2,-2
0,-13,0,-13
0,0,0,0
1,12,1,12
-11,2,-11,-2
10,1,10,1
11,12,-20,-2
10,-13,-13,0
-11,1,-11,1
11,2,-2,1
10,0,10,-13
10,1,-2,1
2,1,-13,1
1,-11,1,-11
2,-11,3,-11
2,-13,-2,-13
10,2,10,3
1,11,1,11
0,0,0,0
-11,-11,-11,-2
1,1,1,1
-11,0,-11,-20
1,1,2,-11
0,-13,1,-13
10,1,-20,1
-13,-11,-2,-11
2,3,-20,-20
0,0,0,0
1,1,1,1
-11,-13,-11,0
10,0,10,0
0,-13,0,-13
-13,10,-13,10
1,2,1,-2
11,1,-2,-20
-13,-13,-13,-13
-13,-11,-13,-11
1,-11,1,-11
-13,-11,-13,-11
11,-11,11,-11
1,11,1,-11
1,0,-2,0
1,-13,12,-13
1,0,1,0
10,2,10,-1
1,-11,1,-11
1,-13,1,-13
-13,2,-13,1
0,0,-20,0
-11,-11,-11,-11
11,-13,-2,-13
10,1,11,0
-13,1,-13,1
0,1,0,-2
-13,1,-13,1
2,-11,2,-11
1,-13,1,-13
-13,-13,-13,-13
1,10,0,10
-11,2,-11,3
11,2,11,1
-13,2,-13,4
1,10,1,-11
1,2,1,2
0,-11,0,-11
1,-11,1,-11
2,-13,2,-13
10,11,-2,-2
10,10,10,-2
1,12,1,12
-13,-13,-13,-13
3,1,-2,1
10,-13,-2,-2
-13,2,-13,2
1,10,1,-2
2,0,2,0
10,0,10,0
-13,1,-2,1
1,0,1,0
-11,-11,-11,-11
10,10,10,-2
-11,1,-11,1
0,0,0,-20
-13,0,-13,0
1,1,1,1
2,3,2,3
10,-13,-2,-13
10,0,10,0
0,-13,-20,-13
1,1,1,1
1,1,2,1
10,1,10,1
-11,10,-11,-20
1,1,1,-20
0,11,11,-2
-11,-11,-11,0
-13,1,-13,1
0,2,-2,-2
-11,1,-11,1
0,-13,0,-13
-11,0,-11,0
0,1,-2,1
-13,-13,-13,-13
2,1,-11,2
-11,-11,-11,-11
-13,3,-13,4
10,1,-2,1
-11,1,0,-11
-13,0,-13,0
1,1,1,1
0,-11,0,-11
10,-11,-2,-11
11,-11,12,-2
1,11,1,11
-11,-11,-11,-11
-11,2,-11,2
1,-13,-2,-13
-11,10,-2,-2
1,-11,1,-11
-13,0,-13,-20
1,2,1,13
2,-11,-2,-11
10,-13,-20,0
-13,1,-2,-2
10,-13,10,-13
1,10,-2,-2
0,0,0,0
2,-11,2,-11
-11,0,-11,-13
11,1,11,1
-11,1,-11,1
0,10,0,-20
10,2,-20,1
0,-13,0,-13
1,-13,-20,-2
1,-13,1,-13
1,-13,1,-13
1,-11,1,-11
-11,10,-11,-13
1,1,1,1
0,1,0,-11
-11,1,-11,1
-11,10,-11,-11
-13,2,-13,2
0,-13,0,-13
1,-11,2,-11
1,-11,1,-11
1,0,-20,-20
-11,-13,-2,-13
1,-11,2,-11
10,11,10,11
-11,1,-2,-20
1,0,1,0
0,-13,0,-13
-13,-11,-13,-11
11,4,-20,3
0,10,1,-2
1,-11,1,-11
11,-11,-2,-2
-13,2,-13,2
1,1,2,1
-11,-13,-11,-13
-13,10,-13,-11
-13,10,-13,-2
-13,10,-13,-2
-13,1,-13,-13
10,1,10,-2
-13,-13,-13,-13
1,1,1,1
2,-11,2,-11
-13,-11,-13,-11
-13,2,-13,2
1,1,1,1
-13,-13,-13,-13
-11,-11,-11,-11
-11,-13,-11,-13
1,11,2,12
-11,1,-11,-20
10,10,-20,-20
1,1,1,2
-11,-13,-2,-13
2,1,2,1
1,0,1,0
11,-11,-2,-11
-13,1,-13,1
2,1,2,1
-11,-13,-11,-13
10,2,10,2
-13,10,-13,10
2,-11,-2,-11
1,11,2,-20
2,-13,-11,-13
0,10,0,10
-11,1,-11,1
0,-13,0,-13
10,10,10,10
-11,10,0,12
1,1,1,-2
2,-11,2,-11
10,2,10,-2
-11,-13,-11,-13
1,-11,1,-11
1,0,1,0
11,1,-1,-2
1,-13,-2,-13
11,1,11,1
0,-11,0,-11
10,10,10,-20
-13,0,-13,0
2,-13,2,-13
1,11,1,11
1,1,2,-20
2,-13,2,-13
1,-11,2,-11
1,0,0,0
1,1,1,-20
0,-11,0,-2
-13,1,0,1
1,-13,1,-13
-13,-11,-13,-11
10,-11,1,-11
-11,-13,-11,-2
0,10,0,10
0,-11,0,-11
1,1,-11,1
1,1,1,1
-11,10,1,10
2,-11,2,-11
11,10,1,10
0,2,0,2
2,1,2,2
-13,1,-13,2
0,-11,0,-11
0,1,0,1
0,-13,0,-2
1,1,-2,-2
-13,-11,-13,-11
0,1,1,1
12,1,-2,-2
0,-13,0,-13
2,10,2,10
2,-11,-11,-2
-13,1,-13,1
0,10,0,10
1,0,1,-2
-11,-11,-11,-11
0,2,0,3
-11,1,-2,1
1,0,2,0
-11,1,-11,1
-11,11,-11,11
-11,-13,-11,0
1,-13,-11,-13
11,-11,-13,-11
0,2,0,2
1,0,1,0
2,1,4,1
-13,1,-13,1
-13,10,-13,10
2,-11,2,-11
11,-11,-11,-11
1,-13,1,-13
2,-13,2,0
1,-13,1,-13
1,0,1,0
2,1,1,1
-11,0,-11,0
-13,-11,-13,-11
-13,1,-13,1
-11,1,-11,-2
1,-11,1,-2
0,1,0,1
0,1,0,1
11,0,11,0
-13,0,0,0
-13,-11,-13,-11
0,10,1,10
2,-11,2,-11
0,-13,0,-13
10,-13,-13,-13
-11,0,-11,0
1,0,1,-2
-13,1,-13,1
10,1,10,1
-11,1,-11,1
10,10,10,10
1,11,1,12
2,-11,2,-11
0,1,-20,-2
10,-13,-2,-13
-11,0,-11,0
2,0,2,-2
-13,-11,-13,-11
0,-11,-20,-11
1,1,3,1
1,0,1,0
1,0,1,0
-11,-11,-2,-11
1,1,1,-20
0,-13,0,0
-11,0,-11,-2
2,-11,2,-11
0,1,0,1
11,-13,-2,-13
1,1,2,1
-11,0,-11,0
-13,-13,0,-13
-13,1,-13,1
0,-11,0,-11
0,2,-2,-11
-11,0,2,0
-13,1,-13,2
1,-13,1,-13
-13,-11,0,0
0,-13,-20,-13
1,0,-11,-20
0,-11,0,-2
10,-13,-11,-13
0,1,0,-2
10,1,-20,1
11,-11,11,-11
-13,-11,-13,-2
1,-11,1,-11
-13,10,-13,-2
2,1,2,1
1,1,2,1
1,0,1,3
0,1,0,1
-13,11,0,11
-13,-13,-13,-13
-13,-13,-13,-13
1,11,-2,-2
-11,-11,-11,0
0,1,0,1
11,1,-13,1
-11,-11,-11,-11
1,1,1,1
10,0,10,0
-11,1,-11,1
1,-13,1,-13
1,-13,-2,-13
1,-11,-20,-2
1,-13,1,-13
1,1,1,0
2,-11,2,-11
0,0,0,0
1,-11,1,-11
2,-11,2,-11
1,0,-11,-2
-13,0,-13,0
2,1,2,1
1,-13,-2,-13
0,1,-20,1
-11,10,-11,10
10,1,10,1
1,10,1,10
0,1,3,1
1,2,1,2
11,-13,11,-13
-11,1,-11,1
1,-13,1,-13
0,-11,-13,-11
-11,1,-11,1
10,-13,-20,-13
1,-11,-2,-2
-13,0,-13,-20
-13,-11,-13,-11
10,1,1,1
-13,-11,-13,-11
-13,-13,-13,-13
1,1,1,1
-11,-13,-2,-13
0,-11,0,-11
11,0,11,0
-13,2,-13,-2
2,-13,2,0
3,-11,3,-2
-13,0,-13,0
2,2,3,1
2,1,2,1
2,-13,3,-13
11,2,11,-2
-13,-13,-13,-13
11,10,11,10
-13,-13,-13,-13
2,10,2,-2
1,-11,0,-11
11,1,-20,1
2,-13,2,0
-11,2,-2,2
2,2,1,2
-11,10,-11,11
10,-11,-2,-11
1,-11,-2,-11
2,0,2,0
1,2,1,2
1,1,1,1
2,-11,2,-11
0,10,0,10
0,10,0,-2
0,-11,0,-11
1,-11,-11,-11
-13,1,-13,1
-13,0,-13,0
-13,1,-13,1
-11,-11,-11,-2
1,1,1,3
-11,2,-11,2
-11,2,-11,1
-13,-11,-13,-2
1,-11,-11,-11
3,1,3,1
1,2,1,2
-11,10,-11,10
0,1,-11,1
3,10,2,-2
10,11,-2,11
2,1,-13,1
2,0,1,-2
-11,-13,-11,-13
1,10,-11,10
2,1,2,1
11,2,-2,-2
3,-11,4,-11
-13,-11,-13,-11
-11,-13,-11,-13
-13,2,-13,2
-13,0,-13,0
-13,1,-13,1
-13,-13,-13,-13
11,-11,-2,-11
10,1,11,1
-11,1,-2,1
-11,0,-11,0
0,1,0,1
1,1,1,1
-13,-13,-13,-13
1,10,1,-2
-11,-11,1,-2
0,1,0,-20
1,-11,1,-11
-13,1,-13,1
2,10,2,-2
2,-11,2,-11
-13,-11,-13,-2
-13,-11,-13,-11
1,0,-11,-20
-11,-11,0,-11
0,-11,0,-11
-11,1,-2,-11
1,1,-13,-20
1,0,1,0
1,2,1,1
1,10,1,-2
-13,-13,-13,-13
1,2,1,1
1,-11,1,-11
2,-11,2,-11
-11,10,-11,10
-11,-11,-11,-2
-13,-11,-13,-11
0,1,0,1
1,0,1,0
11,-11,-11,-11
1,-13,1,-13
1,-11,1,1
-11,10,-11,-2
10,0,10,0
10,0,-13,3
-11,-13,-11,-13
1,11,1,-20
-11,-13,-11,-13
-13,1,-13,1
2,1,2,1
1,11,1,-11
-11,11,-2,11
1,1,1,1
-11,10,-11,10
0,1,0,1
0,1,1,1
-13,1,-13,1
11,0,-2,0
-13,-11,-13,-11
1,1,-20,1
1,-13,1,-13
10,0,10,0
1,1,1,2
-11,3,-11,3
2,-11,3,-11
2,1,2,-11
1,1,-11,1
-11,10,1,10
1,0,1,-2
-11,2,-11,-11
1,1,1,1
-11,1,-2,1
-11,2,-11,1
1,2,-2,-2
-13,-13,-13,-2
1,11,2,12
1,-11,1,-11
1,-11,1,-2
-11,-13,-11,-13
1,1,1,1
1,-11,-11,-11
1,11,1,-20
1,1,1,1
10,-11,10,-11
0,-11,-11,-11
0,-11,0,1
0,10,1,-2
2,-11,2,-11
12,1,-2,1
-11,-13,-11,-2
1,-11,1,-11
-13,-11,-2,-11
-13,-13,-13,-2
-13,-11,-13,-2
1,10,1,10
2,1,2,-13
10,0,-2,0
-11,2,-11,2
10,-13,10,-13
11,-13,11,-13
-11,10,-2,-20
1,1,-11,1
-13,1,-13,1
0,0,0,0
11,2,-2,2
-11,-13,-2,-2
1,1,1,1
10,2,-2,3
1,2,1,2
0,0,0,0
2,-11,2,-2
-13,-11,-2,-2
11,-13,11,-13
-13,-13,-13,-13
-11,1,-11,-2
1,0,1,0
2,1,2,2
0,-11,0,-11
0,-11,0,-11
0,-13,0,0
1,-11,1,-2
-13,-11,-13,1
1,-13,2,-13
1,-11,1,-2
1,1,1,1
1,2,-20,2
1,1,1,1
0,-13,-2,-13
1,-13,-11,-2
1,0,1,0
-11,-11,-11,-11
1,-13,-11,-13
2,2,2,2
-13,1,-13,1
-11,1,-2,1
12,12,-2,-2
-11,-11,-2,-11
1,1,1,1
10,10,-2,11
3,-11,2,1
10,-11,-2,-11
1,1,1,1
-13,11,-13,11
-13,-13,-2,-13
1,1,2,1
0,0,0,0
3,10,-11,-2
1,2,1,2
1,11,1,11
-13,1,-13,-20
-13,-13,-13,-13
1,0,1,0
0,1,0,2
-11,10,-11,10
10,0,10,0
-11,-13,-2,-13
0,-11,0,-11
0,-11,0,-11
0,1,0,-2
1,-11,1,-2
2,-11,2,-11
2,-11,-2,-11
10,2,10,2
-11,-11,-11,-11
2,0,1,0
2,1,1,1
0,-13,0,-13
0,0,0,0
-11,0,-11,0
11,-13,11,-13
-11,-11,-11,-11
-11,-13,1,-13
12,0,-2,0
1,1,-20,-11
10,-11,-2,-11
-11,1,-11,1
-13,-13,0,-13
1,-11,-11,-11
-11,-13,-11,0
-13,10,0,10
10,0,-11,-11
1,1,1,1
1,0,1,0
-11,1,-11,1
1,-11,1,-11
0,2,0,2
2,1,2,1
-13,0,-13,0
-11,1,-11,1
10,1,11,1
-11,0,-11,0
-11,1,-11,1
1,4,1,4
2,2,-2,-2
1,11,1,11
1,-13,2,-13
1,10,1,-11
-11,1,-11,-2
1,-11,1,-11
-13,-13,-13,-13
-11,-11,-11,-11
10,1,-2,1
-13,11,-13,11
10,2,10,2
1,-11,-2,-11
0,2,0,-2
1,-11,1,-11
-13,-11,-13,-11
-11,-11,-11,-11
2,-13,2,-13
2,0,2,0
0,0,-2,0
1,-11,1,-11
10,11,10,-20
-13,1,-13,1
-11,0,-11,0
0,1,0,1
3,0,2,0
1,0,2,0
0,-13,0,-13
-11,-11,-11,-2
1,-13,-11,-13
-11,-11,-11,-11
-13,-11,-13,-11
-13,10,-13,10
1,2,1,2
1,2,1,2
-11,1,-2,1
10,0,-2,0
-13,-11,-13,-11
2,1,2,1
11,0,11,-20
0,10,1,-2
1,1,-2,1
-13,0,-13,0
10,2,-2,2
2,1,2,1
-11,2,-11,2
1,-13,1,-13
0,10,0,10
-13,-13,-13,-2
1,10,0,-2
0,-11,0,-11
-11,1,-11,1
1,-11,1,-2
1,11,1,11
-13,-11,-13,-11
10,-11,-2,-11
1,-11,1,-11
0,2,0,2
0,0,0,0
2,1,2,-2
11,10,11,10
2,0,2,0
1,-11,1,-11
11,-11,-11,-11
-13,0,-13,0
-13,1,-13,1
-11,0,-11,0
1,10,1,-2
-11,10,-11,-11
10,-13,1,-13
-13,11,-13,11
10,10,-2,10
11,10,-20,11
1,-11,1,-11
1,0,2,0
1,10,1,10
11,2,11,2
2,-11,0,-2
-11,0,-11,0
-11,11,-11,-11
1,-11,2,-11
1,-11,1,-11
-11,11,-11,11
3,1,-11,-20
-11,-11,-2,-11
2,-13,2,-13
2,-11,2,-11
-11,-11,-11,-11
1,-11,1,-11
0,0,0,0
-11,1,-2,1
10,-11,10,-11
0,1,0,2
-11,-13,-11,-13
-11,1,-11,1
1,1,1,1
-13,2,-13,3
0,10,0,-2
1,-13,1,-13
1,-11,-11,-11
2,2,2,2
0,-13,0,-13
0,-11,0,-2
0,10,2,10
1,1,1,1
0,2,0,2
-13,1,-13,1
0,1,0,1
11,-11,11,-2
2,-13,2,-13
2,0,2,1
10,-13,10,-13
-13,1,-13,-11
1,-11,1,-11
-13,-11,-13,-11
2,10,2,10
-13,-11,-13,-11
-13,0,-13,-20
-11,10,-11,10
-11,0,-11,0
-13,-11,0,-11
2,3,2,-11
1,-11,1,-11
-13,-11,-13,-11
1,10,1,-2
1,0,-2,1
-13,-11,-13,-11
-13,1,-13,1
-13,-13,-13,-13
1,0,1,0
1,-11,1,-2
-13,1,-13,1
-13,-13,0,-13
1,-13,1,-13
10,1,10,1
10,1,1,1
-11,1,-11,2
1,1,1,1
1,1,-2,-2
1,-11,1,-11
1,1,-2,1
10,10,-11,10
-13,10,-13,-2
0,2,0,-13
1,-11,2,-11
11,1,11,1
-11,10,-11,10
11,2,-2,2
0,0,0,0
-13,-1,-13,-1
10,1,-2,1
-11,10,-11,-2
-13,-11,-13,-2
12,-13,12,-13
1,1,1,2
-11,0,-11,0
1,10,-11,-2
2,1,2,0
1,12,3,-2
-11,1,-2,1
3,-11,-20,-11
1,-13,2,-13
1,2,1,2
1,0,1,0
-13,2,-13,3
10,-11,10,-11
-11,12,-11,-2
-13,1,-2,-2
10,0,-2,0
1,-11,-2,-2
-11,-11,-11,-11
-11,-13,-11,-13
-11,1,-11,1
0,-13,-2,-13
-11,-13,-11,-13
1,0,1,0
1,1,1,-20
-11,1,-11,1
1,0,1,0
-13,-11,-13,0
2,-11,2,-2
1,1,1,2
-11,-13,-11,-13
-13,-11,-13,-11
-13,-11,-13,2
0,0,0,0
1,0,1,0
1,11,1,-11
1,1,1,1
0,-13,0,0
10,0,10,-20
-11,10,-11,10
2,-13,5,-13
2,0,2,0
2,0,2,0
2,11,3,11
10,-13,-11,-13
0,-13,0,-13
0,0,0,0
-13,0,0,-2
1,0,1,-20
10,1,-2,1
-13,2,-13,-2
-11,-13,-11,-2
-11,-11,-11,2
0,-11,0,-11
2,1,-2,1
-13,0,0,0
-13,-11,-13,-2
1,1,1,1
1,-11,1,-11
1,0,-2,0
1,0,1,0
2,0,2,0
-13,1,-13,1
1,-11,1,-11
1,1,2,1
10,11,-20,-11
1,1,-2,-2
2,12,2,13
-11,1,-11,1
1,11,0,11
1,10,1,-11
0,1,0,1
1,0,1,0
1,1,1,1
-13,0,-13,0
10,-13,-2,-13
3,2,3,1
0,2,0,2
-13,-11,-13,-11
0,0,0,0
1,1,1,1
11,1,11,1
-11,0,-2,0
-13,11,-13,-2
-13,-13,-13,-13
1,-11,2,-11
-11,1,-11,1
-11,-13,-11,-13
-11,1,-11,1
2,11,-20,-20
-11,-11,-11,-11
-13,11,-13,-11
10,-13,10,-13
-13,-11,-13,-11
-11,-13,-11,-13
2,-13,2,0
-11,-11,-11,-11
-11,3,-11,3
10,1,10,1
2,1,-2,1
0,0,0,13
-11,1,-2,1
0,1,0,-13
2,0,2,0
-13,-13,-13,-13
-11,11,-11,11
-11,-11,-11,1
0,1,0,1
0,-11,0,-11
10,10,10,-20
-13,0,-13,0
1,3,1,-11
10,0,10,0
-11,-11,-2,-2
10,1,10,1
-13,-13,-13,-13
-11,2,-11,-2
1,0,1,0
2,1,-2,2
1,-11,1,-11
11,-11,12,-11
2,10,-2,10
10,1,10,-2
1,11,1,11
1,-11,-2,-11
-13,0,-13,0
-13,-13,-13,-13
2,0,2,0
-11,2,-11,-20
-13,-11,-13,-11
-13,1,1,1
11,1,12,-13
1,1,-11,1
-11,1,-2,2
-11,2,-11,4
1,-13,1,-13
1,1,1,1
-11,-13,-11,-13
2,-13,2,-13
10,-13,-11,-13
-11,-11,-11,-11
11,-11,-20,-11
10,-11,-2,-11
1,-13,1,-13
0,2,1,2
10,10,-2,-2
0,3,-2,2
-11,-11,-11,-11
1,2,2,2
10,-11,10,-11
-13,11,-13,11
-13,10,-13,10
1,1,1,1
-11,0,-2,0
-11,0,-11,0
10,0,-20,-20
2,11,2,-2
1,1,0,1
0,-13,-2,-2
1,-11,-2,-11
10,-11,10,-11
-13,0,-13,-20
2,1,-11,1
11,4,-2,4
1,0,1,0
2,10,2,10
11,-11,-20,-11
-13,10,-13,10
0,1,0,1
-11,1,-11,1
0,10,0,10
2,-11,2,-11
-11,-11,-11,-11
-11,0,-11,0
-11,1,-11,-2
2,10,2,-20
1,2,0,2
1,10,1,10
1,-13,1,-13
1,0,1,1
1,0,1,0
-13,-13,-13,0
-13,2,-13,2
1,-13,1,-13
-11,0,-11,0
-13,1,0,3
1,2,1,2
2,11,2,-2
-11,-13,-2,-13
1,-11,11,-11
3,2,3,2
0,1,-2,1
1,-11,1,-11
1,0,-13,0
1,2,1,2
-13,0,-13,0
-11,1,-11,1
1,0,1,0
1,1,1,1
10,-13,10,-13
-11,2,-11,-20
-11,10,-11,10
-13,-13,-13,-13
-13,2,-13,-11
1,-13,-2,-13
1,10,1,10
1,2,1,2
2,0,3,0
-11,0,-11,0
-11,-11,-2,-2
-11,-11,-11,-11
-11,11,-11,11
1,0,1,0
0,1,0,1
-13,0,-13,0
2,3,3,3
-13,11,-13,11
-11,-1,-11,-1
0,11,-2,11
1,-13,1,-13
-13,-13,-13,-13
0,11,0,11
1,2,1,2
-11,1,0,1
1,-13,1,-13
0,10,-20,-2
1,-11,1,-2
1,11,1,11
-13,-11,0,-11
1,1,1,1
1,1,1,1
-13,-13,-13,-13
-11,0,-11,2
0,0,0,0
1,-11,1,-11
2,0,2,1
-13,-13,-13,-13
1,2,1,2
2,-11,2,-11
-11,-11,-11,-11
-11,10,-11,10
-13,0,-13,-2
-13,-11,-13,-11
1,10,1,10
-11,1,-11,1
-11,1,-11,1
0,-13,0,-13
-11,-11,-11,-11
10,1,10,1
-11,0,-11,1
-11,-11,-2,-11
1,-11,-1,-11
-13,1,-13,1
1,0,1,0
-13,0,-13,0
0,-13,0,-13
-11,10,-2,-20
-11,1,0,1
2,-11,2,-11
-13,1,-13,1
-11,1,-11,-2
-1,-11,-11,-11
1,-13,1,-13
-13,3,-13,-11
2,0,2,0
1,10,1,-2
1,2,1,2
-13,2,-13,2
1,-11,1,-11
-13,1,-13,1
-13,-13,-13,-13
0,-11,0,-11
-11,0,-11,0
2,1,2,1
1,1,2,2
1,-11,-20,0
1,-13,1,-13
10,10,10,10
-11,0,-11,0
2,1,-2,1
1,2,1,-13
-11,-11,-11,1
10,10,10,-2
-13,-11,0,-11
1,1,1,1
1,1,1,1
11,1,-20,1
2,2,1,-11
10,0,-2,0
0,1,-13,2
-11,-13,-11,-13
-11,-13,2,-13
11,10,-2,10
-13,2,-13,2
-13,-11,-13,-11
-13,-13,-13,-13
1,10,1,10
-11,-11,0,-11
-11,-13,-11,-13
-13,1,-13,1
1,3,1,3
10,-11,10,-2
2,0,2,0
11,10,-20,10
1,-11,1,-11
-13,0,-13,0
-11,1,-2,1
1,11,1,11
0,1,0,2
1,-13,1,-13
0,-13,0,0
0,-13,0,-13
-13,0,-13,0
-11,-13,-11,-13
1,0,2,0
-13,1,-13,1
1,-13,1,-13
10,-13,10,-13
1,-11,4,-11
1,-13,1,-13
0,0,0,0
3,-13,3,-13
-11,-11,0,-11
-13,0,-13,0
2,-13,2,-13
0,-13,-20,-13
2,1,2,1
-11,0,-11,0
-11,1,-11,1
-11,-11,-2,-11
-11,1,-11,1
-13,11,-13,-11
0,0,0,-20
12,-11,12,-11
1,-13,1,-13
1,0,2,-2
11,-11,11,1
1,11,1,11
10,-13,-2,-13
0,0,0,0
-11,1,1,1
0,3,0,3
-13,-11,-13,-11
11,-13,-13,0
2,1,2,1
-13,2,-13,2
2,10,2,-2
-11,10,-11,-2
-13,1,-13,1
2,10,2,-2
0,1,0,1
0,1,0,1
0,1,-13,1
-11,1,-11,1
0,1,0,1
-11,10,-11,10
1,2,1,1
-11,2,-11,3
-13,-13,-13,-13
-13,0,-13,0
2,-13,2,-13
2,-11,2,-11
1,10,1,10
2,1,2,-2
-13,-11,-13,-2
-13,10,-13,10
-13,2,-2,2
-13,0,-13,-11
10,1,-2,2
2,-13,3,-13
1,1,-11,1
0,10,0,-2
1,1,1,-13
1,2,2,1
-11,-13,-11,-13
11,10,-2,-2
10,10,-11,-2
-13,10,0,-20
-13,-13,-13,-13
-11,0,-11,0
-13,2,-13,-2
1,-11,1,-2
2,-13,-20,-13
10,-11,10,-11
-13,-13,-13,-13
-13,0,-13,0
2,0,1,0
1,0,1,0
10,1,-11,2
10,1,-20,1
-13,10,-13,-11
0,1,0,-2
2,1,3,-11
1,0,1,0
-13,1,-13,1
-11,-13,-2,-13
1,1,1,-11
1,0,1,-13
-13,1,-13,-2
-13,2,-13,2
-11,10,-11,10
10,-13,10,-13
0,-13,-2,-2
0,1,0,1
1,-13,1,-13
-11,1,-11,1
1,-13,2,-13
-11,1,-11,2
-13,10,-13,-2
11,3,11,3
-13,-11,-13,-2
1,0,1,0
-11,-13,-2,-2
-11,1,-11,1
-13,2,-13,2
2,10,-2,-2
-11,-13,-11,-13
0,2,-20,-11
-11,-13,-11,-13
0,-13,0,-13
0,-13,1,0
0,0,0,0
-11,1,-2,1
11,-11,11,-11
1,2,1,-2
3,0,2,0
-13,10,-13,-2
2,-13,2,-13
1,-11,2,-11
-13,-13,-2,-13
1,1,-20,1
1,-13,1,-13
1,2,1,2
11,-11,-20,-11
-13,-13,-13,-13
-11,1,-11,-11
10,2,-2,-2
2,0,2,-2
2,11,2,-20
-11,10,-11,10
1,1,-11,1
0,-11,0,-11
1,2,1,-11
-11,1,-2,-2
1,-13,1,-13
11,1,-2,1
-11,1,-2,1
1,-13,1,-13
1,10,1,11
1,0,1,0
2,2,2,2
1,-11,-2,-11
10,1,-2,-2
2,1,2,1
-11,-13,-11,-13
-11,1,-11,1
1,12,1,-11
-11,-11,-2,-2
-11,1,-11,-20
10,-11,10,-11
1,-11,1,-11
10,2,10,2
0,1,0,1
11,-13,11,-13
1,1,1,-2
0,10,0,10
2,1,-2,1
-13,1,-13,1
10,-11,10,-11
2,-13,3,-13
-11,1,-11,1
1,0,2,3
11,-13,-2,-2
-11,2,-11,2
11,1,12,-2
11,0,-2,0
-13,1,-13,1
-13,-11,0,-11
-13,-11,-13,-11
0,1,0,2
1,-11,1,-11
2,1,2,1
-11,1,-11,1
1,2,1,2
0,-13,-2,-2
0,0,0,0
-13,10,-13,-11
1,-11,1,-11
-13,10,-13,-20
-11,1,-11,1
2,-13,2,-13
-11,-11,-11,-11
0,2,-11,-2
-11,-13,-11,-13
-13,10,-13,-2
-11,-13,-11,-13
-13,1,-13,1
1,1,2,1
-11,1,-11,-2
1,1,2,2
-13,0,-13,0
-13,1,-13,1
0,-11,-2,-11
-11,10,0,-11
-11,1,-11,1
-13,1,-13,1
1,-13,-20,-13
-11,3,-11,4
-13,-13,-13,-13
11,0,12,-20
-11,1,-11,1
1,1,1,14
0,-13,1,-13
0,-11,0,-11
-13,10,-13,10
-13,-11,-13,-11
0,-11,0,-11
1,1,0,1
1,1,-20,-20
2,-13,2,-13
0,0,-20,-2
0,1,0,1
2,-11,3,-11
-13,0,0,0
1,-13,12,-13
0,-11,0,-11
-11,2,-11,2
10,0,10,0
-13,1,-13,-2
-11,-11,-11,-2
1,-11,1,-11
1,-11,1,-11
-13,-11,0,-11
1,2,1,13
-13,1,-13,1
10,4,10,-2
1,1,2,1
-11,1,-11,2
0,-11,0,-11
2,10,2,10
11,3,11,3
0,10,1,-11
0,2,-2,3
1,11,1,11
-13,11,-13,-2
0,-13,0,-13
-13,10,-13,-13
1,0,2,0
1,0,1,0
1,-11,1,-11
-13,-11,-13,-2
1,2,1,2
2,2,-11,2
0,2,0,2
1,1,1,1
-13,-13,-13,-13
1,-13,1,-13
0,-11,-11,-11
1,1,-2,1
1,2,1,2
-13,-13,-13,-13
1,1,-11,1
10,12,-20,-20
2,2,-2,-2
-13,-13,-13,0
-13,1,-13,1
1,0,-2,0
2,2,-2,-11
0,0,0,-20
0,0,0,0
10,10,10,11
1,0,2,0
-13,-11,-13,-2
1,-11,-20,-11
12,-13,-2,-13
10,2,10,-11
10,1,-2,-2
1,-13,-20,-2
10,10,-11,-2
-13,-11,-13,-11
-11,1,-11,-20
1,-11,2,-11
1,1,1,1
1,3,1,2
1,-13,1,-13
1,-13,1,-13
0,1,0,-11
2,1,3,1
1,-11,1,-11
-11,-13,-2,-13
-11,1,-11,1
-11,-13,-11,-13
-13,1,-13,1
2,0,2,0
-13,2,-13,2
-11,1,-11,1
-11,1,-11,0
-11,1,-11,1
-13,1,-13,1
2,0,2,-2
1,1,1,1
1,0,-11,0
11,1,-11,1
-13,1,-2,1
2,1,1,-13
2,1,3,1
2,0,2,0
-13,0,-13,0
0,2,0,2
-11,-11,-11,-2
2,2,2,2
10,-13,10,-13
0,0,-2,1
-1,-13,-2,-2
-13,11,-13,11
3,1,3,-20
-11,11,-2,-2
-13,1,-13,2
1,0,1,0
10,2,-2,-11
-13,2,-13,2
-13,2,0,-2
-13,1,-13,-20
11,0,-11,0
1,0,2,0
10,1,-20,1
-11,11,-11,11
11,-13,-20,-2
-13,11,-13,-2
1,2,-11,2
1,-11,-11,-11
1,-13,1,-13
11,2,11,2
2,-13,2,-13
-13,1,-13,1
-13,-13,-13,-13
1,10,0,10
10,-13,-11,-13
2,0,2,0
2,1,1,1
-11,0,-11,-11
1,-13,-11,-13
-13,2,-13,2
-11,-13,-11,-13
0,2,0,2
2,1,2,1
0,2,0,3
0,-13,-20,-13
1,1,2,1
-11,1,-11,1
2,0,-20,0
2,-13,-11,-13
-13,-13,-13,-13
-11,1,-11,1
0,1,0,1
2,12,-2,-2
10,-11,-2,-11
0,-11,0,-2
2,1,2,1
-13,11,-13,11
0,-13,0,-13
-13,-11,-13,-11
1,-13,1,-13
-11,-13,-11,0
-13,-11,-2,-11
0,-11,0,-11
-13,1,-13,1
-13,11,-13,12
11,10,11,10
0,1,-2,-2
-11,-13,-11,-2
1,-13,1,-13
-13,0,-13,0
0,2,0,2
1,-13,1,-13
2,-11,2,-11
-11,-11,-11,-2
3,-13,3,-13
10,-11,10,-11
1,1,1,1
-13,-13,-13,-13
-13,-13,-13,-13
-11,1,-11,1
0,-13,-2,-13
0,-13,0,-13
10,1,-2,1
-13,0,-13,-11
-11,-11,-11,-11
-11,12,-11,-20
-11,1,-11,1
1,1,1,1
1,0,1,-2
1,1,1,1
-13,-11,-13,-11
10,-11,10,-11
10,-13,-2,-13
0,10,0,-2
2,-11,2,-11
-11,-11,-11,-11
1,10,1,10
1,-11,1,-11
10,0,-2,0
-13,-11,-13,-2
0,-11,0,-11
-11,0,-11,0
11,10,-2,-2
-11,11,-11,11
1,-13,1,0
-13,-13,-13,-13
-11,-13,-11,-13
1,0,1,0
3,0,4,0
0,0,0,0
1,-11,1,0
11,-13,11,-13
10,-13,10,-13
0,-13,0,-13
2,0,-11,0
-11,1,2,1
-13,1,-13,1
-11,10,-11,10
1,0,1,-2
0,-11,0,-11
0,10,0,10
-11,11,-11,-2
-11,1,-2,1
1,2,1,1
10,10,-2,10
1,-13,2,-13
-11,0,-2,0
11,-13,11,-13
1,-11,-2,-2
-13,1,-13,1
-13,-13,-13,-13
1,-11,-11,-11
-11,0,-11,1
1,1,1,1
11,11,-2,11
1,0,1,0
-13,1,-13,1
-13,10,-13,10
-13,-11,-13,1
1,-13,1,-13
-13,0,-13,0
0,-11,0,-2
10,0,-2,-2
-13,1,-13,1
1,0,1,0
-11,1,-2,2
1,-13,1,-13
-13,-11,-13,-11
-11,10,-2,-2
2,0,-2,0
-13,-13,-13,0
1,1,-2,1
0,-13,-20,-13
1,1,1,-11
-11,-13,-11,-13
1,-13,-11,-13
-13,-13,-13,-2
-11,-11,-2,-11
-11,1,-2,1
-11,-11,-11,-11
1,0,-11,0
-13,-13,-13,-13
1,1,-11,2
4,2,5,2
1,-13,1,-13
1,0,2,0
10,11,10,11
0,3,-2,3
-13,2,-13,2
1,0,1,-20
10,10,10,-2
3,-13,-20,-13
-11,0,-11,0
-13,-11,-13,-11
2,1,2,1
0,-13,0,-13
0,1,0,-2
1,0,2,0
1,10,11,10
-11,-11,-11,-11
10,0,0,-2
10,1,10,-2
10,1,-2,1
1,-11,1,-11
11,0,-20,-13
0,0,0,0
11,0,12,0
10,10,-2,10
2,-13,2,-13
1,-11,-2,-11
-11,0,-11,0
1,-13,1,-13
0,1,0,1
2,10,-2,-20
-11,1,-11,1
0,0,-2,-2
-11,-11,-2,-11
-11,1,-11,1
1,1,1,1
10,11,-2,11
10,-13,10,-13
0,-13,-20,-13
2,-13,2,-13
2,1,2,1
1,-13,1,-13
1,-13,1,-13
10,-11,-2,-11
-13,-11,-13,-11
1,1,1,-2
0,-13,0,-13
0,-13,0,-13
-13,-11,-2,-2
1,2,1,2
-11,3,-11,3
-11,1,-11,1
1,0,1,0
-13,0,-13,1
11,-13,-20,-2
1,0,1,0
10,1,-2,1
-11,0,-11,0
2,0,1,0
1,0,1,0
-13,0,0,-20
11,10,12,10
0,-11,-2,-11
10,1,-20,1
0,0,-2,-2
2,1,2,1
-13,1,-13,1
-11,10,-2,-2
-11,10,1,10
1,1,1,1
-11,0,-11,0
2,10,2,-2
1,-11,1,-2
-13,-1,-13,-1
2,-11,-11,-11
1,-11,0,-2
0,1,0,2
1,-13,1,-13
-11,-11,-11,-11
-13,1,-13,1
1,10,1,10
1,10,-11,11
-11,1,-2,-11
10,-11,-20,-11
2,-13,2,-13
1,-13,0,-13
0,0,0,0
1,2,-2,2
-11,0,-11,0
-11,1,-2,1
1,-11,1,-11
0,2,-2,0
-13,-11,-13,-11
-13,11,-13,-20
-11,-11,-11,-11
-11,1,-11,1
-13,3,-2,3
-11,0,-2,0
11,2,11,1
0,0,0,-2
-11,-11,-11,1
1,-11,1,-11
1,1,2,1
-13,-13,-13,-13
-11,-11,-11,1
-11,-13,-11,-13
-11,-13,-2,-13
-13,1,-13,1
0,1,0,1
1,2,1,12
-11,1,-11,-11
1,1,0,1
0,-11,0,-11
-11,-13,-11,-13
11,-13,-2,-13
10,-1,10,10
0,11,0,11
1,1,-20,1
-11,-11,-11,-2
-11,-11,-2,-11
1,2,1,-2
0,-13,0,-13
1,1,1,1
10,1,-11,1
0,1,-20,1
-11,11,-11,11
0,1,-20,2
1,-11,1,1
0,-13,0,-13
-11,1,-11,1
-11,-11,-11,-11
10,-13,10,-13
3,2,-11,-20
1,1,1,1
0,10,-20,10
10,11,-11,11
1,0,1,0
11,-13,-2,-13
-13,-13,-13,-13
10,1,10,2
1,0,3,0
-13,-13,-13,-13
-13,10,-13,-20
1,-13,-2,-13
1,2,1,2
1,-13,1,-13
1,2,3,2
11,0,14,0
-11,-13,-2,-13
-13,1,-2,1
-13,1,-13,4
-11,-13,-11,-13
-11,1,-11,0
-11,10,-11,10
2,-13,2,-13
10,-13,-20,-13
0,10,0,-20
-13,-13,-13,0
0,11,0,-2
-11,-13,-11,-2
10,-13,-2,-13
-11,0,-2,0
-13,1,-13,1
1,2,1,2
1,0,1,0
2,10,2,10
-13,11,-13,-2
2,1,-11,1
2,-13,3,-13
1,10,2,10
0,0,1,0
-11,2,-11,5
11,1,11,1
3,-11,3,-11
0,1,-13,1
-13,1,-13,1
1,-13,-2,-13
-13,0,-13,0
-13,10,-13,10
-13,-11,0,-11
10,2,-2,2
10,-13,11,-13
0,-13,0,-13
0,-11,-20,-11
-13,10,-13,10
1,0,1,0
10,-13,-2,-13
1,-11,1,-2
-13,10,-13,10
10,10,-2,10
0,1,0,1
-11,1,-11,1
1,10,1,10
10,-11,10,-11
1,-13,1,0
1,-11,1,-2
10,0,10,0
-11,-11,-11,-11
-11,0,0,0
-11,3,-11,3
-11,0,-11,-20
-11,10,-11,-20
11,3,-1,4
0,0,0,0
-11,0,-11,3
10,-13,-2,-13
1,1,1,1
-13,-11,-13,-11
10,0,10,-2
-13,10,-13,-2
-11,10,-11,10
-11,1,-11,1
0,1,-2,2
1,10,2,-20
1,1,2,1
0,-11,0,-11
-11,1,-11,-1
-11,0,-11,0
10,-11,-2,-11
10,2,10,-2
0,2,-2,2
-11,1,-11,1
11,-11,-2,1
0,-13,0,-13
2,-11,1,-11
-11,-11,-11,-11
-11,-13,-2,-13
-11,1,-11,-20
0,2,0,2
0,-13,0,-13
-11,1,-11,2
-11,1,-11,1
1,1,1,-2
-11,2,-11,2
-13,-11,-2,-11
1,1,1,-2
2,-13,2,0
1,-11,1,-2
0,-13,-20,-13
-13,1,-13,1
-11,2,-11,2
-13,2,-13,2
2,1,2,1
0,-11,0,-11
1,-13,1,-13
-13,1,-13,-2
-13,1,-13,-20
0,-11,0,-11
1,-13,1,-13
-13,1,-13,-2
-11,-13,-11,-13
1,-11,-2,-2
10,1,10,1
1,-13,1,-13
-11,-11,-11,-11
-13,-11,-13,-2
0,-11,-11,-11
1,1,2,1
-13,0,-13,0
1,10,2,10
11,-13,11,-13
1,-11,-2,-11
-11,-11,-11,-11
-11,-13,-2,-13
0,10,0,-20
1,0,1,0
-11,10,-11,10
-13,1,-13,1
1,-11,1,-11
2,-13,2,-13
11,-11,11,-11
-11,2,-11,-1
-13,-13,-13,-13
-13,1,-13,-2
1,-11,-20,-11
11,-13,11,-13
2,2,2,2
-11,1,-11,1
1,-13,1,-13
1,2,1,-11
-13,0,0,-13
1,1,1,1
-11,10,-11,10
-11,1,-11,2
-11,1,-11,1
1,-11,3,-2
1,1,0,-2
1,-11,1,-11
10,-11,-2,-11
10,10,10,11
2,1,-2,1
2,0,2,0
-11,-13,-11,-13
-13,10,-13,10
2,-11,2,-11
1,10,-11,10
-13,-13,-13,-13
1,0,1,0
-11,-11,-11,-11
2,1,-2,-2
2,1,2,-2
-13,1,0,1
-11,-13,-11,-13
2,1,3,-11
10,-13,11,-13
-11,1,-11,1
0,1,0,-20
-11,1,-11,1
-11,10,-11,10
1,0,1,0
1,-13,1,-13
10,1,-20,1
-11,2,-2,2
-13,-13,-13,-13
-11,-13,-11,-13
10,1,-13,1
0,10,-20,-2
10,1,10,0
10,-13,10,-13
2,11,2,-11
10,1,10,1
11,3,-20,3
10,1,-2,1
1,1,1,2
-11,-11,-11,-11
-11,1,-2,-11
-13,-11,-13,-11
10,1,10,2
-13,1,-13,1
11,-11,11,-2
-13,-13,-13,-13
-11,0,-2,0
2,1,3,1
11,11,-2,11
0,11,0,12
0,0,0,0
2,-11,2,-11
-13,10,-13,-2
-11,10,-11,10
1,1,1,1
1,12,1,-11
1,1,1,-11
-11,0,-11,0
0,1,0,-20
-11,1,-11,1
-11,11,-11,11
-11,1,-11,1
-11,-11,-11,-11
0,-13,-2,-13
1,1,1,1
1,2,0,3
11,1,-2,1
2,-13,2,-13
1,-11,1,-2
1,-13,1,-2
0,-13,-11,-13
0,-13,0,-2
-13,2,0,2
1,1,2,1
1,1,1,1
2,-11,1,-11
1,0,4,0
1,-13,1,-13
10,2,-13,2
11,0,-20,0
-13,0,-13,-20
0,1,0,1
-13,11,-2,-2
1,11,1,-2
1,-11,2,-11
10,1,-2,-1
-11,-13,-11,-13
0,-11,0,-11
10,2,-2,-11
10,1,0,-20
1,-11,2,-11
-11,-11,-11,-11
11,2,-20,2
-13,10,-13,10
1,1,1,1
10,1,-2,1
-13,11,-13,-2
0,10,0,-20
1,2,1,-2
1,1,1,1
-13,-13,-13,-13
0,10,0,10
-13,10,-13,10
-11,2,-11,2
1,10,-20,10
1,0,-20,0
1,2,1,-2
-11,1,-11,-13
10,1,-2,-2
0,10,1,10
2,2,2,2
0,3,0,2
1,1,-2,1
1,1,-11,1
1,1,1,1
10,-13,10,-13
-11,-11,0,-2
4,1,4,1
1,1,-20,1
-13,1,-13,1
1,1,1,2
1,11,1,11
10,-11,-20,-11
1,2,1,2
-11,-11,-11,-11
2,1,2,1
-11,-11,-11,-11
0,1,0,-13
10,2,-11,1
-13,1,-13,1
10,2,11,-20
10,0,-11,0
1,10,2,-2
1,0,1,0
10,0,-2,0
0,10,0,-11
-13,0,-13,-20
-13,-13,-13,-13
-13,-11,-13,-11
1,1,1,-20
1,1,1,1
11,2,1,2
1,11,1,11
1,2,1,2
1,-11,1,-11
1,-11,1,-11
-13,-11,0,-11
11,-11,1,-2
0,1,0,1
-11,-13,-11,-13
-11,1,1,1
1,1,2,1
11,1,-2,1
-11,0,-11,0
1,11,1,11
-11,2,-11,2
11,-11,-2,-11
1,1,1,1
-11,2,-2,2
0,-11,0,-2
1,10,1,-20
2,-11,3,-11
-11,1,-11,1
-11,-11,-11,-11
10,2,10,2
1,-11,2,-11
1,-11,1,-11
-11,-13,-11,-2
10,-13,10,-13
0,0,0,0
1,1,2,-11
10,1,-2,-2
10,-13,-2,-13
-11,-11,-11,-11
1,0,1,0
2,-11,2,-11
-11,-11,-11,-11
1,-11,1,-2
0,1,0,1
-11,-11,-11,-11
-11,2,-11,1
2,-11,3,-11
1,2,0,2
1,-13,-11,-13
1,-13,1,-13
10,1,10,1
0,1,0,-11
1,11,-20,-2
10,-11,-2,2
0,10,0,-13
10,-13,10,0
2,1,2,1
-13,1,-1,-2
11,1,-20,1
-11,-11,-11,-11
1,11,1,-11
1,0,1,0
2,11,2,11
10,-13,10,-13
10,2,10,2
2,-11,2,-11
1,10,2,10
-11,2,-2,3
1,-11,1,1
-13,11,-13,-11
1,2,1,2
11,10,11,10
10,1,10,1
10,-13,-20,-13
-13,1,-13,1
-13,-11,-13,-11
0,-13,0,-2
-13,-13,-13,-13
0,-11,0,-11
1,2,1,-2
10,0,0,0
-11,-11,-11,-11
1,2,1,1
0,2,0,3
1,-11,1,-11
1,-13,1,-13
-11,0,-11,0
1,10,1,10
-13,1,-13,3
10,-11,10,-11
2,1,4,1
-11,0,-2,-2
1,2,0,2
2,10,2,10
-11,-11,-2,-2
2,2,2,2
0,-13,0,-13
1,0,2,0
0,2,0,2
-13,11,-13,11
-11,0,-11,0
0,12,0,-1
0,0,0,0
-13,1,1,1
-13,2,-13,2
2,-13,2,0
-11,0,-2,0
1,0,1,0
1,0,-2,-11
0,10,0,10
-11,-11,-11,-11
-13,1,-13,0
-11,0,-11,-20
-11,10,-2,-1
-13,1,-13,-20
-11,1,-11,1
1,-13,1,-2
-13,10,0,10
1,1,-11,1
1,-11,1,-11
2,1,-2,2
0,1,0,1
11,1,11,1
-11,1,-11,-2
0,-13,0,-13
1,-11,1,-11
-13,1,-13,1
-13,10,0,-20
10,-11,-20,-11
10,-11,10,-11
10,-13,-2,-13
10,2,-2,2
1,-13,1,-13
-11,11,-11,-2
-13,0,-13,0
10,-11,-2,0
-13,-13,-13,-13
1,-11,1,-11
0,-13,0,-13
-13,-11,0,-11
2,1,-2,1
0,-11,0,-11
10,10,-20,-20
-11,0,0,0
1,-11,-20,-11
1,1,1,1
11,0,11,0
11,-11,-2,-11
-11,-13,-2,-13
1,1,1,1
10,-11,10,-11
-13,-13,-13,-13
0,1,0,1
1,-13,1,-2
10,-13,10,-2
-11,11,-11,-2
3,-11,3,-11
10,0,10,0
11,-11,-20,-11
0,10,0,-20
1,0,1,0
2,-11,2,-11
2,1,3,3
10,-13,10,-13
0,12,0,12
-11,0,-11,-20
1,1,1,-2
0,11,0,11
1,0,-13,0
1,1,1,1
1,2,1,2
1,-11,-2,-11
1,2,1,2
-13,-13,-13,-13
0,-13,-2,-13
-11,10,-11,10
-11,1,-11,1
-11,-11,-11,-11
1,1,1,1
1,-13,1,-13
-11,-13,-2,-13
2,1,2,3
2,1,2,1
10,2,-2,-2
-11,-13,-11,-13
10,-13,-2,0
1,0,1,0
11,10,11,-2
2,-11,2,-11
0,1,0,1
1,2,1,1
0,2,0,-2
-11,1,-11,1
-13,1,-13,1
-11,2,-11,2
11,-13,-20,1
-11,1,-11,0
-13,-11,-13,-11
-13,1,-13,1
1,-13,-11,-13
-13,0,-13,0
-13,-11,-13,-11
-11,1,-2,1
-11,0,-2,-2
0,10,1,1
1,1,-2,1
-13,1,-13,1
-13,1,-13,1
1,-13,1,-13
-13,-11,-13,-11
1,11,1,11
0,10,-20,10
1,2,-11,2
1,0,1,-2
0,1,-20,1
-13,-11,-13,-11
-11,-11,-11,1
-11,1,-11,1
10,-13,10,-13
0,0,0,0
10,1,-20,-13
-11,2,-11,2
-11,-11,-2,-11
1,-11,-2,-2
1,-13,1,-13
-11,11,-11,11
1,2,1,2
0,-13,0,-13
-11,1,-11,2
2,1,2,1
-11,-13,-11,0
1,1,1,1
0,1,0,1
-11,-11,-2,-2
1,1,1,1
2,1,1,1
-11,1,-11,1
1,-13,1,-13
-11,1,0,1
1,0,2,-20
-11,10,-11,-13
11,-11,-20,-11
10,1,-2,1
-13,10,-13,-2
-11,-11,-11,-11
-13,-11,0,-11
1,3,1,2
-13,-13,-13,-13
10,2,-20,2
11,-13,11,-13
-11,-13,-2,-2
1,2,1,3
-11,1,-11,1
11,0,-2,2
2,10,3,-2
2,-13,2,-13
-13,-11,-13,-11
-11,11,-11,11
2,-11,-2,-11
-11,1,-11,12
1,10,1,-1
10,10,10,10
-13,0,-13,0
-13,10,-13,10
-11,0,-11,0
-11,-11,-2,-11
1,0,1,0
11,1,-2,-2
1,-13,-2,-13
-13,-13,-13,-13
0,-11,0,-11
2,-13,2,-13
0,2,0,2
1,1,1,1
1,-11,1,-11
1,1,1,1
1,1,1,12
-13,11,-13,-2
1,-13,2,-13
-13,-13,-2,-13
1,1,1,2
0,-11,0,-11
-11,-13,-11,-13
1,1,1,1
1,10,1,10
0,2,0,-2
-11,-11,-11,-11
-11,-11,-11,-11
-13,-11,-13,-11
-13,0,-13,0
-13,10,-13,-20
1,0,1,0
2,0,2,-20
-11,-13,-11,-2
0,-13,0,-13
-13,1,-13,-20
1,-11,2,-11
1,11,1,11
1,1,-20,1
1,-13,1,-13
1,1,1,1
-13,2,-13,2
-11,1,-11,-20
-11,1,-11,-20
0,2,0,1
-11,1,-11,1
-13,-11,-13,-2
1,0,1,0
1,1,-2,1
1,1,1,1
2,-13,-13,-13
-11,-13,-11,-13
0,1,0,1
-13,0,-13,0
0,1,0,1
-13,2,0,2
1,-13,1,-13
-13,10,0,10
11,0,11,0
1,-11,1,-11
-11,1,-11,1
12,1,-2,1
-13,1,-13,-2
-11,0,-11,-20
10,1,-20,1
-11,-13,-11,-13
1,-11,1,-11
-13,-13,-13,-13
-11,1,-11,1
1,1,1,1
1,10,-13,10
-11,2,-11,2
-13,0,-13,0
2,3,-20,3
1,1,-11,1
-11,0,-11,0
2,1,2,-11
-11,0,-11,-20
12,-13,12,-2
10,0,-20,0
-11,-11,-11,-11
0,-11,0,-11
10,10,-11,10
2,-13,2,-13
2,1,2,1
11,1,-2,1
1,10,1,10
-11,1,-11,-2
2,1,2,1
0,10,-11,11
-11,0,-11,-2
-13,-13,0,-13
0,-13,0,-13
-11,1,-2,1
2,-13,2,-13
1,-11,1,-11
-11,0,-11,-13
10,10,-2,10
1,-13,3,-13
-11,-11,-11,-11
3,1,3,1
10,0,11,1
0,0,0,-13
-13,10,-13,10
-13,11,-13,-2
-13,1,-13,1
2,-13,2,-13
0,-11,0,-11
11,11,11,-2
1,-11,1,-11
2,-1,2,-2
-11,-11,-11,-11
1,-13,-20,-13
-11,1,-11,1
0,10,0,-20
1,10,1,10
1,-13,2,-13
-11,-13,-11,-13
1,-11,1,-11
2,0,1,0
-11,11,-11,11
1,-11,-11,-11
-11,0,-11,0
2,-11,1,-2
2,1,2,1
-13,2,-13,-11
-11,0,-2,0
1,1,1,1
-11,1,-11,1
1,11,2,11
2,-11,-11,-11
10,-11,-2,-11
10,2,-2,-11
2,-13,2,-13
0,10,0,-20
0,1,5,1
-11,-13,-11,-13
1,0,1,0
0,1,2,-2
-11,-13,-11,-13
11,11,-20,11
10,-11,10,0
-11,11,-2,-2
0,2,0,-2
11,0,-2,0
10,10,-2,-2
-13,-11,0,-2
-11,-11,-2,-11
1,-13,-11,-13
-11,10,-11,10
-11,-13,-11,-13
0,-11,-2,-2
-13,-13,-13,-13
-11,10,-2,-2
1,2,1,2
1,1,2,1
1,-11,-2,-11
1,-13,-2,-13
-11,1,-11,1
-13,1,-13,2
10,1,-2,1
2,1,2,-20
2,-13,-2,-13
10,12,-20,-20
-11,0,-11,0
-13,1,-13,2
0,10,0,-13
2,10,-2,-2
1,0,-13,0
-11,-13,-11,-13
0,1,0,1
-11,10,-2,10
-11,0,-11,0
-13,-11,-13,-11
11,-11,-2,-11
1,1,1,1
1,0,1,0
-13,0,-13,0
1,0,4,1
-11,10,-11,10
-13,2,-13,2
-13,1,-13,0
-11,1,-2,-13
-11,-11,-11,-11
-13,-11,-13,-11
0,11,0,1
1,-13,1,-13
1,1,1,-11
-11,-13,-11,-13
2,10,2,10
-11,-11,-11,-11
11,0,11,0
1,1,-20,1
-11,-11,-2,-11
-13,10,0,-20
-13,0,-13,0
10,1,-2,0
-11,11,-11,-2
10,2,-2,2
-11,-11,-11,-2
-11,1,-2,1
-11,-11,-11,-11
10,-11,-20,-11
-13,1,-13,1
1,2,1,2
10,11,-2,11
10,0,-2,1
11,-11,-11,-11
-13,11,-13,-2
0,-11,-2,-11
0,0,0,0
1,1,-2,-2
1,-13,1,-13
1,2,-2,2
1,0,1,1
-11,2,-2,2
1,-13,-2,-13
2,0,2,0
0,-13,0,-2
1,0,1,1
10,-13,10,-13
10,0,-20,0
1,-13,1,0
11,1,11,1
11,-11,-2,-11
0,-13,0,-13
-13,1,-13,1
1,-13,1,-13
1,1,1,1
1,2,2,2
10,-11,10,-11
10,1,10,1
-11,11,-11,11
11,-11,11,-11
1,11,1,11
-13,10,-13,10
-13,1,-13,-20
1,0,1,0
10,1,-20,1
-11,2,-11,2
-13,-13,-13,-13
-13,-11,-13,-11
1,1,1,1
0,0,-2,-11
-11,1,-11,-20
1,1,1,1
-11,0,-11,0
-13,2,-13,2
1,1,1,1
0,-13,0,-13
-11,10,-11,10
-11,-13,-11,-13
-13,-11,-13,-11
-11,-13,-11,-13
3,10,-11,-2
-11,1,-11,1
1,0,1,0
2,-13,-2,-13
1,0,1,0
2,10,2,10
10,2,10,3
-11,-13,-11,-13
0,-11,0,-11
-13,-13,-13,-13
3,-13,3,-13
11,4,11,3
-11,2,-11,-11
0,-11,0,-11
1,1,1,1
-11,3,0,3
1,-13,1,-13
-13,1,-13,1
-13,-13,-13,-2
2,-13,1,-13
10,0,10,0
0,-13,0,-13
-13,10,-13,-2
10,0,-1,2
-11,3,-2,3
-11,1,-11,1
-11,1,-11,-11
1,-11,1,-11
-11,-11,-2,-11
-11,-11,-11,-11
0,11,0,-2
1,-11,1,-11
1,0,1,0
10,-11,10,-11
-11,-11,-11,-11
-11,1,-11,1
1,10,1,-11
1,0,1,0
1,0,1,0
2,1,2,1
-13,-13,-13,-13
2,-11,2,-11
-11,-13,-11,-13
1,-13,1,-13
0,1,-2,1
0,0,0,-2
2,11,2,-2
1,-13,1,-13
-11,-11,-2,-11
-11,10,-2,-2
1,0,1,0
0,-13,-20,-13
2,0,2,0
1,-13,1,0
2,0,-11,-20
1,-11,1,-2
1,2,-2,2
12,-13,14,-13
-13,0,-13,-20
-11,11,-2,11
-13,1,-13,1
1,1,1,2
1,1,1,-20
1,1,-20,-2
10,0,10,0
-11,0,-2,0
1,0,10,0
11,10,11,-1
10,-13,-20,-13
1,2,1,2
-11,1,-2,2
2,11,2,11
2,0,2,0
-13,-11,-2,-11
-11,0,-11,0
1,-11,1,-2
2,1,2,1
-11,10,-2,-2
2,1,3,1
1,1,-2,-20
0,10,0,10
0,2,0,2
10,-11,10,-11
1,1,1,2
0,0,0,0
1,1,1,1
-11,11,-11,11
1,1,-2,-2
10,11,-13,11
1,0,1,0
0,-13,0,-13
1,1,0,0
1,0,1,0
1,-11,1,-2
11,1,-2,1
10,2,10,2
2,1,2,-13
-13,-11,-13,-11
-13,1,-13,1
-13,-11,-13,-11
-11,-13,0,-13
1,2,1,3
2,-13,2,-13
1,10,1,15
2,10,2,10
-13,-11,-13,-11
1,2,1,1
-11,2,-11,3
1,-11,1,-11
2,-13,1,-13
2,1,2,1
1,1,1,1
1,1,1,1
10,2,10,2
1,1,1,1
1,0,1,1
-13,1,-13,1
2,1,-2,-2
10,1,13,1
1,-13,-2,-13
-13,-13,-13,-13
-11,-11,-2,-2
-13,0,-13,0
1,1,1,1
2,1,2,1
-13,0,-13,0
-11,-13,-11,-13
-13,1,-13,1
10,1,10,-20
0,10,-20,-11
1,0,1,-2
10,11,10,-2
1,1,1,-2
10,0,10,0
-11,1,-11,-2
1,-13,-2,-13
-13,1,-13,1
2,1,3,1
1,0,2,0
10,12,-11,-20
-13,0,-13,-20
1,-13,-2,-13
0,0,0,0
0,10,0,10
1,0,1,-20
2,-11,1,-11
10,-13,10,-13
10,1,-2,1
1,10,-11,11
1,-11,1,0
-13,1,-13,-20
-13,10,-13,10
3,0,3,0
1,2,-2,2
1,-11,1,-2
1,2,1,2
1,10,1,-20
1,1,-2,1
11,-11,-11,-11
-11,-13,-11,-13
2,-11,2,-11
-11,-13,-11,-13
1,0,1,0
-13,-11,-13,-11
-11,-11,-11,-11
-13,1,-13,1
1,2,1,2
3,-11,3,-11
2,-11,1,-11
-11,11,-11,-20
-11,2,-11,2
1,0,1,0
10,1,10,1
0,1,0,1
10,-13,10,-13
-11,-13,1,-13
1,2,2,2
-11,-11,-11,-11
-13,1,-13,1
0,-11,0,-11
-13,-11,-13,-11
0,1,0,1
1,11,1,11
1,1,3,1
-11,-13,-11,-2
2,0,2,0
10,-11,11,-11
-11,11,-11,-13
0,-11,0,-11
10,2,-20,3
1,0,2,0
1,10,1,-20
-11,1,-11,1
-13,1,-13,2
-11,-13,-11,-13
-11,-13,-11,-13
11,-13,-20,-13
0,-11,0,-11
10,0,10,0
10,0,10,0
-13,1,0,1
2,1,2,1
-11,10,-11,10
1,0,-2,0
11,0,11,-13
1,10,1,13
1,0,1,-20
10,-11,10,-11
0,0,0,-20
2,0,-11,-20
1,-11,-20,-11
1,-11,1,-11
-11,-11,-11,-2
2,0,2,0
2,-13,2,-13
-13,1,-2,-20
-11,11,-11,-2
1,1,1,1
-11,10,-11,10
2,1,1,1
11,-11,12,-11
-13,-13,0,-13
11,0,12,0
2,0,1,12
-11,0,-11,0
-13,10,-2,-2
1,-13,2,-13
2,1,2,1
-13,-11,-13,-2
10,1,-20,-2
-13,-11,-13,-11
-13,10,-13,10
-11,1,-2,1
1,10,1,10
10,0,10,0
-13,0,-13,0
-11,-11,-11,1
-13,10,-2,-2
11,1,-2,1
-11,-11,-11,-11
10,1,10,1
-11,10,-11,-2
-11,-11,-11,-11
10,-11,-11,1
0,1,-13,1
-11,-13,-11,-13
1,1,1,1
2,1,5,1
-13,11,0,-11
-11,0,-11,2
1,1,-2,-11
2,-11,2,-11
10,0,-20,0
2,0,2,-2
1,-11,1,-11
-11,2,-11,2
-13,1,-13,1
-13,-11,-13,0
0,-13,0,0
1,-11,1,-11
-11,-13,-11,-13
1,1,2,1
-11,-13,-11,-13
2,10,2,10
-13,-11,-13,-11
10,1,10,1
1,1,1,1
2,-13,2,-13
2,-11,2,-11
3,-13,3,-13
-13,1,-13,2
0,1,0,1
-11,3,-11,2
-13,10,-13,10
0,11,-20,11
-11,0,-11,0
1,1,1,1
1,-13,1,-13
2,1,-2,-2
-13,11,-13,-2
10,3,-2,3
-13,-11,-13,-11
11,1,-20,1
1,0,2,0
1,-13,2,-13
-11,1,-11,1
1,10,1,10
10,2,-11,2
-11,-11,-11,-2
-13,1,-13,-20
1,0,1,0
1,1,1,1
1,0,1,0
-13,10,-13,13
1,-11,-2,-2
-13,-13,0,-13
1,1,1,1
10,0,-13,0
-13,10,-13,10
0,3,-2,3
10,-11,-2,-11
0,1,0,1
-13,10,-13,10
-11,-13,-11,-13
1,1,1,1
-13,2,-13,2
-13,10,-13,10
1,-13,1,-13
2,2,2,2
0,-13,0,-2
1,1,1,1
-11,1,-11,1
1,-13,1,-13
-11,2,1,2
-11,-13,-11,0
1,11,2,-2
0,1,2,1
0,-11,-2,-2
-13,0,-13,0
-13,1,-13,1
2,2,2,2
-13,1,-13,-2
1,10,1,10
1,-13,-2,-13
-13,2,-13,2
-13,0,-13,1
-13,1,-13,1
-11,0,-11,0
-11,1,-2,1
-11,10,-11,-2
2,-13,2,-13
-11,0,-11,1
10,11,10,11
-13,0,-13,0
1,-11,-2,-2
-13,1,-13,1
2,1,2,1
11,-13,11,-13
-11,-11,-11,-11
1,-13,1,-13
1,-11,1,-11
10,1,-20,1
0,-11,0,-11
-11,2,-11,-20
-13,-11,-13,-11
0,1,0,1
2,10,2,-20
2,2,2,2
1,-13,1,-13
-11,1,-11,1
10,-13,10,-13
1,-11,1,-11
1,2,2,2
11,10,11,10
11,3,11,2
-13,0,-13,-2
0,-13,0,-13
1,-11,1,-11
-13,-11,-13,-11
-13,10,-2,10
-13,1,-13,11
2,10,3,10
10,0,-2,-20
0,-11,0,-11
10,0,10,-20
-13,1,-13,1
-13,10,-13,-2
1,1,-2,1
2,2,1,2
-13,1,0,1
11,1,11,2
10,0,10,0
2,-13,2,-13
-11,2,-11,2
-13,-11,-13,-11
-13,0,-13,0
10,10,10,-13
1,11,1,11
0,1,1,-20
1,-13,1,-13
1,1,1,1
11,-11,11,-11
10,1,0,-2
-11,-13,-11,-13
-13,-13,-13,-13
-11,1,-11,1
-13,10,-13,-20
1,10,1,-2
-13,-11,-13,-11
0,1,2,1
2,-13,2,-13
-13,-13,-13,-13
-13,-13,-13,-13
2,-13,2,-13
-13,10,-13,10
-11,-11,-11,-11
11,2,11,3
1,10,1,-11
0,1,0,2
-11,-13,-2,-13
11,-13,1,-13
0,1,0,1
10,-11,10,-11
10,0,-2,0
11,0,-2,0
-13,1,-13,-2
1,2,1,2
0,0,0,0
1,1,-2,0
1,0,1,0
0,-13,0,-13
1,10,1,-20
-11,1,-11,1
-13,2,0,-2
-13,11,-13,13
1,-11,1,-11
0,1,0,1
0,11,0,11
2,-13,-11,-13
-11,0,-11,0
-11,1,-11,-2
0,-13,0,0
0,2,-2,-2
0,2,0,2
0,-11,0,-11
10,2,10,2
-13,10,0,10
-11,1,-11,1
-11,0,-11,0
11,1,0,-2
10,-13,10,-13
-11,12,-11,12
0,2,-20,2
1,10,-2,-2
3,1,3,1
-11,1,-11,-2
-11,10,-11,10
1,10,1,10
0,1,1,2
-13,0,-13,-20
-11,0,-11,0
1,11,1,-2
-13,0,-13,0
-11,1,-11,1
0,0,1,0
10,-13,10,-13
10,-11,-2,-11
0,10,-2,-11
1,-11,1,-11
2,1,2,1
-13,11,-13,-20
2,-11,2,-11
-11,1,-2,-13
-13,-11,-13,-11
11,-13,11,-13
0,1,0,1
2,-11,12,-11
1,1,1,1
-11,-11,-11,-2
-13,-13,-13,-2
1,0,1,0
-13,11,-13,12
-11,-13,-11,-13
-13,-11,-2,-11
-11,1,-11,2
3,2,-2,2
-13,2,-13,1
-13,-13,-13,-13
0,1,0,-2
10,-13,10,-13
-11,2,-11,2
10,-11,10,-11
10,-13,1,-13
-11,10,-11,10
2,2,2,2
1,1,1,1
1,-13,2,-13
-13,-11,-13,-11
1,0,1,-20
2,2,-2,2
-13,2,-13,-11
-13,1,-13,1
0,10,-20,10
-11,-13,-11,-13
0,1,0,1
1,-11,1,-11
1,-13,1,-13
1,0,1,-20
11,-11,11,-11
2,1,2,1
0,10,0,10
-13,1,-13,1
1,-11,-20,-2
0,1,0,1
-11,-13,-11,-13
-13,-11,-13,-11
-13,11,-13,12
-13,11,-13,-20
-11,10,-11,12
-11,0,-11,-20
-11,12,-11,12
1,1,1,1
0,2,0,-2
2,1,2,-20
1,-11,-2,-11
1,11,1,11
1,0,1,0
1,11,1,11
1,-11,1,1
2,0,2,-2
-11,-11,-11,-11
2,-11,1,-2
1,1,1,1
1,1,1,1
1,0,2,0
-13,2,-13,3
-11,-11,-11,-11
2,0,-20,0
-13,0,-2,0
1,-13,-20,-13
-11,1,0,1
-11,1,-11,2
2,0,2,0
2,10,2,10
1,-13,1,-13
-11,-11,-11,2
0,-11,0,-11
1,2,2,2
0,2,-20,1
1,1,1,1
1,-13,-20,-13
1,0,1,0
2,2,2,2
1,0,1,0
1,2,-2,3
0,1,0,2
-11,0,-11,0
1,1,1,-2
1,11,1,-20
11,1,11,1
-11,0,-2,0
10,1,-2,2
-11,0,-11,0
0,0,0,-2
0,10,0,-2
0,-13,2,-13
-11,1,-11,11
-11,2,-11,3
2,-13,1,-13
2,10,-20,10
-13,1,-13,1
10,-11,10,-11
1,1,2,1
10,0,-2,0
0,-11,0,-11
1,-11,1,-11
1,-13,2,-13
-11,1,-11,4
-13,1,0,1
-13,1,-13,1
-11,-13,-11,-13
-13,-13,-13,-13
1,2,-20,-2
10,1,10,-20
2,-11,2,0
2,10,1,-2
-11,1,-2,1
-13,-11,-13,-11
11,2,11,-13
1,10,1,10
1,-13,-13,-13
1,1,1,1
0,-13,0,-13
1,1,1,-11
-13,0,-13,0
1,-11,1,-11
-13,-11,-13,-11
12,0,12,0
10,12,-2,12
-13,10,0,10
10,-11,-11,-11
-13,2,-13,2
1,1,1,1
1,10,-11,10
1,-11,-2,0
1,1,1,2
1,0,1,0
0,-13,0,-13
-13,2,-13,2
0,1,0,1
1,0,1,0
1,0,-20,-20
-11,0,-11,0
1,2,1,3
2,0,1,0
0,1,0,1
-11,3,-11,1
-11,2,-11,2
10,2,-2,2
0,1,0,-2
-11,-11,-11,-11
-11,10,-11,10
11,-13,11,-13
10,-13,-13,-2
0,10,0,10
-13,-11,-13,-11
0,2,0,1
-11,0,0,0
-13,-11,-13,-11
10,1,-11,1
1,2,1,2
0,0,0,0
11,10,-2,-20
-11,-11,-11,-11
10,10,-11,11
-11,1,-11,1
-13,1,-13,2
0,10,-20,-2
0,11,0,11
10,1,10,2
-11,0,-11,0
-11,2,-11,2
1,0,-11,0
2,2,2,4
10,1,10,1
-11,-13,-11,-13
11,10,11,-2
-13,1,-13,1
-13,10,-13,10
-13,1,-13,1
1,-13,-2,-13
1,-11,1,-2
-11,1,-11,1
-13,-11,-13,-11
1,1,1,1
1,-13,1,-13
2,-11,1,-11
-13,1,-13,-11
2,1,2,2
1,1,1,1
1,-11,-11,-2
1,2,1,2
11,1,11,3
1,1,1,1
-11,2,-11,2
1,1,2,1
-11,-13,-11,-13
-11,1,-11,1
-11,1,-11,1
11,-13,-11,-13
1,10,1,-20
1,1,1,1
-11,-11,-2,-11
1,-11,1,-11
2,10,2,-20
-11,1,-11,1
0,0,0,0
2,1,2,-11
-13,-13,-13,-13
-13,-11,-13,-11
-11,1,-2,1
1,1,2,1
-11,-11,-11,-2
-13,1,-13,1
1,-13,1,-13
11,0,-2,0
1,1,-2,-20
2,2,2,2
1,0,1,0
1,3,2,3
-13,1,-13,1
-11,3,-11,3
2,-11,2,-11
1,-13,0,-13
0,1,0,1
-11,10,-11,10
-11,0,-11,0
1,-13,1,-13
-11,-11,-11,-11
-13,1,-13,2
0,0,0,0
1,10,1,10
1,10,1,10
-13,-13,-13,-13
-11,0,-11,0
-13,1,-13,1
-11,-11,-11,-11
0,-11,0,-11
-13,2,0,2
1,11,1,-2
2,10,1,10
10,10,-2,-2
-11,-13,-11,-13
0,1,0,1
0,2,-11,-2
10,10,10,10
-13,1,-13,1
-11,1,1,1
10,-13,-2,0
0,1,0,1
-11,1,-11,4
1,1,1,1
-13,-11,-13,-11
10,-13,-2,-13
2,1,-13,1
-13,0,-13,0
-13,-11,-13,-11
-11,0,-11,-2
-11,1,-11,1
0,0,0,2
1,-13,1,-13
10,-11,-2,-11
1,-11,1,-11
2,11,2,11
0,0,-11,0
0,1,0,2
10,10,-2,-2
2,-11,1,-2
2,1,2,1
-11,0,-11,0
1,2,1,2
0,-13,0,-13
2,2,2,2
-11,1,-11,1
10,-11,0,0
1,10,1,10
0,1,0,1
1,10,3,10
1,-11,12,-11
1,-13,-2,-13
1,-13,2,-13
-11,1,-11,1
-13,-13,-13,-13
0,10,0,-11
0,1,-2,1
11,1,11,-11
-13,2,-13,-2
0,11,0,11
-11,1,-2,1
1,-11,-2,-11
-11,-11,-11,-11
1,-13,1,-13
2,-11,2,-11
-11,11,-11,-11
-13,1,-13,2
-11,1,-11,-11
-13,-13,-13,-13
-13,-11,-13,-2
-13,1,-13,1
12,-13,-20,-13
-11,10,-11,11
2,1,1,-2
-13,1,-13,1
-11,-13,-11,0
11,-13,11,-13
2,10,-20,10
-13,-13,-13,-13
10,1,10,-11
2,0,-20,2
10,1,-2,1
-13,-11,-13,-11
-11,0,-2,-2
1,-13,1,-13
-13,11,-13,11
2,-11,2,-11
-11,2,-2,3
0,1,-13,1
11,-11,11,-11
1,3,2,3
-13,0,-13,0
1,10,-11,-11
-11,-11,-11,-11
2,1,2,1
2,0,2,0
1,10,1,-13
-11,-13,-11,-13
0,1,0,1
11,-13,11,0
1,0,1,1
1,0,1,0
-11,2,-11,2
-13,1,-13,1
2,-11,2,-11
10,1,10,0
-11,1,-11,1
1,2,1,2
0,-13,0,-13
-13,-13,-13,-13
0,0,0,1
1,1,-2,1
2,10,2,-2
-13,0,-13,-2
-13,-13,-13,-13
1,1,1,-2
1,2,1,2
-13,-11,-13,-2
1,1,1,1
10,-11,10,-11
1,2,1,3
-13,2,-13,2
0,0,0,0
2,0,-11,0
0,-13,-2,0
-1,2,-2,3
-13,10,-13,-2
1,1,1,1
11,3,-2,3
-13,0,-13,10
2,1,2,1
-13,0,-13,0
10,1,10,1
1,1,-11,1
4,-11,3,-11
1,3,1,3
-13,-11,-13,-11
-11,1,-11,1
-11,1,-11,1
-11,0,-11,1
-13,10,-13,10
2,0,2,0
0,10,0,10
-13,-13,0,-13
1,-13,1,-13
1,1,1,2
1,-13,-2,0
11,2,-11,2
-13,1,-2,1
0,-13,0,-13
1,11,1,-2
0,1,0,1
10,-13,10,-13
11,0,11,0
2,10,1,10
0,1,1,13
-13,1,-13,2
-11,-11,-2,-11
1,1,-20,1
3,1,3,1
-11,-13,-11,-13
1,1,2,-20
1,10,1,10
11,10,-2,10
-13,10,0,-11
1,10,1,-2
-11,0,-11,-20
10,-13,10,-2
1,2,1,1
-11,-13,-11,-13
-11,10,-11,10
-13,11,-13,11
0,10,0,10
2,10,2,-2
-11,1,-11,2
-13,10,-13,-2
1,10,1,10
-11,1,-11,-11
11,2,-11,-2
-13,2,-13,2
0,0,0,0
-13,-13,0,-13
-11,2,-11,2
-11,0,-11,3
-11,2,-11,-20
1,-13,1,-13
-11,10,-2,-1
1,-13,1,-13
2,2,2,-11
0,-13,0,-2
1,0,1,0
-13,2,-13,-2
11,10,-2,-2
1,11,1,11
0,-13,0,-13
-13,11,-13,11
0,-11,-2,-11
1,1,1,1
1,1,1,1
1,2,2,2
-13,11,-13,-1
-13,-13,-13,-13
2,2,2,2
-11,2,-11,-2
-13,-13,-13,-13
1,-11,1,-11
1,11,1,11
-11,-13,-11,-13
-13,10,0,-20
1,0,1,0
11,-11,11,-11
-11,-13,-11,-13
-13,-13,-13,0
1,1,14,1
3,-13,3,-13
1,0,1,0
-11,1,-11,1
-13,11,-13,11
2,-11,-11,-11
-13,0,-13,0
0,-11,-20,-11
1,2,1,2
0,0,-20,0
0,0,0,0
-13,1,-13,1
-13,11,-13,-2
-11,1,-11,1
-11,-11,-11,-11
1,2,-2,-2
10,0,15,-20
-11,-13,-11,-2
2,-11,2,-11
1,-13,1,-13
-11,-11,-11,-11
-13,2,-13,-2
-13,2,-2,1
-11,10,-11,-2
2,-11,2,-11
10,3,-2,2
-1,-11,-1,-11
-13,-13,-13,-13
-13,-11,-13,-2
-11,10,-11,12
-13,10,-13,-2
-13,-13,-13,-13
1,-13,-20,-13
0,-11,1,-2
-13,0,-13,-2
-13,1,-13,-11
-11,1,-11,1
1,10,1,-2
10,-13,-13,-13
1,1,-2,-20
1,-11,-2,-11
2,10,2,-2
1,-13,1,-13
-13,1,-13,1
0,1,0,1
10,1,-2,1
-13,-11,-13,-2
1,2,1,2
1,1,2,-11
-11,2,-11,2
-11,0,-11,0
1,2,1,2
-11,10,-11,-2
1,-11,1,-11
1,-1,-2,-1
2,0,2,0
-11,-13,-11,-13
10,0,1,0
1,-11,1,-11
0,-11,1,-11
-13,-11,-13,-11
2,1,2,-20
1,1,-11,1
10,-13,10,0
-11,-13,-11,-13
-13,-11,-13,-11
11,-13,-2,-13
0,-11,0,-2
-13,-13,-13,-13
0,2,0,2
10,-13,10,-13
-11,-13,-2,-13
1,0,1,1
11,10,-2,10
1,11,1,-2
11,-11,11,-11
10,-13,10,-13
-13,-13,0,-13
-11,1,-11,1
-13,1,-13,-2
11,3,14,3
-13,10,-13,-2
1,-13,2,-13
2,-13,1,-13
10,0,-20,0
-13,-11,-13,-11
-11,-11,-11,0
1,0,-11,0
10,1,10,1
2,-13,1,-13
0,-11,-2,-11
-13,-13,0,-13
0,1,0,1
-13,1,-13,2
-13,1,-2,1
-11,10,-11,10
1,1,1,1
1,3,1,3
2,11,2,-2
-13,10,-13,10
1,3,1,4
10,-11,-2,-11
-11,2,-11,2
10,1,-2,1
-11,-13,0,0
-11,1,-11,1
2,11,2,12
-13,-13,-13,-13
-11,1,-11,1
-11,1,-11,1
11,2,11,2
-11,1,-11,1
-13,1,-13,1
10,10,10,-20
0,1,-2,1
0,1,1,3
10,0,10,0
1,1,1,1
10,1,-11,1
1,1,1,1
1,1,1,1
1,0,1,0
2,1,2,2
-13,-13,-13,-13
12,1,-2,1
1,-13,1,-13
0,-11,0,-11
-11,-11,-11,-11
0,2,0,2
-11,-11,-11,-11
-13,1,-13,2
1,1,1,1
-11,1,-11,1
1,1,1,1
-13,-13,-13,-13
1,2,1,2
0,10,0,10
-11,1,-11,1
10,1,-2,-11
1,11,-2,-11
-11,1,-11,-13
-13,-11,-2,-11
1,2,1,2
2,1,2,1
-11,1,-11,1
1,1,1,1
10,-13,-2,-13
0,1,-20,1
1,-13,1,-13
-13,0,-13,0
-11,12,-11,12
-11,11,-11,11
0,-11,-20,-11
1,-11,1,-2
11,2,11,-2
-13,0,-13,0
11,1,11,1
2,1,-2,1
0,2,0,2
1,-11,1,-11
1,-13,2,-13
0,1,0,1
1,1,1,1
10,-13,-2,-13
10,10,10,10
-11,1,-2,1
0,-13,0,-13
-13,1,-13,1
1,1,1,1
10,-11,10,-11
-13,-11,-13,-11
-11,1,-11,1
11,1,11,1
1,-11,-2,-2
2,10,2,10
10,-13,-20,-13
1,1,2,1
-13,-13,0,-13
-13,0,-13,0
1,1,-2,-2
10,-11,10,-11
11,1,-2,1
10,1,-20,1
1,0,-20,0
1,-11,1,-11
1,0,1,-2
11,-11,-2,-11
-11,0,1,0
-13,10,-13,-11
1,1,1,1
10,-13,10,-13
-13,10,-13,-2
12,-11,12,-11
0,1,-2,1
-13,1,-13,1
-11,-11,-11,-11
-13,0,-2,0
1,11,1,11
-11,1,-11,1
10,0,10,0
1,1,1,1
0,-11,0,-11
1,10,-20,10
-13,1,-13,1
-13,10,-13,10
-11,-11,-2,-11
-13,11,-13,-11
1,-13,-1,-2
1,-11,1,-11
-13,-11,-13,-11
1,1,-11,-2
1,0,1,-2
2,1,2,-20
1,1,1,1
10,-13,10,-13
0,-13,0,-13
1,10,1,-11
10,-13,10,-13
2,1,-2,-2
1,0,-11,0
-11,-13,-11,-13
-11,-11,-2,-11
-13,2,-13,-11
-11,3,-11,-11
-11,2,-11,2
-13,2,-13,1
0,-13,0,-13
-11,1,-11,1
2,-13,2,-13
11,-13,11,-13
1,2,1,2
-13,1,-2,-2
1,1,-11,1
0,1,0,1
1,-11,1,-11
11,2,-2,2
0,-13,0,-13
1,11,1,11
11,1,11,-11
-13,1,-2,1
-13,0,-13,-2
-11,-11,-2,-11
10,-11,-2,-11
0,0,0,-2
-11,2,-11,3
1,-13,-2,-13
-13,3,-13,-2
-13,0,-13,-20
1,-13,2,-13
0,-13,0,0
2,-11,11,-11
-11,10,-11,-11
-11,11,-11,11
0,1,0,1
-13,-11,-13,-11
0,1,0,1
-11,-13,-11,-13
0,-11,10,-11
1,-13,1,-13
-13,-13,-13,-13
-13,2,-13,-2
-13,2,-13,1
10,1,10,-2
2,1,1,-11
-11,1,-11,1
10,-13,11,-13
-13,2,-2,2
2,1,-13,1
-13,11,-13,2
-11,2,-11,2
1,1,1,1
1,11,1,-11
-13,-11,-13,-11
0,0,0,0
10,1,-20,2
10,1,-2,1
-13,2,0,-2
0,0,0,1
1,-11,2,-11
1,1,1,1
-11,10,-11,-11
-13,1,1,1
2,1,-11,2
2,11,-2,-20
-11,10,-11,10
10,-13,-2,-13
-11,1,-11,1
-11,-11,-11,-2
10,10,10,10
2,-11,2,-11
-11,-13,-2,-13
-11,-13,-2,-13
10,1,10,1
10,2,-11,-2
-11,0,-11,0
1,10,1,10
2,-11,2,-11
0,11,0,-2
-11,-11,-11,-2
-11,1,-11,1
2,-11,-2,-11
1,1,1,1
-13,-13,-13,-13
0,11,2,-2
-11,1,-11,1
-13,11,-13,12
-11,1,-2,1
11,10,-11,10
1,0,2,0
-13,3,-13,3
1,-13,1,-13
-13,-13,-2,-13
1,-11,-2,-2
1,0,1,0
1,0,-13,-2
-13,1,-13,1
1,-11,-20,-11
-13,-13,-13,-13
-13,11,-13,11
0,-11,0,-11
0,-13,0,-13
1,-11,1,-11
1,10,2,-2
0,0,0,0
0,-13,0,-2
1,10,2,10
0,10,0,10
1,10,1,10
2,2,2,1
1,-11,1,0
1,0,2,1
-13,-11,-13,-11
-13,0,0,0
-13,-13,-13,-13
-13,-13,-13,-2
10,1,10,1
-13,-11,-13,-11
11,0,11,0
1,0,1,0
-13,1,-13,-2
-13,1,-13,1
-13,-13,-13,-2
-11,11,-11,11
1,-13,2,-13
2,1,2,1
-11,0,-11,-20
-11,1,-11,1
-11,1,-2,1
1,10,1,-20
2,-11,2,-11
-11,-11,1,-2
-11,0,-11,-2
1,1,1,1
-11,2,-11,1
1,10,1,10
10,1,10,1
1,-11,1,-11
1,10,1,10
10,3,10,3
-11,-13,1,0
-13,-13,-13,-13
-13,-11,-13,-11
-13,2,-13,3
1,10,3,10
-11,-13,-11,-13
-11,2,-11,2
1,1,-11,1
2,0,2,0
1,1,1,2
2,0,1,1
2,10,2,10
11,1,11,1
1,1,-2,-2
2,0,2,0
-13,-13,-13,-13
1,10,1,-2
0,1,0,1
1,-13,-2,-13
2,-11,3,-11
-13,1,-13,1
-11,10,-2,10
0,-11,0,-11
1,0,1,0
1,1,1,-2
-11,-11,1,-11
1,2,1,-20
1,0,1,0
2,-13,-2,-2
-13,1,-13,1
-13,-13,-13,-13
10,-11,-2,-11
1,2,1,2
2,2,1,2
-11,1,-11,1
-11,2,-11,3
10,2,10,2
-13,-13,-13,-13
-11,2,-2,2
-13,-13,-13,-13
10,11,-2,-13
2,0,2,0
10,-11,-20,-11
-11,1,1,-20
2,-13,2,-13
-11,2,-11,2
2,-11,-2,1
10,-13,10,-13
-11,-13,1,-13
-13,-11,-13,-11
10,0,-2,-2
0,0,0,0
0,-13,0,-13
-13,10,-13,10
-13,1,-13,1
2,0,2,0
1,-11,-11,-11
-11,-11,-11,-11
0,-13,0,-13
0,-13,0,-13
1,1,1,1
-11,0,-11,0
3,-11,3,-11
1,-11,1,-11
-13,-11,-13,-11
2,2,-2,2
1,-13,1,-13
1,1,1,-2
1,0,1,0
2,1,2,1
11,10,11,11
0,11,-2,11
10,-13,10,-13
3,1,-11,-20
1,2,1,2
2,1,-2,2
2,1,2,1
1,-13,2,-13
10,1,-1,-2
2,0,1,0
1,2,-2,-2
0,0,0,0
1,-13,-20,-13
-11,1,-11,1
-11,11,-11,11
-13,-11,-13,-2
1,1,1,2
2,1,-20,-2
-13,-13,-2,-13
-11,-13,-11,-13
0,10,0,10
2,12,2,12
0,2,0,2
1,11,1,11
2,1,3,1
-11,1,-2,1
-11,1,-11,1
2,1,-2,-20
2,1,2,-11
-11,0,-11,0
1,1,-20,1
-11,0,-11,-2
-11,0,1,0
10,1,-11,-2
12,2,12,2
1,10,1,-2
-11,1,-2,-11
-11,10,-11,10
-13,-11,-13,-11
0,-11,0,-11
0,-13,0,0
-13,0,-13,0
10,1,-2,-11
11,-13,-2,-13
1,-13,-11,-13
10,2,-20,2
1,-11,0,-2
-13,0,0,0
10,1,11,1
10,2,10,3
10,3,11,3
1,-13,1,-13
11,0,-20,-20
10,1,10,1
-13,10,-13,-20
-13,-13,-13,-13
-11,10,-11,-2
10,-11,10,-11
-11,0,-11,0
-11,-13,-11,-13
1,1,-2,-2
-11,10,-11,10
-13,2,-13,-2
11,1,11,-2
0,1,0,1
1,1,1,1
2,1,2,1
0,1,0,12
1,-11,2,-11
-11,2,-11,2
0,1,-20,1
-11,-13,-11,-13
0,-13,-20,-13
0,-11,0,-11
1,0,1,1
11,-11,-20,-2
1,1,2,1
1,1,1,1
1,-13,1,-13
-11,0,-11,-2
0,1,0,1
-11,10,-2,10
1,0,1,0
1,2,1,2
-11,-13,-11,-13
1,-13,1,-13
2,0,3,0
-11,0,-11,-11
-11,1,-11,1
-11,-11,-11,-11
-13,-11,-13,-11
10,1,11,-13
1,-11,2,-2
10,-11,-20,-2
1,2,-2,-2
-13,-11,-13,-11
-13,-11,-13,-11
10,0,10,0
-13,10,-13,-20
11,1,11,1
2,-13,2,-13
0,1,-20,1
1,1,-2,-2
-11,-13,-2,-13
1,11,1,-2
2,10,2,10
1,-11,1,-11
1,3,1,3
2,11,-11,1
10,0,-2,0
1,1,1,1
-11,1,-2,-2
-13,1,-13,1
10,-13,-2,-2
0,1,0,2
1,1,1,-2
1,2,-2,2
1,1,1,1
11,-13,11,-13
1,1,1,1
-13,-13,-13,-13
2,-11,2,-11
11,-13,-11,-13
1,1,1,0
-11,-13,-11,-13
-13,1,-13,1
-11,1,-11,-2
1,-11,-20,-11
1,2,3,2
2,-11,-11,-11
-11,-13,-11,-13
11,-11,-2,-11
-11,-13,-11,-13
1,1,1,1
1,-11,1,-11
1,-13,1,-13
-11,-11,-2,-11
-11,-13,-11,-13
2,-11,2,-11
2,3,-2,3
0,1,0,1
-11,1,-2,-2
0,0,1,0
-11,11,-2,-2
2,10,2,10
-13,11,0,-2
0,-13,0,-13
2,2,-2,2
-11,1,-11,1
0,1,0,1
11,1,-2,-20
11,-13,11,0
0,1,-2,1
10,2,-20,-11
-13,0,-13,0
2,1,2,1
0,11,0,-2
2,1,1,-11
1,-11,1,-11
12,-11,-2,-11
10,-13,10,-13
-13,10,-13,10
10,-11,10,-2
-13,-11,-13,-11
-11,-11,-2,-11
1,10,1,-20
10,-13,-11,-13
-13,-13,-13,-13
0,1,0,1
-11,10,-11,-2
-13,2,-13,-11
10,10,-2,10
1,1,1,1
1,-11,1,-11
-11,1,-11,1
1,2,1,-2
-11,0,-11,-2
-11,10,-11,-2
2,-11,-11,-11
1,2,1,2
1,0,1,0
-13,-13,0,-13
1,0,2,3
-13,11,-13,-20
-13,11,-13,11
2,10,2,10
1,-13,1,-13
1,-13,1,-13
1,0,-11,0
1,1,-2,-2
1,-11,1,-11
-11,-13,-11,-13
1,0,2,-20
1,-11,-2,-11
1,1,2,1
-13,-13,0,0
-13,10,-13,10
1,-13,1,-13
-13,1,-2,2
2,-13,2,-20
0,1,0,1
-13,-11,-13,1
-11,1,-2,-20
-13,0,-13,0
1,-11,1,-11
2,1,2,1
1,-11,1,-11
-11,-13,-11,-13
-11,-11,-11,-11
2,2,-2,-11
-11,1,-11,1
0,2,0,2
-11,1,-11,1
1,-13,1,-13
0,1,10,1
10,1,-2,1
10,1,10,1
-11,-13,-11,-13
1,12,1,11
11,1,11,-11
-11,-11,-11,-11
2,1,-2,-2
10,0,10,0
-13,0,0,0
-13,-13,-13,-13
1,0,1,0
2,1,2,2
1,1,1,1
0,11,0,11
0,-11,0,-11
10,-11,10,-2
-1,-13,-1,-13
1,1,1,2
10,0,10,-2
1,-13,1,-13
-11,10,-11,-20
1,-11,1,-11
-11,0,-2,0
-13,-13,-13,-13
0,10,0,10
3,2,2,2
10,0,10,0
-11,0,-11,0
-13,-11,-13,-11
2,-13,2,-13
2,0,-2,-2
11,1,11,1
0,1,0,-2
10,0,0,0
-11,-13,-11,-13
1,-13,1,-13
2,1,-2,1
-13,-13,-13,-13
0,2,0,1
10,2,10,2
-13,1,-13,2
0,1,1,1
1,1,1,1
-11,-11,-11,-11
0,4,0,3
10,2,-2,-11
2,-13,-11,-13
2,1,2,1
10,11,-2,11
2,-11,2,-2
2,-11,-20,-11
1,1,1,4
1,1,1,1
1,0,1,0
2,1,2,1
1,-13,1,-13
-11,0,-11,0
0,2,0,1
-13,-13,0,-13
1,1,2,1
-13,-11,-13,-11
0,2,0,2
0,-13,0,-13
11,10,-2,-2
-13,0,-13,0
1,11,2,11
1,1,14,2
10,1,-20,1
2,-11,2,-11
10,1,10,1
1,0,1,-1
1,1,1,-11
11,2,11,-11
0,-11,0,-11
11,-13,11,0
1,2,-2,2
-13,1,-13,1
10,10,-11,10
-11,0,-11,-20
-13,2,0,-2
1,10,2,10
1,2,1,2
-13,10,-13,-2
2,10,-20,10
10,1,-2,1
2,10,2,10
-11,1,-11,1
10,2,10,2
1,1,1,1
-13,1,-13,-11
-11,1,-2,1
-13,2,-2,2
-13,2,-13,2
-11,-13,-2,-13
1,-11,2,-11
1,0,-11,-2
-11,11,-11,11
-11,11,-11,12
10,-13,-1,-13
-13,1,-13,1
10,0,10,-2
1,-13,-20,-13
2,10,3,10
2,1,1,0
1,0,1,0
-13,0,-13,-20
-13,11,-13,11
0,1,-2,-2
0,0,0,0
-13,10,-13,-20
10,1,-2,1
-13,-13,-13,0
1,1,1,1
1,-13,-13,-13
-11,2,-11,2
1,2,-2,2
10,2,10,2
1,10,-2,-2
0,0,0,0
11,-13,-2,-13
10,0,-2,0
1,0,1,-20
0,1,0,-2
-11,1,-11,1
-13,2,-13,2
-11,-11,1,-11
10,10,10,-13
-13,-11,-13,-11
1,2,1,2
0,-13,0,-13
-11,-13,-11,0
0,0,0,0
-11,-13,-11,-13
-11,-13,-11,-13
-13,-11,-13,1
-13,3,-13,3
-11,2,-11,2
1,10,1,10
1,12,3,12
-11,-13,-11,-13
-11,-11,-11,-11
-11,0,-11,0
10,11,10,-2
2,1,2,1
-13,1,-13,1
-13,0,-13,1
1,10,1,-11
-13,0,-13,0
1,1,1,1
-11,10,-11,10
-11,1,0,1
1,10,1,10
-13,0,-13,0
1,-13,1,-13
-13,0,0,0
-13,-13,0,-13
1,2,1,1
1,1,1,-20
1,2,1,2
0,-13,0,-13
11,-11,-2,-11
1,0,1,0
1,0,1,-20
-11,0,-11,0
0,-13,0,-13
1,-11,1,-11
11,-11,12,-11
1,2,1,2
2,-11,2,-11
-13,-13,-13,-13
2,-11,-2,-11
1,-13,1,-13
1,1,1,1
1,-11,1,-11
1,1,1,1
10,0,-2,0
-11,-11,-11,-11
1,1,1,1
-11,1,-11,-20
1,1,1,-11
1,-11,1,-11
1,2,-2,2
1,-13,1,-13
-11,-13,-11,-13
2,-11,3,-11
10,10,-2,10
2,0,2,0
1,-13,2,-13
1,-13,-20,-13
10,-11,-2,-11
-11,2,-11,2
1,-13,3,-13
-13,-11,-13,-11
1,-13,1,-13
0,11,-2,-2
-11,2,-11,2
11,2,11,-11
-13,1,-13,1
10,-11,10,-11
-13,-11,-13,-11
-11,2,-11,2
2,4,-2,-2
-11,10,-11,-20
-11,1,-11,-20
1,2,1,1
1,2,-2,1
1,-11,2,-11
-13,2,0,1
1,1,1,-2
-11,1,-11,1
1,0,-2,0
1,3,1,2
0,-13,3,-13
10,-11,-20,-11
-11,-11,-11,-11
-11,-11,-11,-2
-13,2,-13,1
1,-11,1,-11
-11,-13,-2,-13
1,-11,1,-11
-13,1,0,-2
1,1,1,1
-11,-11,-11,-2
0,0,-2,0
10,1,10,1
10,10,-2,10
1,2,1,2
0,-13,0,-13
1,-13,1,-13
-13,-13,-13,-2
1,1,1,1
-13,0,-2,0
-11,0,-2,-11
10,1,-20,1
10,1,-20,-2
2,-13,-2,-13
1,2,-2,-2
0,11,0,11
1,-11,2,-11
1,-11,1,-11
-11,1,-11,1
-11,0,-11,0
10,1,-2,1
1,0,1,0
1,-11,-2,-2
1,1,1,1
-13,-11,-13,1
0,0,0,0
1,1,1,-11
2,11,2,-20
0,-13,0,-13
0,0,0,-20
1,-13,2,-13
2,10,2,-11
-13,1,-13,1
10,2,-2,2
2,2,-13,1
1,0,1,0
-13,0,-13,0
1,-11,1,-11
0,10,-20,10
1,-11,1,-2
-13,-11,-13,1
0,-13,0,-13
2,1,2,2
0,1,0,2
1,-11,1,-11
0,-13,0,0
0,-11,0,-11
-11,-11,-11,-11
0,-11,-20,-11
1,-13,1,-13
-11,1,-11,2
0,1,0,1
-13,-11,-13,-11
-11,1,-11,1
1,1,3,1
-11,-11,-11,-11
1,-11,1,-11
1,-11,-20,-11
1,-13,1,-13
0,0,0,0
0,-13,0,-13
1,0,1,0
-11,10,-11,0
-13,-11,-13,-11
10,1,10,2
1,11,1,-13
1,-11,1,-11
2,2,2,2
10,0,-11,0
0,1,0,2
-13,-13,-13,0
-13,-13,-13,-13
-11,0,-11,0
-13,-11,-13,-11
-11,0,-11,0
-11,1,-11,1
1,-13,11,-13
-11,-13,-11,-13
11,-13,-11,-13
-13,10,0,-20
10,-13,1,-2
0,-11,0,-11
2,0,3,0
-13,1,0,1
2,1,2,1
11,2,11,2
10,-1,-2,-11
-11,1,-11,1
-13,10,-2,10
-13,1,-13,1
1,-13,1,-13
-13,0,0,0
0,1,0,1
11,11,-11,-2
10,1,10,2
10,10,10,10
-13,-11,-13,-11
11,-11,1,-11
-11,-11,-11,1
0,1,0,1
10,1,11,1
2,-13,1,-2
0,1,0,-13
1,0,1,0
1,2,3,3
-11,1,-11,1
1,-11,1,-11
-11,-11,-11,-11
-11,1,-11,-2
1,-11,1,-11
10,10,-2,10
-11,0,-11,0
-13,0,-13,0
-13,11,-13,-2
10,10,-2,10
-11,2,-11,2
1,-13,2,-13
10,-11,10,-11
-13,1,-13,1
2,11,1,11
3,11,2,11
2,-13,1,-13
1,10,1,-2
1,1,-2,1
-11,1,-11,1
11,1,-11,1
1,-11,1,-11
11,-11,-20,-11
0,2,-20,2
2,-11,-11,-11
1,2,2,2
10,2,-20,2
-13,2,0,2
12,1,12,1
1,10,1,10
-13,2,-13,2
10,0,-11,-20
1,1,1,1
2,1,2,-20
10,-13,-2,0
-13,-13,0,-13
1,-13,2,-13
-11,0,-11,0
-13,-11,-13,-11
2,-13,-20,-13
1,10,1,10
-11,1,-11,-2
-11,1,-11,1
-11,1,-11,2
1,1,1,1
1,11,1,11
-13,1,-13,1
0,1,-20,2
1,1,1,-2
1,-11,1,-11
-11,1,-11,1
0,0,-2,0
1,1,1,1
1,1,1,1
1,10,1,-13
0,3,0,3
0,-11,0,-11
0,-13,0,-13
-13,10,-13,-2
1,1,1,1
-13,10,-13,10
1,1,2,1
1,2,1,-2
-11,1,-11,1
-11,0,-2,0
0,0,0,-2
-13,-11,-13,-2
2,1,11,1
1,1,1,-2
0,1,0,2
2,1,1,0
0,10,0,-20
-13,-11,-13,-11
1,2,1,2
-13,-11,-13,-11
0,1,0,1
0,3,0,3
-11,-11,-11,-11
1,-11,-2,-11
1,1,1,1
1,10,-13,10
1,10,-11,10
1,1,1,1
1,1,1,1
10,10,10,10
-13,0,-13,0
11,1,11,2
1,2,1,2
1,-11,1,-11
1,0,1,0
-13,2,-13,2
1,1,2,1
2,0,2,0
1,10,1,10
2,1,2,1
-13,-13,-13,-13
-13,12,-13,-2
0,1,-20,1
-11,2,-11,2
-11,-11,-11,-2
-11,0,-11,0
10,0,-11,0
1,2,-2,-11
-11,1,-2,1
1,-11,1,-2
-13,1,-2,0
-11,3,-11,4
-11,10,-11,10
1,10,2,-2
-13,1,-13,1
-13,2,-13,3
-11,2,-11,2
1,1,3,1
1,10,2,10
-13,1,-13,1
1,1,1,1
-11,0,-11,0
0,-13,-20,-13
-11,0,-11,1
2,2,2,3
0,0,0,0
1,-11,1,-11
0,-11,-2,-11
1,0,1,0
11,1,-11,1
2,-11,2,-11
10,10,-2,-2
2,-11,-20,-2
0,1,-2,-2
0,2,-20,3
0,-11,0,-11
1,-11,1,-11
0,2,-13,2
0,1,-2,1
3,-11,1,-11
1,10,1,10
1,1,1,-2
1,1,1,1
-13,1,-2,1
2,1,3,1
11,-11,11,-11
1,1,-2,-2
10,-13,10,-13
1,11,1,-2
-13,-11,-13,-2
-13,-11,-13,-11
0,-13,0,0
1,2,2,1
10,11,-2,11
0,-13,0,-13
-13,10,-13,0
-11,1,-2,-2
2,0,2,0
-11,1,-11,1
-13,0,-13,-20
4,10,3,11
1,-1,1,-20
3,1,3,1
-11,1,-11,1
0,-13,0,-13
-13,1,-13,1
-13,1,-13,1
-11,0,-11,0
1,-11,1,-2
0,0,0,0
2,-13,2,-13
-13,1,-13,-2
-13,0,-2,0
0,-13,0,-13
-11,-11,-11,-11
1,1,1,1
0,1,-2,1
0,10,-2,10
1,10,1,-20
0,1,0,1
-11,-11,-11,-11
1,1,1,-11
-11,0,-11,0
-11,0,-2,0
-11,1,-11,-20
10,1,-2,1
10,1,10,12
-13,0,-13,-2
-11,0,-11,-2
-11,1,-11,1
-11,-13,-11,-13
1,3,2,-2
1,0,1,0
10,10,10,-2
-11,1,-11,1
-11,11,-11,-2
-13,10,-13,-2
-11,1,-11,1
1,-11,-20,-2
-11,2,-11,2
-13,1,-13,-11
1,11,-2,-2
0,11,-2,11
10,-11,-2,-11
10,-13,-2,-2
-11,2,-11,2
1,1,1,1
-11,0,-11,0
1,-13,-11,-13
10,1,10,1
-11,11,-11,0
1,0,1,0
2,0,2,-20
-13,-13,-13,-2
-13,0,-13,-2
1,-13,2,-13
-11,2,-2,2
2,1,-11,-20
-13,2,-2,-2
-11,-13,-2,-13
1,0,1,0
2,0,2,0
1,10,-2,10
0,1,-20,1
0,1,0,-20
11,2,11,2
-13,-13,-13,-13
1,1,1,-2
1,0,1,0
1,-11,-2,-11
-11,1,-11,1
-13,1,-13,-2
1,1,1,1
-11,11,-11,11
2,-11,-11,-11
-11,2,0,1
1,1,-20,1
11,2,11,3
-11,0,-11,0
-11,1,-11,1
-13,1,-13,1
10,1,11,1
0,0,0,0
2,-11,2,-11
1,-11,2,-11
-11,2,-11,-2
-13,-1,-13,-20
0,-13,0,-13
0,10,0,10
1,1,1,1
-13,10,-13,-11
0,-11,0,-11
10,10,10,-2
-11,-11,-11,-11
-11,10,-11,10
1,0,2,0
1,-13,1,-13
11,3,-20,3
-13,1,-13,1
1,-11,1,-11
1,-13,3,-13
10,-13,10,-13
1,1,-20,2
2,3,2,4
12,-11,12,-11
-11,0,-11,0
1,2,1,2
2,1,2,1
-13,2,-13,2
10,-13,10,-13
0,-11,0,-11
2,10,2,11
-13,-11,-13,-2
10,-13,-2,-13
-11,10,-11,10
1,-13,2,-13
2,1,1,1
3,-13,3,-2
10,10,-13,10
1,0,1,0
1,-11,1,-11
4,2,2,2
-13,0,-13,0
-11,-11,-11,-11
10,2,-2,2
-11,-11,-11,-2
-11,0,-11,1
1,-13,1,-13
1,-13,1,-13
1,0,0,0
1,2,1,-11
-11,-13,-11,-13
-13,10,-13,10
1,2,0,0
-11,-13,-11,-13
10,2,-2,2
10,10,12,-2
1,-13,1,-13
1,1,1,1
1,2,1,2
-13,10,-13,-2
1,-13,2,-13
-13,1,-13,1
-11,10,-11,-2
11,1,11,2
0,-11,0,-2
-11,1,-11,1
0,1,0,1
1,1,-20,1
0,1,0,1
-11,1,-11,1
11,0,-2,-20
-13,-13,-13,-13
-13,0,-13,0
10,-13,-20,-13
1,0,1,0
-11,11,-11,-20
2,-13,2,-13
0,-13,0,-13
11,10,2,-2
-11,2,-11,2
-1,-13,-2,-13
2,0,-11,0
1,0,1,0
0,-11,0,-11
10,-11,-20,-11
-11,0,-11,0
-13,1,-2,-2
0,-11,0,-11
-11,10,-11,10
1,1,-2,1
-11,2,-11,2
2,2,2,2
-13,-11,-13,1
-11,0,-11,-20
1,1,1,2
11,1,11,1
-13,1,-13,1
10,0,-20,0
-13,2,-13,2
10,0,10,-20
-13,1,-13,1
3,0,3,0
-11,-11,-11,-11
0,11,-20,-2
2,1,2,0
-13,1,-2,1
-13,-13,-13,-13
2,0,-13,0
0,-13,0,-13
-11,1,-11,-11
-11,0,-11,0
2,1,2,1
-13,-11,-13,-11
-13,-11,-13,-11
1,-13,2,-13
-13,-13,-13,-13
10,2,10,2
10,1,-2,1
0,1,-20,1
11,0,11,0
0,-11,0,-11
2,1,2,1
1,1,1,-13
0,2,0,2
1,2,1,2
10,1,10,1
10,10,-20,-2
1,1,2,-2
-13,-11,-13,-11
1,-11,1,-11
0,1,0,1
-13,10,-13,10
0,1,0,1
0,1,-20,-11
-13,1,-2,2
-13,0,-13,-2
1,10,1,10
1,2,1,2
11,1,11,1
1,-11,1,-11
0,-11,-20,-2
1,1,-20,1
10,-11,10,-11
1,1,1,-13
1,11,1,-11
-11,-11,-11,1
11,1,-13,1
1,10,1,10
1,1,-2,1
0,0,0,1
4,2,4,3
0,1,0,1
2,-13,2,-13
-11,11,-11,11
0,-11,1,-11
0,0,0,0
0,1,0,1
-13,11,-2,10
10,-11,-11,-11
12,11,12,-2
1,1,1,1
-11,1,-11,-11
1,2,1,2
0,11,0,-20
-13,-13,-13,0
10,-11,10,-11
11,-11,-20,-11
1,-13,1,-13
-13,1,-13,1
-11,1,-11,1
10,1,10,2
2,1,2,-2
0,0,0,0
2,-13,1,-13
1,-11,1,-11
-11,1,-11,-13
-11,-11,-11,-11
2,-11,-2,-2
1,3,-2,-2
1,-11,1,-11
-13,2,-2,0
0,-13,0,-13
-11,-11,-11,-11
1,1,1,1
-13,1,-13,1
11,0,12,0
10,-11,-1,-2
1,2,1,3
-13,-11,-13,-11
10,-11,-11,-11
-11,0,-11,-2
0,1,2,1
1,-13,1,-13
-11,-13,-11,-13
1,1,1,11
2,0,2,0
0,-13,1,-13
-11,1,1,1
0,0,0,0
2,0,-2,-2
0,2,0,-11
-11,1,-11,-11
-13,10,-13,-2
-13,-13,-13,-13
1,-11,-2,-2
-11,2,-11,2
10,1,10,1
2,0,1,0
0,11,0,11
-11,0,-11,-20
1,1,1,1
1,-11,1,-11
2,0,3,0
1,1,1,1
-11,1,-11,1
1,3,2,-11
1,1,1,1
11,0,12,-2
-11,-13,-11,-13
0,1,-2,-2
-11,1,-11,-2
-13,-11,-13,-11
-11,-11,-11,-11
2,-13,-2,-13
0,10,-2,-20
0,-11,0,-11
2,4,2,4
10,-13,-2,-13
1,2,1,1
2,12,-11,12
1,-11,3,-11
1,-11,1,-11
0,-13,0,-13
-11,0,-2,0
-11,-13,-2,-2
1,-11,1,-11
-13,10,-13,10
-11,0,-11,0
10,11,10,11
1,1,1,1
1,10,1,10
-13,1,-13,2
1,2,-20,2
1,0,1,-20
-13,1,-13,1
-11,1,-2,1
10,10,-2,10
1,-11,-2,-2
-13,-13,-13,-13
-13,-13,-13,-13
0,0,11,-20
11,10,-11,11
11,1,-11,1
2,10,-2,-2
1,-11,2,-2
2,-11,2,-11
1,-13,1,-13
1,-13,1,-13
2,2,1,2
10,-13,10,-13
0,1,0,1
2,-11,-2,-11
1,3,1,3
-13,1,-13,1
11,0,11,0
1,11,-11,11
2,11,2,-2
0,0,-2,0
-13,10,0,11
1,-13,1,-13
1,-13,-13,-13
2,0,2,0
2,-11,2,-11
0,-11,0,-11
0,0,0,-20
1,1,1,1
11,-11,-11,-11
-13,0,-13,-20
1,1,1,1
1,10,1,10
1,-11,1,-11
0,1,0,1
1,10,-2,-2
0,2,0,2
-13,-11,-2,-11
1,-11,1,-11
10,1,-11,1
1,-13,1,-13
1,1,1,-2
10,-13,10,-13
-13,10,-2,10
10,10,-20,-2
1,-11,0,-11
-13,-13,-13,-13
-13,10,-2,10
1,-11,1,-11
-13,1,-13,2
1,2,1,2
-13,-11,-13,-2
1,0,1,1
0,1,0,-20
10,10,-11,11
10,0,1,0
-13,1,-13,1
1,1,1,2
0,1,0,1
-13,-13,-2,-13
10,10,10,10
2,-11,2,-11
10,-11,10,-11
1,1,1,2
1,12,1,-2
2,1,-2,1
1,2,1,2
2,1,2,2
-11,-13,-11,-13
0,2,-20,2
-11,2,-11,1
0,0,12,0
10,1,10,1
-11,-13,-11,-13
2,1,-11,1
-13,-11,-13,-2
-13,-11,-13,-11
-13,2,-13,-2
1,-11,1,-11
-11,-11,-11,-11
-11,-11,-11,-11
-11,1,-11,1
0,1,0,1
0,-13,0,-13
2,-13,2,-13
2,2,2,2
-11,1,-11,1
11,1,11,1
1,2,1,-2
0,2,0,1
1,3,1,4
2,2,1,2
1,0,1,0
-11,11,-11,11
11,-13,11,-13
1,-11,3,-11
10,-13,10,-13
-11,-13,-11,-13
-13,-11,0,-11
1,11,2,11
2,11,2,-2
1,-13,11,-2
1,0,1,0
0,0,0,0
2,-11,2,-11
-11,-11,-2,-2
10,1,10,1
1,10,2,10
0,1,0,1
-13,-11,-13,-11
1,0,-2,0
1,0,1,-11
-13,11,-13,11
10,0,-2,0
1,-13,-2,-13
-11,-13,0,-13
-13,1,-13,2
1,-11,1,-11
-13,-11,-13,-2
0,0,0,-20
-13,1,-13,2
0,-13,0,-13
1,-13,1,-13
-11,1,0,1
-13,-13,-13,-13
1,11,1,11
10,2,-2,3
2,0,3,0
1,2,1,2
1,-13,1,-13
-11,12,-11,-20
-13,10,-2,-1
10,1,10,1
-13,10,-13,10
-13,-13,-13,-13
0,10,0,10
1,1,-2,1
10,-13,-2,-13
2,1,-2,1
2,-13,-2,-13
11,11,11,-2
1,-11,1,-11
-11,-11,-11,-11
2,11,3,-2
-11,0,-11,0
2,0,2,0
1,10,1,-2
2,-13,2,-13
-11,0,-11,0
-11,0,-11,0
-11,0,-2,0
-13,10,-13,10
1,-11,1,-11
-13,-11,-13,-11
1,10,1,10
0,10,0,-2
0,-11,0,-11
-11,10,-11,10
-11,1,-11,1
-11,10,-2,-2
0,1,-20,1
-11,11,-11,-2
-11,-11,-11,-2
0,0,0,0
1,1,-2,1
1,10,1,11
1,1,-2,1
10,0,-2,0
1,1,-2,-2
10,2,-11,2
2,2,-2,2
0,-11,0,1
1,1,2,1
-11,10,-11,-2
11,-11,-2,-11
1,1,2,1
-13,1,-13,-20
0,-13,0,-13
-13,1,-13,2
0,-11,0,-11
-13,1,-13,1
0,2,0,2
-11,-13,-2,-13
1,2,1,3
-13,0,-13,0
-11,10,-11,10
1,11,1,11
1,0,1,0
-11,-13,0,-13
1,-13,1,-13
10,0,10,0
0,-13,0,-13
1,-13,1,-13
0,1,0,-20
0,2,0,2
1,1,1,-11
1,10,1,10
12,0,12,0
2,1,1,1
-11,2,-11,3
2,2,1,-11
1,-11,2,-2
2,-11,3,-11
1,2,1,1
0,10,-20,10
2,-11,2,0
1,0,1,1
1,-13,1,-13
2,-13,2,-13
0,-11,0,-11
1,-13,1,-13
1,1,1,1
-13,11,-13,11
-13,-13,-13,-13
-13,1,-13,1
1,-13,1,-13
-11,0,-11,0
1,1,1,1
2,-13,2,-13
0,-11,0,2
1,0,-2,-2
1,1,1,1
-13,11,-13,12
10,10,11,-2
-11,2,-11,2
0,1,-11,1
1,11,1,11
2,2,3,2
1,10,1,10
1,1,1,1
12,-13,12,-13
1,1,0,-11
-11,2,-11,2
-13,1,-13,1
1,10,1,-2
2,10,2,-11
2,2,3,2
10,1,10,1
1,1,1,1
0,1,1,1
0,1,-20,1
2,-11,-2,-11
0,0,0,-20
10,1,10,1
1,0,1,0
-13,-11,0,-11
-13,1,-13,1
0,10,0,10
1,-11,1,-11
-13,-11,0,-11
1,2,1,2
1,1,1,1
2,-11,2,-11
-13,1,-13,1
-13,1,-13,2
-11,1,-11,1
10,1,11,2
2,-11,2,1
1,0,1,-20
-13,1,-13,1
1,-13,2,-13
12,0,-2,-2
-13,0,-13,0
11,2,11,-20
11,-13,11,-2
11,10,-2,10
10,1,10,-2
10,-11,10,-2
-11,-13,-11,-13
-11,0,-11,-2
1,2,1,1
-11,2,-2,2
1,-11,1,-11
1,2,-11,2
10,1,-2,1
0,-13,0,-13
-13,-13,-13,-13
-11,-13,-11,0
2,-13,2,-13
-11,-11,-11,-11
0,-11,0,-11
0,2,0,-2
1,2,1,1
-13,-11,-13,-11
1,1,1,1
11,11,-2,11
-11,11,-11,-2
0,2,-2,-11
-11,1,-11,1
-13,10,-13,-2
2,2,2,2
10,-11,10,-11
-13,1,-13,1
2,-11,2,-11
2,0,2,-20
-13,1,-13,0
10,0,10,0
10,-11,-2,-11
2,1,2,1
11,1,11,1
-13,-13,-13,-13
-13,0,-20,0
1,-11,1,-11
1,0,-2,0
-13,10,-13,10
10,0,10,0
-11,1,1,1
-11,-13,-11,-2
-13,-11,-13,-2
0,1,0,1
1,11,1,-1
-13,1,-13,1
2,1,2,1
0,-11,0,-11
-13,1,-13,1
-13,1,-13,-20
0,0,0,0
0,-11,3,-11
1,11,-2,12
0,1,0,2
-13,1,-13,1
-13,11,-13,-2
0,10,1,11
1,1,1,1
1,1,1,1
1,-13,1,-13
-11,11,-1,-2
1,-13,-20,0
0,-11,-20,-11
1,11,1,11
0,10,0,10
10,2,10,3
1,-11,1,-11
-11,1,-11,1
-13,11,-13,-20
1,-13,1,-13
2,0,2,-20
2,1,2,1
-11,10,-2,10
1,1,1,1
10,1,11,1
-11,1,-11,0
-13,1,-13,1
-11,-13,-11,-2
1,-11,2,-11
10,1,-11,1
1,0,1,0
10,2,10,1
1,0,1,0
12,2,12,2
-11,2,-11,1
-11,2,-11,2
11,-13,11,-13
-13,1,-13,1
2,10,2,10
1,1,1,1
0,-11,-20,-2
1,1,2,1
-13,1,-13,1
10,2,10,1
-13,1,0,2
1,1,-20,1
1,2,1,2
1,0,1,0
-13,-13,-13,-13
2,-13,2,-13
-13,10,-13,11
1,1,1,1
12,-11,-11,-11
1,0,1,0
10,-13,11,-13
1,0,1,-13
-11,1,-11,2
10,1,1,1
11,-11,-2,-11
-11,-11,-11,-11
1,2,1,3
1,-13,1,-13
-11,-13,-11,-2
1,-13,1,-13
1,-11,1,-11
1,10,1,-11
1,1,1,1
-13,10,-13,10
-13,3,-2,-11
0,2,-20,2
10,1,10,1
-13,-11,-13,-11
10,10,10,10
-11,1,-11,1
-13,-11,-13,-11
-11,1,-2,2
1,-13,1,-13
-11,0,-11,0
10,-13,10,-13
-13,1,-13,1
2,-11,2,-11
-13,-13,-13,-13
1,1,-20,1
2,0,2,0
0,-11,0,-2
-11,1,-11,1
0,1,0,1
1,1,1,1
10,1,10,-20
-11,1,-11,1
1,-13,1,-13
1,-13,1,-13
-13,-13,-2,-13
1,1,-2,-2
-13,1,-13,-11
-11,-13,-11,-13
0,0,0,0
1,1,2,1
1,-11,1,-11
-13,1,-13,1
1,1,-2,-2
1,1,1,1
2,1,2,-11
-13,11,-13,-2
0,-13,0,-13
2,-13,-2,-13
1,10,1,-20
-13,-13,-13,-13
1,1,1,-20
1,1,1,1
1,1,1,1
1,0,1,0
11,2,11,2
-11,-11,-11,-11
1,2,1,2
-11,-11,-11,-11
1,2,-20,12
2,0,2,1
1,0,2,-2
0,10,-11,-2
2,1,2,1
0,-13,-20,-13
-11,-11,-11,1
-13,1,-13,1
-13,1,-13,1
1,0,1,2
1,2,1,2
0,-13,0,-13
1,0,1,1
10,1,10,-2
-13,1,-13,1
1,-13,1,-13
-11,11,-11,11
1,1,1,-11
-13,1,-13,-2
1,1,0,1
10,1,10,-11
10,1,-2,3
1,12,2,-11
0,-11,1,-2
1,10,-11,10
1,-13,1,-13
2,1,2,1
3,0,3,0
1,1,2,1
2,0,3,0
-13,1,-13,-2
1,2,1,2
-13,11,-13,-2
11,0,-2,0
1,3,2,-11
2,1,2,1
0,-13,0,-13
-13,-13,-13,0
1,2,1,3
2,1,-20,1
-13,10,-13,10
10,-13,10,-13
2,-11,2,-11
1,10,-11,10
0,-11,0,-11
1,1,-2,2
10,-11,10,-11
1,-11,-2,-2
10,2,-20,2
0,-13,0,-13
10,-13,-11,-13
-11,0,-11,-20
-11,0,-11,0
-11,0,-11,0
3,3,2,3
-11,1,-11,1
-11,2,2,3
1,-11,1,-11
10,1,10,1
1,-11,1,-11
10,11,-11,-20
1,-11,1,-11
-11,-13,-11,-13
-11,1,-11,-2
1,0,1,-13
1,1,-20,1
-13,2,-13,2
-11,1,-11,-2
1,1,0,1
0,1,0,1
-13,-13,-13,-13
0,10,1,10
1,0,2,-13
2,-11,-2,-11
-11,10,-11,-11
2,-11,1,-11
-11,0,-11,0
0,1,0,1
1,1,1,-11
0,0,-2,-20
1,0,-11,0
2,10,2,10
0,-11,0,-11
1,0,-20,-13
0,-13,0,-13
1,10,1,-2
-11,-13,-11,-13
10,-11,1,-2
1,1,1,1
-11,-13,-11,-13
-13,-13,-13,-13
1,0,1,1
1,1,1,1
10,1,10,1
2,0,-20,0
10,0,10,1
-11,0,1,0
-11,2,-2,-11
0,0,0,0
1,1,1,1
-11,-11,-11,-11
-11,-11,-11,-11
1,11,1,11
-13,1,-13,-20
-11,0,-2,1
2,1,2,1
11,1,-2,2
1,-13,-2,-13
0,-11,0,-2
-13,0,-13,-13
1,0,-1,0
1,1,1,1
-11,-11,-11,-11
1,-13,-2,-13
-13,-13,-13,-13
11,-13,11,-13
0,-13,-20,-13
1,0,1,0
11,0,12,0
-13,10,-13,-11
1,0,-20,0
-13,0,-13,0
1,10,2,-11
1,-11,1,-11
1,0,1,0
1,-11,1,-2
-13,-11,-13,-11
10,-13,10,0
1,-13,2,-13
0,1,0,1
-11,1,-11,1
2,-11,2,-2
11,10,-2,-1
1,0,1,0
0,0,0,0
2,-13,1,-13
1,-13,-2,-2
0,-11,-20,-11
0,1,-20,1
10,-11,-20,-2
3,-13,2,-13
11,2,-11,2
-13,1,-2,1
1,3,1,3
-11,2,-11,2
0,11,0,-2
-11,-11,-11,-11
1,1,1,1
0,11,0,-2
2,11,3,11
1,1,1,1
-11,1,-11,1
10,1,-2,1
10,11,10,-11
-13,0,0,-20
-13,-13,-13,-13
-11,1,-11,1
-13,-11,-13,-11
2,11,2,11
-11,10,-11,-20
3,2,3,2
-11,1,1,1
-11,-11,-11,-11
-11,1,-11,1
1,1,1,1
-11,-13,-11,-13
2,11,2,-2
12,10,12,10
1,-13,1,-13
11,10,-20,-13
-11,2,-11,2
2,0,2,0
11,-13,11,-13
2,-11,2,-11
1,-11,3,-2
1,2,1,3
-13,10,-13,-13
1,-13,-11,-13
-11,1,-11,1
2,10,2,-2
-11,0,-2,0
1,-13,-2,-2
2,-13,2,-13
-13,10,-13,10
-13,-13,-13,-13
-13,0,-13,0
2,2,2,2
1,-11,-2,-2
0,1,0,-13
1,-13,2,-13
0,11,-2,-11
1,2,1,3
1,1,1,-13
0,1,-2,-13
11,1,11,1
1,2,1,2
11,1,11,-2
0,1,-20,1
-13,-11,-13,-11
3,-11,-20,-11
-11,10,-11,-13
1,-13,1,-13
-11,-13,-11,-13
0,-11,-11,-11
11,-11,11,-11
1,-11,1,-11
1,-11,-20,-11
2,1,1,1
1,-13,1,-2
0,1,0,2
1,10,2,10
0,2,0,2
1,-11,-2,1
10,-11,10,-2
1,1,1,1
1,2,-11,2
-13,1,-13,1
1,0,1,0
0,-13,0,-13
-13,-11,-13,-11
1,-11,1,-11
1,-11,1,-2
1,-11,1,-11
0,1,0,1
2,1,3,1
-13,-11,-13,-11
-13,0,-13,0
-13,0,-13,0
1,1,1,0
2,10,2,-2
1,1,1,1
2,1,2,1
2,-11,2,-11
1,1,1,1
-13,0,-13,0
10,2,10,3
-11,0,-11,0
2,1,3,1
2,0,2,-2
-11,-11,-11,-11
1,-13,1,0
-11,1,-11,1
-13,1,-13,1
-11,-11,-11,-11
0,2,0,2
0,-11,0,-11
-11,1,-2,1
2,-11,2,-2
-11,1,-11,1
0,-11,0,-11
0,10,0,-20
1,-11,2,-11
2,2,-2,1
1,1,-2,1
-13,0,-13,2
11,-13,-11,-13
10,1,10,-2
11,11,11,12
-11,-13,-11,-13
1,1,1,1
10,2,10,2
-13,11,-13,11
-11,2,-11,-2
1,1,1,1
-13,2,-13,12
-13,-13,-13,-13
1,2,1,2
-11,1,-2,2
-11,-11,-2,-2
-11,-13,-11,-13
2,-11,1,-11
1,-11,1,-2
-11,0,-11,0
0,0,0,0
10,0,-2,-20
-11,-11,-11,-11
-13,1,-13,1
11,2,-2,2
1,-13,1,-13
10,-13,-20,-2
-11,-11,-11,-11
0,3,0,1
-13,-13,-13,-13
-11,-11,-11,-2
0,-11,0,-11
11,1,-2,1
1,1,1,-11
10,0,-2,0
0,1,0,-2
-11,-11,-11,-2
1,1,1,1
10,-11,10,-2
-13,-13,-13,-13
-11,-13,-11,-2
1,-11,1,-11
1,-13,1,-13
2,2,3,2
1,1,2,1
10,-13,11,0
1,11,1,12
1,10,2,-20
10,10,10,11
0,1,-2,-2
0,-13,0,-13
12,0,-1,0
0,2,0,-11
11,2,-1,1
1,2,2,-2
-11,1,-11,1
1,1,2,1
12,-13,-20,-13
-13,11,-13,11
-11,0,-11,0
11,10,11,10
1,0,-2,1
0,1,0,2
-11,0,-11,0
-11,1,-11,2
-11,0,-2,-20
1,0,1,0
-11,1,-2,-20
-11,2,-11,2
11,0,11,0
1,-13,1,-13
1,1,1,1
11,10,11,10
-13,1,-13,-11
1,-13,1,-13
1,1,1,2
-13,10,-13,-2
-13,0,0,0
0,1,-2,1
12,0,-20,0
0,-11,0,-11
-13,10,-13,-20
-11,-11,-11,-11
-13,-13,-13,-13
-11,-13,-11,-13
-13,10,-13,10
-13,0,-13,0
-11,-13,0,-13
1,-11,2,-11
1,10,1,-2
1,2,1,-2
11,0,12,0
1,11,1,-20
1,11,1,-11
1,-11,1,-11
1,0,1,-11
11,0,11,0
1,12,2,12
-11,10,-11,10
1,2,2,1
1,11,-2,-2
0,10,0,10
11,1,-2,1
-11,1,-11,1
-11,2,-11,-2
3,10,3,10
-13,1,-13,1
-11,2,-11,2
1,1,2,1
-11,2,-11,-11
1,1,3,1
2,-11,1,-11
0,0,0,0
-13,-11,-13,-11
1,11,1,11
0,0,0,-2
-13,1,-13,1
10,-13,-2,-2
-13,0,-13,0
-13,-13,-13,-13
-11,11,-11,11
1,11,1,-20
11,11,-11,11
1,2,-2,2
11,2,11,2
-13,10,-13,11
-11,1,-11,2
-13,2,-2,-2
10,10,10,-20
-11,-13,-11,-13
2,-11,2,-11
10,1,-20,2
0,11,0,-2
2,0,2,-20
1,1,-2,-11
-13,1,0,-13
1,-13,1,-13
10,-13,-13,-13
-13,1,-13,1
1,-13,1,0
10,-13,10,-13
1,1,-20,1
1,1,1,2
-11,1,-11,2
0,-13,0,-13
0,0,0,0
-11,-11,1,1
-13,-13,-13,-13
1,2,1,2
-11,-13,2,-13
10,-11,10,-11
-13,1,-13,-11
-13,11,-13,11
-11,-11,2,2
1,10,1,-2
-13,1,-13,2
1,-11,-2,-2
2,2,3,2
1,10,-20,10
0,10,0,-20
10,-13,-2,-13
1,-13,1,-13
1,12,1,-11
10,0,10,0
10,-11,-2,-11
10,-13,-2,-13
2,-11,3,-11
1,-13,1,-13
2,-11,3,-11
10,0,10,0
1,2,1,2
1,-13,1,-13
10,1,10,0
-13,1,-13,-2
-13,1,-13,1
1,-13,1,-13
11,-13,11,-13
1,0,-2,-11
1,-11,1,-11
1,10,1,10
1,2,-2,-11
1,1,1,1
1,1,1,1
-13,-13,-13,-13
-13,-11,-13,-11
11,-11,1,-2
-13,-13,-13,-13
1,1,1,1
10,-13,10,-13
2,-13,1,-13
-13,1,-13,2
-11,1,-11,1
-13,-11,-13,-11
1,2,1,11
-11,1,0,1
0,2,0,-2
0,1,0,1
-11,2,-11,3
10,1,10,1
-11,-13,-2,-13
1,-11,2,-11
0,0,0,0
-13,10,-13,-2
-11,2,1,2
-11,1,-11,1
-11,1,-11,1
1,1,1,1
0,2,-2,2
2,0,2,0
-11,-13,-11,-13
12,11,12,11
2,2,-11,3
-13,1,-13,3
1,1,1,2
-13,-13,-13,-13
2,11,2,11
10,-11,11,-11
-11,2,-2,2
-13,10,-13,-2
-13,-11,-13,-11
2,0,2,0
-11,-11,-2,-11
0,2,0,1
1,10,1,10
1,0,1,-20
-13,1,-2,-2
1,10,2,10
10,10,-2,-2
2,1,2,-20
2,-13,2,-13
-11,2,-11,2
-11,10,-11,10
-13,-11,-13,-2
0,1,0,1
-11,0,-2,-2
10,3,10,4
-11,-13,-11,-13
1,-11,1,-11
-11,2,-11,2
11,-11,11,-11
1,-11,1,-11
2,11,3,11
2,-11,-11,-11
10,1,10,1
0,-11,0,-11
0,0,0,0
-11,0,-11,-11
0,1,0,1
-11,0,-2,0
0,-13,0,-13
-11,0,-11,0
0,1,0,1
0,-13,0,-13
-13,2,-2,1
-11,-11,-11,-11
-11,11,-11,-2
-11,0,-11,1
1,-11,1,-11
2,-13,-2,0
2,2,1,2
-11,10,-2,10
-13,-11,-13,-11
1,0,1,-20
0,0,1,0
-11,0,0,1
-11,2,-11,2
0,0,-2,0
1,-13,-2,0
1,10,1,10
2,1,-2,12
0,1,-2,1
1,10,2,-11
1,-11,1,-11
11,-11,11,-11
10,2,10,2
1,0,1,0
-13,10,-13,10
-11,10,-11,10
-11,1,-2,-11
-13,-13,-13,-13
1,0,1,0
3,1,-11,1
-11,1,-11,0
-13,-13,-13,-13
1,-13,1,-13
0,0,0,0
11,1,11,1
2,1,-1,1
-11,-11,-11,-11
2,1,2,1
-11,-13,-11,-13
11,-13,-2,-2
1,10,1,10
11,-11,11,-11
1,0,1,0
1,-13,1,-13
0,1,0,2
1,-11,1,-11
-11,0,-11,0
-13,2,-13,-20
-11,10,-11,11
10,3,10,3
1,3,2,2
10,-11,10,-11
-13,1,-13,1
-11,-13,-11,-13
0,-13,0,-13
-11,-13,-11,-13
0,-13,0,-13
-11,1,-11,1
-11,1,-2,1
0,2,0,3
-13,-13,-13,-13
-13,1,-13,1
1,-13,1,-13
0,10,0,10
0,0,-2,0
1,10,-2,-11
1,1,1,1
10,-11,-1,-11
-11,1,-11,1
1,1,1,-2
-11,-11,-11,-11
-13,-11,-13,-11
-13,-13,-13,-13
1,1,1,1
1,2,1,-2
2,11,2,11
1,1,1,2
2,1,-2,1
10,1,10,-20
11,1,1,1
0,1,0,1
0,-13,0,-13
-11,-13,-11,-13
1,-11,1,-2
1,1,1,1
1,-13,1,-13
0,-13,0,0
-13,-13,-13,-13
-13,1,-13,1
-13,0,0,0
10,11,11,11
1,2,-2,-13
1,1,-11,1
0,2,-13,-2
-13,1,-13,1
0,10,0,-2
-13,10,-13,-1
10,12,10,13
10,11,10,-20
1,10,1,-11
-11,-11,-2,-11
1,0,1,0
10,10,10,10
-11,10,-11,-20
0,-11,0,-11
0,1,-20,1
1,2,1,2
1,1,1,1
2,-11,2,-11
-11,1,-11,2
-13,10,0,10
1,-13,2,0
10,-13,-2,-13
-11,2,-11,3
0,1,0,-2
1,-11,-2,-2
10,-13,10,-13
1,1,1,1
1,-11,1,-11
-13,1,-2,-13
11,-13,11,-13
-11,-13,-11,-13
1,1,2,1
-11,1,-11,-2
10,-11,-2,-11
0,-11,0,-11
11,-11,-2,-11
-11,-13,-11,-13
-11,0,-11,0
-13,-11,-13,-11
-13,10,-13,-2
10,11,10,11
1,1,1,1
10,1,10,1
-13,1,-13,1
-11,-13,-11,-13
10,0,-2,0
-13,0,-13,0
10,0,-2,0
-11,2,-2,-11
10,0,-2,-2
0,0,0,-11
10,-13,-2,0
1,1,1,1
0,10,1,10
0,11,0,-2
-11,-13,-11,-13
-13,1,-13,1
1,10,1,10
1,-13,1,-13
1,-11,1,-11
1,0,-2,0
0,-13,0,-13
10,-13,10,0
-11,-13,-11,-13
-13,1,0,1
1,1,1,1
-11,1,-2,1
1,-13,-20,-13
-13,10,-13,-2
2,2,2,1
-13,1,-13,-2
0,1,0,1
-13,-11,-13,-11
2,2,-2,2
-13,2,-13,2
1,1,2,1
4,0,2,0
1,10,1,-20
0,1,0,1
0,0,2,0
1,0,2,-2
1,-13,1,-13
0,-11,1,-2
0,0,2,0
1,1,2,1
1,-13,2,-13
10,2,-2,2
1,-11,-2,-2
-13,-11,-13,-11
0,-13,0,-13
1,-11,1,-2
0,1,0,1
1,-11,1,-11
2,2,3,2
2,3,1,3
10,-11,10,-11
11,2,11,2
3,-13,3,-13
2,1,2,1
-11,-11,-11,-11
-11,-11,-11,-11
10,2,10,2
-13,-11,0,-11
-13,0,-2,0
1,1,2,2
10,10,-2,10
1,2,1,3
-11,-11,-11,1
1,0,1,0
-13,0,-13,0
2,-11,2,-11
-11,-13,-11,-13
11,1,11,1
-13,-11,-13,-11
-13,11,-13,11
10,-11,10,-11
-11,-11,-11,-11
0,-13,0,-13
-11,-11,-11,-11
1,10,1,10
1,-11,1,-2
-13,2,0,2
-13,1,-2,2
1,-11,1,-11
-13,0,-13,-2
-11,1,-11,2
-11,10,-11,10
-13,0,-13,0
10,-11,10,-11
3,2,-20,-2
1,10,1,-20
-13,1,-13,-2
-13,-11,-13,-11
-11,-11,-11,-11
2,-13,-11,0
0,1,0,1
-11,10,-2,10
10,1,11,1
0,11,0,-2
1,0,1,0
2,11,2,-20
1,1,-2,1
0,0,0,0
2,2,1,2
1,-11,2,-2
1,1,1,-20
-11,-11,-11,-11
10,1,10,1
-11,3,-11,3
-13,-11,-13,-11
2,10,-2,10
-13,-11,-13,-11
1,0,1,0
0,2,0,1
1,-13,1,-13
0,2,0,2
0,0,0,1
-11,1,1,1
-11,0,-11,0
1,0,1,0
1,-11,1,-11
1,-11,3,-11
-11,-13,-11,-13
10,0,10,-20
10,1,10,1
11,1,-2,-2
-13,0,-13,-20
2,11,-13,-11
10,-11,10,-11
10,1,10,1
2,-11,2,-11
-13,10,-13,10
1,-13,1,-13
1,2,1,2
-13,1,-13,-2
1,-1,1,-2
-11,1,-11,1
-11,-13,-11,-2
1,2,1,-13
1,-11,-2,-11
10,10,-11,10
-11,1,-11,1
1,-13,1,1
2,11,2,-1
1,10,-2,-2
1,-11,2,-11
-11,-13,-11,-13
1,1,1,1
0,10,0,11
2,0,1,0
-13,1,-13,-20
2,1,2,1
-13,1,-13,-2
2,-11,2,-11
0,-11,0,-11
1,1,1,1
0,3,0,2
-13,1,-13,2
1,-11,2,-11
10,1,-2,1
-11,-13,-11,-13
3,1,-11,0
1,2,1,3
0,-11,0,-11
1,-13,-11,-13
-11,1,-11,1
1,-11,1,-2
1,-13,1,-13
-11,1,-11,1
-13,-13,-13,-13
-11,1,-11,1
0,-13,0,-13
2,1,2,1
-13,11,-13,12
2,1,-11,1
-11,10,-11,11
-13,-13,-13,-13
11,-13,11,-13
2,-11,-2,-2
-11,1,-11,4
-13,1,-13,3
-11,-11,-11,-11
0,1,-20,1
-13,11,-13,-2
-11,-11,-2,-11
1,1,1,2
-11,0,-11,0
-11,11,-11,-2
-11,-11,-11,0
10,2,10,2
-13,0,-13,0
10,-13,10,-13
-13,1,-13,1
0,-11,0,-11
-11,-13,-11,-13
1,-13,-20,-13
1,1,1,-20
-11,12,-11,12
1,1,1,1
0,-11,0,-11
2,-13,2,-13
11,-13,-2,-13
-11,0,-11,0
2,-13,2,-13
-13,1,0,1
-13,0,-13,0
0,-11,0,-11
1,1,1,1
10,11,-11,-2
10,10,-2,10
1,10,1,-2
-11,10,-11,10
2,1,2,1
2,-13,2,-13
1,-13,1,-13
-13,-11,-13,-11
2,10,1,-2
1,1,-2,2
-13,2,-13,3
-11,3,-11,2
1,0,1,0
-11,-11,-11,-2
2,10,2,10
10,-13,-11,-13
0,10,0,10
1,10,1,10
-11,10,-2,10
3,-11,-20,-2
-13,1,-13,1
2,0,3,0
2,0,2,0
-11,1,-11,1
-11,1,-11,1
-13,-11,-13,-11
0,-11,-20,-11
2,0,2,0
2,-11,2,-11
11,0,-20,0
-11,2,-11,2
-11,0,-11,0
0,-13,0,-13
-13,-11,-13,-11
0,2,1,1
1,-13,1,-13
0,2,0,-20
0,11,0,-2
1,0,1,0
-13,1,-13,1
-13,2,-13,2
-13,2,-13,3
10,10,-13,-2
0,-11,0,-11
1,-13,1,-13
2,10,-2,10
2,-13,2,-13
-13,10,-13,-2
0,1,0,1
-11,-13,-11,-13
-13,3,-13,3
1,2,1,3
2,2,2,-11
11,-11,-11,-11
1,2,1,2
-11,1,-11,1
10,10,-2,-2
11,0,-2,0
1,-13,1,-13
1,11,1,-11
3,0,3,-20
0,1,-11,1
1,-13,1,-13
1,10,2,-13
1,1,1,1
1,-13,-2,-13
1,2,1,2
-11,1,-11,1
1,-11,1,-11
1,1,1,-2
-13,10,-13,10
-13,-13,-13,-13
0,1,0,1
-13,10,-13,-11
1,-11,1,0
-13,1,-13,1
1,11,1,11
-11,1,-11,2
1,1,1,1
1,-13,1,-13
2,-11,2,-11
0,3,0,3
1,2,1,1
-13,11,-13,-2
-13,-11,-13,-11
-13,1,-13,1
0,0,0,2
-13,-13,-13,-13
-13,1,-13,2
1,1,1,1
1,1,1,1
-11,10,-11,10
-13,2,-13,2
1,-13,1,-13
1,1,1,1
-11,10,-11,-2
10,10,10,-11
0,-13,0,-13
10,-13,10,-13
0,-11,0,-11
1,1,1,1
0,1,0,10
10,10,10,-2
11,1,11,-2
1,2,1,2
0,0,0,0
-11,1,-11,-20
1,0,1,-11
10,0,-2,-20
11,1,11,-2
0,-13,0,-13
1,-13,-13,-13
10,-13,10,-13
10,0,11,0
1,0,-13,0
2,1,2,1
1,0,1,0
-13,-11,0,-11
1,-13,2,-13
1,-11,3,-2
2,-11,2,-11
2,-13,2,-13
0,-13,0,-13
-11,-11,-11,-11
2,-13,2,-13
10,11,-20,-2
1,-13,-11,-13
10,1,-20,1
0,2,0,2
10,-13,10,-13
-11,-13,-2,-13
-11,10,-11,-2
-11,1,-11,-2
-13,1,-13,1
1,1,1,1
1,1,1,1
-13,-11,-13,-11
1,-13,-20,-13
-13,10,-13,-2
0,-13,0,-13
1,10,1,10
10,1,10,1
1,-11,-20,-11
1,1,1,-11
1,-11,-2,-11
1,1,1,1
1,2,1,2
-13,0,-13,-20
-13,10,-13,-20
1,10,1,-20
-11,1,1,1
0,1,0,1
1,1,1,1
-11,1,-11,-11
-13,2,-13,2
2,3,-2,3
10,-11,-2,-11
1,-11,1,1
11,0,-2,0
-13,10,-13,-2
-11,1,-11,1
0,-11,0,-11
1,-13,1,-13
-13,-13,-13,-13
3,1,3,1
1,-11,1,-11
-13,1,-13,1
10,2,-20,3
1,1,1,1
1,11,1,11
1,2,-2,-2
2,1,2,1
2,-11,2,-11
-13,-11,-13,-2
1,-13,1,-2
-11,1,-11,-11
-13,0,-13,0
10,-11,-20,-11
2,1,2,-20
10,-11,10,-11
2,1,12,1
1,0,1,0
-13,-13,-13,-13
10,3,10,3
2,-11,2,-11
2,-11,-11,-11
1,10,1,-2
1,-13,1,-13
12,12,-20,1
0,2,0,-20
12,-11,3,-11
-11,0,-11,0
-11,1,-2,1
1,11,1,11
2,-13,2,-13
3,1,12,-2
-13,-13,-13,-13
-11,-13,1,-13
10,1,12,-2
2,1,3,1
2,1,-2,1
0,1,0,-11
1,-11,1,-11
2,1,2,-11
2,1,2,1
-13,2,-13,2
1,-13,-20,-13
10,12,10,13
1,1,-1,-13
-11,0,-11,0
-11,1,-11,1
-13,-11,-13,1
1,11,-13,-2
1,11,1,12
1,1,1,-13
0,1,0,1
1,10,1,10
2,-13,2,-13
-13,10,-13,10
-13,1,-13,-20
10,0,10,0
1,2,1,2
0,1,0,1
1,1,-2,2
11,11,-2,-2
12,10,12,10
11,1,11,1
-11,0,-11,0
-13,1,-13,1
-13,11,-13,-2
-11,11,-11,11
0,2,-13,-11
1,1,-2,1
1,-11,2,-11
1,1,1,1
1,10,1,10
-13,-13,-13,-13
1,10,-11,-20
-13,0,-13,0
-11,0,-11,0
0,11,0,-20
-11,2,-11,2
-11,-13,-11,-13
1,-11,1,-2
2,1,2,1
-13,1,-13,1
10,1,10,1
-13,3,-13,-20
1,12,1,-2
-11,1,-11,1
1,0,-2,-2
11,2,-11,2
2,-11,2,-11
-13,-13,-13,-13
0,2,11,3
11,-11,11,-11
1,10,2,-2
11,1,11,1
10,1,0,-20
-11,0,-11,-2
0,1,11,-2
1,-11,1,1
1,1,1,1
-11,0,-11,0
2,-11,2,-11
0,1,1,1
-13,-11,-13,-2
-13,0,-13,1
0,1,0,1
1,1,1,1
1,10,1,10
2,-13,2,-13
0,2,0,2
10,10,10,10
-11,1,-11,-2
-13,-11,-13,-11
10,-11,10,-11
-13,1,0,1
1,2,1,2
1,-11,1,-2
-11,1,-11,2
2,-11,2,-11
11,12,11,-2
2,-11,-20,-11
1,0,-11,0
10,10,-20,10
1,0,1,0
-11,1,-11,-2
11,-13,11,-13
10,0,10,0
1,1,1,1
-13,-11,-13,-11
2,-11,-2,-2
2,1,2,2
10,-13,10,-2
11,-13,11,-13
1,1,1,1
-13,-11,-13,-11
1,1,1,1
2,1,2,1
11,-11,11,-11
-13,0,0,-13
-11,2,-11,2
2,-13,1,-13
1,0,1,-20
-13,10,-13,10
-13,11,-13,-1
2,-11,2,-11
-13,10,-13,-2
1,10,1,-2
0,1,-13,0
0,-13,0,-13
2,3,2,3
-13,1,-13,-2
0,1,3,1
1,2,1,-13
11,-13,11,-13
-13,-13,-13,-13
0,1,-20,1
1,2,0,0
1,-13,-11,-13
-11,1,-11,2
10,-11,-2,-2
0,11,-2,11
1,1,1,1
10,1,10,1
0,-13,-11,-13
1,1,1,1
0,-13,0,-13
11,-13,-1,-13
-11,2,-11,-11
1,10,1,10
-13,1,-13,-2
-13,-13,-13,-13
1,1,1,1
0,11,0,11
10,1,0,1
0,1,0,1
1,1,1,1
1,1,-2,0
-13,0,-13,-2
1,2,1,1
-13,1,-13,1
10,1,-2,1
11,10,-11,-2
1,-13,1,0
0,2,0,1
2,-13,2,-13
-13,1,-13,1
0,10,0,-2
-13,2,-13,1
10,1,-2,1
-11,1,-11,1
0,-13,0,-13
2,-11,2,-11
1,-11,1,-11
2,2,2,-2
0,1,0,-11
1,0,-20,0
-13,-11,-13,-2
-13,-11,-13,-2
2,-11,2,-11
0,0,0,-20
-13,10,-13,-2
0,-13,-2,-13
10,1,10,1
10,10,-2,-2
1,-13,-2,-13
-13,1,-13,2
-13,1,-13,1
-13,10,-13,-1
0,-13,10,-13
-11,-13,0,-13
-11,3,-2,4
2,-13,2,-13
0,10,0,-20
0,10,0,-2
0,-11,0,-2
1,-11,1,-2
-13,-13,0,-13
-13,2,-13,2
2,11,-2,-2
0,10,0,10
11,1,-11,1
-11,1,-11,1
-13,1,-13,1
-13,-13,-13,0
-11,1,-11,1
1,-13,0,-13
1,11,2,11
2,10,-2,10
2,-13,1,-13
10,1,10,2
0,-13,0,-13
-13,1,0,1
2,1,2,1
1,-11,2,-11
2,1,1,1
2,-13,2,-13
2,0,3,-20
1,0,1,-20
10,2,-2,2
0,10,0,10
10,-13,-2,-13
1,11,1,11
1,-13,1,-13
-13,1,-13,1
2,11,2,-20
0,-11,0,0
0,-13,-13,-13
-13,-13,-13,-13
1,-11,1,-11
-11,2,-11,2
11,-11,11,-11
1,-13,1,-13
1,-11,1,-11
-11,-11,-11,-11
1,1,1,1
1,-13,12,-13
2,12,-11,-20
-11,10,-11,-2
0,0,0,0
-13,1,-13,1
-13,-11,-2,-11
1,-13,1,-2
-13,10,0,10
1,1,1,2
2,-11,-2,-11
1,-11,1,-2
0,-11,0,-11
1,-13,1,-13
-11,1,-11,-20
10,10,10,10
1,0,1,0
-11,1,-11,1
10,1,10,1
1,-11,-2,-11
1,1,1,1
11,-11,-20,-11
11,1,-2,1
-11,-13,-11,-13
0,1,0,2
3,2,4,1
-13,1,-13,-2
1,2,1,2
1,10,1,11
1,-13,1,-13
0,11,0,11
1,0,-20,0
1,1,-2,-2
-13,1,-13,-20
-13,10,-13,-2
-13,1,-13,-20
0,1,0,-11
1,-13,1,-13
-13,-11,-13,1
1,-11,1,-11
0,-13,0,-13
0,-11,-2,1
0,1,-11,1
-11,1,-11,1
10,-11,-20,-11
2,-11,-2,-2
-13,1,-13,-2
1,1,-20,1
1,0,1,0
-11,1,-11,-20
0,-13,-20,-13
1,3,1,2
2,-13,2,0
0,11,-2,12
1,0,1,0
-13,-11,-13,-2
-11,-13,-11,-13
10,2,12,2
12,11,-2,-2
-13,-11,-13,-11
-11,-13,1,-13
-11,0,-11,0
10,0,-11,0
1,1,1,1
-13,1,-13,1
11,0,-11,1
0,3,0,3
0,0,-20,0
1,2,1,2
-13,-13,-2,-2
0,-13,0,-13
1,1,-2,1
3,-11,-2,-11
-11,-13,-11,-13
0,-13,0,-13
1,10,1,10
-13,-11,0,-11
1,1,1,2
1,2,-13,1
1,1,1,1
10,10,10,10
12,-13,12,-13
-11,1,-11,1
11,2,11,2
11,1,12,1
-13,-13,-2,-2
-11,1,-11,1
10,0,-2,0
1,1,2,1
1,1,1,1
0,1,0,1
1,-13,1,0
0,-11,-2,-11
-13,-13,-13,-13
10,1,-20,1
-13,2,-13,2
-11,1,-11,-20
-13,1,-13,1
1,-11,-11,-11
1,1,1,1
1,2,0,2
-11,-11,-11,-11
2,1,2,1
10,1,-2,1
-11,1,-11,1
1,10,0,-20
-11,1,-11,1
2,-11,-2,-11
10,0,10,0
-13,11,0,-2
-13,0,-13,0
0,1,0,1
-11,1,-11,1
1,1,1,1
1,-13,-20,-13
2,1,2,-2
-13,1,-13,-2
10,0,-2,-20
1,1,1,1
-11,1,-11,-2
2,2,-11,3
1,-11,1,-2
0,1,-2,-2
-11,-11,-11,-11
-13,1,-13,1
-11,2,-2,2
-11,10,-11,-2
-13,0,-13,0
0,0,0,0
2,1,1,1
10,2,10,2
1,1,1,1
2,2,1,2
1,-13,1,-13
2,1,-2,1
-13,0,0,0
3,1,-2,-2
0,-11,0,-11
-11,-11,-11,-11
1,-11,1,-11
11,0,11,0
-13,11,-13,-2
-11,-11,-2,-2
10,-13,10,-13
-13,0,-13,0
1,10,5,10
1,-11,-2,-2
2,-13,2,-13
1,-13,1,-13
2,1,2,2
-11,-11,-11,-11
1,0,1,-2
2,2,-11,2
1,1,1,1
-13,1,-13,1
-11,10,-11,10
2,0,2,0
-13,1,-13,1
10,1,-2,-11
2,0,2,0
-11,0,-11,0
10,1,10,2
1,11,1,11
0,-13,0,-13
-13,-11,-2,-2
-11,11,-11,-2
-11,1,-2,1
10,11,-13,11
0,-13,0,-13
1,0,1,0
10,2,10,2
-11,2,-2,2
1,-13,1,-13
1,2,1,2
10,1,10,1
2,10,1,-20
-13,10,-13,10
0,10,1,-2
1,2,-20,2
-13,1,-13,1
-11,1,-11,1
11,-11,11,-11
1,10,1,10
10,-13,-1,0
2,2,2,-2
10,-11,12,1
-11,1,-11,-20
-11,3,-11,3
0,0,0,0
-13,1,-13,1
2,-11,-11,-2
-11,-13,-11,-13
-13,-11,-2,-2
1,1,1,2
0,-13,-2,-2
-13,0,-13,0
0,-11,-20,-11
1,1,1,1
-13,-11,-13,-2
-13,1,-13,-2
1,0,-11,0
1,1,1,1
11,1,-2,-2
1,1,1,1
-11,1,-11,-2
1,10,1,10
1,-11,1,-11
-11,0,-11,0
1,-13,1,-13
-13,1,-13,1
-11,1,-11,1
0,-13,0,-13
-11,-11,-11,-11
-13,11,-13,11
11,1,11,1
10,-11,-20,-11
-11,-13,-11,-13
1,11,1,-2
0,1,0,1
10,-11,10,-11
10,1,10,1
2,1,2,1
1,-11,1,0
0,-11,0,-11
-13,1,-13,1
2,1,2,-2
1,1,-2,1
10,11,10,11
-13,0,-13,0
0,1,0,1
1,2,1,3
1,-13,1,-13
0,1,-2,-2
-11,0,-11,0
2,10,2,10
-13,1,-13,1
1,12,2,-20
-11,10,-11,10
-13,-13,-13,-13
-1,1,-2,1
0,-11,-2,-11
1,1,1,1
10,0,10,0
-11,11,-11,-11
1,2,1,2
10,-11,10,-11
-13,-13,-13,-13
-13,-11,-13,-11
1,2,1,-11
-13,1,-13,1
-13,-11,-2,-11
11,0,14,-20
1,-13,-13,-13
-11,2,-11,2
1,3,1,3
0,1,0,1
2,1,-11,-2
-11,-11,-11,-11
-13,-13,-13,-13
-11,3,-11,3
2,-13,-11,-13
1,10,-11,-13
10,1,-2,-2
10,1,-11,1
-13,0,-13,0
2,1,2,1
-13,-13,-13,-13
-11,1,-2,1
1,2,1,2
-11,2,-11,2
-13,1,-13,1
1,1,1,1
-13,11,-13,1
0,1,0,1
11,-13,1,-13
-13,-13,-13,-13
0,-13,0,0
1,-11,-2,-2
1,10,1,10
0,10,-20,-2
1,2,1,2
10,0,-2,0
0,11,0,-20
2,-11,-2,-2
0,-13,0,-13
0,-11,0,-11
2,0,2,0
1,-11,-2,-11
10,-11,10,-2
1,-11,1,-2
1,1,1,-2
1,1,1,2
10,-13,10,0
-11,-13,-11,-13
10,0,10,0
1,2,1,2
11,-11,-2,-11
0,1,0,1
1,-13,1,-13
-11,-11,-11,-11
1,10,1,10
-13,-13,-2,-13
1,-13,1,-13
1,2,1,3
-11,1,-11,1
-13,-11,-13,-11
-11,-11,-11,-11
0,1,0,1
-13,0,0,0
-13,1,-13,1
1,-13,1,-13
1,1,1,1
0,10,0,10
-13,11,-13,-2
1,-13,1,-13
-11,1,-2,1
1,-11,1,-11
3,0,-2,0
11,-11,-20,-11
1,1,2,1
-13,-13,-13,-13
2,10,-2,-20
11,11,11,-11
-11,-13,-11,-13
-13,-13,-13,-13
-11,0,-11,0
-13,1,-13,1
0,-11,0,2
2,0,2,0
0,0,0,-20
0,1,0,-11
1,1,-2,1
10,1,-2,1
-13,10,-13,-2
-13,10,-13,-2
2,11,2,-2
10,10,10,10
1,11,1,11
1,1,1,-13
1,0,-20,0
-13,-11,-13,-2
1,1,-20,1
0,1,2,1
2,1,1,-13
-13,1,-2,1
0,-11,0,-11
1,0,1,0
-13,-11,-13,-11
-11,0,-11,0
-11,0,-11,0
-11,1,-11,1
10,-11,-2,-11
11,10,11,10
0,10,0,10
0,-11,0,-11
-11,1,-11,1
1,-13,2,-13
-11,-11,-11,-11
10,-13,10,-13
1,-13,-20,-13
-11,3,-2,-11
-13,0,-13,3
2,-11,2,-11
2,1,-20,-2
1,10,1,10
-13,1,-11,1
10,2,10,-2
-11,-11,-11,-11
0,1,0,-2
-13,-13,-13,-13
-13,-11,-13,-11
1,2,1,2
1,-11,1,-11
1,-13,2,-13
-11,10,-11,-20
10,1,10,1
0,1,0,-2
2,1,2,1
10,-13,-13,-13
1,-13,1,-13
1,1,1,1
2,-13,1,-13
1,2,1,-2
-11,2,-11,1
-13,1,-13,-2
10,1,-2,1
-13,-11,0,-11
-11,-11,-11,-11
2,1,-20,2
-13,-11,-13,-11
-13,-13,-13,-13
-11,1,-11,-2
10,-11,10,-11
1,-11,1,-2
1,-13,1,-13
-11,1,-2,1
10,11,10,-2
1,-11,-2,-11
11,0,-2,-20
-11,1,-11,1
1,2,1,2
11,1,-13,1
3,1,3,1
2,-11,2,-11
-13,-11,0,-2
11,1,11,1
1,-11,2,-11
1,-11,1,-2
0,-11,0,-11
1,1,-20,1
1,1,1,1
1,1,-11,1
-11,10,-11,10
-13,2,-13,2
11,1,-1,-11
0,1,0,1
0,-13,0,-13
1,-13,1,-13
-11,10,-11,-11
10,1,10,1
-13,-13,-13,-13
10,-13,-20,-13
2,0,2,0
11,1,-2,1
1,1,1,-11
1,-13,1,-2
0,10,0,-2
10,3,10,3
10,1,-11,1
1,-11,1,-11
1,2,-2,0
-11,1,-11,1
12,10,-2,10
-13,2,-13,1
1,-11,1,-11
11,1,-2,12
-13,1,0,1
-11,0,-11,-20
10,-13,10,1
1,-13,1,-13
0,1,0,2
-11,1,-2,1
-11,-13,-11,-13
-11,10,-11,11
1,1,1,1
1,1,1,1
0,1,0,1
2,-13,-20,-13
-13,-13,-13,-13
11,1,-2,1
-11,1,-11,1
1,-13,1,-13
2,-11,-11,-11
0,2,0,2
-13,-11,-13,-11
2,-13,3,-13
2,11,1,-20
-11,0,-11,0
1,-13,1,-13
1,-13,-13,-13
10,2,10,-13
10,10,10,-11
2,-13,2,-13
1,12,2,12
-13,0,-13,0
-13,1,-13,0
1,2,1,1
-11,-13,-11,-13
-11,1,-11,1
-13,1,-13,-11
-11,-11,-11,-11
2,11,-2,11
-11,1,-11,1
-13,1,-13,2
-13,10,-13,10
-13,1,-13,-2
-11,-11,-11,-11
10,1,10,1
11,-11,0,-11
1,-11,1,-11
1,11,-2,-1
-11,1,-11,1
-13,-11,-13,-11
-13,-13,-13,0
2,-11,2,0
0,1,-20,1
1,1,-11,2
2,10,-2,-2
2,3,2,-20
1,0,1,0
1,1,1,1
1,-13,1,-13
-13,1,-13,1
-13,-11,-13,-11
-11,0,-11,0
0,-11,0,-11
-13,-13,-13,-13
2,1,2,1
0,2,0,2
2,-13,1,-13
-13,-11,-13,-11
0,1,-20,1
2,1,2,2
-11,2,-11,2
-13,-13,-13,0
1,-13,1,-13
-13,-13,-13,-13
2,1,2,1
11,10,10,-2
10,1,10,1
-13,-11,-13,-11
-11,1,-2,0
1,0,1,5
-11,2,-11,-11
0,-11,-20,-11
-11,1,-2,1
0,1,0,-13
0,-13,0,-13
-11,1,-11,1
0,-13,0,-13
10,10,-2,10
-11,-11,-11,-11
10,10,10,10
-13,1,-13,1
2,-11,2,-11
10,1,-2,-11
11,11,-2,-2
-13,10,-2,-2
0,0,-2,1
0,-13,0,-13
-11,2,-11,-20
1,-11,1,-11
0,2,-2,2
2,2,2,1
1,1,1,-2
10,1,-11,1
2,0,2,0
-11,0,-11,-20
3,0,3,0
2,1,2,-11
1,-13,1,-13
-13,-13,-13,-13
11,2,11,2
-13,1,-13,-20
12,1,2,1
0,1,0,1
-11,-13,-11,-13
1,10,1,10
1,-13,1,-2
1,-11,1,-2
-11,0,-11,0
11,2,-11,2
10,0,10,0
1,2,1,2
0,0,0,0
1,-13,1,-13
11,10,-2,10
-11,0,-11,0
10,10,-20,-2
2,0,2,0
1,-13,1,-13
0,-11,0,-11
1,-11,-11,-11
0,-11,0,-11
-13,1,-13,-2
-13,-13,-13,-13
2,-11,2,-11
-11,0,-11,0
-13,1,-13,1
-13,0,-13,-20
1,-13,2,0
0,-13,-20,-13
1,-11,1,-11
2,1,-11,1
-13,0,-13,0
2,-11,2,-11
2,-13,2,-13
-13,10,-13,10
2,1,2,0
1,0,-11,0
10,1,-2,1
1,0,1,-2
-13,1,-13,1
2,-13,2,-13
-13,-11,-13,-11
-13,-11,-13,-11
2,1,1,1
-11,1,-11,1
11,-11,13,-2
-11,10,-11,10
-13,-13,-13,-13
0,-11,0,-11
10,10,10,-20
-11,-13,-11,-13
10,10,-2,0
1,1,-2,2
-13,1,-13,1
-11,-13,-11,-13
0,1,0,1
0,-13,0,-13
-11,-13,-11,-13
2,-13,2,-13
1,-13,1,-13
1,1,2,1
0,10,0,-2
10,-11,-2,-11
1,1,1,2
1,0,1,0
10,1,-20,1
-11,0,-11,0
1,2,-2,1
10,10,-2,10
-11,11,-11,11
0,-11,0,-11
2,-11,-11,-11
-13,11,-13,-20
1,-11,-2,-11
10,1,10,-2
0,-13,0,-13
10,-11,-20,-11
-11,11,-11,11
-11,-13,-11,-13
-13,-11,-13,-11
10,11,-11,-11
10,1,-2,1
-13,1,-13,1
0,-13,0,-13
11,-11,11,-11
1,2,-2,-11
1,-13,2,-13
-13,-13,-13,-13
10,10,-2,10
0,0,-2,0
2,-13,3,-13
1,1,1,-11
-11,1,-11,1
10,1,-2,2
1,-11,-20,-11
1,10,-2,10
2,0,3,1
-11,1,-11,1
0,3,0,2
-13,0,-13,0
-11,-11,-11,-11
-11,0,-11,0
11,0,11,0
0,-11,0,-11
-13,10,-13,10
0,10,0,10
2,-11,2,-11
-11,10,-11,11
-11,1,-11,1
-11,1,-11,1
-13,1,-13,1
1,11,1,-20
-11,1,-11,1
1,-11,1,-11
10,1,11,1
-11,-13,-11,-13
-11,1,-11,1
10,1,10,2
2,1,1,1
1,1,1,1
-11,0,-11,0
-13,-13,-13,-13
-13,2,-13,2
0,-13,0,-13
1,2,1,2
1,1,1,1
1,10,-11,10
1,11,1,11
1,11,1,-20
-13,2,-13,2
1,-11,1,0
0,0,0,0
-13,-13,-13,-13
10,0,10,1
-13,2,-13,2
2,-11,2,-11
11,10,11,-20
1,-11,1,-11
-13,-11,-13,-11
1,-11,1,-11
-1,1,-1,1
10,11,10,11
0,11,-2,-2
1,-13,1,-13
-13,2,-13,2
-13,2,-2,-2
0,1,0,1
10,-13,10,-13
2,-11,3,-2
-11,1,-11,11
1,-11,1,-11
0,-11,-20,1
-13,2,-2,3
-11,11,-11,-20
10,11,10,-2
1,1,2,-2
1,0,1,0
10,-13,12,-13
2,1,2,1
0,-13,-2,-13
2,1,1,-11
-13,-11,-13,-11
-11,2,-2,2
2,11,1,-2
0,11,0,11
1,-11,1,-11
1,0,1,0
-13,-11,-13,0
1,-13,1,-13
0,2,0,2
-11,1,-2,1
10,-11,11,-11
1,1,-2,1
-11,2,-11,2
0,10,0,10
1,1,1,1
2,10,2,-2
0,1,0,1
-13,0,-13,13
-11,10,-11,10
3,-13,3,-13
-13,1,-13,1
-11,-11,-11,-2
-11,-11,-11,-11
1,2,2,2
11,3,-2,-2
-13,10,-13,10
2,1,2,-2
0,-13,0,-13
-11,2,-11,2
11,-11,-2,-11
0,2,-2,2
0,-13,0,-13
-11,11,-2,11
1,1,1,-11
2,2,-2,2
10,0,-2,0
-13,0,-13,0
0,2,-2,2
-11,1,-11,1
-11,-11,-11,-11
1,1,1,1
-13,10,-13,11
0,2,0,2
10,-13,-2,-13
2,10,2,10
-11,1,-11,-2
-11,2,-11,1
-13,1,-13,1
1,2,1,-20
10,-13,-2,-13
-11,1,-11,-20
1,-13,1,-13
-11,10,-11,10
1,-11,0,-11
1,0,1,0
0,11,0,11
10,-13,10,-13
2,11,-11,11
3,1,-11,1
-11,-13,-2,-13
0,10,2,10
-11,-11,-11,-11
2,1,3,12
-13,2,-13,3
1,-11,-20,-11
0,2,-2,-2
10,-13,-20,-13
1,10,1,-2
1,1,1,4
-13,2,-13,1
-11,1,-11,1
-11,10,-2,10
0,1,0,1
-13,-13,-13,0
0,-13,0,-13
-13,10,-13,10
11,10,11,10
2,-11,1,-11
2,-11,2,-11
-13,-11,-13,-2
2,-13,2,-13
-13,10,-13,10
10,10,10,-2
1,1,2,1
2,11,2,-2
-11,-13,-11,-13
2,-13,2,-13
-11,1,-11,1
1,11,1,11
1,1,1,-11
-13,0,-13,0
-11,-13,-11,-13
2,2,2,3
-11,-13,-11,-13
1,1,1,2
0,10,0,11
0,11,0,11
1,1,4,1
10,1,10,1
0,1,1,1
10,1,-20,1
0,1,0,1
-13,1,-13,1
1,11,1,-2
1,-11,1,-11
-13,-11,-13,1
-13,10,-13,-2
0,-11,0,-11
0,1,0,2
-13,1,-13,1
-11,0,-11,0
-11,10,-11,10
1,-13,1,-13
1,0,1,0
1,0,-2,-2
0,1,0,-13
-11,10,-11,-20
0,0,0,-20
11,1,11,1
2,-11,-2,-2
2,1,2,1
-11,-11,-11,-11
2,-11,2,-11
10,1,10,1
0,-13,-2,-13
10,-13,-11,-2
3,-11,3,-11
-11,2,-11,3
1,-11,1,1
-11,1,-11,1
-11,10,-11,-11
-13,0,-13,1
-11,10,-11,10
0,10,0,-2
-13,-11,-13,-11
0,1,0,1
-13,-11,0,-2
-13,0,-13,0
10,1,10,-2
-11,10,-11,-2
-11,0,-11,0
10,-13,10,-13
-13,1,-13,1
-13,2,-13,3
0,0,0,-20
2,2,2,2
1,-13,1,-13
10,10,11,10
3,-11,3,-11
2,1,2,1
1,-11,-20,-11
-11,2,-11,2
1,10,1,10
-11,1,-11,1
1,2,1,2
-11,2,-11,2
0,1,0,1
-13,1,-13,1
1,-11,1,-11
1,-13,1,-13
11,-13,11,-13
1,1,-2,2
10,1,-2,1
2,1,2,-20
-13,-11,-13,-11
-13,10,-13,10
12,1,-2,-2
-11,-11,-11,-2
-13,11,-13,11
-11,10,-11,10
10,1,-2,1
-13,-11,-13,-2
-13,2,-13,2
0,-11,-2,-11
-13,-11,-13,-11
2,10,2,10
-13,10,-13,-20
-11,-11,-11,-11
1,11,1,-2
-11,-13,-11,-13
2,-11,2,-11
2,2,2,3
11,1,-2,1
10,1,10,-20
10,0,10,-1
2,2,2,1
2,10,-11,-2
1,10,1,10
-13,-11,-13,-11
-11,10,-11,10
1,-11,1,-11
-13,-13,0,-13
0,1,0,1
-13,10,-13,10
1,-11,2,-11
1,0,1,-20
-11,1,-11,2
1,2,2,2
1,-11,1,-11
10,1,-2,1
-13,1,-13,-2
0,-13,0,-13
-11,1,-11,1
1,3,1,2
1,10,1,10
11,-11,-2,-11
11,1,-11,1
-11,-13,-11,-13
1,0,1,0
-13,-11,0,-11
0,3,0,3
-11,1,-11,1
2,-11,1,-11
-13,-13,-13,-13
-13,10,-13,-20
1,1,1,1
10,-11,12,-2
11,10,-2,10
-11,-13,-11,-13
10,2,10,-2
-11,1,-11,1
1,0,1,0
1,-11,-2,-11
-11,-11,-11,2
-13,11,-13,11
10,0,10,-20
-11,0,-11,-2
10,11,10,-20
-11,10,0,-2
1,-13,-2,-13
0,2,1,3
1,2,1,2
1,1,1,1
2,0,2,0
1,1,1,1
-11,12,-11,12
-11,0,-11,0
-11,-11,-11,-11
2,-13,1,-13
1,1,-11,1
2,1,2,1
0,-11,0,-11
1,3,1,2
3,-13,-2,-13
-11,-13,-11,-13
11,-13,-2,-13
0,1,0,2
-13,1,-2,1
-13,1,-13,-11
2,-13,2,0
-13,-13,-13,-13
1,-11,1,-2
0,11,0,-2
1,1,1,1
1,-13,1,-13
10,1,10,1
-13,-11,-13,-11
1,-13,1,-13
-13,11,-13,11
1,1,2,1
1,10,1,10
-13,1,-2,-2
-13,-13,-13,-13
12,10,13,-20
3,-11,3,-11
-11,-13,-11,-13
10,1,10,1
1,-13,1,-13
2,1,2,1
2,-11,2,-11
10,1,-20,1
-13,-13,-13,-13
2,1,3,1
1,1,1,1
10,10,-1,10
11,-11,-11,-2
-13,-13,-13,-13
1,10,1,10
1,11,1,11
1,11,1,-2
11,-11,-2,-11
0,-13,0,-13
1,0,-2,-1
0,-13,0,-13
0,10,0,11
2,-11,2,-11
1,10,1,-2
0,-11,0,-11
-11,1,-11,-2
-11,2,-11,2
2,0,2,0
2,1,2,1
-11,1,-11,1
0,0,0,0
-11,11,-11,11
-11,0,-11,0
-13,1,-13,1
-11,1,-11,1
1,-13,1,-13
-13,-11,-13,-2
-11,-13,-11,-13
1,1,-11,1
-11,0,-2,0
-11,-13,-2,-2
1,-11,1,-11
-13,-11,-13,1
1,10,1,-2
-11,0,-11,0
1,-11,1,-11
-11,1,-11,1
-11,1,-11,-11
2,10,2,-2
1,-13,-2,-13
-13,-11,-13,-11
1,-13,2,-13
1,11,1,-11
1,-13,-2,-2
1,10,-2,11
-13,0,-2,1
0,10,0,-20
1,0,1,-20
2,-11,2,-11
1,-13,1,-13
1,-11,1,-11
1,-11,-2,-11
2,1,2,1
-11,-11,-11,-11
1,0,1,0
0,-13,0,-2
1,-13,1,0
1,-11,1,-11
-11,2,-11,2
-11,1,-11,1
1,1,1,1
11,-13,-20,-13
1,1,1,-2
2,1,2,1
-11,1,-11,-20
1,2,1,2
11,2,-2,2
10,2,-2,-2
10,-11,10,-11
-11,-13,-2,-2
-13,-13,-13,-13
10,-13,10,-13
-13,1,0,1
-11,-13,-11,-13
1,10,1,11
10,1,10,1
1,2,1,2
-13,10,-13,-20
-13,1,-13,2
-11,0,-11,0
-11,-13,-11,-13
1,-11,-11,-2
1,-11,-20,-2
1,-11,1,-11
0,-13,0,-13
-11,1,1,1
0,11,0,-2
1,1,-11,1
-13,2,-13,2
0,-11,0,-11
-13,0,-13,0
-13,-11,-13,-11
1,1,-20,1
10,-13,10,-13
-13,1,-13,2
-13,1,-13,1
-11,2,-11,2
0,1,0,1
10,-13,10,-13
1,1,-2,1
1,1,1,-13
1,-11,1,-2
1,1,-2,1
2,-11,2,1
-11,-13,-11,-13
-11,0,-11,0
1,-13,1,-13
2,2,-11,4
10,10,10,10
-11,10,-11,10
10,1,-11,1
-11,10,-11,10
1,1,1,1
2,0,2,0
0,1,-13,-11
2,0,-2,-2
0,-13,0,-13
-11,0,-2,0
-11,1,-11,2
1,2,2,-20
1,-11,1,-11
1,12,1,-2
10,-13,10,-13
1,0,1,0
0,1,0,0
-13,0,-13,0
1,1,1,1
10,1,10,1
0,1,0,1
-13,10,-13,10
10,1,-2,1
11,-13,-2,-13
11,-11,13,-11
0,10,0,10
-11,-11,-11,-11
-11,2,-11,2
0,-11,0,-11
-11,1,-11,1
10,10,-2,-2
-11,-13,-11,-13
-13,0,-13,-2
-13,1,-13,1
2,-13,2,-2
10,-13,10,-13
1,-13,-13,-13
10,1,10,1
-11,2,-2,1
-11,1,-11,1
1,11,1,-20
1,11,2,11
10,-11,-20,-11
2,1,2,1
-13,-11,-13,-11
1,-11,1,-11
-13,2,-13,2
0,0,0,-20
1,0,1,0
-11,-13,-11,-2
0,-13,-2,-13
-13,0,-13,0
-11,10,-11,10
-11,1,-11,1
1,11,-2,11
10,10,-2,10
1,10,0,-2
-13,-13,0,-13
-13,-11,-13,-11
2,1,2,1
10,-11,10,-11
0,-11,-2,-2
-11,2,-11,2
3,2,3,2
0,-13,1,-13
0,1,0,1
-11,10,-11,11
2,1,2,1
-11,-11,2,-11
-11,1,-11,-2
10,10,-2,-2
2,1,2,1
-13,1,-13,1
10,10,-11,10
-13,-11,-13,-2
0,0,0,0
12,1,-1,-2
-13,-13,-13,-13
2,-13,3,-13
-11,1,-11,0
-13,1,-13,-2
1,1,1,1
-11,-13,-11,-13
0,-13,0,-13
11,10,11,10
1,0,1,2
-11,0,-11,-20
-13,-11,-13,-11
1,-13,1,-13
-11,1,-11,1
-13,2,0,2
-11,1,-11,1
1,1,1,-2
-11,2,-11,1
0,10,0,10
-11,0,-11,0
10,2,10,-11
10,-11,-2,-2
-13,11,0,-20
1,2,1,2
1,1,3,1
0,-11,0,-2
-13,1,-13,2
0,3,0,4
0,-13,2,-13
-11,2,-11,3
10,-13,-2,-13
-11,10,-11,10
1,-11,1,-11
1,-11,-11,-2
-13,0,-13,0
0,1,-2,1
2,2,3,2
-1,2,-11,2
-11,1,-11,1
-13,11,-13,-2
1,1,1,1
0,1,0,-13
-13,11,-13,11
2,10,1,-2
0,-13,0,-13
0,-11,0,-11
1,1,1,-11
12,11,-2,-2
1,-11,1,-11
-11,-13,-2,0
-11,1,-11,1
2,11,2,-20
2,-13,-2,-13
-13,2,-13,3
-13,1,0,-2
-11,-11,-2,-11
-11,0,-11,-2
-11,1,-11,1
1,1,1,3
11,1,-13,1
-11,1,-11,4
1,1,1,-2
2,-13,-11,-13
-13,0,-13,0
11,-11,11,-11
0,-13,0,-13
11,0,11,-20
11,0,-13,0
1,10,1,-20
1,1,1,1
11,1,-2,0
2,-11,1,-11
0,10,0,10
2,1,2,1
1,1,1,1
3,11,-11,11
0,-11,0,-11
10,-13,-2,-2
10,1,10,1
1,1,-2,1
2,1,2,1
-13,1,-13,1
0,0,-11,0
0,-13,0,-13
1,-13,1,-13
1,1,-11,1
0,1,0,1
1,2,1,2
-11,1,0,1
11,1,11,1
0,-11,0,-11
-13,2,-13,2
1,0,1,0
1,3,1,3
0,-13,0,-2
1,1,1,1
10,1,-20,1
0,-11,-2,-11
-11,1,-11,-11
-13,1,-13,1
0,11,0,-20
0,-11,-2,-11
1,-13,1,-13
0,10,0,10
1,0,1,-13
1,10,1,10
2,10,3,-11
1,-11,1,-11
-11,11,-11,11
0,3,-2,3
-13,1,-13,1
1,-13,-2,-13
-13,-13,-13,-13
-11,1,-11,1
2,2,1,1
-11,-13,-11,1
-13,2,-2,2
10,-11,10,-2
2,-11,-2,-2
-13,11,-13,11
-11,-13,-11,-13
-13,1,-13,1
-11,10,-2,-2
2,0,2,0
1,1,2,1
-11,-11,-2,-11
10,1,10,1
10,2,-2,1
-11,2,-11,2
-13,1,-13,3
2,1,2,2
11,0,11,0
2,-13,2,-13
2,0,3,-20
2,0,2,-2
-11,0,-11,0
2,2,-11,3
11,1,-20,2
11,-11,11,-11
11,11,11,11
-13,1,-13,1
1,2,1,3
10,1,-20,1
10,1,10,-20
1,0,1,0
2,-11,2,-2
2,11,-13,12
-11,10,-11,-2
0,-11,-11,-11
0,10,3,10
10,2,10,1
0,2,0,2
-13,10,-13,-2
2,0,3,0
1,1,1,2
1,-13,1,-13
1,1,1,1
-13,1,-13,1
-11,-11,-2,-11
10,1,-2,1
11,1,11,1
-13,1,-13,1
1,1,1,1
1,0,1,0
-13,3,0,3
1,1,1,1
2,1,-2,-2
1,2,2,-2
10,2,10,2
-13,-11,-13,-11
1,1,2,2
0,-11,0,-11
2,-13,2,-13
10,-13,10,-2
10,-13,-2,-13
1,0,1,0
-13,-11,-13,-11
-11,10,-11,10
1,1,-11,1
-13,1,-13,1
-11,0,-11,-20
-11,2,-11,1
-11,10,-11,-1
10,1,-2,-2
-11,-11,0,-11
-11,-13,0,-13
10,0,10,0
2,2,2,3
0,2,0,2
-11,-13,-11,0
-11,0,-11,0
0,0,0,-20
11,0,11,0
10,1,-2,-2
1,10,0,-20
2,0,-2,-2
10,-11,10,-2
2,1,1,1
0,0,0,0
1,11,1,-20
1,-11,1,-11
-13,2,-13,2
-13,-11,-13,-11
1,2,2,2
11,2,11,2
1,-11,1,-11
12,-11,-2,-11
0,11,0,-2
1,10,1,10
-13,0,-13,0
1,1,-11,1
1,-11,1,-11
1,-11,1,-11
0,0,0,0
0,10,0,10
2,0,2,0
10,-11,11,-11
10,1,-13,1
-13,-13,-13,-13
-11,10,-11,-2
2,2,2,3
0,1,-2,-2
1,-13,1,-13
-13,0,0,-2
-11,0,-11,0
0,1,0,1
-11,-13,-2,-13
1,-13,-2,0
-13,10,0,-2
-13,2,0,3
10,-13,-2,-13
11,-13,-20,0
-13,2,-13,2
10,-13,10,-13
2,2,-2,2
-11,-11,-11,-2
-11,-11,-11,-2
0,10,0,10
1,-11,-11,-11
1,2,1,2
-11,0,-11,-20
1,10,1,10
11,10,11,-20
1,2,-2,3
-13,-13,-13,-13
-13,-13,-13,-13
0,-11,0,-11
10,1,-2,1
-11,1,-11,1
-11,-13,-11,-13
1,2,1,2
11,-13,-2,-2
0,-11,0,-11
0,1,0,1
2,11,-2,11
-13,-13,-13,-13
10,0,10,0
-11,1,-11,1
1,0,1,0
1,2,1,2
-13,2,-13,-2
-11,-11,-11,-11
0,-13,0,-13
-13,-11,-13,-2
2,2,2,-2
11,1,13,-11
1,1,-11,-20
1,1,1,-11
11,-11,-20,-2
2,0,2,-2
11,-13,-20,-13
1,10,2,10
1,-11,2,-11
1,1,1,1
1,-11,1,-11
-13,1,-13,-2
-11,1,0,1
-13,1,-13,-11
1,0,1,0
2,3,1,2
3,-13,3,-13
-11,1,-11,1
-11,-11,-11,-11
-13,1,-13,1
0,2,-2,2
10,10,-2,10
2,-11,3,-11
1,10,1,10
-11,-11,-11,-11
10,-13,-2,-13
0,-11,0,0
-13,0,-13,0
11,10,-2,-2
-11,1,-11,1
-13,0,-2,-2
10,11,-2,-20
10,1,10,1
-13,1,-13,1
-13,0,-13,-2
1,2,1,2
-11,-11,-11,-2
-13,2,-13,2
3,1,2,1
1,-13,2,-13
1,-11,1,-2
2,1,-2,1
1,-13,1,-13
1,1,1,1
-13,2,-13,2
10,-11,0,-11
2,1,2,1
1,2,2,2
0,-13,0,-13
10,1,10,-2
0,1,0,1
0,-13,0,-13
2,0,-11,11
1,2,1,2
-13,1,-13,-20
10,0,10,-2
1,-13,1,-13
1,0,-2,0
0,2,0,3
-11,-13,-11,0
1,-11,1,-11
-13,-11,-13,-11
1,1,2,1
-13,2,-13,2
-13,1,-13,1
-11,10,-11,-11
2,-13,2,-13
10,1,10,1
-13,-11,-13,-11
10,-13,10,-13
2,1,2,4
-13,-11,-13,-11
0,1,0,1
-13,1,-13,1
11,1,11,2
-13,0,-13,0
-13,-11,-13,-11
1,1,1,2
-11,-11,-11,-11
-11,1,-2,-2
3,1,3,1
2,-13,12,-13
1,1,1,1
1,-13,1,-13
1,-11,-2,-11
0,-13,0,-13
1,-11,-2,-11
0,-11,0,-11
-11,1,0,1
1,-11,1,-11
1,-11,0,-11
1,2,2,2
-13,-13,-13,-13
3,1,3,-2
2,1,2,1
-11,-11,-11,-11
11,11,13,-2
-11,2,-11,2
1,-11,1,-2
1,-13,1,-2
-11,1,-11,1
-11,11,-2,-2
11,0,-2,-2
-13,1,-13,-11
1,2,1,3
-13,1,-13,-2
0,-13,-2,-13
-11,0,-11,11
1,4,1,-2
1,-11,1,-2
-11,0,-11,-2
1,1,1,1
-13,11,-13,11
11,-11,11,-11
11,2,12,2
-13,11,-13,11
-11,10,-11,-2
1,-13,-2,-13
-11,0,-11,-2
2,10,2,10
10,1,10,1
10,-13,10,-13
10,2,-2,2
1,-11,-2,-11
1,-13,1,-13
1,10,1,-20
-11,1,-11,1
-11,-13,-11,-2
-13,1,-13,-20
10,-13,-20,-13
1,2,1,2
0,10,-13,10
0,-13,0,-13
1,-11,1,-11
11,1,11,2
2,10,2,10
10,0,-20,0
-13,2,-13,3
-11,-13,-11,-13
1,-13,1,-13
0,-13,0,-13
10,1,10,1
1,0,-2,-2
-13,10,-13,-2
-11,1,-11,1
-13,-13,-13,-13
2,2,2,2
11,2,12,2
1,0,2,-20
-13,2,-13,15
-13,1,-13,1
-13,0,-2,-2
-13,-11,-13,-11
-11,-13,-2,-13
2,-13,2,-13
0,1,0,-20
-11,-13,-11,-13
10,-13,-11,-13
1,0,1,0
0,11,0,-2
10,0,-20,0
10,1,-11,1
1,-13,1,0
2,-13,-2,-13
2,10,3,10
2,-11,2,-2
0,10,1,-2
0,2,0,1
-13,-13,-13,-13
-13,-11,-13,-11
1,0,2,0
-11,1,-11,1
1,0,1,1
10,0,10,0
2,1,2,1
-13,1,-13,1
2,2,2,2
-11,-11,-2,-11
-13,1,-13,1
11,1,11,3
-11,-13,-11,-13
-13,-11,-13,-11
2,11,3,-2
2,0,2,1
2,11,2,-11
10,11,10,-2
-13,1,-13,0
10,1,-2,1
1,-13,1,-13
-13,10,-13,-20
-13,-13,-13,-13
1,1,2,-2
0,-11,0,1
-11,2,-11,2
1,0,1,0
0,10,0,10
-11,1,-11,1
0,1,0,0
0,-13,0,-13
1,-11,5,-11
-13,-11,-13,1
1,0,1,0
10,0,10,0
10,3,1,3
1,0,1,0
-11,-11,-11,-11
1,10,1,10
-11,-11,-11,-11
1,1,1,1
-11,1,-11,1
0,3,0,-11
-11,1,-11,1
1,-11,-11,-11
-13,2,-13,-20
-11,-11,-11,-11
1,-11,-2,-11
2,12,2,12
-11,1,-11,1
1,-13,1,-13
-11,1,-11,-2
-13,-13,-13,-13
-13,11,-13,-11
0,1,0,1
1,-13,1,-13
-11,-13,-11,-13
-11,1,-11,1
-13,2,-13,-11
-13,11,0,11
1,2,1,-2
2,2,2,-11
0,-11,0,-11
-13,-13,-13,-13
1,0,1,0
1,2,-11,2
1,-13,1,-13
-11,1,-11,1
0,2,0,2
-11,-13,-11,-13
1,-11,1,-11
10,-11,10,-11
1,11,1,11
10,-13,-2,-13
1,-13,1,-13
2,1,-11,1
0,0,0,0
1,1,1,3
2,-13,2,-13
1,10,1,10
11,1,11,1
2,-11,2,-11
-11,-11,-2,2
-11,0,-2,-2
11,12,11,-2
-11,2,-11,12
1,-11,1,-2
10,-11,10,-11
0,12,0,13
-11,10,-11,11
-11,2,-2,-11
-11,0,-11,2
0,1,0,2
0,1,0,2
-13,-13,-13,0
1,-11,1,-11
0,-13,0,-13
-13,10,-13,10
-11,-11,-2,-11
1,1,-11,1
1,11,-2,-1
2,2,2,1
-13,-11,-13,-11
1,-11,1,-11
1,0,2,0
2,1,-2,-2
2,1,1,1
-13,-11,-13,-11
0,1,0,1
0,10,0,10
1,10,1,11
0,1,-20,1
-13,-13,-13,-13
-11,1,-11,1
-13,1,-2,-2
1,11,1,11
-13,1,-13,1
1,1,1,2
3,1,3,1
3,0,3,0
1,1,1,-2
-13,-11,-13,-11
1,-11,-2,-11
0,-11,0,-11
1,0,1,0
1,-13,-11,-13
-13,11,-13,-13
2,0,2,0
0,2,0,2
2,-11,3,-11
1,10,-2,10
10,1,10,1
10,0,10,0
-13,1,-13,1
-11,0,-11,0
-11,0,-2,0
-11,-13,-11,0
0,1,-2,1
0,10,0,10
2,-11,2,-11
0,2,0,2
1,0,-2,0
-13,1,-13,-2
2,-11,2,-11
-13,-13,-13,-13
-11,0,-11,0
-11,-11,-11,-11
1,-1,-2,-1
-13,0,-2,0
0,-13,0,-13
1,1,1,-11
-11,-11,-11,-11
1,0,1,0
0,10,-2,10
1,2,1,2
0,1,-2,1
-13,1,-13,1
11,-13,-20,-13
-13,2,-2,2
-11,0,-11,0
0,-11,0,-11
-13,1,-13,1
12,-11,-1,-11
-13,-13,-13,-13
-11,1,-11,1
1,1,2,2
10,-11,10,2
-11,1,-2,2
3,1,3,1
0,0,0,0
0,-13,0,0
-11,-11,-2,-2
-13,-13,-13,-13
-11,10,-11,-20
1,-13,1,0
-11,1,-11,1
-11,10,-11,10
-11,-13,-11,-2
-11,0,-11,0
0,1,-2,-2
-13,-13,-13,-13
0,11,0,-2
2,1,2,1
1,11,1,11
-13,-11,-13,-11
-13,10,-13,10
-11,3,-11,-13
0,10,2,11
10,1,14,2
0,0,0,0
1,1,1,1
0,1,-20,1
0,-13,0,-13
-11,1,-11,1
1,0,-11,0
0,2,3,3
2,2,2,-20
0,2,0,3
-11,-13,-11,-13
-11,0,-11,0
1,-13,1,-13
-11,10,-11,10
-11,1,-11,-20
1,-13,0,-13
-11,-11,-11,-11
1,-11,1,-11
-11,-13,-11,-13
11,11,11,-13
1,-13,1,-13
-11,-13,-11,-13
1,1,1,-2
1,-11,-20,-11
-11,10,-11,-2
12,-11,-2,1
-11,0,-11,0
1,-11,1,-11
0,-13,1,-13
-13,0,-13,12
0,12,0,12
-13,-13,-13,-13
-13,0,0,0
2,10,1,10
-13,10,-13,-2
1,10,1,-2
1,-11,1,-11
10,2,10,2
2,1,2,1
-13,2,-13,-2
-11,11,-11,-2
10,1,10,-20
0,2,0,-2
0,0,1,-20
1,0,1,-2
1,-13,12,-13
1,2,2,3
-11,2,-11,3
1,-13,1,-13
2,1,2,1
-11,10,-2,10
1,1,1,2
10,0,-2,-2
1,-11,1,-11
1,-13,1,-13
2,-11,-11,-11
-11,-11,-11,-11
-13,-13,-13,-13
11,10,-2,10
2,-13,2,-13
1,0,1,0
-11,-11,-11,-2
1,1,1,1
1,2,-11,2
-11,0,-2,0
-11,-11,-11,-11
11,-13,11,-13
0,1,0,1
-11,1,-2,1
1,0,1,0
-13,2,-13,3
-13,1,-13,1
-13,11,-13,11
11,-13,-2,0
0,0,0,0
-13,1,-13,1
-11,0,-2,0
0,0,0,0
-11,1,-11,1
2,1,-11,1
-13,10,0,10
-11,1,-11,-2
1,-13,1,-13
1,0,-20,1
1,1,-2,2
10,3,10,2
-13,10,-13,10
0,-11,0,-11
-11,1,-11,1
-13,-11,-13,-2
1,-11,2,-11
10,-11,10,-11
-13,2,-13,2
0,-13,0,-13
1,2,-2,3
-13,-11,-13,-11
1,1,1,1
11,1,11,1
0,1,0,1
2,-11,2,-11
-13,-13,-13,-13
2,1,2,1
-13,-11,-13,-2
1,-13,1,-13
1,1,1,1
11,-11,-2,-11
0,-11,0,-11
1,11,-2,-13
1,-11,1,-11
0,1,0,1
10,-11,10,1
11,3,-2,3
-11,-11,-11,-11
1,1,1,-2
-13,-13,-13,-13
-11,1,-11,-2
0,-13,0,-13
-11,0,-11,0
2,-13,2,-13
-13,-11,-13,-11
-13,1,-13,-2
-11,-11,-11,-11
2,1,2,1
11,1,11,-11
10,1,-11,1
-13,11,-13,-11
1,-13,1,-13
-13,1,-13,1
1,2,1,2
-13,-13,-13,-13
2,0,2,0
-13,1,-13,1
-13,1,-13,1
1,-13,2,-13
-11,-13,-2,-13
-13,-13,-13,-13
10,10,10,10
1,11,1,-13
1,1,1,1
11,0,-11,-20
3,1,-2,1
-13,-13,-13,0
-13,0,-13,0
1,10,-11,10
-11,1,-11,1
-11,1,-2,-2
10,-11,-11,-11
1,-13,1,-13
1,1,1,1
-13,-11,-13,-11
-13,1,-13,1
1,-13,-2,-13
1,0,1,-13
-11,-13,-11,0
-13,0,-13,0
-11,-11,-11,-11
1,1,1,1
-11,-13,-11,-13
10,0,10,0
0,10,0,10
-11,1,-11,1
2,0,2,0
1,-13,2,-13
-11,1,-2,1
10,0,10,0
1,10,1,-2
1,2,1,2
1,-11,-13,1
1,1,1,1
0,1,0,1
0,0,0,-2
1,2,-11,1
1,1,-11,-2
10,2,10,-2
-11,-13,-11,-13
0,2,-20,2
0,1,0,1
-13,1,-13,-11
1,1,1,1
2,1,2,1
11,-11,11,-11
-13,1,-13,1
1,-13,-11,-13
1,10,1,10
10,10,-2,-20
-11,11,-11,-20
1,10,1,-2
-11,3,-11,3
-11,1,-2,1
-13,1,-2,1
-11,1,-11,1
1,1,1,1
2,11,2,-20
1,1,2,1
11,-11,-1,-2
-13,1,-13,1
10,11,10,11
1,-11,1,-11
-13,11,-13,11
1,10,1,10
10,-11,-20,-11
0,1,0,1
10,-13,-20,-13
0,0,0,0
10,1,10,1
-13,-13,-13,-13
-13,-11,0,-11
-13,2,-13,3
1,-13,2,-13
10,-11,10,-11
-13,1,-13,-2
2,-11,3,-11
-11,-11,-2,-2
-13,0,-13,0
0,-13,0,-13
-11,-11,-11,-11
10,0,-1,0
-11,1,-11,1
1,2,1,2
1,0,1,1
10,-13,10,-13
10,11,10,11
1,-11,1,-11
10,10,11,-2
11,10,-2,-2
1,-13,-2,-13
-11,0,-2,0
1,0,2,0
2,2,2,2
2,3,-2,-11
10,-13,10,-13
-13,10,-13,-20
-13,1,-2,-2
10,11,-2,11
0,-13,0,-13
-13,1,-13,1
-11,10,-11,-2
-13,-11,-13,-11
1,1,2,1
2,0,3,0
1,-13,-2,-2
-13,0,-13,-20
-11,-11,-11,-11
1,10,2,1
1,-11,1,-11
0,1,-20,1
-11,10,-11,11
-13,10,-13,10
-13,0,-13,0
1,1,2,1
1,-11,1,-11
1,1,-2,1
-13,-11,-13,-11
-11,10,-11,10
2,1,-2,-13
2,-11,-2,-2
-11,0,-2,0
1,1,1,1
-13,0,0,0
1,-13,0,-13
-13,1,-13,-2
10,-11,10,-11
-11,-11,-11,-11
1,11,1,-2
-11,0,-11,1
-11,1,-11,2
1,1,1,1
1,-13,1,-13
0,1,0,2
11,11,-20,11
-13,1,-13,1
2,11,-2,13
2,1,1,1
10,1,-11,1
1,11,1,-2
2,-13,2,-13
-11,-11,-2,-11
1,2,1,2
-13,1,-13,1
11,0,-2,0
0,0,0,0
1,1,1,1
1,0,1,0
-11,1,-11,1
1,-11,-11,-11
0,0,0,0
10,-13,10,-13
1,-13,1,-13
-13,1,-13,1
2,1,2,1
2,1,-2,1
1,10,1,10
1,10,0,-11
-11,10,-11,-11
1,-11,1,-11
1,-13,1,0
-13,1,-13,1
-11,1,-11,1
1,1,2,1
-11,10,-11,10
-11,11,-11,11
11,0,11,0
1,-11,1,-11
0,10,0,-2
1,10,2,-2
-13,2,-13,2
-11,-11,-11,-11
2,0,2,0
10,-13,-20,-13
10,-11,11,-11
0,-13,0,-13
10,-11,-2,-2
0,10,-2,-20
10,1,-20,2
10,1,-20,1
-13,0,-13,0
2,2,3,3
1,2,1,2
10,2,-11,12
1,1,-2,1
1,-13,1,0
2,0,2,0
0,-11,0,-11
2,2,2,2
-13,-11,0,-11
10,-13,10,-13
-11,1,-11,1
-13,2,-13,1
1,10,1,-20
-13,-13,-13,-2
3,-11,3,-11
10,2,-20,3
-11,0,-11,-2
0,1,0,1
1,-11,-2,-2
1,-11,1,-11
0,-13,0,-13
0,11,0,-20
-13,10,-13,-2
2,1,2,-13
1,-13,-11,-13
2,-13,2,-13
11,1,-20,1
1,1,-11,1
0,-11,1,-11
1,-13,-20,-13
10,10,10,-2
1,1,1,1
11,-13,-2,-13
10,-13,10,-13
-13,-11,-13,-11
1,-11,1,-11
0,0,0,0
1,0,1,0
-11,1,-11,1
0,-11,0,2
2,2,1,2
2,1,2,1
-13,1,-13,-2
1,-11,1,-11
-13,11,-13,-20
-11,1,-11,1
1,0,-2,0
-13,1,0,1
1,-11,2,-11
2,1,-2,-2
1,1,1,1
2,1,2,1
1,11,1,-20
1,-11,-2,-2
2,-13,2,-13
10,10,10,10
-13,11,-13,-11
-13,-11,-13,-11
2,-13,2,-13
2,-11,2,-11
0,0,0,0
0,11,-20,11
1,-13,1,-13
1,10,1,-20
-13,-11,-13,-11
2,11,2,11
1,-11,-2,-11
10,1,-1,1
-11,-13,-11,-2
-13,10,-13,10
-13,0,-13,3
10,-13,10,-13
1,1,1,1
10,2,-20,2
-11,3,-11,3
-13,1,-13,1
12,-11,2,-11
3,0,3,-11
-11,-11,-11,-11
11,10,-2,10
1,1,2,-2
-11,1,-11,1
10,3,10,-13
1,2,1,2
0,2,0,2
1,-11,1,-11
-13,1,-13,1
11,0,-1,0
0,-13,0,0
1,-13,2,-13
2,-11,-2,-11
-13,11,-13,11
1,-11,1,-11
1,1,1,1
11,1,11,1
0,1,0,2
10,-13,-20,-13
1,0,1,1
-13,0,0,0
0,10,0,10
11,-11,11,-11
1,0,1,-20
10,-13,-2,-13
-11,-13,-11,-13
1,1,1,-2
1,-13,3,-13
-13,-11,-13,-2
-13,2,-13,2
1,0,1,0
1,4,1,4
0,10,0,-13
10,-13,-20,-13
-11,-11,-11,-11
1,2,-20,2
11,-11,-2,2
3,0,-11,0
0,-11,0,-11
0,-11,0,-11
-13,3,-13,3
11,10,-20,10
0,0,0,-20
1,-11,2,-11
1,-13,1,-13
-13,12,0,12
-11,10,-11,-2
-11,1,-11,1
-13,1,-13,1
2,10,2,-2
-13,2,-13,-2
11,-11,-2,-11
2,1,1,1
1,-13,1,-13
1,1,1,2
0,0,0,-2
-11,0,-11,0
1,0,2,0
0,-13,0,-13
10,-13,10,-13
10,-13,0,-13
10,12,10,-20
3,1,2,1
2,-13,-11,-13
10,-11,-20,-2
1,2,-2,-2
10,10,-2,-2
1,0,1,-20
2,10,2,-2
2,0,-20,0
11,0,-2,0
0,2,-2,-2
0,1,0,1
10,2,11,2
11,2,11,1
1,-11,1,-11
1,11,-2,-2
1,-11,-20,0
1,11,1,11
1,3,-2,3
2,1,2,1
11,-11,-2,-11
-11,0,-11,2
1,10,1,10
-11,1,-11,1
1,-13,-2,-13
0,1,0,1
-11,10,-2,-20
10,-11,10,-11
1,0,1,0
0,10,0,10
0,1,-20,1
-11,0,-11,0
1,10,2,10
-13,4,0,5
2,1,2,1
-13,-13,-13,-13
0,1,0,1
-11,-13,-11,-2
-11,0,1,0
1,-13,1,0
1,2,1,-2
10,1,-2,-2
-13,11,-13,-20
-11,1,-2,1
10,10,10,10
1,-13,1,-13
-13,1,-13,0
1,-11,-2,-2
1,1,1,-2
0,0,0,0
11,-11,11,-11
-11,10,-11,10
-13,0,-13,0
-13,1,-13,1
2,3,3,3
-13,-11,-13,-11
2,-11,2,-11
11,-11,-2,-11
0,-11,0,-11
-13,-13,-13,-13
2,-11,3,-11
10,-11,-2,-11
2,-13,-2,-13
10,0,-20,0
-13,0,-13,0
1,-11,1,-11
1,2,1,1
0,2,0,2
1,-11,1,-2
1,-11,1,-11
-13,-11,-13,-11
11,-11,11,-11
0,1,0,1
2,11,3,-2
-11,0,-11,0
1,1,1,1
2,-13,2,-13
10,-13,-2,-13
3,2,-2,2
10,1,10,1
-11,1,-11,1
-13,1,0,1
-11,-11,-11,-11
1,1,1,1
1,-11,1,-11
-11,2,-11,-2
-11,-13,-2,-13
0,-13,2,-13
-13,10,-13,0
1,1,1,1
1,-11,1,-11
2,11,-2,-11
2,2,-2,2
1,0,1,0
-13,-13,-13,-13
1,1,1,2
11,-13,12,0
1,1,-13,1
-11,-13,-11,-13
-13,1,0,1
10,1,12,-11
-13,-13,-13,-13
10,1,-11,1
1,-11,1,-11
1,0,1,-20
-13,1,-13,1
-11,1,-11,1
2,10,2,-2
2,-11,2,-2
0,-13,-2,-13
-13,0,0,-2
1,1,1,1
10,1,12,1
2,2,2,-11
1,0,1,0
-13,11,-13,-20
-13,1,0,1
-11,0,-11,0
11,1,11,1
-11,-11,-11,-11
-11,10,-11,10
0,2,-2,1
2,0,4,0
10,2,10,2
-11,-11,-11,-11
0,-11,1,-11
11,1,-11,2
-11,-13,-2,-13
1,-13,1,-13
1,1,1,1
-13,1,-13,-13
-13,2,-13,-1
10,1,10,1
-13,-11,-13,-11
-11,-13,-11,-2
-13,1,-13,-2
2,-13,2,-13
0,0,0,1
2,0,-20,0
1,2,1,2
-11,1,-2,1
-11,1,-2,1
1,-13,1,-13
2,1,2,-11
1,1,-11,-11
2,1,2,-2
-13,0,-13,0
2,-13,3,-13
10,1,-2,-2
0,-13,0,-13
1,1,1,-2
1,-11,-20,-11
2,2,2,2
0,2,2,2
-11,1,-11,1
1,-11,1,-11
1,1,1,1
11,1,12,1
1,-11,1,-11
10,-11,-2,-11
10,1,10,1
-11,-13,-11,-13
0,1,0,-11
2,1,2,1
1,11,2,11
-11,-11,-11,-11
10,-11,10,-11
0,-13,0,-13
-13,10,-13,10
11,11,-2,-2
1,-13,1,-13
2,0,2,0
11,2,-2,2
11,-11,-13,-11
1,-11,-11,-2
11,1,-11,2
2,0,1,0
-13,0,-13,0
1,1,1,-13
0,11,0,11
10,10,1,-2
2,-13,2,-13
0,1,0,1
-13,-11,-13,-11
0,0,0,0
-11,10,-11,-2
-11,11,-11,-2
2,10,2,10
-11,-11,-2,-11
-13,2,-13,-2
-13,1,-13,1
1,-11,-2,-2
0,10,0,-20
2,1,2,2
1,3,1,2
-11,-11,1,-11
1,0,1,0
1,2,2,1
1,0,1,1
1,0,1,0
2,-11,2,-11
-13,-13,0,-13
-13,1,-13,1
2,-11,-2,-2
2,-11,1,-11
-13,11,-13,-2
1,-11,1,-2
10,0,-20,-2
2,-11,2,-11
0,-11,0,2
10,-13,-11,-13
0,1,0,1
1,-13,2,-2
11,1,11,1
1,-13,0,-13
-11,0,-11,-20
10,1,-2,1
-13,-13,-13,-13
-11,-13,-11,-13
2,1,-11,3
10,-11,-2,-11
0,0,0,1
1,-11,-11,-11
-11,-11,1,-11
0,1,0,1
0,1,-13,1
-11,-11,-11,-11
-11,-11,-11,-11
1,-13,1,-13
1,0,1,0
2,-11,-2,-11
1,-13,1,-13
2,-11,2,-11
-13,-11,-13,-11
3,-11,3,-11
10,-13,0,-2
10,1,-20,1
-11,-13,-11,-13
0,12,0,-20
12,1,-2,1
-11,0,-11,-20
1,1,2,1
-11,-11,-11,-11
1,-11,1,-11
1,1,1,-2
1,1,1,-11
-13,-13,-13,-13
1,-13,1,-13
-11,1,-11,-2
10,1,10,1
-13,2,-13,2
10,11,-2,-20
-13,1,0,-20
0,-13,0,-13
-11,11,-11,-11
12,0,-20,0
0,-11,0,-11
1,-11,1,-2
-13,-11,-13,-2
-13,1,-13,1
-11,-13,-11,-13
0,2,0,2
1,10,1,10
-11,-13,-11,-13
-11,1,-11,1
-11,2,-11,3
-13,-13,-13,-13
-11,-11,-11,-11
0,11,0,11
10,10,11,10
1,-13,1,-13
1,1,1,1
10,-11,12,-11
1,0,0,-1
10,0,10,0
11,0,-2,0
10,2,-2,2
0,1,0,1
2,0,2,0
0,-11,3,-11
1,2,1,2
-13,11,-13,11
2,2,3,2
0,1,0,1
1,0,1,0
-13,10,-13,-20
10,-11,-1,-11
-13,1,-2,1
0,1,1,1
1,2,1,2
11,-13,11,-13
10,-11,10,-2
1,-13,1,-13
0,1,0,1
-11,1,-11,1
-13,-13,-13,-13
-13,-11,-2,-11
10,1,-2,-2
2,0,2,0
1,1,1,1
0,-11,0,-11
1,2,1,2
-11,1,-11,1
-13,2,0,2
1,10,-20,10
-11,1,-11,1
2,1,-20,1
-11,10,-2,-2
10,1,-20,-11
2,0,2,0
10,-13,10,-13
11,2,11,2
-11,-11,-11,-11
2,2,3,2
10,1,14,1
11,10,11,10
10,-11,10,-11
0,10,-2,10
-13,-11,-13,-11
0,11,0,-2
1,-11,1,-11
0,1,0,0
-11,0,-11,-13
1,0,-11,0
10,-11,10,-11
1,-11,1,-11
10,-13,10,-13
1,1,1,1
-13,2,0,1
0,1,0,1
-11,-13,-11,-13
1,1,2,1
-11,-13,-2,-13
11,1,11,1
0,1,0,1
1,1,1,0
-11,10,-11,-20
-13,11,-13,11
-11,-13,-11,-13
-13,1,-13,1
-13,-11,-13,-11
-11,10,0,-2
10,2,10,-11
2,0,2,0
-13,11,-13,2
1,1,-20,1
-13,-13,-13,-13
1,0,1,0
1,10,1,-2
-13,-11,-13,-11
1,-13,1,-13
-11,10,-11,10
-13,-13,-2,-13
0,-13,-20,-13
2,-13,1,-13
-13,1,-13,1
1,10,1,10
-11,-13,-11,-13
10,0,-2,2
-11,1,-11,1
-13,0,-13,0
-11,1,-11,1
10,10,-2,10
-13,1,-13,2
-13,-11,-13,-11
2,2,3,3
0,1,2,1
1,1,1,1
1,-11,2,-11
10,0,-2,0
11,1,1,2
1,0,-2,0
1,-11,-13,-11
1,1,1,1
1,-11,1,-11
1,-13,2,-13
-11,1,-11,1
11,-13,11,-13
-11,10,-11,10
2,1,1,1
-13,-11,-13,-11
-11,10,-11,-20
0,1,0,-20
1,-11,1,-11
1,-13,1,-13
2,-11,1,-11
1,2,1,3
1,11,1,14
10,1,10,1
-11,1,-2,1
1,11,1,2
-13,2,-13,2
0,1,-2,1
1,2,1,1
-11,-13,-11,-13
1,-11,1,-11
-11,2,-11,2
1,0,1,0
1,-11,1,-11
11,0,-20,0
-11,1,-11,1
-11,11,-11,-2
2,-11,3,-11
1,-13,1,-13
-13,1,-13,1
-11,-13,-11,0
1,1,1,1
1,1,1,1
-13,0,-2,0
-11,1,-2,1
-13,0,-2,0
3,1,3,1
0,-13,0,-13
-13,-11,-2,-2
1,0,1,0
1,0,1,0
-11,1,-11,-20
-13,0,-13,-2
1,2,1,-20
-11,-11,-11,-11
10,10,10,-2
-13,-13,-13,-13
1,0,1,0
2,0,2,-20
-13,1,-13,-2
-11,11,-11,-11
10,1,10,1
2,-11,-2,-2
1,2,-2,-2
0,10,0,10
0,1,0,1
1,-13,1,-13
1,-13,2,-13
-13,2,-13,2
-13,-11,-13,-11
-13,10,-13,10
-11,10,-11,10
10,1,10,1
-13,-13,-13,-13
2,-11,2,-2
1,0,1,-20
2,0,2,1
-11,1,1,1
11,1,-2,1
1,1,1,1
10,10,10,10
-13,1,-13,1
0,0,0,0
-13,1,-13,1
-13,1,-2,1
-11,1,-11,1
0,0,0,0
0,-13,0,-13
10,10,10,-2
1,0,1,0
1,-13,-2,-2
1,0,1,0
11,1,13,1
2,1,3,2
1,1,-11,0
2,1,3,1
-11,11,-11,-2
1,2,1,-2
10,1,10,1
0,0,0,0
1,1,1,1
1,-11,1,-11
1,-13,1,-13
-13,1,-13,-11
1,-11,1,-11
-13,1,-13,1
10,0,10,-20
0,1,0,1
1,2,1,2
1,10,-2,-20
-11,2,-11,2
-11,11,-11,12
-13,-11,-13,-11
10,-11,10,-11
-11,1,-2,1
-11,0,-2,0
10,1,-2,1
11,10,12,-20
-13,-13,-13,-13
11,11,-2,-1
10,0,-2,0
-13,1,-13,1
0,0,0,3
0,1,0,1
1,1,1,1
-13,-13,-13,-13
1,-13,2,-13
1,1,-2,1
0,-11,0,-11
11,-11,11,-11
2,-13,2,-13
-13,2,-13,2
1,-13,1,-13
10,1,-20,1
11,-11,-2,-11
11,11,-2,11
0,-11,2,-11
-11,1,-2,11
0,0,0,0
2,-11,2,-11
1,-11,-2,1
1,1,1,-11
1,-11,-20,-11
2,-11,2,1
-13,-11,-13,-2
11,11,10,12
-11,11,-11,11
-11,3,-11,3
-11,-13,-11,-13
0,1,0,1
0,-11,0,-11
1,2,-13,1
-11,1,-11,1
1,1,1,1
10,1,-20,1
2,11,2,-2
-13,1,-13,2
11,2,-11,2
-11,2,-11,1
1,0,1,0
0,-11,0,-2
0,1,0,1
10,-13,10,-13
2,12,3,-2
10,-11,-11,-2
-11,0,-11,0
4,-13,4,-13
-13,2,-13,3
0,1,0,2
-11,1,-2,2
0,-13,0,-13
1,1,1,1
-13,1,-13,1
2,10,2,10
10,-13,10,-13
12,1,-11,2
1,-11,-2,-11
0,1,0,1
2,2,1,2
1,1,1,1
-13,10,-13,10
-11,-13,-11,-13
11,0,-2,0
11,1,11,2
-13,-13,-13,0
-13,0,-13,0
1,-11,1,-2
-13,10,-13,-11
1,10,1,10
0,0,0,4
0,-13,-20,-13
1,1,-11,1
1,3,1,1
10,1,10,1
-11,1,-11,1
-13,-11,-13,-11
-13,1,-13,1
2,2,2,-20
1,-13,1,-13
1,-13,1,-13
0,-11,0,-11
0,10,-2,10
-13,-13,-13,-13
-13,1,-13,-13
-13,1,-13,1
1,0,1,0
0,-13,0,-2
-11,1,-11,2
0,3,0,-2
1,1,1,1
1,2,1,2
0,0,0,0
1,1,1,1
0,-11,0,-11
0,-11,0,-11
11,0,11,0
1,1,1,-13
10,-11,10,-11
0,-13,0,-13
0,1,0,1
1,10,1,10
1,-11,1,-11
1,-13,1,-13
2,-13,-2,-13
-11,-13,-2,-13
-11,1,-11,1
-13,1,-13,-11
1,1,1,1
-11,-11,-11,-11
-13,-11,-13,-11
10,0,-20,1
0,11,1,11
1,0,1,0
2,0,2,-2
-11,-13,-11,-13
1,1,1,1
1,-13,1,-13
-11,-11,-11,-2
1,-11,-2,-11
2,-13,2,0
0,2,0,2
2,-11,2,-11
-11,2,-11,2
11,0,12,0
-13,1,-13,2
1,-13,-11,-13
-11,1,-11,1
-11,1,-11,1
1,10,-2,-2
2,0,2,-2
1,10,1,10
1,-11,1,-11
0,1,0,1
11,1,13,1
2,10,1,10
1,1,1,1
10,-11,10,-2
10,11,10,11
1,1,1,-2
10,-13,10,-13
0,-13,-2,-13
1,-13,1,-13
-13,-13,-13,-13
2,10,-11,-2
-11,-11,-11,-11
-11,-11,0,-11
-13,-11,-13,-11
1,0,1,0
11,-11,11,-11
11,-13,12,-13
1,11,1,11
1,-11,1,-11
1,2,-2,-2
-13,10,0,10
2,-13,-2,-2
2,1,2,1
10,1,10,1
10,-11,10,-11
-13,-11,-13,-2
-13,11,-13,11
0,1,-2,1
1,1,1,2
-13,-11,-13,0
-11,10,-11,11
2,-13,1,-13
10,10,10,10
1,-13,1,-13
1,1,-2,-2
0,1,0,1
-11,-11,-11,-11
-11,-11,-11,-11
-13,1,0,-20
-13,2,-13,3
10,0,10,0
1,-13,1,0
10,0,-2,1
1,0,-11,0
-13,0,-13,-2
-13,-13,-13,-13
10,-13,-2,-2
1,10,1,10
10,-13,10,-13
10,1,10,5
1,1,1,-13
1,1,1,1
-11,-11,-11,-11
-11,1,0,1
1,11,-11,11
0,0,-2,0
-13,11,-13,12
1,1,1,-20
0,10,0,10
-13,1,-13,1
1,-13,1,-13
0,-11,-20,-11
1,2,1,2
1,1,1,1
-11,1,-11,1
0,-13,0,-13
1,10,1,10
-13,-13,-13,-13
1,2,1,2
-13,-13,-2,-13
-13,-13,-13,-13
1,0,1,0
-11,1,-2,-2
1,10,1,-20
1,2,1,-13
10,1,10,2
1,1,2,1
3,1,3,1
-13,-13,-13,-13
2,1,11,1
11,-11,-20,-11
-13,1,-13,-11
0,1,0,1
2,-13,1,-13
0,1,3,1
2,-11,2,-11
1,1,1,1
1,1,2,2
-13,0,-13,0
-11,-11,-11,-2
-13,1,-2,-13
-13,1,-13,1
-13,1,-13,1
1,0,-2,0
1,-11,1,-11
1,0,2,0
0,10,0,10
-11,1,-2,-20
11,10,-2,10
-11,0,-11,0
10,-11,-2,-11
1,1,1,1
-11,11,-11,-2
1,2,1,2
2,-13,2,-13
-11,1,-11,1
0,0,0,-20
1,-13,0,-13
1,-13,1,-13
-13,-13,-13,-2
0,-13,0,-13
-11,-13,-11,-13
1,-13,1,-13
-11,-11,-11,-11
0,-13,0,-2
-13,1,-13,1
-11,-11,-11,-11
1,-13,1,-13
-11,1,-11,1
1,2,1,2
-11,1,-11,0
11,0,-11,0
2,1,1,1
-13,2,-13,2
2,1,2,-20
1,0,1,0
2,-11,2,-11
10,0,-2,-11
0,-11,0,0
-13,1,0,1
-11,2,-2,2
11,1,-2,-20
-13,-11,-13,-11
1,-11,1,-11
1,1,1,1
-13,10,-13,10
-13,0,-13,0
10,-11,11,-2
1,1,1,1
-11,10,-2,10
1,1,1,-13
-11,1,1,-2
0,0,0,0
-11,1,1,1
11,2,-2,1
-13,2,-13,2
2,2,-20,2
-13,-11,-13,-11
1,-13,1,-13
1,1,1,-2
11,11,-11,11
-11,2,-11,2
-13,1,-13,-2
-11,2,-2,-2
1,1,-2,-11
1,1,1,-2
1,0,1,-2
-11,0,1,0
-13,1,0,1
-11,-13,-11,-13
-13,-13,-13,-13
-11,-13,-11,0
1,1,1,1
2,1,2,1
-13,1,-13,-2
10,2,10,3
-11,10,-11,-2
11,2,-2,2
-11,0,-11,1
0,0,0,0
-13,-11,-13,-11
-13,2,-13,2
-11,-11,-11,-11
-11,-11,-11,-11
11,0,11,-11
10,2,10,2
1,-13,1,-13
0,1,0,1
-13,-11,-13,-2
-11,-11,-11,-11
2,2,-20,2
0,1,0,1
0,1,0,0
1,-11,1,-11
0,1,-20,1
-11,1,-11,1
-13,1,-13,1
-13,-13,-2,0
1,3,1,3
1,0,1,0
-11,-11,-2,-11
2,1,2,1
-11,1,-11,-2
1,-11,1,-11
2,1,1,2
0,2,-20,2
11,0,13,-2
-11,4,-11,4
0,-11,0,-11
1,0,-2,0
1,-13,1,-13
1,-13,1,-13
2,12,1,-11
1,1,3,1
-11,1,-2,1
11,11,11,11
0,-11,0,-11
1,1,-11,1
1,1,1,1
1,2,-2,2
10,1,10,1
10,0,-2,-11
0,-13,0,-13
10,12,10,12
2,0,2,-20
0,1,0,1
10,0,14,0
-11,1,-11,-20
-13,10,-13,12
-11,1,-11,1
1,10,2,-2
1,1,1,1
2,-13,-2,-13
-11,-11,-11,-11
-13,11,-13,2
0,1,0,1
-13,-13,-13,-13
1,1,1,-11
-13,2,-13,2
-13,1,-13,1
-13,-13,-13,-13
1,11,1,-20
10,11,10,11
1,-13,-2,-2
0,1,0,1
1,1,1,1
-11,2,-11,2
1,1,1,1
1,1,-2,-2
1,-13,2,-13
-13,-13,-13,-13
-13,10,-13,10
10,-13,-2,-13
0,12,-2,-2
-11,0,-2,0
-13,2,-13,2
0,0,0,0
-13,-11,-13,-11
11,0,11,0
11,10,12,10
1,11,-20,-2
2,-13,1,-13
-11,-11,-11,-11
2,0,-20,0
2,-13,2,-13
11,1,11,1
-11,2,-11,2
-13,0,-13,0
1,-13,1,-13
0,-11,-2,-2
-11,1,1,1
10,11,-2,-2
0,-13,0,-13
1,-13,1,-13
-11,10,-11,10
1,0,-2,0
3,10,2,0
2,-11,2,-11
0,0,0,0
0,1,-13,2
10,2,-2,2
1,0,1,0
1,0,2,2
1,1,1,1
10,2,10,2
10,-11,10,-11
10,1,1,2
2,0,2,0
3,-11,2,-11
-11,-13,-11,0
-13,0,1,-2
-11,-13,-11,-13
1,11,1,-2
1,0,1,0
1,1,1,1
-13,0,-13,-2
10,1,10,2
0,3,0,-11
-11,-11,-11,-2
-11,2,-11,2
2,10,2,10
1,10,1,10
11,-11,11,-2
0,1,0,1
-13,1,-13,1
1,-13,1,-13
-13,1,-13,1
1,-13,1,-13
-11,-13,-11,-13
1,1,1,1
0,-11,0,-11
1,1,1,1
-13,1,-13,1
2,-11,2,-2
-11,-13,-11,-13
-11,0,-11,0
1,10,1,-2
1,-13,1,-13
-13,-13,-13,-13
0,1,0,1
-13,-11,-13,-11
1,1,1,-2
-13,10,-13,-2
1,-13,1,-13
1,-11,1,-11
1,1,1,1
1,-11,2,-2
1,10,1,10
-13,-13,-13,-13
-11,1,-2,2
1,10,1,10
0,1,0,1
0,1,0,1
1,3,-2,2
-13,1,-13,1
0,-13,0,-13
-13,1,-13,-20
1,0,1,0
-13,-11,0,-11
0,1,-20,0
10,2,10,2
0,2,0,2
10,-11,10,-11
-13,2,-13,-2
0,-13,1,-13
-13,10,-13,-2
-13,0,-13,0
10,0,-2,1
10,-11,-2,-11
10,10,10,-20
-13,1,-2,1
1,11,1,11
0,-13,0,-13
1,1,1,1
1,10,1,11
2,-13,3,-13
2,-11,3,-11
11,1,11,-20
-11,11,-11,-11
1,-13,1,-13
1,1,1,2
-11,1,1,1
-13,1,-13,1
-11,-11,-11,-11
2,-11,2,-11
1,-11,1,-2
10,1,12,1
-11,10,-11,10
10,2,10,1
1,-13,1,-13
10,-11,10,-11
-13,-13,-13,-13
0,11,-11,-20
0,-11,0,-11
11,-13,-2,0
-11,0,-11,0
1,-11,0,-11
-13,11,-13,11
1,-13,-20,-13
1,10,-20,10
10,1,10,-20
1,-13,1,-2
-11,1,-11,1
-11,0,-11,0
1,1,2,1
0,1,0,1
1,-11,11,-11
-11,-13,-11,-2
0,0,0,0
-13,10,0,-1
-13,1,-13,2
1,1,1,1
-11,0,-11,0
0,-13,-2,-13
1,10,1,10
-13,1,-13,-2
10,-13,-2,-13
0,-11,0,-11
-13,10,-13,10
-11,-11,-11,-2
-11,-11,-11,-11
2,1,-2,1
0,1,0,1
1,-13,1,0
0,-13,0,-13
1,1,2,1
10,0,-11,0
1,11,1,-2
-13,2,-13,2
2,1,-2,1
11,-11,-2,0
-13,10,0,10
-11,2,-2,3
0,-13,0,-13
0,10,0,11
-13,12,-13,13
1,0,1,0
10,10,10,-2
1,10,1,-2
2,1,1,-20
1,1,1,1
1,0,1,0
1,-13,1,-13
-13,-11,-2,-11
1,1,1,3
-11,0,-2,0
2,-13,1,-13
1,2,1,2
-11,10,0,10
1,0,1,0
1,10,1,10
-11,-11,-11,-11
-11,1,-2,1
1,-13,2,-2
2,1,2,3
2,10,-2,-2
0,2,0,2
-11,-11,-2,-11
-13,1,-13,1
1,1,2,-2
-11,1,-11,1
0,1,0,1
0,-13,0,-13
-11,0,-11,0
-11,-13,-11,-13
-11,-13,-11,-13
-11,0,-11,0
0,-13,0,-13
1,3,1,1
-13,0,-13,-11
-11,1,-11,1
0,11,-20,11
-11,11,-11,-2
-11,1,-11,1
1,11,1,11
2,1,2,1
1,10,1,10
10,1,10,2
-11,1,-11,1
4,-13,4,-13
1,-11,1,-11
2,-13,-2,0
1,1,1,-2
11,10,11,10
2,-13,2,-13
-13,1,-13,1
-13,-11,-13,-11
10,1,-2,1
1,1,-20,1
-13,-13,-13,-2
10,1,-2,1
0,0,-2,-20
-11,2,-2,-2
11,1,11,1
1,-13,1,-13
1,-11,2,-2
-11,10,-2,-2
11,-11,11,-11
1,-11,-11,-11
3,-11,3,-11
2,10,2,10
0,1,0,1
-13,10,-13,-20
0,-13,0,-13
11,2,12,2
1,1,1,1
-13,2,-13,3
-11,1,1,1
-13,1,-13,0
1,1,1,1
10,1,10,2
-13,0,-13,0
10,2,10,2
-13,1,-13,-13
-13,1,-13,-20
-11,-11,-2,-2
10,1,-2,1
-11,10,1,-2
1,10,1,10
0,1,-2,1
1,0,-2,0
-11,11,-11,-2
-13,-13,-13,-13
-11,2,-11,2
2,-11,2,1
2,0,2,0
1,-13,1,-13
-11,-13,-2,-13
2,1,2,1
0,0,0,0
-13,10,-13,-20
10,1,10,-13
1,1,1,1
-11,-11,-2,-11
2,-11,1,-11
1,1,1,2
0,-11,0,-11
0,1,-1,1
0,-11,0,-11
-11,0,-2,0
1,0,1,0
-13,11,-13,-2
0,-13,0,-13
-11,-11,-11,-11
-13,11,0,-2
0,-11,0,-2
1,1,1,1
3,1,2,1
0,0,0,0
-11,-13,-11,-13
1,-13,1,-13
0,10,-13,-20
0,1,-2,-2
10,-11,10,-2
-11,0,-11,2
-11,2,-11,-11
1,1,2,2
1,-13,-2,-2
1,1,-2,1
1,0,1,0
2,-11,4,-2
0,0,0,0
-11,1,-11,1
10,-11,11,-11
1,1,2,1
-13,1,-2,1
2,-11,2,-11
-11,2,-11,2
2,-13,2,-13
1,-13,1,-13
-11,10,-11,-20
1,-13,-2,-13
-13,1,-13,1
11,-11,11,-11
0,-13,1,-13
10,1,10,1
2,0,2,0
1,-11,1,-2
-13,-13,-13,-13
-11,1,-11,1
0,1,-11,1
-13,-11,-13,-11
0,-11,-11,-11
2,-13,2,-13
1,0,1,-2
10,0,-20,0
1,10,2,11
-13,2,-13,2
-11,1,-11,1
10,-11,10,-2
10,-11,10,-11
2,2,3,3
1,-13,1,-13
1,10,1,10
2,1,-11,-20
1,1,1,-13
1,-11,1,-11
1,-13,1,-13
10,10,10,-11
0,1,0,1
-13,1,-13,1
-13,0,-13,-2
-13,0,-13,0
11,1,-20,1
10,-13,10,-13
2,1,2,-11
11,-13,-2,-13
0,-13,-2,-2
-13,1,-13,1
2,-11,-11,-11
10,1,10,1
0,10,-11,-20
-13,-13,-13,-13
-11,-13,-11,-13
-13,1,-13,1
0,-13,0,-13
2,1,2,1
-13,3,0,3
1,0,-2,-2
11,-13,12,-13
1,-13,2,-13
-11,1,-11,1
2,10,2,10
2,10,1,-2
10,10,10,-11
-11,2,-11,2
0,0,0,0
1,2,-2,2
10,-11,10,-11
10,0,10,-2
1,10,1,-2
0,10,-2,-2
-13,0,-13,0
-11,10,1,-2
1,1,1,1
-13,12,-13,12
3,0,2,0
2,-11,2,-11
1,-11,1,-11
1,1,1,1
1,10,2,-2
2,1,2,1
1,-11,-2,-11
-13,-11,-13,-11
1,1,-2,1
1,-13,1,-13
10,-13,-2,-13
-13,-13,-13,-13
-13,1,-13,1
10,2,-2,-2
1,-13,-2,-13
1,-11,1,-11
3,2,-2,2
1,11,2,-2
1,1,1,-11
1,0,1,0
-11,1,-11,-2
-11,10,-11,-2
-13,1,0,1
1,-13,2,0
-13,-13,-13,-13
1,1,-11,1
1,10,2,-2
-13,-11,-13,-11
0,1,0,1
10,1,10,1
1,1,1,-2
-13,1,-13,1
10,-13,-13,-13
1,10,1,-20
-11,-13,-11,-13
1,-11,1,-11
10,11,10,-1
2,-11,2,-11
2,1,2,0
10,0,10,0
10,2,10,2
1,2,1,1
1,1,1,1
1,0,1,-11
-11,2,-11,3
0,11,0,1
10,0,10,0
-13,0,-13,0
1,-13,1,-13
10,1,10,1
-11,-11,-11,-11
10,2,10,2
1,0,3,0
1,10,-2,-11
-13,0,-13,0
-13,-11,-13,-11
0,1,-20,1
-11,1,-11,1
10,-13,11,-13
-13,1,-2,1
0,-11,0,-11
-13,1,-13,1
1,0,1,-20
-11,1,2,2
-13,0,-13,-2
-11,-11,-11,-11
0,10,0,11
-13,-11,-13,-2
1,0,1,0
10,1,-2,-2
1,-11,-11,-11
0,10,0,10
1,-13,-2,-13
1,10,-2,10
-11,1,-2,-13
0,1,0,-20
-11,2,-11,3
2,-11,2,-11
1,1,1,2
-13,0,-13,0
2,1,2,1
11,-11,-13,-11
0,1,0,1
-11,10,-2,10
1,-11,1,-11
0,0,-20,1
10,1,10,1
1,2,1,2
-11,-11,-11,-11
-13,-11,-13,-11
2,-11,2,-11
2,10,3,10
-11,1,0,1
-11,-11,-11,-11
1,-13,1,-13
2,1,2,1
1,0,1,0
2,-11,2,-11
-11,0,-11,0
1,-13,1,-13
1,-13,1,-13
2,1,2,1
0,-13,0,-13
2,1,3,2
0,1,-20,-11
0,-13,0,-13
-13,-11,-13,-11
-11,-11,-11,-11
1,-11,1,-11
0,0,0,1
1,0,-11,0
-11,-13,-11,-2
1,1,1,2
2,10,2,-2
-13,11,-13,11
-11,-11,-2,-11
-11,0,-11,0
2,-11,2,-11
1,1,1,2
-13,-11,-13,-11
1,-11,0,-11
1,1,1,1
0,-13,-2,-13
1,1,-2,-20
-11,10,-11,-2
1,1,1,1
10,0,-20,0
0,1,0,1
-13,0,-13,-2
-11,10,-11,10
-13,2,-13,-11
1,10,1,10
0,-11,-20,-11
-11,-13,-11,-13
-13,1,-13,1
1,-11,1,-11
0,-11,0,-2
2,1,2,1
-11,-11,-11,-11
10,2,10,2
1,10,-2,10
-11,0,-11,0
1,10,1,10
2,-13,-20,-13
1,1,1,1
0,0,0,-20
1,10,1,10
-13,-11,-13,-2
-13,10,-13,-2
-11,10,-2,-20
10,1,10,2
1,-13,1,-13
10,2,10,2
0,-13,0,-13
-11,2,-11,-2
-11,-13,-11,0
1,2,-13,2
-11,-13,-11,-13
-13,1,0,1
10,-11,10,-11
-11,-13,0,-13
1,-11,2,-2
1,10,-20,0
10,-11,-2,-11
3,-13,-2,-2
0,-11,0,-11
0,-13,0,-13
-11,0,-2,-11
-11,1,-11,-2
2,1,-11,1
-13,-11,-13,-11
-11,1,-11,1
0,1,0,1
10,0,10,0
1,-13,1,-13
1,1,1,1
1,11,1,11
-13,-11,-13,-11
-11,0,1,-13
10,-13,-20,-13
1,1,2,1
-11,0,-11,0
10,2,10,2
10,1,-20,1
1,10,1,11
1,1,1,1
1,1,1,-11
-11,-13,-11,-13
2,0,2,0
-11,-11,-11,-11
-13,-11,-13,-2
0,0,0,-13
-13,1,0,1
1,1,1,-2
1,1,1,1
10,1,-2,-2
0,2,0,2
1,1,1,1
1,-13,1,-13
0,-11,0,-11
1,-11,1,-11
1,2,1,2
-13,0,-13,0
-11,1,-11,1
2,2,2,2
1,-11,1,-11
0,-13,0,0
-13,-11,0,-11
-13,-11,-13,-2
2,1,2,3
-13,10,-13,-11
11,1,-2,1
-13,-11,-13,-11
1,-11,-11,-11
1,0,0,0
1,1,1,1
-13,-13,-13,-13
-13,10,-13,10
1,1,2,-11
1,-13,1,-13
0,10,0,10
10,2,10,2
1,-13,1,-13
1,-13,1,-13
-13,-13,-13,0
0,1,0,1
-13,-13,-13,-13
0,12,0,12
2,-11,1,-2
-13,1,-13,1
-13,10,-13,10
-13,1,-13,-2
-11,11,-11,-2
-11,1,-11,1
0,1,0,1
12,10,12,-20
1,11,1,2
0,2,-20,-11
-13,-11,-2,-11
1,-11,1,-11
1,3,-2,3
11,1,-20,1
-13,1,-13,1
-11,10,-11,10
2,1,2,1
11,10,12,10
-11,10,-11,-2
1,2,1,0
-11,-11,-11,-11
-11,-11,-11,-11
-11,-11,-11,-11
-11,10,-11,10
1,10,1,11
0,-13,0,-2
-11,-11,-11,-11
0,0,-2,0
-13,1,-13,1
-13,10,-13,10
0,-13,-20,-13
0,10,0,-2
1,2,-13,2
1,1,1,1
-11,10,-11,10
1,-11,-2,-2
-11,1,-11,-20
-11,2,-11,2
10,1,-2,1
-13,0,-13,0
1,0,1,-2
-13,0,-13,0
0,-13,0,-13
-13,-13,-13,-13
1,-13,1,0
2,1,2,1
-11,-13,-11,-13
1,0,-11,-20
-13,1,-13,1
1,0,1,1
-13,-11,-13,-2
2,2,2,2
-13,-11,-13,-2
0,0,0,0
1,1,1,-20
1,2,1,2
-11,2,-2,-2
1,-13,1,-13
1,10,1,10
10,1,-11,1
1,1,1,1
-11,1,-2,2
-11,10,-11,10
0,0,0,0
1,1,2,1
1,-13,1,-13
1,-11,1,-11
0,1,1,1
0,1,0,1
11,-13,-2,-13
2,10,2,10
11,10,-1,11
1,2,-2,-2
-11,10,-11,10
10,0,10,0
-13,1,-13,1
-11,11,-2,11
11,2,11,-2
-11,-13,-11,-13
-11,0,-2,0
2,-11,3,-11
1,-13,1,-2
1,1,1,1
1,10,2,10
10,-11,-2,-11
-11,1,-11,1
-11,-13,-11,-13
0,10,0,-11
1,-13,1,-13
-13,-11,-13,-11
-13,1,-13,1
0,1,0,1
-13,-11,-13,-11
10,0,10,-2
1,-11,1,-2
0,10,0,10
10,-11,10,-11
-11,10,-11,10
11,1,11,1
-13,0,-13,0
1,0,1,0
2,10,1,10
-13,1,-13,1
2,-11,3,-11
11,10,11,-2
0,1,0,1
-13,1,-13,1
1,11,1,11
0,1,0,1
0,-11,0,-11
-11,0,-11,0
10,1,-11,1
-13,0,-13,-20
10,3,-2,2
1,1,2,1
-13,0,-13,0
-11,1,-11,1
-11,1,-11,1
-13,2,-13,-2
1,-11,1,-2
-13,10,-13,-2
-13,10,-13,10
-11,-13,-11,-13
-13,-13,-13,1
0,10,0,-11
2,-13,2,-13
0,-11,0,-11
10,2,10,2
1,10,1,10
-13,-11,-13,-11
10,-11,-20,-11
-11,1,-11,1
-11,-11,-11,-11
-11,2,-11,2
0,2,-2,3
2,10,2,-2
-13,1,-13,1
1,1,1,1
2,1,2,-11
0,0,0,-20
1,-11,-20,-11
1,11,1,-20
11,0,-2,0
1,1,-2,1
-11,10,-11,10
3,0,3,0
1,1,1,1
-11,-11,-11,-11
2,1,2,1
11,1,11,1
-11,-13,-11,0
1,1,1,-20
10,10,-11,10
10,10,10,10
-11,0,-11,-2
-11,-11,1,-11
1,0,1,-1
1,-13,1,-13
1,12,-2,-2
1,1,-11,1
1,10,1,-2
1,11,1,11
-11,-11,-11,-11
2,1,2,-2
1,10,1,-11
-11,10,-11,10
0,0,0,0
1,-13,1,-13
-13,11,-13,-11
11,10,-2,10
0,-11,0,-11
1,1,1,-11
2,1,2,1
0,2,0,2
-13,-13,-13,-13
10,1,10,1
10,0,-2,0
1,11,-2,-20
12,0,12,0
2,0,-11,0
1,1,-2,2
1,-11,1,-11
1,-11,3,-2
1,1,1,2
1,1,2,1
1,-13,1,-13
0,2,0,2
2,11,-20,-2
-11,10,-11,-2
-13,3,-13,2
-13,0,-13,0
-11,-11,-11,-11
1,1,2,-2
0,1,0,1
0,-11,0,-2
0,-13,0,-13
1,-11,1,-11
-13,1,-13,1
2,1,0,-20
1,-11,-2,1
0,1,0,1
-11,1,-11,1
10,1,11,3
-11,-11,-2,-11
0,10,0,10
1,-11,1,-11
2,-13,2,-13
10,1,10,1
1,-13,-11,-13
2,2,-2,2
-11,1,-2,1
3,-11,2,-11
2,0,2,0
1,-13,1,-13
10,2,-20,1
1,-13,1,-13
0,-11,0,-11
-11,1,-11,0
-11,1,-11,1
2,1,2,1
1,1,1,1
1,10,1,-2
2,0,3,0
0,1,0,1
-13,1,-13,2
1,-13,1,-13
-11,-13,-11,-13
1,2,2,2
-13,1,-13,1
1,0,1,0
10,-13,-20,-13
10,10,10,10
10,-13,10,-13
-13,1,-13,1
1,3,1,-2
2,-13,2,-13
0,-13,0,-13
-11,1,-11,1
10,1,-2,-2
10,1,10,1
-11,-11,-11,0
0,1,0,1
-13,-13,-13,-13
10,2,10,2
2,-13,2,-2
0,1,-2,1
10,11,-2,11
10,11,10,-2
11,-11,11,-11
-11,-11,-11,-11
10,11,-2,-2
-11,-11,-11,-11
-13,-13,-13,-13
1,1,-11,1
0,0,0,0
1,10,1,-20
-11,1,-2,1
-11,-13,-2,-13
-11,-11,-11,-11
1,10,-2,-2
-11,-13,-11,-13
1,1,1,1
1,1,-2,-2
0,0,0,0
1,-13,1,-13
0,-13,0,-13
-13,2,-13,2
-13,1,-13,1
0,1,0,1
-11,0,-11,0
11,-11,11,-11
0,1,0,1
-11,10,-11,-20
-11,0,-11,1
2,2,2,1
-11,-11,-11,-11
10,-13,10,-13
1,1,1,1
11,1,-11,1
1,-11,1,-11
1,2,1,2
0,1,-2,-2
12,1,12,1
2,-13,2,-13
0,11,-2,-20
1,0,-2,0
1,-13,1,-13
0,-11,0,-11
1,1,-13,2
2,-13,3,-13
2,1,2,1
-11,1,-11,1
1,10,-11,-2
2,1,2,1
1,-13,-20,-13
1,10,1,10
0,-13,-11,-13
1,1,0,1
-13,0,-13,1
1,-11,-13,-11
1,-11,2,-11
2,-11,2,-2
-13,1,-13,1
1,-11,1,-2
-13,11,-2,11
-11,-11,-11,-11
0,2,0,2
11,0,-11,0
-13,-11,-13,1
-13,-11,-13,-11
1,11,1,-2
0,1,0,1
0,1,0,-2
1,2,1,2
-11,-13,-11,-13
1,10,1,-20
0,0,0,2
1,-11,1,-2
1,1,-2,1
1,-13,-2,-13
-11,-11,-11,-11
-11,0,-11,1
10,1,-2,1
-11,-13,-11,-13
-11,-11,-11,-11
-13,0,0,0
1,1,-2,-2
-11,1,-11,1
-13,-13,-13,-13
1,10,1,-2
-11,2,-11,2
1,1,1,1
11,-11,11,-11
1,-11,-2,-11
11,-13,11,-13
-11,-13,-11,-13
11,2,-11,2
11,0,11,0
11,-11,-2,-2
-13,0,-13,0
0,1,0,-2
-13,-11,-13,-11
1,1,1,-20
1,11,1,11
1,-11,-2,1
-11,-13,-11,-13
-13,1,-13,1
1,11,1,-1
1,11,1,-2
-13,2,-13,2
1,-13,-20,-13
1,-11,1,-11
10,11,-20,-20
1,-13,-2,-13
1,1,2,-20
-11,-11,-11,-2
-11,10,-2,-2
-11,1,-2,1
1,0,1,-2
-13,1,0,1
-11,10,-11,10
11,1,-2,1
10,1,-2,1
10,0,10,0
-11,10,-11,-2
-13,1,-13,1
2,2,2,2
-13,1,-13,2
1,1,1,-20
-11,-13,-11,-13
10,1,10,-2
1,11,1,11
10,2,10,2
2,-11,2,-11
-11,2,0,1
1,1,1,1
1,11,1,14
1,-13,1,-13
-11,1,-11,1
-13,-13,-13,0
1,1,2,1
11,1,11,2
-13,-13,-13,-13
-13,-11,-13,-11
1,1,1,1
2,-11,2,-11
3,0,5,0
11,-13,11,-13
2,1,1,1
0,0,0,0
1,-13,1,-13
1,10,1,-1
10,-13,-2,-13
10,-13,0,1
11,-13,-2,0
11,2,2,2
-11,1,-2,1
1,-13,2,-13
-13,1,-13,1
-11,1,-11,1
2,2,-2,2
1,2,1,1
10,2,10,2
-11,0,-11,0
2,1,-2,-2
1,11,2,-11
1,2,0,-11
2,1,2,1
1,-11,2,-11
2,-13,2,-13
0,-1,-20,10
2,-13,2,-13
0,1,0,1
1,1,1,1
-13,1,-2,1
-13,2,-13,-1
1,1,1,1
10,0,10,0
1,0,1,0
11,1,-1,-20
1,1,-2,2
1,-13,2,-13
1,11,1,-2
-11,1,-11,1
1,10,1,-20
-13,1,-13,1
0,10,-2,0
0,0,-2,-2
1,11,1,-2
0,11,-2,-13
0,-13,-20,-13
1,10,-2,-2
11,0,11,0
1,-11,1,0
-13,0,-13,-20
-11,0,-11,1
11,-11,11,-11
1,10,1,-20
-11,11,-11,11
0,10,1,-2
-11,2,-11,2
1,0,1,0
11,1,-2,1
10,1,-2,1
1,2,1,2
1,-13,1,-13
10,0,10,0
0,0,0,0
-13,1,-13,1
-11,-13,1,-13
1,2,-2,2
0,-13,0,-13
-13,1,-13,1
2,2,2,1
1,10,1,10
1,-13,1,0
10,-11,10,-11
0,-13,0,-13
2,0,2,-2
10,10,10,10
-13,2,-13,4
10,0,-1,0
1,-11,1,-11
-13,-11,-13,-11
1,10,1,10
2,11,3,11
-13,-11,-13,-11
1,-11,1,-11
1,11,1,11
-11,1,-11,0
-11,-11,-11,1
1,11,1,-11
-11,-13,-11,-13
1,2,-11,-2
-11,1,-11,1
1,11,-2,11
0,10,-20,11
1,10,1,-2
1,0,1,0
-13,-11,-13,-11
0,-11,0,-11
1,1,-11,0
0,0,0,0
-13,0,-13,0
1,1,1,1
1,10,1,-2
10,10,10,10
-11,10,-11,-1
1,2,1,2
2,1,-2,1
10,2,-2,2
-11,10,-11,-2
1,10,1,10
1,1,1,2
-11,1,-11,-2
-11,-11,-11,-2
-11,1,-11,-2
0,2,0,1
1,0,1,0
-11,1,-2,1
-11,-13,-11,-13
-11,-11,-11,-2
-11,-13,-11,-13
10,0,10,0
-13,0,-13,-11
-11,-13,-11,-13
-13,2,-2,3
-13,1,-13,-20
-13,1,-2,2
10,2,-2,2
2,0,3,1
-13,1,-13,1
0,1,-2,1
1,12,0,-20
1,1,2,1
2,11,2,11
-13,0,-13,0
1,-11,1,-11
1,-13,1,-13
-11,-11,-11,-11
0,-13,0,-2
-13,0,-13,0
-11,0,-2,-2
1,-13,1,-13
1,1,-11,1
2,0,1,-11
1,-13,1,0
1,-13,1,-13
-13,-13,0,-13
1,-13,1,-13
-11,1,-11,1
11,1,-2,0
10,1,-2,1
-11,0,-11,2
-13,11,-13,11
10,-13,10,0
1,-11,1,-11
10,10,-20,-2
-13,-13,-13,-13
-11,-11,-11,-11
-13,1,-13,2
1,1,1,1
1,-13,1,-2
-13,-11,-13,-11
10,0,-2,0
11,2,12,3
2,-13,1,-13
2,10,2,10
-13,-13,-13,-13
10,2,-13,-11
1,1,0,1
1,1,1,1
1,0,1,-2
-13,0,-2,-20
10,-11,10,-11
-13,-13,-13,0
12,-13,12,-13
1,1,-2,-11
10,-11,-2,-11
0,1,-20,1
1,2,1,1
-11,-11,-11,-11
-11,1,-2,2
-13,0,-13,-20
11,1,-2,1
2,10,3,10
1,-13,-2,-13
1,-13,1,-13
1,-13,2,-13
0,1,0,3
1,-11,1,-11
-11,11,-2,-2
-11,-13,-11,-13
2,-11,-2,-11
-13,1,-2,1
1,1,1,1
-11,10,-11,10
2,-13,1,-13
10,-11,10,-11
-11,2,1,1
10,-13,11,-13
1,2,1,2
0,0,0,0
-11,-13,-11,-13
10,1,10,1
0,-11,0,-11
1,-13,1,-13
1,0,1,0
-13,0,-13,0
-11,-13,-2,-13
2,0,-11,-2
-13,10,-2,-2
1,-11,1,-11
-13,-11,-13,-11
11,1,-20,1
1,-11,3,-2
-11,11,-11,12
2,2,2,2
10,-13,-13,-13
0,-11,-2,-11
-11,-11,-11,-11
-11,11,-11,11
0,11,0,11
10,1,-2,-11
10,0,10,0
-11,10,-11,13
-11,2,-11,1
1,-11,-11,-11
0,2,0,-2
2,-11,2,-11
-13,1,0,2
11,1,0,-11
-13,10,-13,-2
3,0,2,0
0,2,10,2
-13,10,-13,10
-13,11,-13,11
1,-11,1,-11
1,2,1,2
0,0,0,-20
10,0,-1,-13
-11,1,-11,1
-11,1,-11,-20
1,1,1,2
1,1,2,-20
0,-11,0,-2
1,-11,-20,-11
1,1,1,1
-11,2,-11,2
-13,1,-13,1
1,1,1,-11
10,1,-2,1
-13,0,-13,-20
-11,-13,-11,0
10,1,10,1
1,10,1,-2
-13,10,-13,10
0,-13,0,0
-13,-11,-13,-11
11,-13,-20,-13
10,10,-2,10
-13,3,-2,-2
0,-13,0,-13
10,-11,10,1
1,11,1,11
-13,-13,-13,-13
0,1,0,-20
0,1,-2,1
-13,2,-13,2
12,1,-20,-20
10,-11,10,-11
2,1,3,1
0,10,0,10
1,1,-13,1
3,11,2,-2
1,-13,1,-13
1,0,-2,0
-13,1,-13,-2
11,-11,11,-11
0,0,0,0
-11,-11,-11,-11
1,-13,1,-13
-11,1,-11,1
10,0,-2,0
1,3,1,2
-13,2,-13,2
2,-11,2,-11
2,10,2,11
1,-13,1,-13
1,-11,-20,-11
1,1,1,1
2,1,-11,1
10,-13,10,-13
-11,1,-11,1
2,-11,2,-11
1,1,1,1
-13,0,-13,0
-11,-13,-11,-13
1,1,1,1
1,-13,1,0
1,-11,1,-11
1,11,1,-11
0,1,0,1
11,1,11,1
-13,1,-13,1
1,-11,1,-11
12,10,-2,-11
-13,-11,-13,-11
0,11,-20,-11
-13,0,-13,0
10,1,-2,1
1,11,1,-2
1,-13,1,-13
10,1,10,1
-11,11,-11,-2
1,2,1,2
0,-13,-2,-13
1,-11,1,-11
-11,2,-11,-11
11,1,-2,1
1,3,1,3
1,0,-2,0
10,-13,10,-13
1,-13,1,-13
-13,-13,-2,0
-11,10,-11,10
1,10,-2,-20
-13,11,-2,-2
10,-11,10,-11
-11,1,-11,0
11,2,-20,2
-13,1,0,1
1,-13,1,-13
-11,1,-11,1
11,1,-2,1
11,1,10,1
11,-13,-20,0
-11,1,-11,1
1,-13,1,-13
2,11,2,11
4,1,4,1
-11,0,-11,0
1,-13,1,-13
3,1,3,1
3,1,3,1
1,1,1,1
0,1,-20,2
-11,-11,-11,-11
1,1,-11,1
-13,-11,-13,-11
0,11,-2,10
-13,-13,-13,-13
-13,-13,-13,-13
0,-11,-20,-2
0,-13,0,-13
10,0,10,0
11,1,11,0
0,12,-2,-20
1,1,1,-11
-13,0,-13,0
-11,-13,-11,-13
1,10,1,-2
-11,-11,-11,-11
-13,1,-13,1
-13,1,-13,1
-13,10,-13,-20
3,1,3,1
1,1,1,1
0,10,0,10
-13,11,-13,11
-11,1,-11,1
1,1,2,2
1,0,1,-20
-11,12,-11,12
0,-13,0,-13
0,10,0,10
-13,-11,-13,-2
1,-11,1,-11
-13,0,-13,0
1,-13,1,-13
2,0,2,-20
-13,1,-13,-2
10,-11,10,-2
-13,11,-13,11
-11,1,-11,1
-13,0,-13,0
11,-11,11,-11
0,10,-11,-1
-11,-13,-11,-13
2,-13,-2,-13
-11,-13,-11,-13
-13,1,-13,1
1,0,1,0
-11,-13,2,-2
-11,1,-11,1
3,-11,3,-2
1,-11,2,-11
-13,10,-13,10
1,-11,1,-11
10,-13,10,-13
1,2,2,3
11,2,12,2
0,1,-20,1
-11,10,-11,-2
-11,-11,-11,-11
2,11,2,-11
1,-11,1,-11
12,-11,-1,-11
1,-11,2,-11
-11,1,-11,-11
1,2,1,2
11,2,11,2
-13,1,-13,-2
-11,10,-11,10
-11,2,-11,-11
10,1,10,1
11,11,-20,11
2,-11,-13,-11
10,0,-20,0
10,-13,-2,-13
-11,2,-2,2
-13,-13,-13,-13
-13,1,-2,-11
-11,1,-11,1
1,-13,11,0
1,1,1,1
1,0,1,-20
1,10,1,10
0,1,-20,2
0,0,0,0
-11,11,1,11
0,-13,0,-13
2,-11,-2,-11
0,-13,0,-13
-13,-13,-13,-13
1,11,1,11
1,1,1,1
1,0,1,11
-13,1,-13,1
0,-13,0,-13
-11,0,-11,0
-11,-11,-11,-2
10,-13,15,-13
-11,2,-2,2
-11,2,-11,2
-13,1,-13,1
1,-11,1,-11
0,0,0,0
-11,-11,-11,-11
-11,1,-11,1
-13,1,-13,1
2,1,2,1
11,1,11,1
-13,-13,-13,-13
-11,1,-11,1
-11,-13,-11,-13
3,2,3,2
0,-11,0,-11
1,1,1,1
2,-13,-2,-2
1,1,1,1
1,-13,1,-13
1,2,1,2
2,1,2,1
3,1,3,1
2,2,2,2
3,2,3,-2
10,10,-2,0
-11,1,-11,1
-13,-11,-13,-11
1,11,1,11
2,10,2,-1
11,-13,11,-13
1,2,2,3
-13,0,-13,0
1,2,1,3
10,10,-2,10
1,1,1,1
11,1,-2,1
-11,-11,-11,-11
0,1,0,2
-13,11,-13,11
1,-13,1,-13
1,1,-20,1
-13,10,0,-2
-13,1,-13,1
11,0,-20,0
1,1,1,1
11,-13,11,-13
-11,-11,-11,-11
0,11,0,-20
10,-11,10,-11
12,2,12,-2
11,1,-2,1
2,-11,3,-11
3,2,3,2
-13,-11,-13,-11
-11,1,1,1
-11,-11,-11,-11
-13,1,-13,1
11,1,-2,-2
10,1,10,1
2,-1,3,-2
2,10,2,10
1,-11,1,-11
2,10,2,-20
-11,-13,-11,-13
0,1,0,1
-11,10,-2,-2
1,-13,1,-13
-13,1,-13,1
11,-13,-2,-13
1,10,1,10
-11,10,-11,-2
1,1,2,1
-11,1,-2,1
-11,1,-11,-20
-13,-11,-13,-11
-13,11,-13,11
11,1,-2,1
0,-13,2,-2
1,3,1,3
10,-11,-2,-11
-13,0,-13,0
-11,-13,-11,-13
1,0,2,0
-13,11,1,11
-11,-13,-11,-13
1,0,1,0
10,11,-2,-2
-13,-11,-13,-11
1,0,1,0
0,1,-20,1
1,-13,1,-13
0,11,0,-2
1,10,1,10
1,-13,-2,-13
10,-13,-11,-13
1,-13,1,-13
1,11,-20,-2
0,-11,0,-11
10,-11,-20,-11
0,-13,0,0
1,1,1,-11
-13,-11,-13,-11
3,-13,2,-13
1,0,1,-20
1,1,1,1
-11,-11,-11,-11
1,-11,1,-11
-13,0,-2,0
2,1,3,1
0,0,0,0
-13,-11,-13,-11
-11,-11,-11,-11
0,1,2,1
-13,3,-13,-11
1,10,1,10
2,1,2,1
-11,0,-11,0
0,1,-2,1
-13,1,-13,2
1,10,1,-11
-13,1,-13,1
-13,-13,-13,-13
-11,-11,-11,-11
-11,-11,-11,-11
-13,2,-2,2
-11,0,-2,0
1,2,2,-2
-11,1,-11,1
1,0,1,0
-13,0,-13,2
1,-11,-11,-11
2,-13,2,-13
-11,2,-11,2
-13,-13,-13,-13
1,11,1,-2
-11,-13,-11,-13
1,1,1,1
-11,10,-11,10
10,1,-2,1
0,1,-20,1
-13,1,-13,1
-13,-11,-13,-11
1,-11,-2,-2
1,10,-11,10
1,-11,1,-11
1,-13,1,-13
-11,1,-11,-13
11,2,-11,2
10,0,10,0
-13,-13,-13,0
-11,11,-11,11
-13,1,-13,1
1,-13,-2,-13
-11,-11,1,-11
10,0,10,2
11,10,1,-2
-13,-13,-13,-13
-13,-13,-13,-13
0,-11,0,-11
1,10,1,11
-13,2,-13,1
1,-11,-2,-11
1,2,1,3
1,1,3,1
-13,-11,-13,-11
2,0,2,0
-11,1,0,1
11,-11,11,-11
2,-13,3,-13
0,-13,0,-13
-13,1,-13,1
-13,-11,-13,-11
1,-13,1,-13
10,10,-2,-20
-11,-13,-11,-13
-11,1,1,1
1,-11,1,-11
-13,11,-13,-1
-11,-11,-11,-11
1,10,1,-2
1,-13,-2,-2
-13,-13,-2,-13
1,-11,2,-2
-11,10,-11,10
10,0,10,0
0,-13,0,-13
1,1,-20,1
-11,10,-11,-2
1,2,1,2
1,1,1,1
10,0,-2,0
-11,1,-11,-20
-13,-13,-13,-13
-13,2,-13,2
-11,-11,1,-11
1,-13,-2,-2
1,-11,1,-2
2,1,2,-20
2,1,2,1
1,-13,1,-13
-11,1,-11,1
0,1,0,1
-11,1,-11,-2
1,11,1,-2
-11,-11,-11,-2
-13,-13,-13,-13
1,10,1,-13
3,10,3,10
-13,-13,-13,-13
-13,-11,-13,-2
1,11,1,11
1,-13,1,-13
10,-11,10,-11
-11,-13,-11,-13
1,1,1,2
-11,11,-11,-20
1,3,1,3
1,10,-2,10
1,0,2,0
1,2,2,1
2,0,2,0
0,0,0,-2
1,1,-2,11
-13,-13,-13,-13
10,-11,10,-2
1,2,1,2
-11,-13,-11,-13
0,2,1,-20
1,0,2,0
2,1,2,1
11,10,11,10
-11,-11,-11,-11
-13,1,-13,2
0,-11,0,-11
11,1,11,1
-13,0,-13,0
1,-11,1,-11
2,-13,2,-13
-13,10,0,10
1,0,-2,0
0,10,0,-20
11,-11,11,-11
-11,-13,-11,-13
2,0,2,0
1,10,1,10
-13,1,-13,1
1,11,1,-2
-11,1,-11,4
1,2,1,2
-11,11,-2,-2
-11,2,-2,2
10,11,-2,-2
10,0,-11,0
1,-11,1,-11
10,0,10,0
10,0,10,0
-11,-13,-11,-13
1,-13,1,-13
2,0,-2,0
-13,-13,-13,-13
10,1,-2,-2
1,-11,-2,-11
-11,-13,1,-13
1,0,2,0
10,0,10,-11
11,0,-20,0
1,-11,1,1
-11,2,-11,2
0,1,0,1
-13,-13,-13,-13
0,1,0,1
-13,-13,-13,0
1,-13,1,-13
2,-13,-2,-13
-11,0,-2,0
-11,1,-2,1
10,-13,10,-13
-13,-11,-13,-11
-13,0,-13,0
2,0,1,0
2,-13,2,-13
-13,-11,-13,0
0,1,0,1
-11,10,-11,10
10,10,10,11
0,1,-11,0
0,1,-13,1
-13,10,-13,-2
1,1,1,2
2,11,2,11
-13,-13,-13,-13
-11,10,-2,10
1,-11,2,-11
1,10,1,-20
-13,1,-13,1
1,1,-11,1
-13,1,-13,1
-11,1,-11,1
-13,0,-13,0
1,11,1,-11
2,1,-2,-2
0,-13,-13,-13
1,10,1,-2
0,1,-2,1
11,1,-11,1
0,1,1,1
-11,1,1,1
-13,2,-13,2
10,0,-20,0
-11,-11,-11,-11
-11,-13,-11,-13
-11,-13,-11,-13
0,1,0,1
-11,-13,-11,-13
-11,1,-11,1
10,1,10,1
0,1,-20,1
1,2,1,2
-13,11,-13,-2
2,1,2,1
0,-13,0,-13
-11,-13,-11,-13
-13,-13,-13,-13
2,1,1,1
-13,-11,-13,-11
1,0,1,0
1,10,1,-2
-13,0,-13,0
-13,-11,-13,-11
-13,1,-13,2
0,-11,0,-11
0,-11,-2,-11
2,-11,3,-11
10,0,-2,0
1,-11,1,-11
1,1,1,1
0,10,0,-2
-13,-13,-13,-13
1,-13,-20,-13
2,10,2,10
2,1,2,1
-13,-11,-13,-11
-13,-13,-13,-13
-11,0,-11,-20
2,-13,2,-13
0,0,-20,0
1,1,1,1
2,1,2,1
0,10,0,-20
2,10,1,10
10,1,-2,1
1,10,0,-2
10,-11,10,-11
0,1,0,-20
1,-11,1,-11
1,-11,1,-11
1,1,1,1
1,-11,-2,-11
-11,11,-11,11
-11,-11,-11,-11
10,11,-2,-20
1,-11,1,-11
0,-11,2,1
-13,-13,-13,-2
1,0,-2,0
-11,2,-2,2
2,0,2,0
0,-11,0,-11
-11,1,-11,-20
-11,11,-2,11
-13,0,-13,0
0,11,0,11
1,-13,-2,-13
-11,1,-11,1
10,0,-2,-11
1,-13,1,-13
-11,-11,-11,-11
1,-11,1,-11
-13,-13,-2,-13
1,1,1,1
0,-11,0,-2
11,-11,-2,1
11,-13,11,-13
4,0,4,-11
1,-13,1,-2
2,-13,2,-13
-11,-11,-11,-11
1,3,1,-2
-11,10,-2,-2
-11,-13,-11,-13
-11,-13,-2,-13
0,2,0,2
2,-11,2,-11
-13,10,-13,10
1,1,-2,1
11,-11,11,-2
2,-11,2,-11
-13,1,-13,1
-13,10,-13,-20
1,3,-20,2
0,1,-20,1
1,1,1,1
10,-13,10,-13
1,0,1,0
-13,1,-2,1
-13,0,-13,0
-13,-11,-13,-11
0,1,0,1
10,1,-20,0
1,1,1,1
0,-13,0,-2
0,-13,0,-13
10,2,10,3
10,1,-20,-2
-13,10,-13,10
1,1,1,1
1,-11,1,-11
-13,-13,-13,-13
10,10,10,10
1,0,2,0
-13,-11,-13,-11
-13,-13,-13,-13
-11,1,-11,1
1,10,1,10
-13,1,-13,1
1,-11,1,-11
0,2,0,2
0,1,0,1
1,11,1,11
1,10,1,10
2,10,2,10
-11,2,-11,2
0,-13,0,-13
2,1,-20,1
-13,11,-13,-20
1,-13,1,-13
1,-11,1,-11
-13,11,-13,-2
1,0,1,-20
2,-11,2,-11
11,0,11,0
12,-11,-20,-11
-11,1,-11,1
-11,-13,-11,-13
1,1,1,2
2,1,2,1
1,0,-11,-2
10,-13,-2,-13
-13,-11,-13,-11
-13,-13,-13,-2
2,-11,-11,-11
-13,10,-13,10
2,11,-2,-11
2,-13,-11,-13
2,-13,3,-13
1,-13,1,-13
1,2,2,2
1,1,1,1
1,-13,-20,-13
-11,10,-11,10
1,1,1,-2
0,1,0,1
-11,0,-11,0
-11,1,-11,1
-13,1,-13,1
-11,1,-2,1
1,1,1,1
2,-13,2,-13
11,2,-13,3
0,2,0,3
-13,-13,-13,-13
-11,1,0,1
11,0,11,0
1,10,1,10
1,2,-2,2
0,1,0,1
-11,10,-11,-2
0,2,1,2
0,2,0,2
-13,1,-13,-13
1,-11,-2,-11
-11,0,-11,-11
0,-13,0,-13
-11,0,-11,0
-13,1,-13,1
-13,10,-13,10
1,0,1,0
-13,0,-13,0
10,0,10,0
2,1,-11,1
0,1,0,1
2,-11,2,-11
10,0,10,0
10,-11,10,-11
-13,-11,-13,-11
1,10,-2,10
1,-11,1,-2
11,-13,12,-13
-11,1,1,1
-13,1,-13,-2
1,1,1,2
-1,1,-20,1
1,-11,1,-11
-11,1,-11,1
-11,1,-11,1
-13,-13,-2,-2
2,1,3,1
1,2,1,2
1,-13,-11,-13
-13,-13,-13,-13
-13,10,-13,-2
-11,0,-11,0
10,-11,-2,-1
11,1,-2,1
0,-11,0,-2
-13,1,-13,1
2,1,2,1
2,10,2,10
-13,0,-13,0
1,0,1,0
-13,-11,-13,-11
2,-11,-2,-11
-13,1,-13,1
-11,-11,-11,-11
1,-11,-2,-11
-13,10,-13,11
10,0,10,0
1,-13,1,-13
1,2,1,2
-11,1,-11,1
1,-13,-2,-13
2,2,1,3
0,1,0,2
11,1,11,0
2,-13,2,-13
0,1,0,-2
-13,10,-13,10
-13,-11,-13,1
10,-13,-2,-13
1,0,-2,0
-13,1,-13,1
1,-11,2,-11
-13,-13,-2,-13
1,1,2,1
-11,-13,-11,-2
11,10,-20,10
10,1,10,1
2,11,-2,-2
10,-11,10,-11
0,11,0,-2
0,-13,0,-13
1,1,1,2
10,10,10,10
1,1,1,1
11,-13,11,-13
2,-13,3,-13
-13,3,-13,2
-11,-11,-11,-11
1,2,1,2
1,-11,1,-11
0,-13,0,-13
1,1,1,1
2,1,2,1
1,2,1,1
-11,-13,-11,-13
-13,2,-13,3
2,-11,-11,-11
-11,0,-11,0
-13,-13,-2,0
-13,-13,-13,-13
2,-13,2,-13
1,1,1,-11
0,-13,0,-13
0,1,0,1
1,1,1,1
0,1,0,1
2,1,2,1
2,-13,2,-2
-11,-11,1,-11
10,10,-11,-2
-11,1,-2,1
2,2,-2,-2
12,-13,-2,-13
10,1,10,-11
1,-13,1,-13
11,-11,-2,-2
-11,-13,-11,-13
1,-11,-2,-2
1,-11,-2,-2
0,-13,0,-13
3,-11,4,-11
-13,2,-13,3
-13,-11,-13,-11
10,2,10,2
-13,1,-13,2
11,2,11,-11
-1,-13,-11,-13
-11,3,-11,4
1,1,-11,1
1,1,-11,1
11,2,-2,2
-13,11,1,-2
-11,11,-11,12
10,1,10,1
1,2,1,-2
1,-11,1,-11
-13,1,-13,1
0,-11,0,-11
0,0,0,-2
1,11,2,11
10,1,10,1
1,-13,1,-13
-13,2,-13,2
1,-13,2,0
1,2,1,2
1,-11,1,-11
2,1,2,1
-13,1,-13,1
3,-11,3,-11
10,1,12,1
11,0,13,0
1,1,1,1
0,1,0,1
1,10,1,10
-13,-11,-13,-11
10,0,-20,0
11,1,11,1
1,0,-13,0
2,-13,1,-2
-13,1,-13,1
0,3,1,4
3,2,3,-11
2,1,-2,1
-11,2,-11,3
-13,1,-2,1
-11,0,-2,-2
0,2,0,2
-13,-13,-2,-2
1,1,0,1
-11,-11,-11,-11
0,1,0,2
2,1,-11,-11
1,1,2,1
10,-11,10,-11
10,1,-2,-11
1,2,1,2
0,12,-20,12
1,1,1,1
10,1,10,1
2,12,2,12
0,0,0,0
1,-13,1,-13
2,1,-2,-2
-11,-13,-11,-13
0,-13,-2,-13
1,0,1,0
-13,-11,-13,-11
-13,11,-13,-20
1,-11,-2,-11
2,1,-11,0
0,0,1,2
0,-13,0,-13
2,1,3,1
11,-13,11,0
10,1,10,1
3,-13,3,-13
-13,1,-2,0
-11,-13,-11,0
1,10,-2,-2
-11,-11,-11,-11
-1,10,-2,10
-13,-13,-13,-13
2,1,2,-11
-13,1,-13,2
10,-11,-2,-11
0,-13,0,-13
1,0,4,-2
-13,0,-13,0
0,2,-20,2
3,0,3,-2
3,1,4,1
-11,-13,-11,-2
-13,0,-13,0
-11,-13,-11,-2
2,1,2,1
10,1,-20,1
2,-13,2,-13
1,-11,-2,-11
11,-11,-20,-11
1,0,-11,-11
1,11,2,11
11,-11,11,-11
-13,1,-13,1
-13,1,-2,1
1,0,1,0
-11,1,-11,1
-11,1,-11,1
1,-11,1,-11
1,-13,1,-13
-11,-11,1,-11
1,-11,1,-11
1,2,1,2
-11,-13,-11,-13
0,-11,0,-11
-13,1,-2,-2
11,0,12,1
-11,1,-2,1
2,0,2,-20
1,-11,-2,-11
0,-11,-20,-11
-11,0,-11,0
10,1,-2,1
0,1,-20,1
0,0,0,0
-13,-11,-13,-2
0,-11,0,-2
-11,10,-11,-13
-11,1,-11,1
2,-13,2,-13
1,-11,0,-11
-13,-13,0,-13
11,1,11,1
0,10,0,10
-13,-11,-13,-11
1,1,1,1
10,1,10,1
10,2,-2,-2
10,-11,10,-11
1,-13,1,-13
2,10,2,-2
2,-13,2,-13
-13,-11,-13,-11
1,2,1,2
-13,2,0,2
11,1,-11,1
-13,-11,-13,0
-13,1,-13,1
1,2,1,2
0,1,0,1
1,-13,1,-13
1,1,1,1
-13,-13,0,-13
1,-11,1,-11
11,12,-2,-2
0,1,0,1
-11,2,-11,2
2,1,2,1
10,0,-1,0
-13,0,-13,0
1,-13,1,-2
1,2,2,2
0,-11,0,2
2,10,3,10
1,-13,1,-13
2,11,-2,-20
2,11,2,11
-13,1,-13,1
-13,1,-13,1
1,0,1,0
0,0,-20,0
1,10,3,11
2,-13,2,-13
11,0,-20,0
-13,10,-13,10
0,0,0,0
-11,-11,-11,-11
1,-13,-2,-13
1,10,1,10
-13,1,-2,-2
2,1,-11,1
-11,1,-11,1
1,1,1,1
11,0,-2,-2
1,-13,1,-2
2,11,1,11
0,1,0,1
-13,1,0,-13
1,-13,1,0
-11,1,-11,1
-11,-11,-11,-2
1,-13,-20,-13
1,1,1,1
1,10,2,-2
2,1,2,1
3,0,-2,-2
-11,2,1,2
0,12,0,-2
11,2,11,2
1,10,1,-2
1,-11,2,-11
2,10,-11,-2
-13,1,-13,1
1,-11,1,-11
1,1,1,2
-11,1,-11,1
10,10,10,-2
1,10,1,10
-11,11,-11,11
2,-13,2,-13
0,11,0,11
0,10,-20,10
10,2,10,-2
1,1,-2,1
0,1,0,1
0,-11,1,-2
-11,-13,-11,-13
-13,11,-13,11
0,2,0,3
0,11,0,11
1,-13,-2,-13
0,-11,0,-11
1,2,-2,-2
-13,0,-13,0
0,2,0,2
-13,-13,-13,-13
0,-11,0,-11
10,0,-20,0
11,1,-2,-20
10,1,10,1
-13,-13,-13,-13
1,-13,1,-13
-11,-13,-11,0
1,-11,1,-11
11,-11,11,-11
-11,-13,-11,-13
11,1,-2,2
0,2,0,-11
-13,-13,-13,-13
1,1,-2,1
2,-13,2,-13
10,1,12,1
-11,1,-11,-11
-11,1,-11,1
-11,-11,-2,-11
1,11,1,-20
0,3,0,-11
1,10,1,-2
-13,1,-13,1
-11,1,-11,1
2,1,2,1
0,-13,0,-2
0,1,5,-2
-11,-13,-2,-13
11,1,-2,1
1,-13,1,-13
-11,10,-11,-2
0,0,0,-2
-11,1,-11,1
-13,11,-13,11
1,-11,1,-11
0,-11,0,-11
11,-11,11,-11
-11,-11,-11,-2
1,3,-20,3
10,-11,-2,-11
10,0,-1,0
10,2,-2,2
1,1,2,1
-11,11,-11,11
11,2,-11,-20
3,-11,3,-11
-13,1,-13,-20
2,-11,2,-2
-13,0,-13,0
2,10,1,10
10,1,-2,1
-11,10,-11,-20
-13,-13,-13,0
1,10,-2,10
3,11,3,-2
-13,1,-13,1
-11,1,-11,1
0,10,0,-2
1,11,-2,-2
2,-13,3,-13
0,-13,0,-13
0,1,0,1
-11,1,-2,1
10,0,-2,0
1,1,1,1
1,0,-20,-11
-11,-13,-11,0
2,0,-2,0
1,10,1,-2
0,1,0,-2
0,2,0,-11
-13,10,-13,10
0,-11,-20,-11
-13,-11,-13,-11
-11,-11,-11,-11
0,11,0,11
1,2,1,3
-13,1,-13,1
-13,2,-13,2
-11,1,2,1
2,1,-2,1
0,2,0,3
1,0,-2,0
11,-11,-2,-11
0,0,0,-20
-13,1,-13,1
-11,0,-2,1
1,1,1,1
10,2,10,2
1,1,1,1
-13,1,-13,1
1,0,1,-2
3,1,-2,1
-13,1,-13,-2
1,1,-2,1
0,0,0,-20
1,-11,1,-11
10,10,-20,-2
2,-11,2,-11
2,2,1,-2
11,10,-20,10
-13,-11,-13,-11
10,-13,10,-13
-13,2,-13,3
1,1,1,1
1,0,1,0
1,11,1,11
2,10,2,-20
10,3,10,3
-11,-11,-11,-11
1,1,-2,1
10,2,-2,2
11,1,11,-13
-11,2,-11,1
-13,10,-13,-2
-11,11,-11,-11
-13,11,-13,11
10,2,11,-2
-13,0,-13,0
-11,1,-2,1
-11,11,-2,11
1,1,1,2
1,1,1,0
-11,10,-11,-2
1,11,1,-11
-11,11,-11,11
-11,1,-2,0
-11,10,-11,10
10,0,-2,0
-13,-11,-13,-2
1,-11,2,-11
-13,2,-13,2
1,-13,1,-13
-11,1,-11,1
1,10,1,-2
-13,-11,-2,-11
1,0,1,0
2,-13,2,-13
-13,-11,-13,-11
-13,10,-13,-13
12,11,-2,-20
1,-11,-20,-2
1,-11,1,0
1,-13,1,-13
-13,0,-13,0
-1,-13,-2,-13
-13,1,-13,1
-11,1,-11,0
1,0,1,-2
10,1,-2,1
2,2,-2,2
1,-13,1,0
0,-13,0,-13
1,0,1,0
-13,-11,0,-2
0,1,0,1
-11,-13,-11,-13
10,1,10,-11
-13,-13,-2,0
2,-11,2,-11
-11,0,-11,0
10,-13,10,0
2,2,3,2
2,0,-20,0
0,-11,0,-11
-13,-11,-13,-11
-13,1,-13,1
-13,1,-13,1
0,-11,0,-11
0,-11,0,-11
0,2,-20,-20
2,1,-2,2
1,-13,0,-13
1,-11,-2,-11
1,0,1,-20
1,-11,1,-11
1,-11,1,-11
0,-13,0,-13
-11,1,-11,1
-11,-11,-11,-11
2,-13,2,-13
1,10,1,10
-13,0,-13,-20
-11,-13,-11,-13
-13,2,-13,2
0,10,0,10
-13,11,-13,-2
2,10,5,-2
-11,-13,-11,-13
1,10,1,-20
-13,1,-13,1
1,-13,2,-13
1,-13,1,-13
-13,-11,-13,-11
1,-13,1,-13
1,-11,1,-11
2,-11,2,-2
3,11,3,-11
1,1,1,-2
1,1,1,1
-11,1,-2,2
0,1,-2,1
1,1,1,1
2,1,-1,2
10,1,10,2
1,1,0,1
1,0,1,-20
2,2,-2,2
1,-13,2,-13
-11,2,-11,2
1,-13,1,-13
-13,1,-13,1
10,-11,10,-11
1,1,1,1
1,10,1,-2
10,-11,-2,-1
0,1,4,-20
-11,-13,-11,-13
0,2,0,2
1,2,1,3
2,11,2,11
-13,2,-2,2
-11,0,-11,-20
2,-11,2,-11
1,1,1,1
2,1,2,1
-11,-11,-11,-11
2,0,2,-13
-11,-11,1,-11
-11,11,-11,-2
1,-11,1,-11
-11,-11,-11,-11
-13,-11,-13,-11
11,1,11,1
-11,-11,-11,-11
12,1,-2,1
-11,-11,-11,-11
-13,0,-13,0
1,0,1,0
1,2,1,2
-11,11,-11,11
-11,1,-11,1
10,0,-2,0
10,11,10,11
1,1,1,1
-11,-13,-11,-13
1,2,2,1
2,-11,2,-11
1,10,1,10
0,0,0,0
-13,1,-13,1
-11,2,-11,1
1,0,1,0
1,1,1,2
-11,2,-11,2
0,-13,0,-13
1,-11,1,-11
0,-13,-20,-13
2,-13,2,-13
-13,1,-13,-13
1,0,1,0
0,-13,0,-13
-13,0,-2,0
1,-13,1,-13
1,1,1,1
-13,2,0,2
1,1,1,1
1,1,-11,2
-11,3,-11,3
1,10,1,10
1,11,1,-20
-13,2,-13,2
11,11,-13,-2
1,2,1,1
-11,-11,-11,-11
0,1,0,-11
1,1,1,1
-11,1,-11,1
-11,1,-11,1
-13,0,-13,0
1,1,1,1
-11,2,-11,2
1,0,1,0
1,1,1,1
1,3,1,1
-11,0,-11,1
-11,10,-11,10
-11,-11,-11,-11
1,-11,-13,-11
0,11,0,11
1,0,1,0
-11,-11,-11,-11
-13,10,-13,-2
10,-13,-20,-13
-11,-11,-11,-11
0,1,0,1
1,11,1,11
1,2,1,2
0,0,0,-20
1,2,-11,1
2,1,2,-13
3,1,3,1
1,2,1,-2
10,0,10,0
2,-13,3,-13
1,1,1,1
-11,-13,-2,-13
-11,10,-11,10
1,-11,-11,-11
2,0,-2,-2
1,-11,1,-11
11,2,11,2
1,-13,-11,-2
0,0,1,-11
10,1,10,1
1,1,1,1
11,1,12,1
-11,10,-11,-2
0,-11,0,-11
2,-13,-2,-2
1,-11,1,-11
1,0,1,-13
-13,2,-13,2
0,-13,0,-13
2,0,2,0
11,10,11,10
10,1,-2,1
-11,-13,-11,-2
-11,-13,-2,-13
1,1,1,1
1,1,1,1
-11,1,-11,1
0,-13,0,-13
10,2,10,2
1,2,1,-11
2,1,2,1
1,1,1,1
10,0,13,0
1,0,1,1
-13,1,-13,1
-13,-11,-13,-11
1,0,-2,0
3,1,12,1
-11,1,-2,-2
-13,0,-13,0
10,1,10,2
1,-13,1,-13
0,0,0,-20
-13,-11,-13,-11
2,2,-2,-2
-11,0,-11,0
0,1,-2,1
0,-11,0,-11
0,-13,0,-13
10,1,-2,1
1,1,1,1
1,2,-11,-20
-13,1,-13,1
10,11,-11,11
-13,0,-13,1
1,0,1,0
1,0,-11,0
1,-11,1,1
1,1,-11,-20
1,-11,1,-11
-13,0,-13,0
0,1,1,-13
-11,-11,-11,-11
-11,-11,-11,-11
10,-11,10,-2
-11,-13,-11,0
1,0,1,0
1,-13,1,-2
1,2,1,-11
11,10,11,10
-11,1,-11,1
-11,2,0,2
1,1,1,1
2,2,2,2
1,11,2,11
11,-11,11,-11
-13,10,-13,-11
-13,10,-13,-2
1,10,1,10
-11,-11,-11,-11
1,10,1,10
-11,0,-11,-11
10,10,10,10
2,10,2,-20
2,1,2,1
11,2,11,2
2,10,2,11
2,10,-2,10
1,2,0,2
-11,-11,-11,-2
11,-13,-2,-13
-13,10,-13,11
1,10,1,-20
-13,0,-13,0
11,-13,12,-13
2,2,2,2
10,10,-2,10
1,1,1,-2
-13,0,-13,-20
2,-13,1,-13
-11,-13,-11,-13
-11,10,-11,10
1,1,1,12
-13,-11,-13,-11
-13,1,0,1
0,-11,1,-11
-11,-13,-11,0
10,1,-2,1
0,0,-20,0
11,1,11,1
0,-13,0,-13
-13,0,-13,0
1,0,1,0
10,1,-20,1
10,2,-20,2
10,11,-11,11
-11,-11,-11,-11
10,0,-2,0
11,-13,11,-2
0,-13,0,-13
-13,-11,-13,-11
-11,1,-11,1
-11,-13,-11,0
0,0,-2,-2
2,-13,2,-13
11,4,11,-11
4,10,4,10
0,-11,-11,-11
10,11,-2,-2
0,10,0,1
2,10,2,-2
-11,10,-11,10
2,0,-2,-2
10,-11,10,-2
-13,-11,0,-11
1,1,-20,-11
11,-11,12,0
1,-13,1,-13
-13,-13,-13,-2
1,1,1,1
-11,1,-11,1
0,1,-11,1
0,1,0,1
0,0,0,0
-11,2,-11,2
10,-11,10,-11
-11,-11,-11,0
-13,2,-13,2
-13,-13,-13,-13
1,0,1,0
0,1,0,1
2,3,2,3
10,-11,-11,-2
2,-13,2,-13
0,11,-20,-2
-13,-11,-13,-11
10,1,-2,1
-11,1,-11,1
10,0,-20,0
1,2,2,2
1,-11,1,-11
11,2,11,2
1,-11,1,-11
0,10,-2,10
-11,10,-11,10
-13,2,-13,2
10,2,10,-20
-11,1,-11,1
-13,1,-13,1
10,10,10,-20
1,1,1,2
1,-11,1,-11
-13,1,-13,-20
0,1,-2,-2
0,1,0,1
0,-13,0,-13
2,12,4,12
0,-11,-2,-11
1,0,1,0
10,10,-2,-2
0,1,-20,-13
1,-11,1,-2
10,-11,-11,1
2,1,2,1
1,-13,1,-13
0,-11,0,-11
-13,1,0,1
1,1,-2,1
-13,11,-13,-20
1,10,-2,10
-13,2,0,2
-11,1,-11,-11
-13,1,-13,-20
2,1,3,1
10,-13,10,0
11,-13,-2,-13
1,11,-11,-2
-13,2,-13,2
-13,1,-2,1
0,-11,-11,-11
2,-11,2,-2
-11,11,-11,-2
2,2,2,2
-11,1,-11,2
-13,10,-13,-20
2,-13,2,-13
1,1,-2,1
-13,1,-13,1
1,1,1,-20
-13,12,-13,-20
1,-13,-20,-13
1,1,1,2
1,2,1,-20
0,-13,0,-13
2,-13,2,-13
1,0,2,2
-13,1,-13,1
0,3,-2,3
1,1,1,2
-11,-11,-11,-11
10,1,-2,1
10,1,-13,-20
-11,10,-11,10
0,11,0,11
-11,-11,-11,-11
10,10,-2,10
-13,3,-2,3
10,10,10,10
3,-13,3,-13
-11,0,-11,0
1,1,2,1
-11,-13,-11,-13
0,11,0,-2
11,-13,-20,-13
-13,-11,-2,-11
1,-13,-20,-13
-13,0,-13,1
0,0,0,0
10,-13,-20,-13
2,1,-2,1
2,2,3,2
1,0,1,2
-11,-11,-11,-11
1,1,1,1
2,1,-2,-2
3,-11,-11,-11
-13,10,-13,10
-11,-13,-11,-13
1,1,1,1
10,0,10,0
-13,-11,-13,-11
2,-13,2,-13
1,10,1,-20
1,10,1,11
-11,-11,-11,-11
2,-13,12,-13
-13,10,-13,10
1,-11,1,-11
-11,-11,-2,-11
-11,-11,-11,-11
10,1,10,1
2,11,2,11
0,1,0,1
-13,-11,-13,-2
10,1,10,1
2,1,1,1
-11,-11,-2,-11
10,-13,-2,-13
-13,0,-13,-2
1,1,1,-20
-11,-11,-11,-11
-11,1,-11,1
1,0,0,0
-11,1,-11,2
1,1,1,1
-13,0,-13,0
1,2,1,4
-13,-11,-13,-11
0,10,0,10
1,1,1,1
-13,1,-13,2
10,1,10,2
-11,1,-11,0
1,1,1,1
1,1,1,-2
10,0,10,0
1,1,1,-20
-11,-11,-2,-2
0,1,0,1
11,1,-2,2
1,0,1,0
-13,-11,-13,-11
1,1,-20,1
0,1,-13,1
-11,10,-11,10
10,-11,-1,-2
0,-11,0,-11
-13,-11,-13,-2
0,-13,0,-13
10,0,-2,0
10,1,10,1
-11,0,-2,-20
-11,-11,-11,-11
-11,1,-11,1
1,1,1,1
10,1,10,-20
1,1,1,1
10,10,10,10
1,1,1,-2
0,12,0,-20
-13,11,-13,-11
11,-11,-20,-11
11,-13,11,-13
0,11,0,-2
-11,10,-11,10
1,1,1,1
10,-13,-11,-1
-11,0,-11,0
1,10,2,10
1,1,1,1
-13,-13,-2,-13
1,1,1,1
1,-11,1,-11
-13,0,-13,0
-13,0,-13,0
1,-13,1,-13
-11,0,-11,0
0,-11,-20,-11
1,10,1,10
10,2,10,2
-13,1,-13,-20
0,1,-20,-2
10,0,10,0
1,10,1,10
2,0,2,0
0,0,0,-20
2,-11,2,-11
1,-13,1,-13
0,1,-2,0
-13,0,-13,0
-11,-11,-11,-11
0,-11,0,-11
1,1,1,1
-11,1,-11,1
-13,2,-13,2
1,0,1,0
1,-11,1,-11
10,-13,10,-13
1,1,1,1
1,1,1,1
0,-13,0,-13
1,2,1,2
0,0,-20,0
0,10,0,10
-13,-13,-13,0
-11,-11,-11,-11
10,1,10,2
11,0,11,-20
1,1,1,1
2,2,2,3
-11,2,-11,2
1,-11,1,-2
1,-13,1,-13
-11,2,-11,2
-13,1,-13,1
-11,2,-11,2
2,0,1,0
0,0,0,0
-11,11,-11,11
2,-13,2,0
-11,1,-11,-2
1,2,1,1
1,-13,1,-13
1,-13,1,-13
-13,10,-13,10
0,-13,-2,-13
-11,11,-2,-2
-11,10,-11,-11
-11,11,-11,11
2,1,-2,1
10,10,-20,-2
-11,2,-11,-2
-13,1,-13,1
1,1,1,2
1,2,1,2
0,1,0,-2
1,-13,1,-13
3,1,3,-20
-13,10,-13,-20
-11,1,-11,1
-11,-11,-11,-2
1,-11,1,-11
1,2,1,2
10,-13,-11,-13
1,11,1,-2
0,-13,0,-13
2,2,2,2
1,1,1,1
1,11,-2,-11
0,2,0,2
-11,-13,-2,-2
10,-13,-20,-13
2,2,2,2
-11,-11,-11,-11
-13,0,-13,-11
-11,-11,-11,-11
1,2,3,2
-11,-11,-2,-11
1,1,1,2
-11,11,-2,11
2,2,1,2
1,-13,1,-13
-11,12,-11,-2
-13,-11,-13,-11
-13,1,-13,1
10,1,-2,-20
1,-11,1,-2
1,10,1,10
1,-13,1,-13
2,-13,2,-13
1,-13,1,-13
1,-13,1,-13
10,1,-2,1
-13,-11,-13,-11
-13,10,-13,10
-11,10,-2,-20
10,-11,10,-11
1,3,-2,-11
0,-11,-20,0
2,0,-2,0
10,-13,10,-2
-11,1,-11,1
1,-11,1,-11
2,-13,-2,-13
2,-13,2,-13
11,0,11,-20
0,-13,0,-13
0,-11,-2,-11
10,10,10,-20
10,1,-20,1
-11,10,-11,-11
-11,-11,1,-11
-11,-11,-11,-11
0,0,-13,0
1,-13,1,-13
1,1,1,1
-11,-11,-11,-11
2,10,-2,-2
1,1,1,-2
0,0,0,0
-13,0,-13,-2
1,-13,-2,0
-11,1,-11,1
-11,-11,-11,-11
10,-13,-20,0
1,2,2,2
1,0,1,0
10,-11,-2,-2
2,-13,-2,-13
0,10,-20,10
1,2,1,2
-13,0,-2,-20
10,1,-2,1
10,10,-20,-2
1,-11,1,-11
2,-13,2,-13
-13,-13,-13,0
1,-11,1,-11
10,-11,10,-2
1,-11,0,-11
-11,-11,-11,-11
-13,-13,-13,-13
2,2,2,3
0,-11,0,-11
1,-13,1,-13
1,1,1,1
1,0,-20,0
-11,1,-11,1
0,1,0,1
10,1,10,1
1,0,2,0
11,10,-2,10
0,10,0,-11
2,-13,2,-13
-11,-11,-2,-11
-13,0,-13,0
1,-13,2,-13
11,1,-2,-20
11,0,11,-2
10,0,10,0
-11,-13,-11,-13
1,-11,1,-2
10,0,10,-20
2,2,2,2
10,1,-20,2
-13,-11,-13,-11
-13,0,-13,-20
-13,-11,-13,-11
2,1,-2,-2
1,10,2,-2
1,0,1,0
-11,10,-11,10
1,10,1,10
-13,-11,-13,-11
10,-11,-2,-11
1,-11,1,-11
0,1,0,1
10,-11,-2,-11
1,-11,1,-11
-13,2,-13,2
-11,-13,-11,-13
-13,0,-13,0
0,0,0,0
1,-11,-11,-11
1,-13,1,-13
10,0,-2,0
1,-13,1,-13
1,-13,1,-13
-13,0,-13,0
1,0,1,0
-11,1,-2,1
1,-11,-11,-11
1,2,0,1
12,0,12,0
1,-11,1,-11
2,2,1,2
-13,-13,0,-13
2,-13,2,-13
1,-13,1,-13
2,1,2,1
1,11,1,2
10,10,10,10
1,1,1,-11
-11,2,-11,2
10,0,-2,-2
-11,-13,-11,0
-11,0,-11,0
0,-13,0,-13
2,-13,3,-13
-13,0,-13,0
2,10,2,10
-13,2,-13,1
-13,-11,-13,-11
-13,10,-13,10
-11,2,-11,2
0,1,0,1
1,0,1,-2
11,1,-13,1
-13,-11,-13,-11
0,-11,0,-11
0,2,0,2
-13,10,-13,10
-11,0,-2,0
1,1,2,1
0,2,0,-2
-13,-11,-13,-11
0,-13,0,-2
0,2,1,2
1,1,-2,-2
1,10,1,10
11,-13,11,-13
1,11,1,11
0,0,-2,-2
10,-13,-2,-2
10,1,-11,2
10,0,-20,0
2,0,2,0
-13,-11,-13,-11
-13,1,-13,1
-13,1,-13,1
-11,-13,-11,-13
2,1,3,1
-13,-11,-13,-11
2,-11,2,-11
-13,0,-13,10
1,-11,10,-11
11,-13,-11,-13
2,1,2,1
1,0,1,-2
-13,3,-13,3
-11,-11,-11,-11
-11,-13,-11,-13
1,11,1,-2
1,-13,1,-13
0,2,-2,-11
2,11,-20,12
1,-13,0,-13
2,1,2,2
1,-11,2,-11
-11,-11,-11,-11
-13,10,-13,-2
1,1,1,1
1,1,1,2
-13,0,-13,1
1,-13,1,-13
-13,10,-13,10
10,-13,10,-13
1,0,-11,0
2,-11,2,-11
-11,1,-11,1
1,11,1,11
-11,-11,-11,-2
10,1,10,-11
2,10,2,10
11,2,11,2
11,-13,11,-2
10,-13,10,-13
-11,2,-11,2
0,-11,0,-2
1,-11,-2,-2
-11,11,-11,-20
1,-11,1,-11
-13,0,-13,-20
3,0,1,0
1,-13,-2,-13
-11,0,-11,0
-13,-13,-13,-13
10,1,-20,-11
10,1,-20,-11
1,-13,-2,-13
-11,-13,-11,-13
1,10,1,-20
0,0,0,0
1,11,1,-2
10,2,-20,2
1,1,-11,-2
-11,-13,-11,-13
2,10,2,10
-11,10,-11,-2
-11,0,-2,-20
-13,1,-13,1
1,2,-2,2
-11,11,-11,-13
-11,10,-11,-2
1,11,1,-11
-11,-13,-11,-13
1,10,1,11
10,-11,10,-11
10,-11,10,-11
10,-11,-2,0
11,0,11,-20
1,2,2,-2
-11,10,-11,-20
1,1,-20,2
0,0,0,0
2,-11,2,-2
12,0,-2,0
2,1,2,-20
1,1,-2,-2
-11,1,-11,1
10,10,10,10
-13,-13,-13,0
10,11,-11,-2
2,-13,-11,-13
11,2,11,1
0,2,0,-11
-11,11,-11,11
-11,11,-11,-11
1,-13,1,0
0,-13,0,-13
-11,11,-11,11
1,10,1,10
0,1,-13,1
0,1,0,1
2,-11,1,0
1,-13,-11,-13
0,1,0,1
1,-13,1,-13
-11,0,-11,1
2,11,2,12
1,1,1,2
-11,-11,-11,-11
10,-13,10,-13
0,1,0,1
-11,-13,-11,-13
2,-13,2,-13
-13,-13,-13,-13
10,0,-11,0
11,-11,11,-11
-11,-11,1,-11
0,-11,0,-11
-11,-13,-2,-13
1,11,1,-2
10,11,-2,11
-13,-13,-13,-13
-11,0,-11,1
-11,1,-11,1
0,-13,0,-13
-13,2,-13,2
-13,10,-13,10
-11,-13,-2,-2
11,-11,11,-11
10,-11,10,-11
-11,1,-11,1
11,1,11,1
2,1,2,1
-13,1,-13,-2
2,1,-2,1
-13,10,-13,10
-11,11,-11,11
10,-11,-2,-11
2,0,2,0
0,1,-20,1
0,-11,0,-11
-11,0,-2,0
2,1,2,1
2,-11,2,-11
10,1,-2,1
1,10,1,-11
1,10,-20,10
2,2,2,-20
-13,1,-13,1
-11,1,-11,1
1,1,-2,1
-13,-13,-13,-13
0,1,-11,1
1,-11,-13,1
10,-11,10,-11
2,0,2,0
1,2,1,-11
10,10,10,-2
2,1,-11,-11
1,-13,1,-13
1,0,1,0
2,11,2,-11
1,2,1,2
10,-13,-20,-13
1,-13,1,-13
1,1,1,1
-13,2,-13,-20
-11,-11,-11,-11
1,10,1,10
1,-13,-2,-13
-11,3,-11,-11
10,-11,1,-11
-13,1,-13,1
-11,1,-11,1
10,1,10,-2
-13,-13,-13,-13
11,-11,-1,-11
1,1,2,1
1,3,1,2
-11,2,-11,3
2,-13,2,-13
1,-11,1,-11
1,10,1,10
-13,-11,-13,-11
1,2,1,2
1,2,1,2
-11,2,-11,-11
1,-11,2,-11
1,0,-2,0
1,-13,1,-13
1,1,1,-2
1,-11,1,-11
1,-11,1,-11
1,1,1,-11
-11,1,-11,1
11,-11,-2,-11
-13,10,-13,-2
11,-13,-2,-13
2,-11,-2,-11
-13,1,-13,2
1,-11,1,-11
1,1,-2,2
10,-11,10,-11
0,-13,0,-13
1,3,1,3
-11,0,-11,-2
10,11,-2,-2
-11,-11,-11,-11
1,1,1,2
-11,-11,-11,-11
-11,1,-11,1
-11,2,-11,2
1,-13,1,-13
2,-11,2,-11
2,-13,2,-2
0,1,-2,1
-11,1,-11,1
0,-11,0,-11
0,1,-20,1
1,1,2,1
-13,-13,-13,-13
2,-11,2,-2
0,-11,0,-11
10,-13,13,-13
10,2,10,-2
10,2,10,2
10,-13,-20,-13
1,-11,-2,-11
-13,1,-13,-20
3,11,3,-20
1,0,1,0
-11,2,-11,-2
1,2,3,2
-13,1,-13,1
2,-13,1,-13
-11,1,-11,1
0,2,-2,-2
2,0,2,-20
10,-13,-2,0
12,0,13,0
1,3,1,3
1,10,1,-2
10,-13,10,-13
-11,-11,-11,-11
1,1,1,1
11,-13,12,-13
11,0,12,0
1,10,-1,-13
10,0,10,0
0,2,0,2
2,11,2,11
10,-13,-20,-13
2,10,2,10
11,0,11,0
-11,10,1,10
1,-11,1,2
0,-13,0,-13
0,0,0,-2
-13,1,-13,1
-13,1,-13,1
-11,11,1,-2
-11,10,-11,12
0,-13,0,-13
1,-11,1,-11
0,11,0,10
-13,-13,-13,0
0,-13,0,-13
-11,3,-11,3
1,-13,2,0
1,-11,3,-11
1,-13,1,-13
1,10,1,-2
-11,-11,-2,1
1,0,1,0
2,-11,2,-11
1,-11,1,-2
-11,-13,-11,-13
-13,2,-2,2
2,0,2,0
-11,0,-11,1
-13,0,-13,0
1,10,1,-2
10,-11,10,-11
-13,-13,-13,-13
11,-11,11,-11
1,1,1,1
-11,1,-2,2
1,-13,1,-2
-13,1,0,1
1,-13,1,-13
-11,-11,-11,-11
-13,10,-13,-20
-13,1,-13,1
-11,-11,0,-11
11,0,-20,0
1,11,1,-20
1,10,1,2
10,1,-2,1
0,-11,0,-11
0,2,0,2
1,-13,1,-13
-11,10,-11,10
0,-13,-13,-13
1,1,1,-11
1,1,1,-2
0,10,0,10
10,0,-20,-20
-13,-13,-13,-13
10,-13,10,-13
11,-13,-20,-13
11,-11,11,-11
1,2,2,-2
1,11,1,10
1,10,1,-2
-13,11,-13,-2
0,10,0,10
-11,10,-11,-11
-11,0,-11,0
1,10,1,10
-13,0,-13,0
1,1,1,1
1,1,1,-20
0,-13,0,-13
-13,1,0,1
1,0,1,0
10,1,10,1
0,-13,0,-13
-11,1,-11,1
1,2,1,2
-13,-11,-13,-11
10,11,11,-20
2,10,2,10
-13,1,-13,1
0,-13,-2,-13
-11,1,-11,1
1,-11,-2,-11
2,10,12,10
0,2,0,2
12,1,-11,1
-13,1,-13,4
1,11,1,-20
0,-11,0,-2
1,2,1,2
-13,1,-13,1
1,0,1,0
1,1,1,1
0,0,0,0
11,2,11,2
-13,-13,-13,-13
0,1,0,2
1,2,-2,1
1,1,1,1
-13,2,-13,2
1,-11,1,2
0,1,0,1
0,0,0,0
2,0,2,0
1,1,2,2
2,1,1,1
2,0,2,-20
10,-11,-20,-11
0,1,0,1
1,10,1,10
12,0,12,0
-13,0,-13,0
1,1,2,1
-11,-13,-2,-13
1,-11,1,-11
10,-13,10,-13
10,-11,10,-11
-13,-11,-13,-11
11,-11,-20,-11
2,2,3,2
2,10,2,-20
0,11,0,-2
1,-13,0,-13
0,-11,0,-11
-13,1,-13,1
0,1,0,-20
-13,-11,-13,-11
-11,1,-11,1
1,1,1,1
1,10,1,10
0,-13,0,-13
11,-13,11,-13
2,0,2,-13
1,0,1,0
2,10,2,10
1,-13,1,-13
-11,10,-11,10
10,0,-2,0
0,-13,0,-13
0,-13,0,-2
2,-11,2,-11
11,1,11,1
-11,1,-11,2
2,1,2,1
2,2,1,2
-13,0,-13,0
0,2,0,2
2,-11,-11,-11
-11,-13,-11,-13
1,10,1,-2
1,1,-1,1
10,2,-2,2
-13,-13,-13,-13
2,10,2,10
1,1,1,1
-13,1,-13,2
-13,-13,0,-13
10,1,10,1
10,0,10,0
1,-13,1,0
1,2,-2,-11
11,-13,-2,-13
-13,1,-13,1
0,-11,0,2
2,-11,2,-11
-11,2,-11,-2
-11,1,2,-11
-11,-11,-11,-2
2,1,2,2
-13,2,-13,1
2,1,2,2
2,-11,2,-11
2,-13,2,-13
-13,-13,-13,-13
1,2,1,3
1,-11,1,-11
1,1,1,1
11,-11,11,0
10,1,11,1
-13,-11,-13,-11
2,-11,-13,2
-13,-13,-13,-2
-13,-13,-13,-13
10,-11,12,1
1,-13,1,-13
2,-11,2,-11
1,-11,1,-11
10,-11,-2,1
2,1,2,2
11,1,11,1
2,0,2,0
-11,1,-11,1
1,1,1,1
-13,0,-13,0
2,2,2,2
-13,10,-13,10
3,-11,3,-11
1,2,1,1
-13,-13,-13,-2
10,0,-13,0
-11,2,-11,2
2,1,-13,1
0,11,0,11
-11,-11,-11,-11
1,1,1,-20
11,11,11,-20
0,-11,0,-11
-13,11,-13,-1
-11,1,-11,1
2,10,2,10
-13,2,-13,2
-11,-13,-2,-13
-11,-13,-11,-13
1,-11,1,-2
-11,-13,-11,-13
-13,1,-13,1
11,-13,-13,-13
-11,1,-11,1
0,1,0,1
11,1,11,1
1,2,1,2
-13,-11,-13,-11
-13,1,-13,1
2,1,2,1
-13,-13,-13,-13
2,-11,2,-11
-13,-13,-13,-13
1,0,1,0
-13,2,-2,2
2,10,1,10
-13,0,-13,2
0,-11,0,-11
2,1,2,1
2,10,1,10
1,0,0,0
0,-13,0,-13
1,11,1,12
2,11,2,-2
11,0,11,0
-11,1,-11,1
10,-13,10,0
-13,1,-13,-2
2,-13,-11,0
1,-11,1,-2
2,-11,-2,1
1,11,1,11
1,1,1,1
-13,1,-13,1
-13,2,-13,2
2,2,2,2
1,1,1,1
1,1,-2,-2
-11,2,-11,2
0,-13,0,-13
11,-13,12,-13
0,1,0,-11
1,1,1,1
10,-11,-20,-11
-11,1,-11,1
11,-13,-2,-13
1,-11,1,-11
2,1,2,1
1,11,1,11
1,-11,-2,-2
-13,2,-13,-2
1,2,1,2
-11,2,-11,-11
1,1,1,1
0,2,0,2
-13,2,0,2
10,3,-2,3
10,10,-2,10
1,1,3,1
2,-13,2,-13
-13,-11,-13,-11
10,1,10,4
-11,1,-11,-2
1,-11,1,-11
1,1,1,1
-13,2,-13,2
-11,1,-11,2
0,-13,-2,-13
1,-11,-2,-11
-13,1,-13,1
2,-11,-2,-11
1,-11,-11,-2
-11,-13,-11,-13
-13,-13,-13,-13
1,1,1,1
-13,-11,-13,-11
1,-11,1,-11
10,0,-20,-20
2,10,3,10
0,11,0,13
1,0,1,0
-11,0,-2,0
1,-11,1,-2
-11,-13,-11,-13
-11,10,-11,10
-13,11,-13,11
1,-13,1,-13
-11,2,-11,2
2,1,2,1
10,3,10,13
1,-13,-11,-13
10,-13,10,-13
2,10,2,-2
11,1,11,1
2,1,2,2
-13,1,-13,1
0,1,-11,1
-13,1,-13,1
-13,-13,-13,-13
10,2,-11,-11
1,-13,-20,-13
2,-11,2,-11
2,1,2,1
11,2,-2,-1
2,1,3,1
1,-13,2,-13
2,10,2,10
-11,-13,-11,-13
11,2,1,2
10,2,10,2
3,2,2,3
-13,-13,-2,-13
2,1,2,1
1,1,1,1
10,-11,-2,-11
-13,0,-13,0
0,2,0,-2
-11,10,-11,10
10,-13,10,-13
1,-11,1,-11
1,11,1,13
-13,1,-13,1
0,0,0,-20
0,11,1,-20
0,-13,11,-13
0,0,0,-20
10,-13,-20,0
-13,1,0,1
1,1,2,1
10,-13,-20,-13
-11,-13,-11,-13
1,10,1,11
-13,10,-13,-2
-11,1,1,1
11,-13,11,-13
1,2,1,2
-13,0,-2,1
-11,2,-11,2
1,1,-2,1
-11,10,-11,10
-13,1,-13,2
0,-11,0,1
-11,1,-11,1
-11,-13,-2,-13
-13,1,-13,1
1,1,2,-2
1,-13,-2,-2
-13,1,-13,1
10,1,-2,1
0,1,0,1
-13,11,-13,11
10,10,-20,-20
1,2,1,-20
2,1,2,1
2,10,2,-2
11,1,11,1
1,-13,1,-13
1,0,1,0
1,1,1,1
1,-11,1,-11
1,1,-20,2
10,-11,-2,-11
10,-11,10,-11
-11,1,-11,1
0,0,0,0
1,1,1,1
-11,-13,-11,-13
1,1,1,2
1,2,1,2
1,-13,1,-2
1,1,1,-2
10,11,-2,-2
-13,10,-13,-2
10,10,-2,10
10,1,-2,1
2,-11,-2,-11
0,-13,0,-13
2,1,2,2
2,-13,3,-13
0,0,0,0
-11,1,-11,1
-13,2,-2,2
1,-11,1,1
0,1,0,1
1,1,1,1
1,11,1,13
-13,1,-13,-11
-11,1,-11,2
-11,11,-2,11
10,10,11,10
-13,-11,-13,-11
-13,1,-13,1
1,-13,2,-13
2,0,2,0
11,-11,-2,-11
1,12,1,12
0,1,1,-2
1,-11,1,-11
3,1,3,1
-11,-13,-11,-13
-13,-13,-13,-13
1,10,1,-2
-11,0,-11,0
-11,1,-11,-20
1,-11,-2,-11
-11,2,-2,2
10,-13,10,-13
10,-11,-20,-11
1,2,1,3
10,-11,-2,-11
10,0,-20,0
1,3,-2,2
-11,-11,-11,-11
0,1,-1,12
-11,2,-2,-20
1,10,1,-20
1,-13,1,-13
-11,-13,-11,-13
0,-11,0,-11
-11,1,-11,2
-13,10,0,10
1,-11,1,-11
0,-11,1,-2
0,2,-20,2
-13,-11,-13,-11
0,-11,0,-11
-13,-11,-13,-11
-11,-13,-11,-2
2,11,2,-2
3,-11,4,-11
-13,-11,-13,-2
-13,0,-13,0
-11,-13,-11,-13
0,3,0,3
1,1,1,1
1,1,1,1
0,1,0,1
0,2,0,2
0,10,0,10
1,10,1,10
0,0,0,0
11,-11,12,-11
0,0,0,0
-11,-13,-11,-13
-13,11,-13,-11
10,10,13,10
1,1,1,1
-11,-13,-11,-13
2,-11,1,-11
0,1,0,1
2,11,2,-20
2,-11,2,-11
10,-11,-2,-11
-11,1,-11,1
0,-11,0,-11
10,2,-2,4
1,-11,1,-11
-11,12,-11,2
1,-13,-11,-13
-13,-11,-13,-11
1,10,1,-13
1,2,1,2
0,11,0,11
10,10,-2,10
10,1,-20,1
-11,-11,-2,-11
11,0,12,0
1,-11,1,-11
10,1,10,1
1,2,-2,1
-11,-11,-2,-2
1,1,1,-2
2,2,2,-2
1,-11,1,-11
-13,10,-13,10
-11,1,-11,2
11,-11,11,-11
-13,-11,-13,-11
0,-13,0,-13
11,1,-2,1
-11,-11,-11,-11
10,2,10,2
-11,-13,-11,-13
-13,1,-13,1
-13,-11,-13,-11
-11,0,-11,1
0,10,-2,10
-13,2,-13,2
11,1,11,1
0,1,-2,-20
-13,1,-13,0
1,-13,1,-13
2,-13,3,-13
-11,1,-11,0
1,-11,1,-2
1,1,1,1
10,-13,10,-13
11,1,-20,1
-11,2,1,3
0,10,0,-2
1,2,1,2
0,1,0,3
1,2,1,2
-13,10,-13,-11
11,-13,-11,-13
1,1,-13,1
11,-13,-20,-13
0,-11,0,-11
1,1,1,-11
1,11,1,-11
-13,1,-13,2
-13,1,0,1
1,1,-20,1
1,0,-2,-11
-11,-13,-11,-13
1,-13,1,0
1,10,1,10
-11,2,-11,2
-11,-13,-11,-13
1,1,2,-20
-13,-11,-13,-11
1,1,2,-11
-11,-11,-11,-11
1,0,1,0
-13,-13,-13,-13
2,1,2,1
-13,0,-13,0
10,0,11,0
1,-11,-11,-11
2,-11,-11,-11
1,0,-2,-2
-13,1,-13,-2
2,10,2,-20
1,1,1,1
-11,11,-11,15
2,1,2,1
10,1,10,1
-11,-11,-11,-2
0,0,0,0
-11,-11,-11,-11
10,1,-11,1
2,0,-2,0
-13,-13,-13,-13
2,1,1,1
2,10,2,-2
2,10,-2,10
-13,-13,-13,-2
-11,-13,-11,-13
0,-13,0,-13
1,1,-2,1
0,1,0,1
10,-11,-2,-11
1,11,1,11
2,10,-11,-2
-11,10,-11,10
3,2,2,2
-13,-11,-13,-11
-13,-13,-13,-13
-11,0,-11,2
2,-13,2,-13
10,-13,-2,-13
10,0,0,-2
1,2,1,1
10,1,-20,1
1,1,2,1
1,0,-20,0
0,2,0,2
11,1,11,1
-11,-13,-2,-13
-13,-13,-13,0
0,1,-2,-2
0,-11,-2,-11
-13,1,0,1
2,-11,2,-11
-11,0,-11,1
0,0,0,-20
0,1,-2,1
3,1,2,-2
0,1,-20,-11
1,-11,1,-2
12,1,-20,1
-11,-11,-11,-11
-11,1,-11,1
-11,-11,-2,-2
-13,-11,-13,-11
3,0,-2,-2
-13,10,-13,-2
2,3,1,-2
2,1,2,1
-13,-13,-13,-13
1,-11,-20,-11
1,-13,1,-13
-13,0,-13,-20
1,11,1,-2
-13,0,-13,0
-13,1,-13,1
10,1,10,1
-11,10,-11,11
1,-13,1,-13
0,2,0,2
11,1,-20,1
-13,-11,-13,-11
2,1,2,1
11,-11,11,-11
10,2,-20,2
-11,1,-11,1
11,-11,-2,-11
-13,1,-13,-20
-11,1,-11,1
2,10,1,-2
-11,-13,-11,-13
-11,0,-11,0
1,11,1,11
0,-11,0,-2
2,-13,2,-13
2,1,2,1
1,-11,1,-11
10,2,-20,2
1,2,-20,2
11,-13,11,-13
1,1,1,4
0,2,1,2
1,0,1,0
-11,0,-11,0
-13,-11,-13,-2
2,2,2,2
1,-13,1,-13
0,11,0,-2
0,-11,-2,-2
1,1,1,1
10,1,13,3
1,-11,-2,-2
-11,0,-2,0
11,10,-20,10
3,10,4,10
-13,-11,-13,-11
-13,0,-13,-2
0,10,0,10
0,-11,0,-11
12,-11,-2,-11
1,-13,1,0
1,1,2,1
0,1,0,-2
1,1,1,-11
1,-11,-13,-11
1,-13,2,-13
2,1,2,1
1,0,1,0
-11,2,-11,2
2,0,2,2
1,2,1,2
-11,-13,-11,-13
10,1,10,1
2,0,2,0
1,10,-2,-2
1,-11,1,-11
2,-11,2,1
-13,-13,-13,-13
1,-13,2,-2
1,1,-2,1
-13,-13,-13,-13
-13,2,-13,14
0,10,-20,-2
1,10,1,10
-13,-11,0,-11
1,-13,-2,-2
10,-11,-2,-2
-13,1,-13,1
2,1,2,1
10,-11,-11,-11
1,1,1,1
0,11,0,-2
1,1,-11,1
11,10,11,-2
11,2,-20,2
11,0,-13,0
0,-11,0,-11
-13,11,-13,11
-13,-11,-13,-11
-11,1,-11,-20
1,1,1,1
10,0,11,-20
1,-13,1,-13
1,-11,1,-11
0,1,-2,1
11,-11,-2,-11
0,11,0,-20
-11,12,-11,-2
0,-11,-20,-11
1,0,1,-2
-13,2,0,2
2,1,-11,1
-11,-11,-11,-11
1,10,1,-11
-13,1,-13,1
0,-13,0,-13
11,0,11,0
-11,10,-11,-20
0,1,-2,1
11,2,11,2
-13,1,-13,1
-11,1,-2,0
0,10,0,10
1,2,-11,-2
1,1,1,-2
1,1,1,1
2,0,2,-2
-13,-11,-13,-11
10,-11,-11,-2
0,-13,-2,-13
2,2,2,3
10,10,-13,10
1,-13,1,-13
0,-11,0,-11
1,2,-2,-2
-13,0,-13,0
-13,10,-13,-2
1,-11,1,-11
-13,1,-13,1
-11,-13,-11,-13
3,11,2,11
10,1,10,1
-11,-13,-11,-13
-11,-13,-11,0
1,1,1,-20
1,-11,1,-11
-13,1,-13,-2
1,10,1,-2
11,-13,11,-13
-11,-11,-11,-11
1,0,1,0
0,-11,0,-11
-11,-13,-11,-13
11,1,-2,-2
1,1,1,1
10,0,-11,0
1,10,1,10
10,1,10,1
-13,1,-13,-2
-11,10,-11,10
-11,11,-11,-13
-11,1,-11,1
0,1,0,1
11,-13,11,-13
0,-11,0,-11
11,1,11,1
-11,2,-11,2
12,1,12,1
1,-13,1,-13
-13,-13,-13,-13
0,1,0,-2
2,11,2,-2
10,2,10,2
2,-13,-2,-13
10,1,10,1
1,-11,1,-11
-13,0,-13,0
0,1,0,1
-13,10,-13,10
-11,1,-11,-2
1,2,1,2
2,1,2,1
1,10,-20,10
1,0,1,0
-11,-13,-11,-2
1,10,1,-20
1,-13,-2,-13
-13,0,-13,0
2,2,2,2
0,0,-20,0
12,2,12,2
-13,-11,-13,-11
-11,-13,-11,-13
-11,-11,-11,-11
11,0,-2,0
1,2,-2,1
-11,0,-11,-2
0,-13,0,-13
10,0,-20,0
-11,-13,-2,-2
-11,1,-2,1
0,10,0,10
0,1,-20,1
0,0,0,0
11,0,11,-13
10,10,10,11
2,1,-2,-20
-13,-13,-13,-13
0,2,0,-20
-13,2,-2,2
-11,0,1,0
0,0,-2,2
-13,0,-13,-2
1,1,2,1
-13,1,-13,-11
0,-11,0,-2
0,1,0,1
1,-11,1,-11
-13,1,-13,1
11,10,-2,10
10,-13,-2,-13
-13,3,-2,4
1,-11,1,-11
-13,1,-13,2
0,1,-20,1
1,3,2,-20
1,0,2,0
-13,-11,-13,-11
-13,1,-13,1
2,-11,2,-11
0,-11,0,-11
10,0,-20,0
-11,2,-11,2
-13,-13,-13,-13
-11,1,-11,1
1,10,1,10
-13,2,-2,2
11,2,11,2
-13,-13,-2,-2
10,-13,-20,1
1,0,1,0
-11,0,-2,0
10,-11,-2,-11
-13,2,-13,3
-11,2,-11,2
2,10,2,10
10,1,10,1
10,-13,10,-13
1,1,-11,1
1,-11,-11,-11
2,1,-2,-20
10,-11,11,-11
-11,1,-11,1
-11,2,-11,2
11,0,11,0
11,2,11,-13
-13,0,-13,0
2,-11,3,-11
-11,0,-11,-20
-11,-11,-11,-11
-13,1,-13,-20
0,1,0,1
0,1,-20,-2
1,10,1,10
-13,1,-13,1
10,-13,-2,0
1,1,2,12
1,0,1,0
-13,-13,-13,-13
-13,-13,-13,-13
1,2,1,2
1,-13,1,-13
1,1,1,-2
-13,-13,-13,-13
1,-13,-13,-13
1,-11,2,-11
1,2,-11,2
0,1,0,1
1,-11,1,-11
-11,1,-11,0
10,11,-2,11
1,0,1,0
1,0,1,0
-11,10,-2,10
-11,1,-11,1
-13,-13,-13,-13
1,-13,1,-13
2,0,2,0
11,2,11,2
-11,1,-11,1
1,1,-11,2
-13,-11,0,-11
10,0,10,0
1,1,1,1
-11,1,2,-11
-11,-13,-11,-13
0,10,12,10
1,1,2,1
10,2,-2,3
-13,2,-13,2
-11,2,0,2
1,2,1,2
-11,1,-11,1
12,-11,-11,-2
2,1,-11,1
2,1,3,1
-13,-13,-13,-13
1,1,2,1
1,11,1,12
1,0,1,0
2,1,2,2
0,1,-2,-11
1,10,1,10
10,-13,-11,-13
-11,2,-11,2
0,-11,0,-11
-11,1,-2,1
1,1,11,1
2,11,2,-2
1,10,1,10
1,-13,1,-13
1,-13,1,-13
0,2,0,2
1,-11,1,0
10,1,-20,-2
2,2,-20,2
-13,-11,-13,-11
-11,-11,-11,-11
-11,-11,-11,-11
-11,10,-11,11
0,1,0,1
10,0,10,0
-13,1,-13,1
10,-11,-2,2
0,10,0,10
2,1,2,1
10,0,10,-2
-13,0,-13,0
-11,-11,-11,-11
1,1,1,2
10,0,10,-20
1,11,1,-2
0,10,0,-13
-13,10,-2,10
1,1,1,1
-13,0,-13,0
10,-13,10,-13
1,1,1,1
-11,10,-11,-2
1,-13,1,-13
1,10,1,-2
1,0,1,-20
2,1,2,1
1,-13,1,0
-11,1,-2,1
1,11,1,11
1,-13,1,0
4,1,3,1
-13,1,-13,-11
10,1,-20,1
-13,0,-13,0
0,3,-20,2
1,10,1,10
1,2,1,2
-11,-11,-2,-11
0,1,1,1
10,-13,-20,-13
0,-13,0,-2
-13,-13,-13,0
-11,2,-11,2
1,1,1,1
2,1,2,1
3,-13,2,-13
2,0,2,0
-11,-11,-11,-11
1,2,1,2
-13,0,-13,0
0,0,0,0
0,0,0,-2
-13,12,-13,-2
1,0,1,-20
10,-13,10,-13
-11,-11,-11,-11
1,1,-11,1
1,-13,1,-2
1,2,1,2
10,1,10,1
3,11,4,-2
-13,-13,-13,-13
1,10,-2,10
2,1,3,1
10,-13,10,-13
1,-11,-13,-11
1,11,1,-13
2,-13,-13,-13
2,-13,2,-13
1,-11,1,-11
1,-11,1,-11
-13,-13,-13,-13
1,-13,1,-13
-13,-13,-13,-13
-13,2,-2,-2
-11,0,0,-2
2,1,2,3
-13,1,-13,1
10,0,11,0
1,2,1,1
11,1,11,1
-11,-13,-11,-13
1,-13,1,-13
11,1,-2,1
1,10,1,-2
-13,2,-13,-11
-13,2,-13,1
-13,11,-2,-11
12,1,12,1
0,1,-2,2
1,-13,1,-13
-13,10,-13,-2
-13,11,-13,-11
11,-13,-1,-13
11,-11,11,1
0,-11,0,-11
1,1,-2,1
1,1,1,1
1,0,1,-2
1,1,1,2
-13,-11,-13,-11
2,11,2,-2
-13,2,-13,-11
-13,10,-13,-2
0,0,0,0
-13,0,-13,0
11,0,11,2
1,0,1,0
1,-11,1,-11
-13,2,0,-11
2,10,2,10
1,0,1,0
0,0,1,-2
-13,2,-13,2
-11,1,-11,-20
1,10,1,-2
-11,-13,-11,-13
-11,-13,-11,0
1,2,2,2
1,2,1,3
1,-13,1,-13
1,-1,1,-20
-11,-11,-11,-11
0,-13,-20,-2
1,-13,1,-13
-13,-11,-13,-11
0,0,0,0
1,11,1,-20
2,11,2,-11
-11,-13,-11,0
-11,1,-2,1
-13,-13,-13,-13
-13,10,-13,10
2,0,2,0
2,0,2,0
1,0,1,-20
-13,-13,-13,-13
2,1,2,1
-13,-13,0,-13
-11,-11,-11,-11
-13,-13,-13,-13
1,-11,2,-11
1,0,0,0
0,1,-20,1
-13,-13,-13,-13
-11,1,-11,1
10,0,10,-13
-11,1,-11,1
1,10,1,10
-11,-13,-11,-13
-11,1,-11,1
-11,1,-11,-2
2,1,3,1
3,-11,-20,-11
1,1,-2,1
-13,10,-13,10
2,1,-13,1
1,1,1,1
-11,-11,-11,-2
0,1,0,-2
0,0,0,0
10,-11,-13,-11
1,0,-2,-2
-11,1,-11,2
2,1,2,1
1,1,1,1
10,-11,-20,2
1,-13,-20,-13
0,-13,0,-13
-13,0,-13,-20
1,-13,1,-13
2,11,2,11
1,10,1,10
1,0,1,0
10,-13,10,-13
0,-13,0,-13
-11,-11,-2,-2
0,1,-20,-2
-13,11,-13,11
-13,10,-13,-20
1,-11,2,-11
2,1,1,1
-13,11,-13,11
2,0,2,0
1,0,2,0
1,10,1,-20
3,10,4,10
1,2,1,4
-11,0,-11,-20
2,1,2,1
0,0,0,0
-11,10,-11,10
10,2,10,-11
1,0,1,-2
2,1,1,0
2,10,2,-2
2,1,1,-11
-13,-11,-13,-11
-11,-13,-11,-13
1,1,1,1
1,10,1,11
1,1,1,1
-13,-13,-13,0
2,-13,2,0
-11,-11,-11,-11
1,-13,1,-13
-13,1,0,-1
3,1,4,1
10,1,10,1
1,1,1,1
-13,0,-13,0
2,0,-2,-20
-13,10,-13,-11
-13,-11,0,-11
-11,-11,-11,-11
-13,1,-13,1
2,2,2,2
-13,1,-13,1
-11,-13,-11,0
1,10,1,10
0,1,0,1
0,-13,1,-13
-13,1,-13,1
1,-13,1,-13
2,-13,2,-13
-13,1,-13,2
-13,2,-13,2
-13,1,-13,-13
2,1,2,2
0,-11,0,-11
-11,-13,-11,-13
10,2,10,2
2,1,2,1
-11,1,-11,13
0,10,0,-2
11,1,11,-13
-13,-11,-13,-11
10,0,10,0
-13,1,-13,-11
1,-13,1,-13
-13,2,-13,2
10,1,10,1
-13,-11,-13,-11
10,1,-2,1
2,1,2,1
2,10,2,-2
11,10,11,10
1,1,1,1
-13,10,-13,10
1,0,1,3
10,-11,10,-11
-13,1,-13,-2
-11,-11,-11,-11
-13,11,-13,11
2,2,2,-2
1,-13,1,-13
1,-11,1,-11
-11,-11,-11,-11
-11,10,1,-20
1,1,1,2
0,0,-2,0
4,-11,4,-11
-13,1,-13,1
10,1,-2,1
1,-13,1,-13
-13,11,-13,-2
1,1,1,1
1,10,1,-20
1,1,1,-20
-11,-13,-11,-13
1,-13,1,-13
-13,11,-13,11
1,-13,0,-13
10,2,10,2
-13,-11,-13,-11
1,10,1,10
2,-13,3,-13
-11,1,-11,1
-11,-11,-11,-11
-11,11,-11,13
0,0,-20,-20
1,-13,2,-13
-11,2,-11,3
11,1,11,1
1,10,2,10
2,1,-2,11
0,3,0,-2
0,2,0,2
-11,1,-11,-2
0,2,0,2
0,10,0,-2
-13,-13,-13,-13
-13,3,-13,1
1,-11,1,-11
1,2,2,2
11,1,-2,1
-11,10,-11,12
-11,1,-11,1
0,-13,0,-13
1,0,3,-1
2,0,2,1
0,-13,0,-13
-13,0,-13,0
11,1,-2,-2
-13,10,-13,10
10,1,10,1
1,11,1,-11
1,0,1,0
-13,1,-13,-20
10,2,-13,-11
-13,1,-13,-20
1,-13,1,-13
0,-13,-20,-13
-11,1,-11,1
0,1,0,1
1,11,1,11
0,-13,0,-13
1,-11,1,-11
2,-13,2,-13
10,1,-2,1
0,10,0,10
-11,-13,-11,-13
1,-13,2,-13
-11,-11,-2,-11
2,0,2,0
11,11,11,-2
-13,10,-13,10
1,0,1,0
1,-13,-2,0
1,10,1,10
1,-13,-2,-13
12,-13,-2,-2
1,2,1,2
1,-13,0,1
1,-11,1,-11
-11,1,-11,1
2,-13,2,-13
1,1,0,-11
-11,-13,-11,-13
1,10,1,10
11,0,-2,0
-11,10,-11,-2
1,0,1,-11
2,2,1,2
2,0,2,0
1,-13,-2,-13
1,0,1,0
-11,3,-11,3
-11,1,-11,2
0,0,0,0
1,0,1,0
-11,1,-11,1
-13,2,-2,2
11,10,-2,-20
10,-11,-2,-11
1,-13,1,-13
2,2,2,2
1,10,1,-2
1,-11,1,-11
-13,-11,-13,-11
10,1,-2,1
-11,11,-11,-2
3,-13,3,-13
1,2,1,-11
-11,10,-11,10
1,-11,1,-11
2,10,2,-1
0,-11,0,-11
1,2,1,2
11,2,-2,2
1,10,0,10
-11,0,-11,0
1,-11,1,-11
-13,10,-13,-2
-13,-11,-13,-11
10,1,10,-20
-11,-13,-11,-13
1,2,1,-11
0,10,0,10
1,-11,1,-11
1,0,1,1
-11,10,-11,10
-11,10,-11,10
-13,-11,-13,-2
-11,1,-11,1
1,0,1,0
2,1,-2,0
-13,-13,0,-13
-13,1,-13,1
-13,-11,-13,-11
-11,1,-11,1
-11,0,-11,0
2,-13,-2,-13
10,-11,-20,-11
-11,-11,-11,-11
-13,11,-13,11
1,-11,-11,-11
0,-11,-20,-11
0,1,1,1
-13,-11,-13,-11
1,3,1,2
10,0,-20,0
1,1,1,1
0,1,0,1
10,10,10,10
-13,0,-13,0
10,-11,10,-2
2,-13,2,-13
-11,1,-11,1
-11,-11,-11,-11
1,2,1,2
-11,-11,-11,-11
-13,-13,-13,-13
2,3,2,3
-11,1,-11,1
0,-13,-11,0
-13,-13,-13,-13
2,-11,1,-11
1,-13,1,-13
-11,1,-11,-2
-13,-13,-13,-13
0,-13,0,-13
1,10,1,10
-13,1,-13,-20
10,1,10,1
1,1,1,1
-11,10,-11,10
1,-13,1,-13
1,2,1,-2
0,-13,0,-13
1,2,2,2
0,1,0,-2
-11,-13,-2,-2
11,0,11,-2
-11,-11,-11,-11
-11,1,-11,1
-11,-13,1,-13
1,1,1,1
-11,0,-11,0
1,1,1,1
-13,2,-13,2
-11,1,-11,1
1,-11,2,-2
10,11,-2,11
-13,10,-13,-2
1,1,1,1
-13,10,-13,10
0,0,0,0
-13,1,-13,1
10,1,10,1
12,10,12,-2
-13,10,-13,10
1,-13,1,-13
1,-11,1,-11
-11,11,-11,-2
2,1,2,1
1,-13,1,-13
-11,-11,-11,-11
1,-13,1,-13
-13,-13,-13,-13
-11,2,-11,-2
0,-11,-2,-11
-11,1,-11,2
10,11,10,11
1,1,1,1
1,-13,1,-13
10,1,10,1
-11,0,-11,-20
-13,0,-13,0
-13,1,-13,2
10,0,10,0
0,-13,0,0
10,-13,10,-13
-13,0,-13,-20
1,-13,1,-13
-11,1,-11,1
0,10,-2,10
2,-11,2,-11
1,1,1,1
-11,10,-2,-11
3,2,-2,2
1,10,1,10
12,1,1,1
-11,3,-11,3
10,-11,10,-11
10,1,10,1
1,10,-2,-20
0,1,-20,1
1,2,1,2
1,10,1,10
3,2,3,2
-11,2,-11,2
2,0,1,1
1,0,1,0
1,10,1,10
-13,2,-13,2
-11,3,-11,-20
0,-11,-2,-11
1,10,1,10
-13,1,-13,1
0,0,0,0
1,-13,1,-13
1,0,1,-2
-11,-11,-11,-11
-13,10,-13,10
2,10,2,-11
2,2,3,-11
2,1,-2,-2
-11,10,-2,-2
-11,-11,-2,-11
-11,2,-11,-11
-11,-11,-11,-11
0,2,0,2
10,1,10,-13
0,-13,3,-13
2,-13,-2,-2
-13,1,-13,1
1,0,-11,-20
-11,-11,-11,-11
-13,1,-13,2
1,1,1,2
-13,-11,-13,-11
1,-11,-2,-2
1,0,1,-20
-13,1,-13,1
2,0,2,0
3,10,2,-2
1,2,1,2
-11,11,-11,-2
10,0,-2,0
1,-11,1,-11
-13,-11,-13,-11
-11,11,-11,-11
2,12,3,12
-11,10,-2,11
0,-13,0,-13
1,0,1,0
11,-11,11,-11
-13,-13,-13,-13
0,-11,0,-11
-13,1,-13,-20
1,10,1,10
-11,-13,-11,-13
-13,3,-13,3
1,1,1,1
1,10,1,10
0,10,0,-2
2,-11,2,-11
2,-11,3,-11
1,10,-1,-2
1,-13,1,-13
1,1,1,1
-13,-11,-13,-2
2,1,2,-2
2,-11,2,-2
1,10,-20,-11
0,0,0,0
0,1,-2,1
1,-13,1,-2
-13,2,-13,-2
2,-11,2,-11
10,10,14,10
1,1,2,1
0,0,0,0
10,2,10,-2
10,1,10,1
1,-13,1,-13
-11,10,-11,10
-13,-13,-13,-13
-13,0,-13,-20
-11,10,-2,10
0,1,0,1
-13,0,-13,0
-11,-13,-11,-13
2,-13,3,-13
11,-13,-20,0
0,1,0,1
0,1,0,1
1,-13,1,-13
11,-13,11,-2
10,1,10,1
0,1,0,2
0,-11,0,-2
2,-13,2,-13
-13,1,-13,-20
-11,10,-2,10
0,0,0,0
-13,1,-13,1
-11,-13,-11,-13
10,10,10,11
0,-11,0,-11
-13,-13,-13,-13
-13,0,-13,0
-11,11,-11,11
10,2,10,3
2,-13,-11,-13
10,-13,10,-13
1,10,1,10
1,1,1,1
-13,2,-2,2
-11,-13,-11,-13
1,10,1,10
1,-11,-2,-11
-13,-11,0,-11
0,11,0,-1
0,2,0,1
2,2,-2,2
1,11,3,11
1,2,1,2
0,-13,0,-13
-13,-13,-13,-13
0,-11,0,-11
-13,0,-13,0
0,11,0,12
1,-11,-1,-11
2,0,-2,0
10,10,10,-20
0,-13,0,-13
1,1,1,1
10,1,10,1
1,10,1,10
-11,-11,-11,-11
1,1,2,1
-13,11,-2,11
1,2,1,2
10,10,10,12
1,2,1,2
2,-13,2,-13
1,1,1,1
1,10,1,-2
10,2,10,2
-13,11,-13,-2
-11,2,-11,2
4,11,4,12
-11,-13,-11,-13
1,1,1,-20
0,1,0,-20
10,-11,10,-11
0,-13,0,-2
-13,2,-2,2
0,10,1,-2
-11,0,-11,0
1,-13,1,-2
0,3,0,3
1,-11,2,-11
2,1,2,1
-13,10,-13,10
0,10,-2,-20
10,-11,10,-2
10,-11,-1,0
0,-13,0,-13
-13,-13,-13,-13
-11,10,-11,-20
10,0,-2,-2
10,2,-11,2
1,10,-20,10
2,1,2,1
11,11,11,11
1,-11,1,-11
10,12,-20,-20
10,-13,10,-13
1,-13,2,-13
-13,3,-13,3
2,-13,2,-13
1,0,1,-2
1,-11,1,-2
-11,0,-11,-20
1,1,-2,-20
-11,-11,-11,-11
-11,-11,-2,-11
1,1,1,1
-13,-13,-13,-13
1,-11,1,-11
-13,-11,-13,-2
-13,3,-13,2
1,-11,1,-11
0,2,0,2
1,11,1,-2
-11,0,-11,-2
-13,0,-13,1
10,11,10,-13
11,10,-11,10
1,0,1,0
-11,10,0,10
-13,1,-13,1
1,1,-2,1
1,1,1,1
2,1,-2,1
-11,11,-11,-20
-11,-13,-2,-13
1,2,1,2
1,1,1,1
1,1,1,1
1,11,1,11
-11,0,-11,0
1,1,1,12
11,-13,11,-13
1,1,-2,-2
0,-11,0,-11
11,-13,-20,-13
-11,1,-2,1
1,-11,2,-11
-13,1,-13,1
-11,-11,-2,-2
1,-13,1,-13
-13,10,-13,-20
1,-13,1,-13
0,10,-11,10
-11,10,-2,-2
0,1,0,2
0,-11,0,-11
-13,-13,-13,-13
1,2,1,2
1,-11,1,-11
10,1,-20,1
0,-11,0,1
10,2,-2,2
-13,1,-13,1
-11,0,-2,0
-13,10,-13,-11
-11,12,-11,12
-13,-13,-13,-13
1,-13,-20,-13
-11,0,-2,3
2,-11,2,-2
1,2,1,1
1,11,1,12
1,1,1,2
1,-11,1,-2
-13,1,-13,1
-13,-11,-13,-11
11,10,11,-2
1,2,1,-1
1,1,1,-2
0,-13,0,-13
-13,11,-13,11
-13,-11,-13,-11
-13,0,-13,-20
1,0,1,0
1,-13,1,-2
3,10,3,-20
1,1,1,1
-13,1,-13,1
0,1,0,1
-13,0,-13,-20
-13,1,-13,1
-11,1,-2,1
0,0,0,-2
1,1,1,1
-11,10,-11,10
-11,-13,0,-13
11,0,-2,2
2,10,2,10
0,10,0,10
1,3,1,-2
1,0,1,0
-13,0,-13,0
10,2,10,2
-13,1,-2,1
10,1,10,1
1,-11,1,-11
11,1,12,1
0,-13,-2,-13
1,1,1,1
1,-13,2,-13
1,2,2,-20
2,3,2,3
1,3,-11,4
-13,-11,-13,-11
-13,1,-13,2
-11,1,-2,0
-13,-11,-13,-2
10,10,-13,10
-11,1,-11,1
-13,10,-13,11
1,-11,-2,-11
10,-11,10,-11
1,2,1,3
0,1,-2,1
1,-13,1,-13
1,1,1,1
10,-11,-2,-11
2,1,3,1
-11,-13,-2,-13
10,1,-2,1
-13,-11,-13,-11
1,-11,1,-11
-13,1,-13,1
2,11,-20,11
1,-11,-2,-11
2,-11,-11,-11
1,1,1,1
1,0,2,0
-13,2,-13,2
-13,10,-13,-2
1,1,2,1
-13,-13,-13,-13
0,2,0,2
1,10,1,10
-13,10,-13,10
-13,-11,-13,-11
1,1,-11,1
2,-13,2,-13
-11,-13,-11,-2
1,0,1,0
-11,-13,-11,-13
-13,11,-13,-2
0,0,1,0
1,1,1,2
-13,-13,-2,-13
2,0,2,0
1,0,1,1
-13,-13,-13,0
-11,0,-11,0
1,1,1,2
2,1,2,1
1,1,1,-11
0,1,0,1
-13,1,-13,1
-13,1,-13,-2
-11,1,-11,1
-11,1,-2,1
-13,1,-13,1
-13,-11,-13,-11
1,2,-2,2
-11,1,-11,2
0,0,-2,1
0,-13,0,-13
0,-11,0,-11
1,-11,1,-11
-11,2,-11,2
0,1,-2,2
2,11,-2,11
1,0,1,0
10,2,-2,2
11,0,-11,0
-11,0,-11,-20
10,-11,-2,-2
2,2,2,2
0,1,0,1
1,0,1,0
-11,-13,-2,-13
0,0,0,0
-13,0,-13,0
0,1,0,1
2,-11,2,-2
-11,-13,0,-13
-13,1,-13,1
-13,0,-13,2
-11,2,0,2
-13,11,-13,11
1,10,1,10
-11,1,-11,1
1,0,1,0
-11,1,-11,1
-13,-11,0,-11
0,1,0,1
1,2,-11,3
-11,2,-11,2
0,0,0,0
3,12,3,-20
1,-13,2,-13
10,-13,11,-13
11,1,-2,1
-13,-11,0,-11
11,-11,12,-11
0,-11,0,-11
1,-11,1,-11
0,1,-11,1
2,10,2,-2
-13,2,-13,2
0,0,0,0
10,0,-2,-2
-11,10,-11,10
1,-11,2,-11
10,0,10,0
-11,1,-11,1
10,-11,-2,-11
-11,-11,-11,-11
-13,3,-13,2
-11,0,1,-2
-11,-13,-11,-13
3,0,3,1
2,-11,2,-11
10,1,10,1
-13,1,-13,-11
1,-13,1,-13
11,1,13,1
10,-11,10,-11
0,-13,-11,-13
0,1,0,2
0,1,0,1
0,-13,0,-13
1,0,1,0
11,1,-2,1
-13,-13,-13,-13
1,-13,1,-13
-13,10,-13,10
-11,10,-11,-2
11,10,11,10
1,1,1,-2
-13,-13,-13,-13
-11,2,-11,2
-13,-13,-13,-13
10,0,10,0
0,2,-11,-20
-13,-11,-13,-11
10,10,10,-11
2,0,2,11
1,1,-2,-2
12,1,12,2
0,11,-2,-2
1,-13,1,-13
-11,1,-11,-2
0,0,11,0
10,-13,-2,-13
0,-11,0,-11
0,1,0,1
1,1,1,1
1,-11,1,-11
-11,2,-11,2
1,11,2,-20
-11,11,-2,-2
1,1,1,1
0,2,0,2
10,2,10,2
11,1,11,1
3,1,3,1
10,1,10,-13
-11,1,-11,1
-11,-13,-11,-13
-13,1,-13,1
-11,10,-11,10
11,-11,-2,-11
1,-11,1,-11
1,-13,3,-13
-11,-11,-11,-11
-13,-13,-13,-13
1,-11,1,-11
-11,-11,-11,-11
3,-11,-2,-11
1,2,-20,2
2,1,2,1
2,1,2,1
-11,1,-11,1
1,2,1,2
10,4,-1,-11
0,0,0,0
11,-11,11,-11
1,1,1,1
1,0,1,0
-11,2,-11,2
0,1,-20,1
-11,-11,-11,-11
1,-11,1,-2
11,10,14,10
-13,-13,-2,-2
1,1,-20,1
2,1,-11,2
0,0,-2,0
1,11,1,-2
1,1,1,1
-13,2,-13,2
-13,-13,-13,-13
-13,-11,-13,-11
1,1,1,1
0,1,-2,-11
-11,-11,-11,-11
2,2,1,2
1,1,1,1
1,2,1,2
0,-13,0,-13
-11,-11,-11,-11
-11,-13,-11,-13
10,0,-11,0
1,0,-11,0
1,-13,-2,-13
1,-13,1,-13
1,1,2,1
-11,-11,-11,-11
1,2,1,2
-11,2,-11,2
-11,10,-11,10
0,-13,0,0
3,-11,3,-11
-13,-11,-13,-11
1,1,1,1
0,1,-20,1
-13,10,0,-2
-11,11,-2,11
0,-11,0,-2
1,0,2,0
10,1,10,1
0,2,0,-2
-11,-13,-2,-13
11,-13,-13,-2
0,2,0,2
3,2,3,-13
-11,1,-11,-11
1,-11,1,-11
-13,-11,-13,-11
1,1,1,1
11,0,-2,0
10,-13,-11,-13
1,10,-2,1
-13,-13,-13,0
10,1,11,-11
10,-11,2,-11
1,-11,1,-2
2,1,1,1
1,2,-2,2
-13,-11,-13,-11
1,10,2,-13
0,-11,0,-11
-11,1,-11,1
0,1,0,-20
1,0,1,-2
-11,1,-2,1
1,1,-2,2
0,10,0,10
0,0,-2,-13
0,2,0,2
2,1,2,1
0,-13,-20,-13
-11,2,-11,2
-13,0,-13,0
1,-13,1,-13
2,-11,1,-2
0,-13,0,-2
-13,1,-13,1
-13,0,-13,0
1,-11,1,-11
-11,2,-11,-2
0,-13,0,-13
1,1,1,-11
2,-11,2,-11
10,-11,11,-11
-13,0,-2,0
-11,0,-11,0
11,1,-2,1
2,-13,-2,-2
0,10,0,-2
2,-11,1,-11
-13,1,-2,1
-11,1,-11,1
-13,-13,-13,-13
1,1,-20,1
11,1,-2,1
0,1,0,0
-11,-13,-2,-2
0,-11,0,-11
10,1,-2,1
-11,10,-11,10
10,10,10,-2
-11,0,0,0
1,1,1,1
-13,-11,-13,1
-11,-11,-11,-2
-11,2,-11,3
-13,10,-13,10
12,-11,-1,-11
0,2,0,2
1,-11,1,-11
-11,1,-2,-2
1,1,1,-20
0,10,0,10
10,-13,-2,-13
-11,-11,-11,-11
0,2,0,2
1,10,1,11
0,0,0,0
1,-11,1,-11
0,1,0,1
10,1,10,1
2,2,1,2
10,-11,10,-11
10,1,-20,1
10,-11,-2,-11
2,-11,2,-11
11,-11,-11,-11
2,10,2,10
1,-13,2,-13
0,1,0,1
-11,-13,-11,-13
-11,0,-11,0
-13,-13,-13,-13
-11,3,0,3
1,1,1,1
1,-13,1,-13
11,1,11,1
-13,10,-13,10
1,0,1,1
0,1,0,1
-11,-13,-11,-13
1,-13,1,0
0,2,0,2
11,-13,12,-13
1,1,1,1
3,1,-2,1
1,1,1,1
-11,0,-11,-20
0,11,0,11
1,0,-2,1
2,0,-2,0
11,-13,12,-13
-13,1,-13,1
-13,-13,-13,-13
1,-11,1,-11
0,10,0,-2
1,1,1,1
0,10,4,11
2,10,2,10
-11,-11,-2,-2
1,1,-2,1
10,1,10,1
1,1,1,1
-13,1,-13,1
1,-13,1,-13
1,10,1,10
-11,10,-11,-2
0,2,0,2
10,11,10,13
-13,-13,-13,-2
1,-13,1,-13
-11,2,-11,3
2,1,1,1
-11,1,-11,-2
11,10,12,10
-11,1,-11,-11
-11,2,-11,-2
1,0,1,0
0,-11,0,1
-13,-13,-13,-13
2,-11,1,-11
-11,-13,1,-13
-13,-13,-13,-13
-11,2,-11,2
-11,-13,-11,-13
2,11,2,11
10,1,-2,-20
-11,2,-11,3
-11,-13,-11,-13
-13,-13,-2,-13
10,11,-2,11
-11,1,-11,-2
1,0,1,-20
0,1,-2,-11
-11,10,-11,10
11,11,-20,11
-13,2,-13,2
-13,0,-2,-2
1,10,2,-2
-11,10,-11,11
0,2,0,2
0,-11,0,-11
1,1,2,1
-13,1,-13,1
0,11,0,-2
2,-13,2,-13
1,0,-2,0
0,0,-2,1
0,1,0,11
1,10,1,-2
10,0,-2,-20
0,1,0,0
1,1,1,2
2,1,-20,1
-11,10,-2,-20
1,10,1,-2
-11,1,-11,1
1,-13,1,-13
11,10,-1,10
10,-11,10,-11
-11,1,-11,1
11,1,11,1
1,-11,2,-11
-11,11,-2,11
-13,10,-13,10
1,1,1,1
-11,-11,-11,-11
0,1,0,-11
1,-11,1,0
0,-11,0,-11
0,-13,0,-13
-13,-11,-13,-11
-11,1,-11,-2
2,1,2,2
11,1,-2,1
1,-11,1,-11
-11,-11,-11,-11
12,1,12,-2
-13,-11,-13,-11
0,0,1,0
-11,0,-11,-2
2,-11,2,-11
-11,1,-11,-13
10,1,10,1
1,-13,1,-13
-11,0,-11,0
10,-11,10,-11
11,2,11,1
10,-13,-13,0
-13,1,-13,1
-11,0,-11,-20
-11,-13,-11,-13
-11,-13,-11,-13
2,11,2,11
0,-11,0,-11
10,-11,10,-11
-11,10,-11,-2
0,2,-20,2
1,1,1,1
2,-13,-11,-13
-11,10,-11,-11
-11,1,-11,-2
1,1,1,-2
1,-13,1,-13
-13,0,-13,0
-11,2,-2,2
-11,-13,-11,-13
10,1,-2,-2
1,2,1,2
0,0,0,0
1,-11,-2,-11
-13,-11,-13,-11
-13,-11,-13,-11
1,10,1,10
-11,1,-11,1
11,1,-2,1
-11,1,-11,0
11,-11,11,-11
2,-11,2,-11
0,-11,1,-2
2,10,2,-11
2,0,2,0
-13,-11,-13,-11
-11,1,-11,-2
-13,2,-2,2
1,-13,1,-13
10,1,10,1
-13,1,-13,1
10,1,10,1
2,10,2,10
1,1,1,1
-13,3,-13,3
0,1,0,1
-11,2,-2,2
1,0,-11,0
1,1,-2,1
1,11,2,11
0,-11,0,-11
2,1,2,-11
-11,1,-11,1
10,1,10,2
1,2,1,2
1,-11,2,1
1,10,0,10
2,-11,2,-11
2,-13,2,-13
10,-13,11,-13
-13,-11,-13,-11
-11,2,-11,-11
1,2,1,2
1,-11,1,-11
-11,-13,-11,-13
-11,-11,-11,-11
-13,1,-13,0
1,1,1,1
2,1,1,1
-11,1,-11,-13
1,-13,1,-13
1,0,-13,0
1,1,1,1
3,1,2,3
1,-11,1,-11
-13,10,-13,10
0,10,0,10
-13,1,-13,1
1,-11,1,-11
-13,1,-13,1
-11,-13,0,-13
10,-13,-2,-13
-11,10,-11,-20
1,1,1,1
0,1,0,-2
-11,0,-11,0
1,2,1,2
1,0,1,-20
10,0,10,0
-13,-13,-13,-13
2,11,-11,11
1,1,-2,1
1,-11,1,-11
-13,-13,-13,0
11,0,-13,0
-13,11,-13,-2
2,0,2,0
0,1,0,1
-13,1,-13,1
0,10,0,1
-11,10,-11,-20
10,1,10,1
-11,-11,-11,-11
1,-11,1,-11
-13,1,-13,1
10,2,-20,2
1,-13,-2,-13
11,-1,11,-1
2,0,2,0
1,11,1,-2
-13,-13,-13,-13
2,-13,-2,-13
2,1,2,2
-11,-13,-11,-13
-13,1,-13,1
1,1,1,-20
1,-13,1,-13
0,-11,-20,-11
-11,0,-11,0
-13,2,-13,2
-13,1,-13,2
0,-13,0,-13
0,2,0,2
2,-13,-2,-2
2,-13,1,-13
1,0,1,0
-13,-11,0,-11
-13,-11,-13,-2
-13,-11,-13,-11
10,0,10,0
-11,1,-11,-2
10,-11,-2,-11
10,2,-11,2
1,1,1,-20
1,10,1,-20
0,-13,1,-13
0,11,0,12
11,-13,-2,-13
0,-11,0,-11
1,1,1,2
1,0,1,0
-13,0,-13,0
10,1,10,1
1,-11,-11,-11
10,10,10,11
10,0,10,0
2,0,3,0
0,11,-1,-11
-11,-11,-11,-11
0,-11,0,-11
0,-11,0,-11
-11,11,-2,1
0,1,0,-2
-13,11,-13,11
0,1,0,1
1,1,1,1
1,1,1,1
1,0,2,0
1,1,-20,0
-13,3,-13,3
-13,1,-13,-2
0,2,0,2
-11,4,-11,4
0,1,0,1
1,-13,1,-13
-13,0,-13,0
0,-13,0,-13
1,-13,1,-13
10,0,-2,0
10,2,10,2
10,-11,11,-2
-11,-13,-11,-13
12,10,-11,-20
1,1,1,1
1,-11,1,-11
2,10,-11,-2
1,-11,0,-11
-11,1,-11,1
1,2,-11,2
-13,10,0,10
0,1,0,1
10,10,-2,10
-11,-11,-11,-11
-13,-11,-13,-2
0,-11,0,-11
1,1,1,1
1,-11,1,-11
-11,1,-11,-2
1,1,1,-11
3,2,2,2
-11,0,-11,-2
-13,2,-13,2
0,10,0,1
1,-11,1,-11
1,0,1,0
-13,-13,-13,-13
10,-11,10,-11
10,10,10,10
-13,-11,-13,-11
1,10,2,10
2,10,2,-20
1,-11,-2,-11
10,-11,10,-11
2,10,2,-20
-13,10,-13,-11
-13,10,-13,10
-11,1,-11,1
1,-13,1,-13
-13,2,-13,-11
0,0,0,0
1,-13,1,-13
1,2,1,2
10,1,-20,1
0,11,0,12
1,0,1,0
-13,-11,-13,-11
10,-11,-20,-2
1,-11,1,-11
-13,1,0,1
-11,2,0,2
-13,-11,-13,-11
-11,0,-11,-20
-11,-13,-11,-13
-11,0,-11,0
-11,1,-11,1
-13,-13,0,-13
0,10,0,10
-11,1,-11,1
0,-11,-20,-11
-13,0,-13,1
-13,1,-13,1
-13,-13,-13,-13
10,0,-2,0
11,1,-2,1
2,-11,2,1
1,1,1,1
1,-1,1,-2
1,2,1,2
-11,-13,-2,-13
2,1,2,-11
-13,1,-13,2
0,-11,0,-11
1,-11,1,-11
-11,-13,-11,-13
-11,-11,-2,-11
-11,10,-11,-2
1,0,1,0
-11,-11,-11,-11
-11,10,-11,10
1,-11,-2,-11
2,1,2,1
1,1,1,1
0,0,0,0
1,1,1,1
10,10,-2,-2
-11,1,-2,2
1,-11,1,-2
10,1,10,1
0,1,-2,-20
0,1,0,1
1,1,1,1
-11,2,-2,-2
-11,-13,-11,-2
1,1,2,1
10,0,-2,-20
-11,2,-11,2
1,0,1,0
1,-13,1,-13
-11,2,-11,3
-11,1,-11,0
-11,2,-11,3
1,1,-11,1
0,2,0,2
0,0,0,0
10,-11,10,-11
-11,1,-2,1
0,-13,-2,-2
1,2,1,1
-13,-11,-13,-11
1,-13,1,-13
-13,1,-13,1
-11,1,-11,1
-13,-11,-13,-11
-13,11,-13,-13
1,-13,1,-13
1,1,1,2
1,1,1,1
1,-11,1,-11
-11,2,-11,2
10,-11,10,-2
-11,0,-11,0
-11,1,-11,1
-11,-11,-2,-11
-11,-13,-11,-13
10,-11,10,-11
1,1,1,-11
10,2,0,2
-11,1,-11,-11
10,0,10,-20
10,1,-2,1
-13,-13,-13,-2
11,-11,11,-11
-13,2,-13,2
-13,-11,-2,-2
1,-13,1,-13
-11,1,-11,1
1,1,1,1
1,1,-2,-2
1,-11,1,-11
-11,-13,-11,-13
0,1,0,1
1,2,1,2
-13,0,-13,0
1,-11,1,-11
1,1,2,2
-13,0,-13,0
-11,1,-11,2
-13,1,-13,-2
1,1,1,1
0,1,0,1
-13,0,-13,0
-13,-13,-2,0
1,-11,1,-11
10,-13,12,-13
1,1,-13,1
2,1,2,1
-13,11,-13,11
-11,1,-11,1
0,1,-20,-2
0,1,0,0
-11,-13,-2,-13
11,-13,11,0
10,0,-2,-13
0,-11,0,-11
0,-11,0,-11
-13,2,-13,2
10,-13,10,-13
10,-11,10,-11
0,1,0,1
10,0,-2,0
1,1,1,1
-11,-13,-11,-13
1,2,1,1
10,0,10,0
0,-13,0,-2
0,-11,0,-11
0,-13,0,-13
-11,1,-2,-2
-1,10,-11,-20
0,1,0,1
-11,1,-2,1
1,11,1,11
1,2,1,3
1,-11,-2,-11
11,10,2,10
11,2,11,2
10,-13,-20,-13
1,11,1,13
1,0,1,-2
1,2,1,1
3,1,-11,2
2,-13,2,-13
1,-11,2,-2
-11,0,-11,0
1,-11,1,-11
1,10,-20,10
-13,0,-13,0
1,-13,1,-13
-11,-11,-2,-11
-13,-13,-13,-13
0,0,0,1
3,-11,-2,-11
10,10,10,10
1,1,1,1
2,-11,2,-11
-13,-13,-13,-13
10,1,10,-2
-13,-11,-13,-11
-13,-13,-13,-13
-13,2,-13,2
-11,2,-2,2
11,0,11,0
-11,-11,-2,-11
-11,0,-2,0
0,-11,0,-11
10,0,10,-2
2,10,-1,-2
-13,1,-13,1
2,-11,-2,-11
-13,-13,-13,-13
-13,1,-13,-2
-13,1,-13,1
0,0,0,-2
2,0,2,0
1,1,1,1
-13,10,-13,10
1,-13,1,-13
-11,10,-11,-20
-13,-13,-13,0
1,0,1,0
-11,-11,-11,-11
0,0,0,0
0,0,0,0
10,-11,10,-11
-11,11,-11,-2
0,-13,-2,-13
0,1,0,-20
-13,1,-2,-11
2,0,2,0
0,-11,0,-11
-13,1,-13,2
1,-11,1,-11
11,0,-2,-20
0,-13,0,-13
1,0,1,0
-11,-11,-11,-11
-13,-13,-13,-13
2,1,-11,1
-13,3,-13,-20
10,-11,-2,-11
1,-11,1,-11
2,0,2,0
0,-11,2,-11
1,1,2,1
-13,-13,-13,-2
1,0,1,0
0,-11,-20,-11
-11,-11,-11,-11
10,-11,-11,-11
1,10,1,-2
1,-13,1,-13
-11,10,1,10
-11,1,-11,1
-13,1,-13,1
-11,0,-11,0
-11,1,-11,1
1,1,1,1
-11,1,-11,1
-13,10,-13,-2
1,-11,-2,-2
1,10,1,10
-11,1,-11,1
-13,0,-13,-2
1,1,-2,1
0,2,0,2
-13,0,-13,0
-13,10,-13,10
-13,-13,-13,-13
-13,-11,-13,-11
10,-13,10,-13
11,1,-20,1
-11,1,-11,2
1,1,1,1
-13,-11,-2,-11
-13,1,-13,1
-13,-11,-2,-11
1,0,-13,0
1,1,1,1
-13,10,-13,-2
0,-11,-2,-1
-11,2,0,2
2,0,2,0
-11,0,-11,0
0,1,0,1
1,-13,-2,-13
0,-11,0,-11
-11,1,-11,1
1,-13,2,-13
0,-11,0,-11
-13,1,-13,1
-11,11,-11,11
-13,0,-13,0
0,10,0,-2
1,-11,-2,-11
-13,0,-13,-2
1,1,1,1
10,10,10,10
-11,1,-11,1
2,0,2,-2
0,-11,0,-11
1,2,1,2
-13,-11,-13,-11
0,1,1,1
1,-11,1,-2
2,-11,3,-11
0,0,1,-2
0,3,0,-11
10,-11,-2,-2
-11,1,-11,1
1,-13,1,-13
1,1,-2,0
2,-13,2,-13
1,1,1,1
-13,0,-13,0
11,1,-2,2
0,-11,0,-11
10,1,-11,-11
-13,-13,-13,-13
10,2,0,1
-13,-13,-13,-13
-11,1,-11,1
10,-13,-2,-13
1,-11,1,-2
-13,1,-13,-11
1,-11,1,-11
-13,2,0,2
11,10,11,-2
-13,-13,-13,-13
-13,1,-13,1
-11,-11,-11,1
-13,-13,-13,-13
-13,-13,-13,-13
-13,10,-13,10
0,-11,0,-11
2,0,2,0
11,-11,12,-11
-13,1,-13,1
2,-11,2,-11
2,2,3,2
11,-13,-2,-2
1,11,-2,-20
10,2,-2,-1
2,1,-2,1
1,1,1,1
10,-11,-2,-11
10,-13,-20,-13
0,1,0,1
2,-11,2,-11
1,2,-2,-20
10,-13,10,-13
-13,1,-13,1
-11,1,-11,1
10,-11,-2,-11
2,2,3,2
-11,-13,-11,-13
1,0,-20,0
10,1,-20,1
-13,0,-13,-11
-13,1,-13,1
-11,0,-11,0
-11,-13,-11,-2
0,1,0,1
1,-13,1,-13
0,-13,0,-13
1,1,1,0
-11,-13,-2,-2
-11,11,-11,11
-11,1,-11,-2
0,0,2,0
0,-11,0,0
-11,10,-11,-1
-11,-11,-2,-11
1,-13,1,0
12,11,12,-2
10,1,10,1
1,1,-2,1
1,1,1,-2
-11,-11,-11,-11
1,10,1,-20
2,2,2,-2
10,10,-20,2
12,-13,-20,-13
-11,-11,-11,-11
1,10,1,10
-11,0,-11,0
10,-13,-13,-13
10,-11,10,-2
2,-13,2,-13
0,-11,0,-11
1,1,-2,2
-13,1,-13,-11
1,-13,1,0
1,-11,1,-11
1,1,1,1
-11,1,-11,1
10,10,-11,10
1,-11,1,0
12,1,-2,1
1,1,1,-2
2,2,2,2
-13,1,-13,1
-13,2,-13,2
10,-13,-2,-13
-11,2,-2,-2
1,-13,1,-13
-13,1,-13,-11
1,2,1,1
1,1,1,4
1,0,1,0
1,1,1,-11
-11,-11,-11,-11
1,10,1,10
-11,-11,-11,-11
2,-13,2,-13
-11,0,-11,0
1,-13,1,-13
0,-11,-2,-11
-11,1,-11,-2
10,10,10,-20
2,0,1,0
1,10,2,10
2,10,2,10
2,-13,2,-13
-13,11,-13,11
0,-11,0,-11
-13,-13,0,-13
1,-13,1,-13
1,-11,1,-2
0,1,0,1
1,-13,-2,-13
1,10,1,10
-13,-11,-13,1
-11,0,-11,0
-11,2,-11,2
1,1,1,2
1,0,1,0
0,1,0,-20
1,11,1,-11
1,0,1,0
-11,-11,-11,-2
1,1,1,1
10,-13,10,-13
-11,-11,-2,-2
1,10,2,10
11,0,-2,0
-13,10,0,10
-13,-13,-13,-2
10,11,10,12
-13,10,-13,10
12,1,12,1
2,0,2,0
2,-11,2,-11
1,1,-11,1
-11,2,-11,3
-11,11,-11,-2
11,1,11,1
0,2,0,2
1,2,-2,3
-13,-11,-13,-2
1,-13,1,-13
11,-11,-11,-11
2,3,2,2
1,1,1,1
-13,10,-13,10
1,1,2,0
2,-13,2,-13
10,10,-20,10
1,-13,0,-2
-11,10,-11,-2
1,-11,2,-11
1,-11,1,-11
0,-13,0,-13
-13,10,-13,-2
10,-11,10,-11
0,2,0,2
2,-11,-13,-2
-11,1,-2,1
-13,2,-13,2
1,12,1,12
1,-11,2,-11
3,0,3,0
-11,0,-11,0
-11,11,-11,1
-13,-13,-13,-13
10,2,-20,2
10,1,-20,1
1,10,-2,-2
0,1,0,1
11,10,11,-20
-11,1,-2,-2
1,-11,1,-11
0,2,0,2
-13,-11,-13,-2
-13,-11,-13,-11
1,-13,1,-13
-11,0,-11,0
2,1,1,1
11,1,12,-2
2,0,2,0
1,-11,1,-11
-11,-13,-2,-2
-13,11,-2,-2
1,-13,1,-13
10,1,10,1
-13,10,-13,-2
10,-13,10,-13
10,10,10,10
0,1,0,-11
0,0,0,0
-11,1,-2,2
-13,1,-13,1
-11,1,0,1
-13,11,-2,-2
1,2,1,1
0,-11,-2,-11
10,0,10,0
-13,-11,-13,-11
0,-11,-2,-11
0,0,0,-20
11,2,11,2
11,11,12,11
-13,-11,-13,-11
0,-13,0,0
1,-13,1,-13
0,1,1,1
-11,1,-2,1
-13,-11,-13,1
1,0,0,1
1,0,1,0
0,-13,-2,-13
1,-11,1,-11
-11,10,-2,-2
-13,0,-13,0
1,-11,1,-11
1,10,1,-2
-13,3,-13,-2
-11,11,-2,-2
-13,-11,-13,1
1,10,1,-2
1,1,-11,1
2,0,1,0
11,1,11,1
2,0,2,0
1,-13,3,-13
0,2,0,-20
2,0,2,-11
-13,0,-13,0
1,-11,2,-11
2,1,2,1
1,0,1,0
-11,-11,-11,-11
-13,1,-13,1
1,4,1,-13
1,0,1,0
10,12,-2,-1
-13,10,0,11
0,1,0,1
1,1,1,1
0,2,0,1
-13,1,-13,1
1,0,-20,-20
-11,0,-11,-20
1,-13,1,-13
11,0,11,0
3,0,3,0
1,11,1,-2
10,-13,-2,-13
-11,-13,-2,-13
-13,11,-13,-13
-13,-11,-13,-11
0,1,0,-11
-13,-13,-13,-13
2,2,2,-2
1,0,1,0
2,-13,2,-13
-11,1,-11,1
11,1,11,1
-13,1,-13,-2
11,2,11,3
-11,-13,-11,-2
-11,-11,-2,-11
1,0,1,0
-11,1,-11,1
1,0,2,0
1,-11,1,-11
11,-13,11,-13
1,-11,1,-11
0,10,-20,10
1,1,1,1
10,10,10,-2
1,-11,1,-2
1,2,1,2
-13,1,-13,1
1,-11,2,-11
-11,1,-11,1
1,2,2,2
10,1,-2,1
1,-11,-11,-11
-13,0,-13,0
-13,2,-13,-2
0,-11,-2,-2
-13,0,-13,0
0,1,0,1
0,2,0,2
11,-13,11,-13
10,1,10,2
1,-11,1,-11
1,2,3,2
-11,-13,-11,-13
2,-11,3,-11
-13,0,-13,0
-11,10,-11,10
10,-13,10,-13
1,-13,0,0
10,1,10,1
-13,2,-13,2
1,-11,1,-11
-11,0,-11,0
10,1,-20,1
1,11,1,-2
-13,1,-13,1
-11,2,-2,3
1,0,1,0
-13,-13,-13,-13
-13,0,-13,-20
1,10,1,10
-13,-13,-13,-2
1,-11,1,-11
-11,10,-11,-2
10,-13,10,-13
1,2,1,2
-11,1,-11,1
-11,2,-2,2
1,1,-11,2
1,1,1,-2
-11,1,-11,1
-11,2,-2,2
0,-11,0,-11
1,1,1,1
11,-13,-2,-13
-11,-13,-11,-13
1,-13,1,-13
-13,-11,-13,-11
0,-13,0,-13
1,0,1,0
2,-11,2,-11
11,-11,-1,-11
-13,-13,-13,-2
-11,2,-11,-11
1,-11,-11,-2
1,11,1,11
2,-13,2,-13
-13,-13,-13,-13
10,1,10,1
1,2,1,2
-11,1,-11,1
-11,11,-11,11
10,-11,10,-11
0,0,-20,0
10,-11,10,-11
1,-11,-11,-11
10,1,10,-2
-13,10,-13,-13
1,1,2,1
1,3,1,3
3,0,-11,0
-11,2,-11,2
1,1,1,-2
1,1,-2,1
-11,-13,-11,-13
10,10,10,-2
1,0,2,0
-13,1,-13,1
10,-13,-13,-13
1,1,1,1
-11,1,-11,1
-13,1,-13,1
1,-11,-2,2
1,-11,1,-2
-13,3,-13,-20
1,2,1,2
1,-11,1,-11
-11,10,-2,-1
-11,0,-11,-20
-13,-13,-13,-13
2,1,2,1
10,0,-20,0
1,-13,1,-13
1,11,1,11
1,10,1,-11
0,1,0,1
11,-13,11,-13
-13,0,-13,0
1,2,1,2
4,-11,4,-11
1,2,2,-11
10,0,-20,0
-11,-11,-11,-11
1,10,1,10
1,0,1,0
2,-13,2,-13
2,-11,2,-11
1,-13,2,-2
2,-11,2,-11
-11,11,-11,11
-11,-11,-11,-2
2,-13,-20,-13
-13,-11,-2,-11
-13,0,-13,0
-13,0,-13,0
1,11,1,11
10,1,-2,1
-11,1,-11,-20
1,11,1,-11
0,-11,0,-11
-13,-11,-13,-11
0,0,-20,0
0,1,-13,1
3,-11,-2,-11
1,10,1,-2
0,10,0,10
3,0,3,0
1,1,1,1
10,1,-2,1
1,-13,1,-13
11,0,12,0
-13,1,-13,-2
11,-11,11,-11
1,-11,1,-11
1,0,-2,0
1,2,1,1
0,-13,0,-13
2,11,-2,-2
-11,1,-2,1
1,1,2,1
2,0,-2,-2
-13,2,-13,2
1,11,1,13
0,1,-20,1
0,-13,0,0
2,10,2,10
-11,-11,-11,-11
1,0,1,0
-11,1,-11,1
1,11,1,-11
-11,-13,-2,-13
12,11,11,-20
11,-13,11,-13
1,2,1,2
1,1,1,1
1,-11,1,-11
-13,-13,0,-13
1,-13,1,-13
1,-11,1,-11
-11,0,-11,0
-11,0,-11,-2
11,1,-2,-20
1,0,1,0
10,-13,10,-13
1,0,1,0
11,10,11,10
-13,1,-13,1
1,1,1,1
2,-11,2,-11
-13,10,-13,10
1,-11,1,-11
-13,0,-13,3
2,-11,-2,-11
1,-11,1,-11
-13,1,0,1
-11,1,-11,1
1,-11,-20,-2
-11,-13,-11,-13
-11,-11,-11,-11
1,2,1,2
-13,1,-13,2
0,-11,0,-2
-11,1,2,-13
1,10,2,10
-11,1,-2,-20
-11,-13,-11,-13
2,10,2,10
-13,-11,-13,-2
1,10,1,10
10,0,-2,0
-11,2,-11,2
1,1,1,1
2,-13,-13,-13
1,-11,1,-11
10,0,10,0
-11,0,-2,0
-13,0,-13,0
10,0,10,0
1,-13,-2,-13
-13,10,-13,10
-11,-11,-11,-11
1,-11,1,-11
1,-11,1,-2
2,-11,2,-11
2,10,2,11
0,-13,0,-13
-11,2,-11,2
11,-11,11,-11
-13,-13,-13,-13
10,1,-11,1
2,-13,2,-13
10,-11,-2,-11
10,2,10,2
-13,-11,-13,-11
0,-11,0,-11
-13,1,-13,1
-13,11,-13,11
1,-13,1,-13
2,-13,3,-13
0,10,0,11
1,10,1,10
10,-13,10,-13
-13,1,-13,1
10,-11,-20,-11
11,-13,-20,0
1,-11,1,-11
11,-11,-2,-11
10,1,10,-20
-11,-11,-11,-11
1,11,-2,1
1,2,1,2
1,-11,1,-11
2,11,-2,-20
1,2,-2,2
0,11,0,-2
2,-11,-13,-11
1,1,1,1
-11,-13,-2,-13
-11,0,-11,0
-11,2,-11,2
-11,1,-11,3
-11,0,-11,0
10,0,-2,0
-11,0,-11,0
2,-13,3,-13
-11,-11,-11,-11
-13,1,-13,1
1,-11,1,-2
-11,-13,-2,1
-11,10,-11,10
1,-13,1,-13
2,1,2,1
2,0,2,0
2,1,2,2
-13,-13,-13,-13
3,1,-11,1
1,10,2,-20
-13,0,-13,0
2,0,2,0
1,1,-13,1
-11,-11,-2,-1
-11,-13,-11,-13
0,1,0,1
1,-11,1,-11
-13,10,0,-20
-11,11,-11,-2
2,-13,2,-13
0,11,-2,11
-11,2,-11,2
-11,0,-11,-13
0,-11,-2,-11
10,10,-2,-2
2,1,1,2
2,-11,1,-11
-13,1,-13,1
10,10,-1,10
1,1,1,1
-11,1,-11,1
2,-13,2,-13
-13,11,-13,11
2,0,2,0
1,1,1,1
2,1,2,1
-11,-13,-11,-13
2,0,1,0
2,-11,2,-2
0,0,0,0
10,-11,10,-11
1,-1,1,-2
-13,-11,0,-11
-13,-11,-13,-11
-13,0,-13,0
-11,1,-11,1
-11,1,-11,1
0,1,0,2
1,-13,1,-13
10,0,10,0
-13,-13,-13,-13
0,1,0,1
-11,-13,-11,-13
2,-11,-11,-11
0,-13,0,-13
-13,2,-13,2
-11,1,-11,1
0,-13,0,-13
0,-11,2,-11
-11,10,-11,-20
11,-11,-2,-2
1,-13,1,-13
2,1,1,1
1,-13,-2,-13
-11,10,-11,10
1,1,1,1
-11,1,-11,1
-13,0,-13,0
-13,1,-13,1
1,1,1,1
1,-13,1,-13
0,1,0,-11
1,12,1,12
1,11,1,11
10,10,10,10
1,1,1,1
2,-13,2,-13
-11,-13,-11,-13
2,1,2,1
1,-13,1,0
-11,-13,-2,-13
2,1,2,1
0,-13,0,-2
0,-13,0,-13
0,0,0,1
11,0,12,-2
0,0,0,0
11,-13,11,-13
-13,-11,-2,0
2,-11,1,-11
-11,-11,-11,-11
-13,10,-13,-11
0,0,0,0
10,1,10,1
-13,-13,-13,-13
1,-13,1,-13
10,1,10,-2
2,1,2,1
0,10,0,10
1,0,-2,-2
-13,1,-13,1
1,1,-2,-20
11,0,10,0
-11,-11,-11,-11
11,-13,-2,-13
1,-11,0,-11
2,1,2,2
-11,-11,-11,-11
-13,1,-2,-2
2,-13,2,-13
10,0,-20,-13
0,-13,0,-13
-11,1,2,1
0,1,0,1
-11,-11,-2,-11
3,-11,2,-2
10,0,-11,0
1,1,3,1
-11,0,-11,0
1,0,2,-20
11,0,-20,0
1,-13,1,-13
1,1,1,-2
11,1,-11,1
0,-13,0,-13
10,0,-2,0
0,2,0,2
1,0,1,3
11,10,-2,10
1,10,1,-2
1,1,1,1
-11,0,-11,0
-11,1,-11,1
1,-11,-2,-11
11,2,11,-20
1,-11,-1,-11
-13,1,-13,2
-13,-13,-13,-13
-11,1,-2,1
-13,-13,-13,0
1,1,1,1
0,-11,0,2
1,10,1,-2
1,10,-13,10
-13,0,-13,-2
1,1,-2,1
1,10,-11,10
1,1,1,1
11,0,-2,0
0,1,0,1
-13,0,-13,-20
1,1,-2,-2
10,2,-20,2
1,2,1,2
1,-13,1,-13
2,1,2,-11
-13,1,-13,1
-11,0,-11,-20
10,-13,-2,-13
2,11,2,-11
-13,-11,-13,-11
1,1,1,1
1,1,1,1
-11,-13,-11,-13
-11,1,-2,-2
2,-13,2,-13
1,1,1,1
2,-11,-2,-2
1,0,1,1
-13,11,-13,11
0,-13,0,-13
2,1,2,-2
1,-11,1,-11
2,0,2,0
10,1,-20,1
1,-11,1,-11
10,0,-1,0
1,1,1,1
1,2,1,2
-13,1,-2,1
1,10,1,-2
-11,1,-11,1
-13,-11,-13,-11
-13,-13,-13,-13
1,12,1,12
1,11,1,11
0,1,0,2
2,2,-2,2
10,1,10,-20
-11,2,-2,2
-11,-11,-11,-11
0,-11,-20,-11
-11,10,-11,-11
1,1,1,1
-11,-13,-11,-13
-11,-11,-11,-11
-13,-11,-13,0
-13,10,-13,10
1,-11,1,-11
11,-11,11,-2
-11,1,-11,0
2,-13,3,0
1,10,1,10
2,-13,2,-13
2,1,2,1
11,-11,11,-11
-13,-13,-13,-13
10,2,-2,3
-13,10,-13,12
-13,-13,-13,0
-13,-13,-13,-13
1,1,-2,1
-13,2,0,2
1,0,0,0
-11,1,-11,2
-11,1,-11,-11
-11,1,-11,1
11,0,12,-20
-11,1,1,1
-11,-11,-11,-11
0,0,0,0
1,-11,-11,-11
0,-11,0,-11
-13,-13,-13,-13
2,-13,2,-13
1,1,2,2
10,-11,-2,-11
-11,0,-11,0
-11,-13,-11,-2
-13,-11,-13,-11
1,3,1,3
-13,-13,-13,-13
3,-13,3,-13
2,3,2,2
-13,1,-13,1
1,-13,1,-13
-13,1,-2,-2
-13,-13,-13,-13
10,0,10,0
-11,-13,-2,-13
3,-13,-2,-13
-13,0,-13,0
-13,-11,-13,-11
0,10,1,-20
-11,0,-11,-2
2,0,2,0
1,-11,1,-11
1,3,1,3
-13,1,0,1
-11,2,-11,2
11,1,12,1
1,1,1,1
-13,2,-13,2
1,1,1,1
10,-11,-20,-11
-13,1,-13,1
0,1,0,1
0,1,0,1
1,0,1,0
0,11,-11,-11
1,10,1,10
1,-13,1,-13
10,1,-2,-20
1,1,1,1
-11,-11,-11,-11
11,-13,-20,-13
11,-13,11,0
0,2,0,2
2,-11,2,-11
-13,1,-13,1
1,0,1,1
-13,12,-2,-2
-13,-11,-13,-2
0,-13,-20,-13
0,-11,0,2
10,1,-2,1
11,-13,-11,-13
-11,-11,-11,0
-11,-11,-11,-2
-11,12,-11,13
-11,1,-2,1
1,1,1,-2
0,1,-11,1
-13,0,-13,0
11,-13,11,0
-13,10,-2,-2
2,-13,2,-13
10,0,10,0
1,2,1,2
-13,11,-13,-13
2,-13,2,0
-11,2,-11,-13
1,0,1,0
-13,11,-13,11
1,1,-11,1
1,1,1,1
1,2,1,2
11,1,-2,-2
2,11,2,11
-11,1,-11,1
1,0,1,0
1,2,1,2
1,0,1,0
2,-11,1,-2
1,1,1,1
10,10,-20,12
1,2,1,-11
2,1,-2,2
10,1,-2,1
-13,2,-13,3
2,-13,2,-13
-13,1,-13,1
1,-13,1,-13
10,-13,10,-13
-13,-11,-13,-11
2,1,2,1
2,-11,2,-11
-13,1,-13,1
1,1,-2,1
-13,2,-13,2
1,2,1,2
-11,2,-11,2
2,2,4,-11
0,-13,0,-2
-13,11,-13,11
1,0,1,0
3,1,3,0
-13,-11,-13,-11
2,10,2,-2
-11,2,-11,2
1,1,1,-2
-11,-13,-11,0
0,10,-20,10
0,1,-20,1
-13,2,-13,1
1,1,1,1
1,1,-2,1
-13,2,-13,2
-11,2,-11,2
0,1,0,1
-11,1,-2,1
-13,1,-13,1
1,-11,1,-2
1,10,1,10
0,11,-2,-2
10,-11,10,-11
-11,-13,-11,-13
1,2,1,2
-13,1,-13,2
1,1,1,1
-13,-13,-13,-13
10,10,10,10
1,0,1,1
-11,1,-11,1
-11,-13,-11,-13
0,-11,0,-11
1,1,1,1
1,10,1,-2
1,1,1,1
1,1,1,2
1,1,1,1
-11,1,-11,1
0,10,0,10
0,10,0,10
-13,-11,-13,-11
-13,10,-2,-20
0,1,0,1
-13,-13,0,-13
10,0,10,0
0,-11,1,-11
2,10,-11,-2
-13,10,-13,10
-13,-11,-13,-11
0,10,0,-13
-11,-13,-11,-13
0,1,0,1
1,0,1,0
1,3,1,3
0,1,0,-11
0,-13,-2,-13
0,11,-20,11
2,1,2,0
1,0,1,0
11,10,11,-2
1,0,1,0
10,0,-2,0
-11,10,-11,10
10,-13,10,-13
0,1,2,1
1,-13,1,-13
-11,-11,-11,-11
1,-11,1,-2
1,-11,1,-11
1,11,1,13
0,1,-20,-11
0,-11,-20,-2
-11,2,-2,2
1,-13,1,-13
-13,3,0,3
1,10,1,-2
0,10,0,-11
-11,-13,-2,-13
-13,-13,-13,-13
-11,0,-2,0
-13,-11,-2,-11
2,0,-2,1
0,1,0,1
1,2,-2,2
-11,1,-11,1
-13,1,-13,-20
-13,1,-13,1
10,-13,10,-13
-11,0,-11,0
-11,1,-11,1
-11,-13,-11,-13
2,-13,2,0
11,1,-2,1
-11,10,-11,-2
2,1,2,1
-11,-11,-11,-11
-11,1,-2,1
0,10,0,-20
10,0,-2,-2
-13,-11,-13,-11
1,-11,-2,-11
1,1,1,-11
-11,1,-2,-2
-11,-13,-2,-2
0,-13,0,-13
-11,-11,-11,-11
0,10,0,-2
1,10,1,10
-13,1,-13,-20
0,1,1,-11
1,-13,1,-13
10,1,10,-20
1,-11,1,-11
-13,-13,-13,-13
-11,-11,-11,-11
1,-11,1,-11
0,1,0,1
10,1,-2,2
-11,1,-11,-2
-11,2,-11,2
10,-11,0,-11
0,0,0,0
10,1,10,1
-13,2,-13,2
-13,0,-13,0
1,-13,-2,-13
-11,-13,-2,-13
2,0,-2,0
-11,10,-11,-2
-13,2,-13,2
1,-11,1,-11
1,1,1,1
-13,1,-2,1
-11,-13,-11,-13
-11,0,-11,1
1,-13,1,-13
2,-13,3,-13
0,1,0,1
1,0,1,-1
0,10,0,-20
-13,-11,0,-11
11,0,-2,0
11,1,11,-2
-11,-13,-11,-13
-13,-13,-13,-13
-11,0,-2,0
1,0,1,-2
0,1,0,1
-13,-13,-13,-13
-11,-11,-11,-11
-11,11,-11,12
2,1,1,1
10,2,10,2
-13,0,-13,0
0,11,0,11
2,11,1,-13
-11,-13,-11,-13
0,0,0,1
11,0,12,0
-13,-11,-13,-11
2,-13,-2,-13
11,1,-20,1
-13,-11,-13,-11
-11,-13,-11,-13
2,-11,2,-11
1,1,1,1
-11,1,-11,1
-13,1,-13,-2
11,10,-2,-2
-13,2,-13,2
1,-11,1,-11
-11,-11,-11,-11
0,1,-20,1
10,0,10,-20
10,10,10,-20
-11,1,-11,1
-11,11,-11,11
-13,1,-13,1
1,1,-2,-2
10,1,10,1
0,1,0,-13
-13,2,0,2
2,1,-2,-2
-13,10,-13,10
1,1,-20,2
1,1,1,1
-13,1,-13,1
2,1,3,1
-13,-11,-13,-2
-11,1,-11,1
0,11,0,-2
-11,1,-11,1
-13,-11,-13,-11
1,1,1,1
-13,-11,-13,-11
1,0,1,0
1,-11,-2,-11
-13,10,-13,11
-11,12,-11,12
0,-11,0,2
1,1,2,1
2,0,2,-2
0,11,-2,12
1,1,-20,1
2,10,3,12
-11,10,-11,10
0,-11,-2,-2
-13,1,-13,1
-11,1,-11,1
-13,10,-13,-11
1,-13,-11,-13
0,10,0,12
1,1,1,1
1,11,2,-2
-13,10,-13,11
1,-11,1,-11
-11,-13,-11,-13
1,10,2,10
10,1,-11,11
10,2,10,-20
10,2,10,2
10,-11,10,-11
-11,1,-11,1
1,11,1,-11
3,1,3,1
0,-11,-20,-11
1,-13,1,0
1,-13,-13,-13
-11,2,-11,2
1,-11,1,-11
10,3,10,1
10,0,-20,-2
-11,0,-2,-2
-13,-13,-13,-13
-11,1,-11,1
-11,1,1,1
-11,1,-11,1
2,-13,-11,-2
-11,0,-11,0
-13,2,-13,2
1,-11,-13,-11
-11,-11,-11,-11
2,1,1,1
0,1,0,1
-11,-11,-11,-2
1,1,1,1
10,10,10,10
1,1,1,2
-11,-13,-11,-13
1,1,1,1
-13,1,-13,1
2,0,1,-2
0,0,0,2
0,1,0,1
11,-13,-2,-13
-11,-13,-2,-13
0,0,0,0
-11,2,-11,2
-13,-13,-13,-2
0,1,0,1
-13,2,-13,1
1,1,1,-20
12,-11,12,-2
-13,-13,0,-2
1,2,2,2
1,0,-13,0
-13,-13,-2,-2
0,2,0,2
-11,1,-11,1
-11,10,-11,-2
1,-11,1,-11
1,0,1,0
-13,1,-13,1
2,-11,-2,-11
-11,-11,-11,-11
0,-13,0,-13
1,-11,1,-11
-13,-13,-13,-13
2,1,2,2
-13,10,-13,11
10,10,-2,10
0,2,0,2
2,-11,3,-11
-13,1,-13,1
2,0,1,0
-11,-13,-2,0
1,-13,1,-13
1,-13,1,-13
3,-13,3,-13
-13,1,-2,-2
1,-11,1,-11
1,-13,-20,-13
0,1,0,2
-11,0,-11,0
-13,0,-13,0
1,11,1,11
-11,-13,-11,-13
-13,1,-13,1
-11,1,-11,1
1,10,-11,10
-11,1,-2,1
10,0,10,-2
-11,-13,-11,-13
-13,-13,-13,-13
10,-13,-2,-13
0,2,0,2
-11,0,-11,0
0,-13,-20,-13
-13,-13,-13,-13
1,1,1,1
1,2,1,-11
1,-13,1,-13
-13,10,-13,10
11,1,-11,1
1,10,1,10
1,1,1,1
-11,11,-11,11
1,2,1,3
-13,-11,0,-11
-13,-13,-13,-13
1,12,-13,-20
10,1,10,0
-11,-11,-11,-11
2,0,2,0
-13,-13,-13,-13
-11,10,-11,-2
12,0,12,-2
-13,1,-2,-2
1,1,1,1
0,2,0,2
2,10,2,11
11,1,11,1
-13,-11,-13,-11
-13,-13,-2,-13
-11,-11,-11,-11
10,10,10,-20
-11,2,1,2
0,-11,0,-11
1,2,1,1
10,1,-11,1
-13,11,-13,-2
-13,3,-13,2
-13,-11,-13,-2
11,1,-2,-2
0,2,0,2
2,12,2,-20
-13,-11,-13,-11
-13,-13,-13,-13
-13,10,-2,-20
1,-11,1,-11
10,1,10,-2
1,1,1,1
-11,10,-11,10
2,-11,2,-11
-11,1,-11,1
3,-13,3,-13
10,3,-2,3
-11,2,-11,2
1,10,-2,10
-13,2,-13,2
1,-11,1,-2
1,-13,-20,-13
-13,2,-13,2
0,-11,-2,-11
1,0,-11,0
1,1,-2,-2
-13,11,-13,11
2,-13,2,-13
-13,-11,0,0
2,-11,-2,-2
2,12,-11,12
1,1,1,1
1,1,1,1
1,0,1,0
-11,10,0,10
0,10,0,-20
2,1,2,-20
1,0,-1,1
-13,10,-13,-2
0,11,-2,-11
-13,10,-13,11
11,10,-20,-20
0,1,0,1
-13,-13,-13,-13
1,2,1,1
1,0,1,-20
2,1,3,1
-13,0,-13,0
2,-13,2,-13
-11,-13,-2,-13
-11,-13,-11,-13
10,3,10,2
10,-11,-20,-11
1,0,1,11
-13,-11,-13,-11
2,2,2,2
0,0,0,1
-13,1,0,1
1,-13,-20,-2
0,-11,-2,-11
-11,2,-11,2
2,1,-11,1
0,-11,0,-11
3,0,3,0
-11,-11,-11,-2
10,-13,10,0
0,2,0,2
-13,-13,-13,0
-1,10,10,10
-11,-11,-2,0
-11,-11,-11,-11
10,11,10,-2
1,1,2,1
1,11,-2,-20
1,2,2,-2
2,1,2,3
0,10,0,10
0,10,0,10
-11,1,-11,1
0,-11,-2,-11
-13,0,-13,0
0,-13,0,-13
2,1,2,2
1,1,1,1
0,1,3,-20
10,1,10,1
-11,-11,-11,-11
0,-13,0,-13
-11,10,-11,10
1,1,1,1
-13,0,-2,0
1,-13,3,0
10,-13,-2,-13
1,-11,1,-11
-13,-11,0,-11
-13,0,-13,0
1,11,1,11
11,1,-2,1
-13,2,0,2
1,2,1,2
10,0,-2,4
-11,11,1,-2
-13,-13,-13,0
0,2,0,2
-13,-13,0,-13
-13,-13,-13,-13
2,2,2,-20
2,-13,1,-13
-11,10,-11,10
0,-11,0,-2
-11,-11,-11,-11
2,-11,2,-2
11,-11,-13,-11
-13,10,-13,10
1,1,1,1
1,10,1,10
12,1,-20,0
-13,1,-13,1
1,2,1,2
1,-13,1,-13
-11,0,0,0
1,1,1,1
1,-11,1,-11
1,0,-20,0
-13,-11,-13,-11
-13,-11,-13,-11
10,2,10,3
10,0,10,0
1,10,-1,-2
0,0,0,0
10,-11,-2,-11
2,-11,2,-11
-13,-13,-13,-13
-13,-13,-13,-13
-13,-13,-13,-13
11,0,11,0
-13,2,0,2
1,1,1,1
2,1,3,1
1,1,1,1
11,-13,12,-13
0,1,-2,1
-11,-11,-11,1
11,-11,11,-11
1,0,1,0
0,11,0,11
1,-11,1,-11
-11,1,-11,1
1,-13,1,-13
2,0,2,0
10,1,10,-20
1,2,2,3
1,0,1,-2
0,1,1,1
-11,3,-2,-20
1,1,-2,1
1,-11,-20,-11
0,-13,-2,0
1,1,1,1
-11,1,-11,2
-13,0,-13,-11
1,10,1,10
1,1,1,2
1,-13,1,-13
-11,2,-11,2
10,-13,11,-13
1,3,2,2
2,-11,1,-2
1,0,1,0
11,-13,11,-13
1,2,1,1
-13,-13,-2,-13
-11,2,-11,2
10,-11,10,-11
-13,1,-13,1
1,1,1,-11
-13,-11,-13,-11
-13,0,-2,-20
2,10,2,-2
1,1,1,1
-13,3,0,3
2,1,2,2
1,-13,1,-13
-13,1,-13,1
1,-13,1,-13
1,-13,1,-13
1,1,2,-2
11,2,11,3
0,2,0,2
11,0,11,0
2,10,-2,-2
-13,-11,-13,-2
10,0,10,0
-13,1,-13,1
10,-11,-11,-11
1,10,1,10
-11,0,-2,0
11,1,-2,1
1,2,1,2
-13,1,0,2
1,1,1,1
-11,1,-2,1
0,-11,0,-11
0,-13,0,-2
1,2,1,2
0,-11,0,-11
-11,2,-11,2
2,10,-11,-11
10,0,-2,-20
-13,2,-13,2
-13,2,-13,3
0,-11,0,-11
-13,-13,-13,-13
1,0,1,1
2,0,3,0
2,2,2,2
10,2,10,1
2,1,-2,1
1,4,-20,4
11,1,-2,1
2,1,11,1
-11,11,-11,11
1,1,1,1
2,-11,3,-11
1,1,-2,1
10,1,-2,1
-13,-13,-2,-13
10,10,10,10
-13,2,0,2
1,-13,-11,-13
2,0,2,-20
-13,-13,-13,-13
-11,1,-11,1
1,0,1,0
1,1,1,1
-11,0,-11,0
-13,-13,-13,-13
2,1,3,1
2,11,2,-20
-13,1,-13,1
1,0,1,0
-13,-13,-13,-13
-11,11,-11,-13
-11,2,-11,2
1,-11,2,-11
-13,1,-13,1
10,-11,-2,-11
0,1,0,1
1,2,1,2
0,-13,0,0
1,-11,1,-11
-11,-13,-11,-13
1,10,1,-2
2,-11,2,-11
-11,-13,-11,-13
1,1,1,1
-13,-11,-13,-11
10,-11,-2,-11
-11,11,-11,-2
-11,10,1,10
0,1,-20,1
1,2,1,2
-13,-13,-13,-13
0,1,0,-11
10,-13,10,-13
1,3,1,2
-11,10,-11,10
1,0,2,0
-11,-13,-11,-13
11,-13,11,-13
0,-11,-2,-11
0,0,0,0
3,1,3,1
1,3,1,-2
-11,10,-11,10
1,-13,2,-13
0,-11,-13,-11
3,10,4,-11
2,2,2,2
1,0,1,1
1,0,1,0
10,-13,10,-13
-11,10,-11,10
11,1,-2,-2
-11,2,-11,-11
-11,0,-2,0
2,1,1,1
-11,10,-11,10
-11,0,-11,0
0,-13,0,-13
1,10,1,-20
0,-11,0,-11
1,1,1,1
-13,2,-13,-11
-13,10,-13,10
0,0,0,0
0,0,-2,0
-11,1,-11,1
1,0,1,0
10,10,10,0
0,-13,0,-13
0,10,0,-13
-11,12,-11,-2
-13,-11,-13,-11
-11,10,-11,-2
-13,12,-13,12
-13,-13,-13,-13
2,1,-11,1
2,1,-2,1
-11,-13,-2,0
10,-11,10,-11
-11,-11,-11,-11
-13,1,-2,1
10,-13,-2,-13
1,1,1,1
1,10,1,10
-11,1,-11,-11
1,-11,1,-2
1,1,2,2
1,2,1,-20
1,1,1,1
-13,-11,-13,-11
1,-13,1,0
2,0,2,0
10,-13,10,-13
1,10,-11,10
-11,-13,-11,-13
10,10,-2,-20
0,1,0,1
1,10,-20,-11
11,-13,-2,-13
1,-11,1,-11
1,-11,1,-11
11,11,11,-2
0,1,-2,-2
1,1,1,1
2,10,2,-11
10,11,10,-13
10,2,10,2
10,1,10,1
-11,1,-11,1
2,-13,2,-13
-13,-11,-13,-11
-13,1,-13,-2
0,1,0,1
2,-13,2,-13
11,2,-2,2
0,10,0,-11
-11,-11,-11,-11
-13,10,-13,10
1,3,2,3
-13,1,-13,-13
11,2,-11,2
2,10,2,10
10,10,10,-2
2,-13,1,-13
0,-13,0,-13
2,1,2,1
-11,-13,1,0
0,1,0,-2
-13,0,-13,0
-13,-13,-13,-13
1,10,1,-2
-13,-13,-13,-13
-13,1,-13,-20
-13,0,0,-11
0,-11,0,-11
-11,-13,-11,-13
0,4,0,4
1,-11,1,-11
-11,10,-11,-2
-11,-13,-11,-13
1,1,1,1
-11,1,-11,1
0,-11,0,-2
-13,11,-13,11
11,2,11,2
10,1,-20,1
-11,2,-11,2
-13,10,-13,-20
2,-11,2,-11
11,1,11,1
0,-11,1,-11
1,-11,1,-11
0,1,0,1
2,-13,1,-13
1,-11,1,-11
10,11,10,1
1,10,1,10
1,1,1,1
1,1,1,1
1,1,1,1
1,1,1,1
-11,10,-11,-1
1,1,1,1
2,-11,-2,-2
-13,1,-13,2
-11,0,-11,0
2,-11,2,-11
11,2,11,2
-13,-13,-13,-13
1,0,1,0
1,1,1,-2
-11,-11,-11,0
10,10,10,12
-11,11,-11,11
-13,-11,-13,-11
-13,-13,-13,-13
1,-11,1,-11
-11,-11,-11,-2
0,10,0,-2
0,11,-2,11
0,1,0,1
-11,0,-11,0
10,10,-2,10
-11,0,-11,0
1,1,2,1
1,1,1,1
1,0,-11,-20
-13,0,-13,11
1,-11,1,-11
0,11,0,1
0,-11,0,-11
-13,1,-13,1
1,-13,1,-13
-11,1,2,0
2,10,3,10
11,1,11,1
1,1,1,1
0,-13,-13,-13
-11,-11,-11,-11
0,-11,-2,-11
-11,0,-11,0
-11,-11,-11,-2
-11,0,-11,-20
1,10,1,-2
1,-11,2,-11
0,10,-2,10
2,1,3,1
-11,-13,-11,-13
-13,-11,-13,-2
10,0,10,-20
2,11,2,11
0,-11,0,-2
1,-11,-2,-2
1,-11,1,-11
-13,-13,-13,-13
1,-11,-11,-2
2,-13,2,-13
-13,1,-13,2
3,11,-11,-2
-11,-13,-2,-13
-11,-11,-2,-2
-11,10,-11,10
2,-11,2,-11
11,11,-2,-2
2,1,-20,1
-13,-13,-13,-13
1,11,1,11
1,-11,1,-11
-11,10,-11,10
-11,0,-2,0
-11,11,-11,-2
0,-11,0,-11
-13,-13,0,-13
-11,0,-11,0
-13,0,-13,-20
-11,1,-11,1
1,0,-11,0
-11,10,-11,11
-11,0,-11,0
10,2,10,3
-11,1,-11,1
1,-11,2,-11
1,2,1,-2
-11,-11,-11,-2
-11,0,-11,0
1,1,1,-11
1,2,1,2
-13,10,-2,0
1,-13,1,-13
-11,-11,-11,-2
1,10,1,10
-13,1,-13,1
-11,11,-2,11
-13,1,-13,1
1,1,-2,1
0,-11,0,-11
10,10,-11,-2
0,-11,0,-11
2,10,2,10
11,-13,0,-13
1,1,1,1
-13,0,-13,0
1,2,-11,2
1,-13,-2,-13
1,11,0,-2
-11,-11,-11,-11
0,1,-20,1
2,2,2,2
10,1,-2,1
2,0,2,-20
2,1,2,1
-13,-11,-13,-2
1,1,1,1
-11,1,-11,1
1,-13,-2,-13
10,2,2,2
0,10,0,12
10,2,-2,0
1,2,1,-2
10,-11,10,-2
1,1,1,2
1,1,1,11
10,0,10,0
2,0,2,0
2,-13,2,-13
0,1,0,-11
-13,-11,-13,-11
-11,0,-11,-13
1,1,1,-2
0,-11,10,-2
-1,0,-2,0
1,-13,2,-13
10,-13,-2,-13
1,1,1,1
11,-13,11,0
1,0,1,0
-11,10,-11,-20
1,11,2,-2
-11,-11,-11,-2
0,10,0,10
1,2,2,2
2,-11,2,-11
-11,1,-2,1
1,1,1,-11
1,10,-2,0
-13,1,-13,1
0,1,2,1
1,11,-2,-11
2,2,2,2
-13,1,-13,1
-13,0,-13,0
0,-13,-20,0
2,2,2,3
0,1,0,1
10,-13,10,-13
1,1,1,1
-11,11,-11,-2
11,-11,-2,-11
1,-11,1,-11
-11,0,-11,0
-1,11,10,-2
-13,0,-13,0
-11,0,-11,0
1,-11,1,2
1,1,1,0
-13,1,-13,1
-11,10,-11,10
-13,10,-13,10
11,3,12,-13
2,1,-20,-2
2,2,2,2
-13,0,-13,0
-13,-13,-13,-13
2,11,2,11
11,12,-2,12
1,-11,-13,-11
-11,1,-11,1
10,-11,-2,-11
-13,-11,-13,2
10,-13,-11,-13
1,1,1,1
1,-13,2,-13
1,1,1,1
0,2,0,2
1,0,1,0
-11,2,-11,2
1,-13,1,-13
-13,3,-13,-2
-13,0,-13,0
0,2,0,2
0,-13,1,0
2,1,3,0
-13,12,-13,12
-11,2,-11,2
1,10,1,10
1,10,2,-20
10,-13,-2,-2
-11,1,-11,1
1,-11,1,-11
0,0,0,0
-13,0,-13,0
1,11,1,-2
10,10,-2,-20
0,-11,0,-11
0,0,0,-2
-13,0,-13,0
1,-11,1,-11
1,1,1,1
-13,0,-13,0
1,1,-2,1
0,1,0,1
1,0,-2,1
0,0,0,-13
1,10,1,12
0,0,0,0
-13,-11,-13,-11
0,-13,1,-13
-11,1,-11,2
-13,2,-13,3
-13,1,-13,-2
1,-13,1,-13
10,-11,-20,-11
0,-11,0,-11
-11,-11,-2,-11
1,0,-2,0
1,1,-2,1
11,-11,11,0
10,1,10,1
10,1,10,1
11,11,-2,-2
-11,11,-11,11
1,2,-13,2
-11,1,-11,1
1,-11,1,-11
1,10,1,10
1,1,1,1
0,0,0,-20
0,0,0,0
-11,-11,-2,-11
10,11,-2,-2
2,11,2,-1
-11,1,-11,2
-11,0,-11,0
-13,0,-13,0
0,10,0,-2
1,0,-2,-2
1,2,-2,2
1,-11,1,-11
11,-11,-2,-11
0,-13,2,-13
1,1,1,1
-11,0,-11,0
0,2,-20,4
-11,1,1,1
-13,1,-13,1
-11,1,-11,-11
1,-11,-11,-11
-13,-13,-13,-13
1,2,0,2
1,10,0,-2
-13,-13,-13,-13
-11,-13,-11,-13
0,-11,0,1
11,-11,-2,-11
11,-13,11,-13
-11,0,-2,0
-13,10,-13,-2
10,-11,10,-2
-13,-13,-2,-13
1,2,-2,1
-11,0,-11,-2
-13,-13,-13,-13
0,-13,0,-13
12,11,12,-1
10,1,10,1
10,0,10,0
1,1,0,1
2,-11,1,-11
10,1,-2,1
2,-11,2,-11
2,10,2,-2
-11,-11,-11,-11
-13,1,-13,1
-13,-13,-13,-13
-13,-11,-13,-11
10,-13,11,-13
-13,-13,-13,-13
1,1,-11,1
-13,0,-13,0
-13,-11,-13,-11
-13,10,-13,-2
-13,-13,-13,-13
0,3,0,-2
2,-13,-11,-13
-13,1,-13,1
1,-11,1,-11
11,10,-11,-11
0,0,0,0
0,10,0,-2
-11,3,-11,2
11,1,-2,1
1,-11,1,-11
1,-11,-2,-11
-11,11,-11,-20
-13,1,-2,1
1,-13,1,-13
-11,1,-11,1
10,-13,-2,-2
1,11,1,11
2,1,2,1
1,11,1,11
-13,-11,-13,-11
1,-13,1,-13
-11,2,-2,-2
1,1,1,1
10,-11,0,-11
-13,0,-13,0
1,-11,1,-2
-13,2,-13,2
-11,10,-11,10
1,-11,1,-11
-13,0,-13,0
2,-11,2,-11
-11,0,-11,0
-11,-13,-11,-13
2,0,2,0
2,0,-20,0
0,0,1,0
-13,0,-13,-20
2,-13,1,-13
1,1,1,-20
0,-13,0,-13
-11,0,-11,0
12,10,-20,-20
1,1,-2,-13
-11,-11,-11,-11
1,2,1,2
1,0,1,0
10,-11,-11,-11
2,-13,2,-13
1,0,1,0
1,-13,2,-13
-11,11,-2,-20
-13,-13,-13,-13
1,-13,-2,0
10,1,-11,-2
1,10,1,-2
1,-13,1,0
-13,-13,-13,-13
-11,1,-11,1
-11,2,-11,5
-13,0,-13,0
-11,0,-11,0
0,-11,0,-11
10,10,10,10
-11,-13,-11,-13
-11,0,-11,0
2,10,2,10
1,-11,2,-11
2,0,2,0
-13,1,-2,-11
-13,1,-13,-2
1,1,1,1
1,0,-2,1
-13,1,-2,-2
10,1,10,1
-11,-11,-11,-11
0,-13,0,-13
-13,10,-2,13
2,1,2,-2
-13,-13,-13,-13
10,1,10,1
-11,10,-11,-2
1,10,1,10
1,0,1,-2
10,-11,-2,-2
1,0,-20,0
-11,-11,-2,-11
-13,-11,-13,-11
1,11,0,11
2,-13,2,-13
-13,-13,-13,-13
2,2,3,2
1,0,1,-13
1,10,-20,10
1,0,-2,-11
11,-11,11,-2
10,-13,11,-13
1,10,1,10
-11,0,-11,0
-11,-11,-11,-11
-11,-11,-11,-2
10,-13,-2,-13
-13,-11,-13,-11
1,-13,1,-13
0,1,0,-2
2,1,2,1
10,0,10,-2
10,1,-2,1
2,0,-11,0
2,1,2,-2
1,-11,2,-11
10,1,10,1
2,-13,2,-13
3,11,3,-11
-13,0,-13,0
1,-13,1,-13
1,0,-2,0
-13,2,-13,-2
-11,10,-11,-11
-11,-11,-11,-2
-13,0,-13,0
10,2,-2,-2
2,-13,1,-13
1,-11,2,-11
-11,10,-11,10
2,-11,2,0
1,2,1,3
1,1,-2,-2
-11,10,-11,10
-13,10,-13,10
-11,-13,-2,-2
2,1,2,5
2,0,2,0
11,10,-11,11
2,2,2,2
10,2,-1,2
-11,0,-2,0
2,0,-13,0
-11,1,-2,1
-11,0,-2,-2
1,10,1,-2
10,-11,-2,-11
2,12,2,12
-11,10,-11,-20
0,1,-2,-2
-11,1,-11,1
1,1,1,1
1,-13,1,-13
-13,-13,-13,-13
11,1,12,1
-11,-13,-11,-13
3,-11,3,-11
-11,0,-11,-13
1,-13,1,-13
2,-13,2,-13
-13,-13,-2,-2
1,2,1,2
-11,11,-2,-20
-11,1,-11,-11
0,1,0,1
0,11,0,-11
11,-11,-20,-2
0,1,1,1
-11,-13,-11,-13
-11,2,-11,-11
-13,-13,-13,-13
10,-11,10,-11
11,10,-2,10
-13,-11,-13,-11
-11,-13,-11,-13
-13,-11,-13,-11
-11,10,-11,10
1,-13,1,0
1,-11,1,-11
2,10,2,10
2,-11,2,-11
11,0,-11,0
0,-13,-20,-13
1,-11,-2,-2
0,10,0,-20
1,-13,-2,0
1,-13,1,-13
-13,1,-13,-2
-13,-11,-13,-2
1,1,-2,1
2,2,-13,2
10,-13,-2,-13
1,1,1,1
1,1,1,-13
-13,-11,-13,-11
-13,0,-2,-2
1,11,2,11
0,1,0,-2
10,11,11,12
0,-13,0,-13
1,-13,1,0
-11,1,-11,1
1,10,-2,-20
0,-13,0,0
-11,-13,-11,-13
0,-11,0,-11
1,0,1,0
1,-13,1,-13
2,-11,1,-11
2,1,-2,-20
-11,10,-11,-11
0,-11,-2,-11
1,1,1,1
1,-11,1,-11
1,-11,-2,-2
1,-11,1,-11
-11,2,-11,2
1,1,1,1
0,-11,0,-11
3,-11,-20,-11
-11,1,-11,-2
-11,0,-11,0
-13,-13,-13,-13
10,-13,10,0
-11,3,-11,3
-13,10,-13,-2
-11,1,-11,0
1,-13,1,-2
-13,0,0,0
-11,0,-11,0
0,1,0,1
10,2,-2,2
1,11,1,12
-13,0,-13,-2
2,-13,-11,-13
1,2,1,2
1,-11,-2,-11
10,-13,-2,0
1,11,1,11
-13,2,-13,2
1,-11,1,-11
-11,1,-11,1
1,3,1,3
0,1,-2,-2
10,11,10,11
1,-11,1,-2
1,12,1,-1
-11,1,-11,1
-13,1,-13,1
0,0,0,-2
1,10,1,-2
12,1,-2,1
2,1,2,1
1,10,1,10
10,0,-20,0
1,-11,1,1
11,1,11,1
-13,-11,-13,-2
1,-11,1,-11
0,1,-20,1
-13,1,-13,1
-13,1,-13,2
-11,1,-2,2
1,1,2,1
1,1,-13,2
10,1,-20,1
2,2,2,2
-11,1,1,1
-11,10,-11,-2
1,-13,1,-13
2,2,-11,-20
11,1,-11,1
1,1,0,-11
10,1,-2,1
2,-11,2,1
-13,-11,-13,-2
1,-11,1,-11
1,-13,-2,-2
1,10,1,10
3,0,5,0
1,0,1,-11
-13,10,0,10
10,-13,11,-13
-11,1,-11,-2
2,1,2,1
0,3,0,2
10,-13,-2,-2
2,2,2,2
1,-13,2,-13
-11,2,-11,-2
-11,0,-11,0
2,2,1,2
3,2,3,2
1,-13,-2,-13
-13,-11,-13,-11
2,1,2,2
-13,-11,-13,-11
1,1,1,1
2,0,2,0
-13,-13,-13,-13
2,0,2,0
10,1,10,1
1,2,1,2
11,1,11,1
0,-13,0,-13
0,2,0,3
-13,2,-13,2
1,1,0,1
-11,11,-11,-2
1,1,2,2
11,0,13,0
10,1,-1,1
-11,1,-11,1
10,-11,-2,-2
10,1,10,1
10,-11,-2,-11
2,11,2,-20
1,-13,1,0
-11,0,-2,0
1,1,1,1
0,-11,0,-11
-13,1,-13,-20
2,10,2,10
-11,-11,-11,-11
-13,0,-13,0
-11,-11,-11,-11
-13,-11,0,-11
1,-13,-20,0
0,1,0,1
-13,-13,-13,0
-11,-13,-2,-13
-11,1,-11,1
0,10,0,10
0,-11,0,-2
10,-13,10,-13
-13,-11,-13,-2
11,10,-2,11
-13,-13,0,-13
1,0,1,0
2,2,2,2
2,-11,3,-11
10,1,11,1
2,-11,2,-11
2,10,2,-2
1,-13,1,-13
-11,11,-2,-2
10,-13,-2,0
1,0,0,-2
-13,0,-13,0
1,1,2,1
3,-13,2,-13
-13,10,-2,-2
1,-13,1,0
2,1,2,1
3,1,3,1
10,2,-13,2
-11,2,-11,2
1,-13,1,-13
10,1,10,1
-11,12,0,-1
0,2,0,-13
10,1,-2,-13
0,2,0,2
2,11,2,11
-13,-11,-13,-11
0,0,0,0
10,-11,-2,-11
-13,1,-13,1
1,-13,1,-13
0,-11,0,-11
1,1,1,-11
10,2,-11,2
-11,1,-11,1
1,-13,1,-13
1,1,2,-2
-13,1,-13,1
1,-13,1,0
11,1,11,1
0,2,0,3
-11,1,-11,1
-13,-11,-13,-11
-11,11,-2,11
11,-11,11,-2
0,-11,-20,-11
10,-11,-20,-11
10,1,-2,1
0,1,0,1
1,0,1,0
1,0,1,0
1,2,-2,-2
10,10,-2,-1
-11,-13,-11,0
-13,1,-13,1
2,-11,2,-11
-13,2,-13,-11
1,-11,1,-2
2,10,2,-2
-11,1,-11,1
-11,1,-11,1
0,1,1,2
-13,-13,-2,0
11,0,12,0
11,2,-2,2
1,1,1,1
-13,1,-13,2
-13,2,-13,3
1,1,1,1
2,0,3,-11
-13,0,-13,0
-13,-13,-13,-13
-13,10,-13,10
-13,-11,-13,-11
1,1,-2,-13
1,1,1,1
2,10,2,-13
0,-13,0,-13
-13,-11,-13,-11
-13,-11,-13,-11
-13,11,-13,-2
1,1,1,1
10,0,11,0
0,-13,-20,-13
2,-13,2,-13
0,2,-2,2
1,1,1,1
-11,-13,-11,-13
1,-13,1,-13
1,1,1,1
0,0,0,0
-13,11,-13,11
1,2,-11,-2
0,10,0,11
1,-13,1,0
11,10,11,-20
-13,-13,0,-13
1,-11,1,-11
2,3,2,3
1,-11,1,-11
1,-11,1,-11
1,10,1,10
-13,2,-13,3
