id,GenTauID,RecoTauID
00,1,1
01,-13,-13
10,2,1
11,1,1
20,-11,-11
21,1,1
30,10,10
31,10,10
40,10,10
41,-13,-13
50,10,10
51,-11,-11
60,2,1
61,10,10
70,1,0
71,-13,-13
80,10,10
81,-11,-11
90,2,1
91,12,11
100,1,1
101,2,1
110,12,11
111,-13,-13
120,10,10
121,-11,-11
130,11,10
131,1,1
140,2,2
141,-11,-11
150,-11,-11
151,10,10
160,1,1
161,0,0
170,-11,1
171,11,10
180,1,1
181,-11,-11
190,0,-333
191,-13,1
200,-13,-13
201,1,1
210,-11,-11
211,2,2
220,-13,1
221,-13,-13
230,-13,-13
231,1,1
240,1,10
241,10,10
250,1,1
251,1,1
260,1,1
261,-11,-11
270,1,1
271,0,0
280,2,1
281,-13,-13
290,0,-222
291,1,1
300,1,1
301,1,1
310,0,0
311,1,1
320,-13,-13
321,10,10
330,0,0
331,-11,-11
340,-11,-11
341,-11,-11
350,1,1
351,0,1
360,-13,-13
361,1,1
370,11,11
371,10,10
380,-13,-13
381,10,10
390,-11,-11
391,0,0
400,0,0
401,1,1
410,-11,-11
411,0,0
420,0,0
421,1,1
430,-13,-13
431,0,0
440,1,1
441,2,11
450,1,1
451,-11,-11
460,-13,-13
461,-11,-11
470,-13,1
471,1,-333
480,11,11
481,11,11
490,-13,-13
491,0,0
500,1,2
501,0,0
510,-11,-11
511,-11,-11
520,11,10
521,-13,-13
530,2,1
531,0,0
540,1,1
541,-13,-333
550,-11,-11
551,-11,-11
560,12,11
561,-13,-13
570,1,1
571,1,1
580,-11,-11
581,-13,-13
590,-11,-11
591,1,1
600,-11,-11
601,-13,-13
610,-13,-13
611,-13,-13
620,-13,-13
621,0,0
630,-13,-13
631,-13,-13
640,2,2
641,-13,-13
650,-13,-13
651,10,10
660,10,10
661,-11,-11
670,10,10
671,2,2
680,1,1
681,-11,-11
690,2,2
691,-13,-13
700,2,2
701,10,10
710,1,1
711,-13,-13
720,10,10
721,-11,-11
730,10,10
731,10,10
740,2,2
741,0,0
750,-13,-13
751,10,10
760,1,1
761,-13,-13
770,10,11
771,-13,-13
780,-13,-13
781,-11,-11
790,1,1
791,2,1
800,-13,-13
801,0,0
810,1,1
811,1,1
820,11,10
821,2,2
830,0,0
831,2,11
840,-13,-13
841,0,11
850,-13,-13
851,-13,-13
860,0,11
861,0,0
870,-11,-11
871,2,11
880,0,10
881,11,11
890,10,10
891,-11,-11
900,-13,-13
901,10,10
910,-13,-13
911,12,11
920,0,0
921,11,11
930,10,11
931,10,11
940,2,2
941,1,1
950,0,0
951,10,10
960,0,0
961,10,11
970,10,11
971,-13,-13
980,1,1
981,0,0
990,11,11
991,1,-11
1000,10,10
1001,1,0
1010,0,10
1011,-13,-13
1020,-11,-11
1021,0,0
1030,2,2
1031,-11,1
1040,-13,-13
1041,1,2
1050,0,0
1051,0,0
1060,-11,-11
1061,11,11
1070,1,1
1071,-13,-13
1080,1,1
1081,-11,-11
1090,0,1
1091,0,0
1100,-11,-11
1101,11,11
1110,-11,0
1111,0,-11
1120,-11,1
1121,1,1
1130,-11,-11
1131,10,10
1140,1,1
1141,1,1
1150,11,11
1151,0,0
1160,0,0
1161,-13,-13
1170,0,0
1171,-11,0
1180,-11,-11
1181,-13,-13
1190,0,0
1191,-11,-11
1200,1,1
1201,10,10
1210,10,10
1211,-13,-13
1220,1,1
1221,-13,-13
1230,1,1
1231,1,1
1240,1,1
1241,10,10
1250,10,10
1251,-13,-13
1260,2,2
1261,10,10
1270,2,1
1271,2,2
1280,10,10
1281,-13,-13
1290,0,0
1291,11,2
1300,2,2
1301,1,1
1310,-13,-13
1311,2,1
1320,0,0
1321,-11,-11
1330,10,10
1331,0,0
1340,-11,-11
1341,0,0
1350,0,0
1351,-11,-11
1360,2,1
1361,1,1
1370,-11,-11
1371,-11,-333
1380,10,10
1381,-13,-13
1390,1,1
1391,10,10
1400,1,2
1401,1,1
1410,-11,-11
1411,0,0
1420,0,0
1421,-13,-13
1430,0,0
1431,1,1
1440,1,1
1441,0,0
1450,11,10
1451,1,2
1460,1,1
1461,1,1
1470,10,10
1471,-11,-11
1480,1,1
1481,11,10
1490,0,0
1491,1,1
1500,1,1
1501,11,11
1510,1,1
1511,2,2
1520,1,-222
1521,0,0
1530,-11,-11
1531,0,0
1540,-13,-13
1541,-11,-11
1550,-11,-11
1551,0,1
1560,11,10
1561,0,0
1570,-13,-13
1571,10,10
1580,2,2
1581,-13,-13
1590,11,11
1591,-13,-13
1600,0,0
1601,2,1
1610,-11,-11
1611,1,1
1620,0,0
1621,11,10
1630,0,0
1631,-11,-11
1640,-13,-13
1641,-11,-11
1650,-11,-11
1651,0,0
1660,-11,-11
1661,0,0
1670,1,1
1671,2,1
1680,-13,-13
1681,1,1
1690,1,1
1691,1,1
1700,-13,-13
1701,-11,-11
1710,-13,-13
1711,-13,-13
1720,-11,-11
1721,-13,-13
1730,1,1
1731,1,1
1740,10,10
1741,10,1
1750,1,10
1751,1,1
1760,11,11
1761,-13,-13
1770,2,2
1771,0,0
1780,0,0
1781,1,11
1790,0,1
1791,11,11
1800,1,1
1801,2,1
1810,1,1
1811,-13,-13
1820,11,2
1821,1,1
1830,-11,-11
1831,2,2
1840,10,10
1841,-11,-11
1850,1,1
1851,-13,-13
1860,-11,-11
1861,0,0
1870,0,0
1871,-11,-11
1880,2,1
1881,1,1
1890,0,0
1891,-11,-11
1900,1,1
1901,-11,-11
1910,-13,-13
1911,-13,-13
1920,0,0
1921,-13,-13
1930,10,10
1931,0,0
1940,2,2
1941,0,0
1950,11,11
1951,-13,-13
1960,11,10
1961,11,10
1970,1,1
1971,1,1
1980,-11,-11
1981,10,10
1990,2,2
1991,1,1
2000,10,-333
2001,0,0
2010,1,1
2011,0,0
2020,1,1
2021,1,1
2030,-11,-11
2031,0,0
2040,-13,-13
2041,-13,-13
2050,10,11
2051,1,1
2060,1,1
2061,0,-333
2070,10,10
2071,1,1
2080,0,0
2081,0,0
2090,1,10
2091,0,0
2100,-13,-13
2101,1,1
2110,-13,-13
2111,1,1
2120,-11,-11
2121,-13,-13
2130,-11,-11
2131,0,0
2140,0,0
2141,-13,-13
2150,1,1
2151,-11,-11
2160,10,10
2161,0,10
2170,10,11
2171,-11,-11
2180,-11,-11
2181,11,11
2190,0,1
2191,1,2
2200,10,10
2201,1,1
2210,0,0
2211,1,1
2220,10,10
2221,2,1
2230,1,1
2231,-13,-13
2240,11,11
2241,-13,-13
2250,10,10
2251,0,-11
2260,1,1
2261,10,10
2270,-11,-11
2271,1,1
2280,1,1
2281,-13,-13
2290,-13,-13
2291,2,1
2300,1,1
2301,-13,-13
2310,-11,-11
2311,11,10
2320,0,0
2321,-11,-11
2330,10,10
2331,1,1
2340,1,1
2341,-11,-11
2350,1,1
2351,2,2
2360,1,1
2361,1,1
2370,-13,-13
2371,3,2
2380,10,10
2381,-11,-11
2390,-13,-13
2391,0,0
2400,-11,-11
2401,2,1
2410,11,10
2411,-11,-11
2420,10,11
2421,-13,-13
2430,11,11
2431,-13,-13
2440,2,1
2441,-13,-13
2450,10,10
2451,2,2
2460,1,2
2461,0,0
2470,-11,-222
2471,10,1
2480,11,10
2481,1,-333
2490,-11,-11
2491,-13,-13
2500,11,10
2501,-11,-11
2510,10,10
2511,1,1
2520,10,10
2521,1,1
2530,0,10
2531,11,-333
2540,10,10
2541,1,1
2550,-11,-11
2551,0,0
2560,1,11
2561,11,10
2570,-11,-11
2571,1,1
2580,0,0
2581,-13,-13
2590,0,0
2591,0,1
2600,1,1
2601,-13,-13
2610,-11,-11
2611,10,11
2620,3,2
2621,1,10
2630,-11,-11
2631,-11,-11
2640,1,0
2641,-11,-11
2650,-11,-11
2651,1,-13
2660,0,0
2661,1,2
2670,1,1
2671,-11,-11
2680,1,1
2681,2,1
2690,2,1
2691,0,10
2700,-13,-13
2701,-11,-11
2710,1,1
2711,1,1
2720,-13,-13
2721,12,11
2730,10,10
2731,3,2
2740,10,10
2741,1,1
2750,2,2
2751,-13,-13
2760,-13,0
2761,0,1
2770,0,0
2771,1,11
2780,-13,-13
2781,1,2
2790,-13,-13
2791,1,1
2800,-13,-13
2801,1,1
2810,-13,-13
2811,-13,-13
2820,2,11
2821,11,11
2830,-11,-11
2831,11,11
2840,-13,-333
2841,0,0
2850,10,10
2851,-13,-13
2860,2,1
2861,11,1
2870,11,10
2871,-11,-11
2880,4,2
2881,-13,-13
2890,2,11
2891,-11,-11
2900,1,1
2901,-13,-13
2910,1,1
2911,1,1
2920,-11,-11
2921,11,10
2930,1,1
2931,0,10
2940,1,1
2941,2,1
2950,10,10
2951,2,11
2960,1,1
2961,-11,-11
2970,10,10
2971,0,0
2980,1,1
2981,-11,-11
2990,-13,-13
2991,-11,-11
3000,1,1
3001,1,1
3010,0,-13
3011,12,11
3020,1,1
3021,1,1
3030,2,1
3031,1,1
3040,2,2
3041,-11,-11
3050,1,1
3051,0,0
3060,-11,1
3061,2,1
3070,2,11
3071,-13,-13
3080,-11,-11
3081,-11,-11
3090,1,1
3091,-11,-11
3100,2,2
3101,1,1
3110,2,1
3111,2,2
3120,1,1
3121,1,1
3130,-13,-13
3131,11,11
3140,1,1
3141,0,-13
3150,1,1
3151,-13,-13
3160,1,1
3161,-11,-11
3170,-11,-11
3171,2,11
3180,10,1
3181,11,11
3190,1,1
3191,2,2
3200,1,1
3201,1,1
3210,-13,0
3211,-13,-13
3220,10,10
3221,2,11
3230,-11,-11
3231,2,2
3240,1,1
3241,10,10
3250,1,1
3251,-13,-13
3260,10,10
3261,-13,-13
3270,1,1
3271,0,0
3280,0,0
3281,1,1
3290,0,0
3291,-13,-13
3300,0,0
3301,1,1
3310,1,-11
3311,-13,-13
3320,2,2
3321,-11,-11
3330,-11,-11
3331,0,0
3340,1,1
3341,-13,-13
3350,-11,-11
3351,2,1
3360,-11,-11
3361,2,1
3370,-11,-11
3371,1,2
3380,1,1
3381,10,10
3390,2,2
3391,12,11
3400,1,1
3401,-13,-13
3410,11,10
3411,-11,-11
3420,0,10
3421,2,1
3430,0,0
3431,1,1
3440,10,10
3441,2,2
3450,-11,-11
3451,0,0
3460,-13,-13
3461,-13,-13
3470,-13,-13
3471,-11,-11
3480,2,1
3481,2,1
3490,2,2
3491,2,11
3500,1,1
3501,11,11
3510,-11,1
3511,10,11
3520,-11,-11
3521,1,1
3530,-11,-11
3531,0,0
3540,1,1
3541,0,1
3550,-11,-333
3551,1,1
3560,-11,-11
3561,-11,-11
3570,-11,-11
3571,1,1
3580,1,1
3581,-13,-13
3590,-13,-13
3591,-13,-13
3600,1,1
3601,-13,-13
3610,2,1
3611,1,-11
3620,-11,-11
3621,1,1
3630,2,11
3631,10,10
3640,10,10
3641,0,0
3650,1,1
3651,1,1
3660,1,1
3661,1,1
3670,-13,-13
3671,-11,1
3680,2,2
3681,-13,-13
3690,0,10
3691,-11,-11
3700,1,1
3701,2,2
3710,1,-11
3711,10,10
3720,1,1
3721,2,1
3730,-13,-13
3731,-11,-11
3740,-11,-11
3741,1,1
3750,0,1
3751,0,-11
3760,0,-11
3761,0,1
3770,-11,-11
3771,2,2
3780,-11,-11
3781,2,1
3790,11,10
3791,-13,-13
3800,2,1
3801,-13,-13
3810,10,10
3811,2,1
3820,0,0
3821,1,1
3830,1,1
3831,-11,-11
3840,-11,-11
3841,-13,-13
3850,1,1
3851,-11,-11
3860,0,0
3861,-13,-13
3870,-13,-13
3871,-13,-13
3880,2,1
3881,0,0
3890,-13,-13
3891,1,1
3900,-11,-11
3901,10,10
3910,0,1
3911,-13,-13
3920,1,2
3921,1,1
3930,1,1
3931,1,1
3940,-11,-11
3941,-13,-13
3950,10,10
3951,-13,-13
3960,0,-13
3961,11,11
3970,-11,-11
3971,-13,-13
3980,2,2
3981,0,0
3990,1,1
3991,2,1
4000,0,0
4001,-11,-11
4010,1,1
4011,1,-11
4020,10,11
4021,-13,-13
4030,-13,-13
4031,-13,-13
4040,1,1
4041,-11,-11
4050,2,2
4051,1,1
4060,0,0
4061,1,1
4070,-11,1
4071,-13,-13
4080,0,1
4081,-13,-13
4090,-13,-13
4091,-11,-11
4100,-13,-333
4101,3,11
4110,2,1
4111,-13,-13
4120,1,1
4121,1,1
4130,-13,-13
4131,1,1
4140,-13,-13
4141,2,1
4150,-13,-13
4151,1,1
4160,-13,-13
4161,1,1
4170,1,1
4171,1,1
4180,-13,-13
4181,-11,-11
4190,-13,-13
4191,1,1
4200,2,2
4201,11,11
4210,-11,-333
4211,2,0
4220,-13,-13
4221,-13,-13
4230,10,10
4231,-13,-13
4240,-11,1
4241,11,11
4250,0,0
4251,10,10
4260,1,1
4261,0,0
4270,2,11
4271,-11,-11
4280,0,0
4281,2,2
4290,2,2
4291,-11,-11
4300,10,10
4301,1,1
4310,-11,-11
4311,10,10
4320,1,1
4321,-13,-13
4330,-11,-11
4331,-13,-13
4340,1,1
4341,-13,-13
4350,-13,-13
4351,-13,-13
4360,2,11
4361,2,11
4370,11,10
4371,0,0
4380,1,1
4381,10,11
4390,3,2
4391,1,1
4400,-13,-13
4401,-13,-13
4410,-11,-11
4411,11,11
4420,0,-11
4421,0,0
4430,0,-333
4431,2,-222
4440,0,0
4441,-11,-11
4450,1,1
4451,1,1
4460,0,0
4461,1,2
4470,1,1
4471,-13,-13
4480,1,1
4481,0,0
4490,1,1
4491,1,1
4500,11,10
4501,-13,-13
4510,3,1
4511,1,1
4520,-11,-11
4521,0,0
4530,1,11
4531,4,2
4540,1,1
4541,3,1
4550,1,1
4551,-11,-11
4560,-13,-333
4561,0,-13
4570,1,1
4571,11,10
4580,-11,-11
4581,10,10
4590,0,0
4591,-11,-11
4600,-11,1
4601,-13,-13
4610,-11,1
4611,-11,-11
4620,10,11
4621,10,-333
4630,-11,-11
4631,-11,-11
4640,1,1
4641,2,11
4650,11,10
4651,1,1
4660,1,1
4661,1,2
4670,10,10
4671,1,1
4680,-13,-13
4681,10,10
4690,1,11
4691,0,-11
4700,1,1
4701,0,0
4710,-13,-13
4711,10,10
4720,-11,1
4721,1,1
4730,-11,-11
4731,1,1
4740,0,0
4741,1,1
4750,1,1
4751,2,11
4760,-11,-11
4761,0,1
4770,-11,-11
4771,-11,1
4780,1,10
4781,1,1
4790,-13,-13
4791,-13,-13
4800,11,11
4801,11,2
4810,-13,-13
4811,0,1
4820,0,0
4821,10,10
4830,1,11
4831,-13,-13
4840,3,11
4841,10,10
4850,1,1
4851,1,1
4860,1,1
4861,1,1
4870,2,2
4871,11,11
4880,-13,-13
4881,11,11
4890,-13,-13
4891,0,1
4900,-13,-13
4901,1,1
4910,-13,-13
4911,-13,-13
4920,1,1
4921,-13,-13
4930,1,1
4931,0,0
4940,-11,-11
4941,1,2
4950,-13,-13
4951,11,10
4960,10,10
4961,-11,2
4970,2,11
4971,10,10
4980,-13,-13
4981,0,0
4990,-13,-13
4991,-11,-11
5000,0,0
5001,-11,-11
5010,-11,-11
5011,-11,-11
5020,2,1
5021,-13,-333
5030,-13,-333
5031,1,1
5040,-11,-11
5041,10,10
5050,1,1
5051,2,1
5060,-11,-11
5061,2,1
5070,-11,-11
5071,1,1
5080,12,11
5081,-13,-13
5090,-11,-11
5091,-11,1
5100,2,11
5101,11,10
5110,1,2
5111,-13,-13
5120,11,11
5121,1,1
5130,1,1
5131,1,1
5140,0,1
5141,-13,-13
5150,-13,-13
5151,-13,-13
5160,-11,-11
5161,0,0
5170,1,1
5171,1,1
5180,-11,-11
5181,1,1
5190,1,0
5191,1,1
5200,-11,-11
5201,0,0
5210,-13,-333
5211,1,1
5220,-13,-13
5221,1,1
5230,1,2
5231,-13,-13
5240,-11,-11
5241,1,1
5250,11,11
5251,10,11
5260,10,10
5261,1,-11
5270,10,10
5271,10,10
5280,2,1
5281,11,11
5290,-11,-11
5291,-13,-13
5300,-11,-11
5301,1,1
5310,2,2
5311,1,2
5320,0,0
5321,0,1
5330,10,10
5331,-13,-13
5340,-13,-13
5341,1,1
5350,-11,-11
5351,1,1
5360,1,1
5361,10,10
5370,-13,-13
5371,2,1
5380,2,-222
5381,-13,-13
5390,-13,-13
5391,10,10
5400,-11,-11
5401,-13,-13
5410,-11,-11
5411,1,1
5420,1,1
5421,0,0
5430,10,10
5431,-13,-13
5440,2,2
5441,-11,-11
5450,0,0
5451,1,1
5460,1,2
5461,-13,-13
5470,-13,-13
5471,1,1
5480,-11,-11
5481,1,-333
5490,10,10
5491,-13,-13
5500,-13,-13
5501,1,1
5510,1,1
5511,1,1
5520,10,10
5521,-11,1
5530,11,10
5531,-13,-13
5540,1,1
5541,1,1
5550,10,10
5551,-13,-13
5560,0,0
5561,-13,-13
5570,-13,-13
5571,-13,-13
5580,2,2
5581,1,-333
5590,1,1
5591,11,10
5600,-13,-13
5601,2,1
5610,1,1
5611,1,1
5620,1,1
5621,1,1
5630,1,1
5631,10,10
5640,-13,-13
5641,0,0
5650,-11,-11
5651,-11,-11
5660,-13,-13
5661,-13,-13
5670,-11,-13
5671,10,10
5680,-13,-13
5681,2,1
5690,2,2
5691,-13,-13
5700,1,1
5701,-13,-13
5710,-11,-11
5711,-11,-11
5720,0,0
5721,-11,-11
5730,-13,-13
5731,1,1
5740,-13,-13
5741,1,1
5750,11,10
5751,2,2
5760,-11,-11
5761,-13,-13
5770,-11,-11
5771,-11,-11
5780,2,2
5781,1,1
5790,0,0
5791,-11,-11
5800,10,10
5801,2,1
5810,10,10
5811,2,2
5820,0,0
5821,-11,-11
5830,-13,-13
5831,2,1
5840,-11,-11
5841,4,11
5850,1,1
5851,1,1
5860,-11,-11
5861,-13,-13
5870,11,10
5871,-13,-13
5880,-11,-11
5881,-11,-11
5890,-11,-11
5891,-11,-13
5900,1,1
5901,-11,-11
5910,1,-333
5911,-11,-11
5920,10,10
5921,11,11
5930,10,10
5931,11,10
5940,-13,-13
5941,11,10
5950,1,1
5951,0,1
5960,2,1
5961,10,10
5970,1,1
5971,1,1
5980,1,0
5981,-11,-11
5990,-13,-13
5991,10,10
6000,0,0
6001,-13,-13
6010,-11,-11
6011,-11,-11
6020,0,-11
6021,0,0
6030,0,10
6031,-13,-13
6040,-13,-13
6041,10,10
6050,-13,-13
6051,-13,-13
6060,1,11
6061,-13,-13
6070,0,0
6071,0,0
6080,2,11
6081,-11,-11
6090,-11,-11
6091,1,10
6100,1,2
6101,10,10
6110,11,11
6111,2,11
6120,-11,-11
6121,2,2
6130,0,0
6131,10,10
6140,11,11
6141,-11,-11
6150,-11,-333
6151,1,-333
6160,1,1
6161,-11,-11
6170,1,1
6171,1,1
6180,-11,-11
6181,-11,-11
6190,10,10
6191,1,2
6200,1,1
6201,1,11
6210,10,10
6211,1,1
6220,1,1
6221,1,1
6230,1,1
6231,-11,-11
6240,1,1
6241,-11,-11
6250,-13,-13
6251,1,1
6260,10,10
6261,1,1
6270,11,11
6271,1,1
6280,11,10
6281,-13,-13
6290,-11,-11
6291,1,1
6300,0,0
6301,1,-11
6310,1,1
6311,2,2
6320,10,10
6321,1,1
6330,10,10
6331,2,1
6340,-11,-11
6341,10,10
6350,3,2
6351,10,10
6360,10,10
6361,10,10
6370,1,-333
6371,-11,-11
6380,0,0
6381,-13,1
6390,1,1
6391,0,1
6400,-11,-11
6401,11,10
6410,0,11
6411,2,1
6420,-13,-13
6421,2,1
6430,1,1
6431,1,1
6440,10,10
6441,1,1
6450,-13,-13
6451,-13,-13
6460,1,1
6461,1,1
6470,-13,-13
6471,0,0
6480,0,10
6481,10,1
6490,1,11
6491,1,1
6500,2,1
6501,1,1
6510,-11,-11
6511,1,2
6520,10,10
6521,1,1
6530,11,11
6531,-13,-13
6540,1,1
6541,0,0
6550,3,1
6551,1,1
6560,1,1
6561,1,1
6570,-11,-11
6571,-11,-11
6580,11,10
6581,1,1
6590,2,1
6591,2,1
6600,1,1
6601,-11,-11
6610,1,1
6611,2,2
6620,1,1
6621,0,0
6630,-11,-11
6631,11,10
6640,1,1
6641,1,1
6650,3,2
6651,1,1
6660,-13,-13
6661,10,10
6670,1,1
6671,-11,-11
6680,1,1
6681,0,0
6690,-13,-13
6691,1,1
6700,-13,-13
6701,-13,-13
6710,0,0
6711,2,1
6720,1,-11
6721,-13,-13
6730,1,1
6731,1,1
6740,1,1
6741,-11,-11
6750,1,1
6751,-11,-11
6760,-13,-13
6761,-11,-11
6770,-11,-11
6771,0,0
6780,2,1
6781,2,2
6790,10,10
6791,-11,-11
6800,2,2
6801,2,2
6810,-11,-11
6811,1,1
6820,-13,-11
6821,-11,-222
6830,10,10
6831,-11,-11
6840,0,-333
6841,1,1
6850,0,0
6851,0,0
6860,-11,-11
6861,1,1
6870,1,11
6871,2,2
6880,2,11
6881,3,2
6890,-13,-13
6891,1,10
6900,-13,-13
6901,3,2
6910,-11,-11
6911,10,1
6920,0,0
6921,1,1
6930,1,1
6931,11,11
6940,1,1
6941,1,2
6950,-11,-11
6951,1,1
6960,0,0
6961,-11,-11
6970,-13,-13
6971,0,0
6980,-13,-13
6981,-11,-11
6990,1,1
6991,0,0
7000,-11,-11
7001,-11,-11
7010,2,1
7011,0,0
7020,1,2
7021,1,1
7030,-11,-11
7031,1,1
7040,1,1
7041,-11,-11
7050,11,10
7051,10,10
7060,10,10
7061,2,2
7070,10,10
7071,-13,-13
7080,0,0
7081,-13,-13
7090,1,1
7091,0,0
7100,1,10
7101,1,1
7110,1,1
7111,-13,-13
7120,0,0
7121,-11,-11
7130,1,1
7131,1,1
7140,2,1
7141,-11,-11
7150,1,1
7151,1,1
7160,-13,-13
7161,1,1
7170,2,2
7171,-11,1
7180,-13,-13
7181,-13,-13
7190,-13,-13
7191,1,1
7200,0,0
7201,-13,-13
7210,2,1
7211,0,10
7220,-13,-13
7221,0,0
7230,-11,-11
7231,1,1
7240,1,1
7241,-13,-13
7250,2,2
7251,1,1
7260,-11,-333
7261,-13,-13
7270,2,1
7271,-13,-13
7280,10,10
7281,-11,-11
7290,11,10
7291,1,1
7300,-11,-11
7301,1,1
7310,-13,-13
7311,-11,-11
7320,-13,-13
7321,0,0
7330,-11,-11
7331,11,2
7340,10,10
7341,-11,-11
7350,-13,-13
7351,1,1
7360,1,1
7361,-13,-13
7370,-11,-11
7371,2,1
7380,1,1
7381,1,2
7390,2,2
7391,2,11
7400,2,1
7401,-13,-13
7410,2,1
7411,-11,-11
7420,2,2
7421,1,1
7430,10,10
7431,-11,-11
7440,-11,-11
7441,-11,-11
7450,1,1
7451,-11,-11
7460,-11,-11
7461,-13,-13
7470,0,-11
7471,1,11
7480,1,1
7481,11,11
7490,1,0
7491,-13,-13
7500,-11,-11
7501,1,1
7510,1,1
7511,0,0
7520,-13,-13
7521,-11,1
7530,2,1
7531,0,0
7540,-13,-13
7541,10,10
7550,1,1
7551,-13,-13
7560,-13,-13
7561,-13,-13
7570,1,1
7571,0,0
7580,11,10
7581,0,1
7590,12,11
7591,-11,-11
7600,-13,-13
7601,-13,-13
7610,0,0
7611,-11,-11
7620,-13,-13
7621,1,1
7630,-11,-11
7631,-11,-11
7640,0,0
7641,-11,-11
7650,-13,-13
7651,0,0
7660,10,10
7661,0,0
7670,-13,-13
7671,-11,-11
7680,11,11
7681,1,1
7690,0,0
7691,1,1
7700,-11,-11
7701,-11,-11
7710,1,1
7711,-11,-11
7720,0,10
7721,-11,-11
7730,1,1
7731,1,1
7740,-11,-11
7741,-11,-11
7750,10,10
7751,-11,-11
7760,1,1
7761,-11,-11
7770,-13,-13
7771,10,10
7780,0,0
7781,-13,-13
7790,10,11
7791,3,2
7800,1,1
7801,2,1
7810,-13,-13
7811,-11,-11
7820,-13,-13
7821,1,1
7830,10,10
7831,10,10
7840,10,10
7841,0,0
7850,-13,-13
7851,10,11
7860,-11,-11
7861,-11,-11
7870,-13,-13
7871,2,1
7880,1,1
7881,-11,-11
7890,-13,-13
7891,2,11
7900,-13,-13
7901,-13,-13
7910,1,0
7911,2,2
7920,1,1
7921,1,1
7930,10,10
7931,-13,1
7940,10,10
7941,1,1
7950,2,2
7951,1,1
7960,0,0
7961,-13,1
7970,1,1
7971,1,1
7980,-13,-13
7981,-11,-11
7990,1,1
7991,-11,-11
8000,-13,-13
8001,10,11
8010,-13,-13
8011,1,1
8020,10,11
8021,-13,-333
8030,1,1
8031,0,0
8040,-13,-13
8041,1,1
8050,1,1
8051,-13,-13
8060,-11,-11
8061,1,10
8070,1,1
8071,2,-333
8080,0,10
8081,1,1
8090,0,0
8091,-13,-13
8100,-11,-11
8101,10,10
8110,-11,-11
8111,1,1
8120,2,2
8121,10,10
8130,-11,-11
8131,-13,-13
8140,1,1
8141,11,10
8150,-11,-11
8151,2,1
8160,-13,-13
8161,-11,-11
8170,1,1
8171,1,1
8180,-13,-13
8181,1,1
8190,2,1
8191,10,10
8200,-13,-13
8201,-11,-11
8210,10,10
8211,1,1
8220,1,1
8221,-11,-11
8230,-13,-13
8231,11,11
8240,1,10
8241,-11,-13
8250,2,1
8251,10,10
8260,1,1
8261,-11,-11
8270,1,-11
8271,0,-11
8280,1,11
8281,1,-222
8290,10,10
8291,1,1
8300,1,1
8301,1,1
8310,1,1
8311,11,11
8320,0,0
8321,-11,-11
8330,-11,-11
8331,0,0
8340,2,1
8341,10,11
8350,2,2
8351,-11,-11
8360,-13,-13
8361,0,0
8370,1,1
8371,1,1
8380,1,1
8381,1,2
8390,10,10
8391,1,1
8400,2,1
8401,0,1
8410,0,0
8411,1,10
8420,1,1
8421,11,11
8430,1,1
8431,1,1
8440,-13,-13
8441,1,1
8450,2,2
8451,10,10
8460,10,10
8461,-13,-13
8470,0,0
8471,1,2
8480,-13,-13
8481,-13,-13
8490,0,10
8491,1,1
8500,2,1
8501,1,1
8510,2,2
8511,-13,-13
8520,10,11
8521,1,10
8530,2,1
8531,0,0
8540,11,11
8541,2,2
8550,1,10
8551,1,1
8560,1,11
8561,1,1
8570,1,1
8571,10,10
8580,2,10
8581,1,1
8590,-13,-13
8591,1,1
8600,1,1
8601,-13,-13
8610,0,0
8611,1,2
8620,-13,-13
8621,-11,-11
8630,0,0
8631,-11,-11
8640,1,-11
8641,1,1
8650,-11,-11
8651,1,2
8660,-13,-13
8661,-11,-11
8670,-13,-13
8671,1,1
8680,2,2
8681,1,1
8690,1,1
8691,1,-11
8700,0,0
8701,1,1
8710,1,1
8711,2,2
8720,1,1
8721,0,0
8730,1,1
8731,-11,-11
8740,2,11
8741,1,1
8750,-13,-13
8751,-11,-11
8760,-13,-13
8761,0,0
8770,1,1
8771,-11,-11
8780,0,0
8781,-13,-13
8790,1,1
8791,1,1
8800,10,10
8801,1,1
8810,-11,-11
8811,-13,-13
8820,10,10
8821,1,1
8830,2,11
8831,-13,-13
8840,10,10
8841,1,1
8850,11,11
8851,1,1
8860,10,10
8861,-11,-11
8870,1,1
8871,2,1
8880,-13,-13
8881,-13,-13
8890,-11,1
8891,1,1
8900,11,11
8901,-13,-13
8910,-11,-11
8911,-11,-11
8920,11,11
8921,-13,-13
8930,-11,-11
8931,1,1
8940,2,11
8941,2,1
8950,10,10
8951,2,1
8960,-11,-11
8961,1,1
8970,10,1
8971,1,1
8980,2,2
8981,-13,-13
8990,2,1
8991,0,0
9000,-13,-13
9001,1,1
9010,10,10
9011,2,1
9020,11,11
9021,-13,-13
9030,-1,10
9031,-13,-13
9040,10,10
9041,1,1
9050,-13,-13
9051,1,1
9060,1,1
9061,-13,-13
9070,-11,-11
9071,11,10
9080,-11,-11
9081,2,1
9090,1,0
9091,-13,-13
9100,1,1
9101,1,1
9110,-11,-11
9111,-11,-11
9120,1,1
9121,-11,-11
9130,10,10
9131,-11,-11
9140,-13,-13
9141,-13,-13
9150,10,10
9151,1,1
9160,-11,-11
9161,-13,-13
9170,2,2
9171,1,1
9180,-13,-13
9181,2,2
9190,-11,-11
9191,2,2
9200,1,1
9201,0,0
9210,10,10
9211,1,1
9220,1,1
9221,2,1
9230,10,10
9231,-13,-13
9240,2,1
9241,1,1
9250,-11,-11
9251,-13,-13
9260,0,0
9261,3,10
9270,-13,-13
9271,0,0
9280,-13,-13
9281,0,11
9290,1,1
9291,-11,-11
9300,1,1
9301,10,10
9310,1,1
9311,-11,-11
9320,-11,-11
9321,-11,-11
9330,1,1
9331,-11,1
9340,3,11
9341,1,1
9350,-13,-13
9351,0,0
9360,-11,-333
9361,-11,-11
9370,12,11
9371,2,1
9380,1,1
9381,10,10
9390,10,10
9391,-11,-11
9400,0,0
9401,-13,-333
9410,1,2
9411,-11,2
9420,-11,-11
9421,1,1
9430,-11,-11
9431,-11,-11
9440,-11,-11
9441,1,1
9450,1,1
9451,-13,-13
9460,0,0
9461,11,11
9470,1,1
9471,1,1
9480,2,2
9481,-13,-13
9490,11,10
9491,0,0
9500,-11,-11
9501,-13,-13
9510,1,1
9511,-13,-13
9520,1,1
9521,-11,-11
9530,2,2
9531,-13,-13
9540,10,10
9541,1,2
9550,-11,-11
9551,0,0
9560,0,0
9561,1,1
9570,10,10
9571,-13,-13
9580,-13,-13
9581,-11,-11
9590,-13,-13
9591,1,1
9600,-11,-11
9601,-11,-11
9610,-13,-13
9611,10,11
9620,-13,-13
9621,1,1
9630,2,11
9631,1,1
9640,-13,-13
9641,1,1
9650,0,0
9651,-11,-11
9660,1,1
9661,-11,-11
9670,0,0
9671,1,1
9680,1,1
9681,-11,-11
9690,-13,-13
9691,1,1
9700,-11,-11
9701,0,10
9710,-11,-11
9711,0,0
9720,10,10
9721,11,10
9730,2,11
9731,11,10
9740,1,1
9741,2,1
9750,10,10
9751,10,10
9760,1,1
9761,-13,-13
9770,-13,0
9771,0,0
9780,1,1
9781,-13,-13
9790,0,0
9791,0,0
9800,11,10
9801,-11,-11
9810,-11,1
9811,-13,1
9820,-13,-13
9821,2,2
9830,-13,-13
9831,0,-11
9840,2,2
9841,1,1
9850,10,11
9851,11,11
9860,1,1
9861,-13,-13
9870,2,10
9871,2,-333
9880,0,0
9881,0,0
9890,-11,-11
9891,1,1
9900,10,10
9901,2,1
9910,2,2
9911,-11,-11
9920,2,1
9921,1,1
9930,1,1
9931,1,1
9940,-13,-13
9941,1,1
9950,2,1
9951,0,0
9960,10,10
9961,-13,-13
9970,10,11
9971,0,0
9980,-11,-11
9981,0,0
9990,2,1
9991,-13,-13
10000,-13,-13
10001,10,1
10010,1,1
10011,-13,-13
10020,2,1
10021,1,1
10030,-11,-11
10031,3,2
10040,-11,1
10041,0,-11
10050,12,11
10051,10,10
10060,11,11
10061,-11,-11
10070,11,11
10071,1,1
10080,-13,-13
10081,1,0
10090,1,1
10091,1,1
10100,1,1
10101,-11,-11
10110,0,0
10111,-11,-11
10120,-11,-11
10121,-13,-13
10130,-13,-13
10131,10,10
10140,1,1
10141,-11,-11
10150,-13,-13
10151,11,11
10160,10,10
10161,1,2
10170,0,0
10171,11,11
10180,-13,-13
10181,2,1
10190,-11,-11
10191,1,1
10200,1,1
10201,-11,-11
10210,-13,-13
10211,0,0
10220,1,1
10221,-11,-11
10230,-11,-11
10231,1,2
10240,10,10
10241,-13,-13
10250,-11,1
10251,-13,-13
10260,0,10
10261,-11,-11
10270,11,11
10271,2,2
10280,-13,-13
10281,1,1
10290,1,1
10291,-11,-11
10300,1,1
10301,0,-13
10310,-13,-13
10311,10,10
10320,2,1
10321,-13,-13
10330,-13,-13
10331,2,1
10340,1,1
10341,-13,-13
10350,-11,-11
10351,1,1
10360,2,11
10361,10,11
10370,1,11
10371,-11,-11
10380,1,1
10381,1,1
10390,-13,-13
10391,11,10
10400,11,10
10401,1,1
10410,-13,-13
10411,10,10
10420,1,1
10421,10,10
10430,10,10
10431,0,1
10440,-11,-11
10441,3,2
10450,10,10
10451,2,2
10460,-11,-11
10461,1,1
10470,1,1
10471,1,1
10480,2,2
10481,-13,-13
10490,-11,-11
10491,2,2
10500,11,11
10501,0,0
10510,11,11
10511,2,1
10520,0,1
10521,-13,-13
10530,10,10
10531,2,1
10540,2,2
10541,0,0
10550,0,1
10551,1,1
10560,2,11
10561,1,2
10570,-11,-11
10571,0,-11
10580,-11,-11
10581,1,1
10590,-11,-11
10591,-11,-11
10600,-11,-11
10601,11,11
10610,2,11
10611,0,2
10620,-11,-11
10621,0,0
10630,1,1
10631,1,1
10640,3,2
10641,-11,1
10650,10,10
10651,-11,1
10660,-11,-11
10661,-13,-13
10670,10,10
10671,0,0
10680,1,11
10681,1,1
10690,-11,-11
10691,10,10
10700,10,10
10701,1,1
10710,-13,-13
10711,-11,-11
10720,1,1
10721,1,1
10730,0,0
10731,0,0
10740,1,1
10741,-11,-11
10750,0,0
10751,-13,-11
10760,10,10
10761,-13,-13
10770,10,10
10771,10,10
10780,-11,-11
10781,1,1
10790,1,1
10791,1,1
10800,1,1
10801,-11,-11
10810,1,1
10811,-11,-11
10820,-11,-11
10821,1,1
10830,-11,-11
10831,1,1
10840,0,11
10841,2,1
10850,2,2
10851,-13,-13
10860,1,1
10861,1,1
10870,11,11
10871,1,1
10880,-11,-11
10881,-13,-13
10890,-13,-13
10891,-11,-11
10900,2,2
10901,0,1
10910,0,-11
10911,1,0
10920,-13,-13
10921,1,1
10930,-11,-11
10931,11,10
10940,11,11
10941,-13,-13
10950,11,11
10951,1,1
10960,-13,-13
10961,2,2
10970,10,10
10971,-13,-13
10980,0,0
10981,-11,-11
10990,-13,-13
10991,1,1
11000,-11,-11
11001,-11,-11
11010,10,10
11011,-13,-13
11020,0,0
11021,-13,-13
11030,-13,-13
11031,2,2
11040,10,10
11041,10,11
11050,-11,-11
11051,0,0
11060,1,1
11061,0,-11
11070,10,1
11071,-11,-11
11080,-11,-11
11081,-13,-13
11090,-13,-13
11091,2,2
11100,1,1
11101,-11,-11
11110,-11,-11
11111,-13,-13
11120,-13,-333
11121,-13,-13
11130,-13,-13
11131,-11,-11
11140,-11,1
11141,1,1
11150,2,11
11151,-11,-11
11160,10,10
11161,-13,-13
11170,-11,-11
11171,2,2
11180,10,10
11181,11,10
11190,0,0
11191,1,2
11200,2,2
11201,1,1
11210,2,10
11211,-11,-11
11220,0,0
11221,-11,-11
11230,1,1
11231,-13,-13
11240,10,10
11241,1,1
11250,-11,-11
11251,2,2
11260,2,2
11261,1,1
11270,2,2
11271,2,1
11280,0,0
11281,1,1
11290,1,1
11291,-11,-11
11300,10,10
11301,1,1
11310,1,1
11311,-13,-13
11320,1,1
11321,0,0
11330,-13,-13
11331,1,1
11340,0,0
11341,1,1
11350,1,0
11351,-13,-13
11360,-13,-13
11361,0,0
11370,1,1
11371,-13,-13
11380,2,2
11381,1,1
11390,10,10
11391,-11,-11
11400,2,1
11401,-11,-11
11410,0,0
11411,-11,-11
11420,10,10
11421,-13,-13
11430,-11,-11
11431,10,10
11440,-11,-11
11441,1,1
11450,1,1
11451,-11,-11
11460,1,1
11461,10,10
11470,2,1
11471,1,2
11480,-11,-11
11481,-13,1
11490,2,2
11491,-11,-11
11500,0,1
11501,0,0
11510,1,1
11511,1,1
11520,-11,-11
11521,-13,-13
11530,1,11
11531,-11,-11
11540,1,-222
11541,-11,-11
11550,-13,-13
11551,0,0
11560,2,2
11561,-13,-333
11570,0,0
11571,-13,-13
11580,1,1
11581,-13,-13
11590,0,0
11591,-13,1
11600,10,10
11601,1,1
11610,1,1
11611,10,10
11620,1,11
11621,3,2
11630,-11,1
11631,10,10
11640,-13,-13
11641,0,0
11650,-13,-13
11651,3,2
11660,-13,-13
11661,-11,-11
11670,-11,-11
11671,-13,-13
11680,1,1
11681,1,0
11690,1,1
11691,1,11
11700,1,10
11701,0,0
11710,2,2
11711,1,1
11720,2,2
11721,-13,-13
11730,0,0
11731,-13,-13
11740,0,0
11741,2,2
11750,10,10
11751,0,1
11760,-11,-11
11761,2,1
11770,-11,-11
11771,0,10
11780,-11,-11
11781,-11,-11
11790,-11,-11
11791,-11,1
11800,10,10
11801,0,-11
11810,0,0
11811,-11,-11
11820,0,0
11821,1,1
11830,1,2
11831,1,1
11840,-11,-11
11841,-13,-13
11850,1,1
11851,1,1
11860,0,0
11861,0,0
11870,2,1
11871,0,0
11880,-11,-11
11881,11,10
11890,1,1
11891,1,1
11900,1,1
11901,0,0
11910,10,10
11911,1,2
11920,1,1
11921,-13,-13
11930,10,10
11931,0,0
11940,-11,-11
11941,1,1
11950,0,0
11951,1,1
11960,1,1
11961,10,11
11970,-13,-13
11971,0,0
11980,10,10
11981,-13,-13
11990,0,1
11991,2,2
12000,2,11
12001,-13,-13
12010,-13,-13
12011,1,2
12020,2,2
12021,0,0
12030,0,0
12031,-11,-11
12040,-13,-13
12041,1,1
12050,0,0
12051,1,1
12060,10,10
12061,1,1
12070,-11,-11
12071,10,10
12080,-11,-11
12081,1,1
12090,1,1
12091,-11,-11
12100,0,-11
12101,1,1
12110,-11,1
12111,1,1
12120,10,10
12121,1,1
12130,-11,-11
12131,2,2
12140,11,11
12141,10,10
12150,1,1
12151,1,1
12160,2,2
12161,1,1
12170,1,1
12171,2,11
12180,-13,-13
12181,10,10
12190,-11,-11
12191,-11,-11
12200,11,10
12201,1,1
12210,-11,-11
12211,-11,-11
12220,1,1
12221,1,1
12230,10,10
12231,1,1
12240,-11,1
12241,1,2
12250,11,11
12251,-13,-13
12260,0,0
12261,1,1
12270,1,1
12271,1,1
12280,0,0
12281,-13,-13
12290,1,1
12291,-13,-13
12300,-13,-13
12301,10,11
12310,0,0
12311,11,10
12320,1,1
12321,1,-333
12330,10,10
12331,-11,-11
12340,-11,-13
12341,11,11
12350,-13,-13
12351,0,10
12360,-11,-11
12361,-11,-11
12370,1,1
12371,10,10
12380,1,1
12381,10,10
12390,-13,-13
12391,-11,-11
12400,1,2
12401,-11,-11
12410,1,1
12411,1,1
12420,1,1
12421,1,1
12430,11,11
12431,-13,-13
12440,2,2
12441,1,1
12450,-13,-13
12451,-13,-13
12460,-11,-11
12461,-11,-11
12470,10,10
12471,-13,-13
12480,1,1
12481,0,0
12490,0,0
12491,-13,-13
12500,-11,-11
12501,-13,-13
12510,10,10
12511,10,11
12520,10,11
12521,3,2
12530,10,10
12531,-11,-11
12540,-11,-11
12541,0,0
12550,10,11
12551,2,1
12560,-11,-11
12561,2,2
12570,2,2
12571,1,1
12580,0,0
12581,1,1
12590,-11,-11
12591,10,10
12600,-11,-11
12601,-13,-13
12610,2,1
12611,-13,-13
12620,-13,-13
12621,-11,-11
12630,0,0
12631,1,1
12640,2,1
12641,0,1
12650,0,0
12651,-13,-13
12660,1,1
12661,10,10
12670,1,-333
12671,-13,-13
12680,-13,-13
12681,-11,0
12690,1,1
12691,2,2
12700,0,0
12701,1,1
12710,10,10
12711,-11,-11
12720,11,11
12721,0,1
12730,10,10
12731,-13,-13
12740,1,-222
12741,1,1
12750,-13,-13
12751,-13,-13
12760,-11,-11
12761,1,1
12770,-11,-11
12771,10,11
12780,-11,1
12781,10,1
12790,1,10
12791,-13,-13
12800,10,10
12801,1,10
12810,-13,-13
12811,-11,-11
12820,-13,-13
12821,0,0
12830,1,2
12831,-11,-11
12840,1,1
12841,1,1
12850,11,11
12851,0,0
12860,2,1
12861,11,11
12870,-11,-11
12871,0,0
12880,1,1
12881,-13,-11
12890,-13,-13
12891,1,1
12900,-13,-13
12901,12,1
12910,10,10
12911,-13,-13
12920,0,1
12921,0,0
12930,0,0
12931,-11,1
12940,1,1
12941,-13,-13
12950,1,1
12951,-11,-11
12960,1,1
12961,-11,-11
12970,10,10
12971,1,11
12980,1,1
12981,0,0
12990,1,1
12991,-13,-13
13000,0,1
13001,-11,-11
13010,1,1
13011,-11,-11
13020,1,1
13021,10,10
13030,-11,-11
13031,2,2
13040,1,11
13041,1,1
13050,11,11
13051,-13,-13
13060,-11,-11
13061,-11,-11
13070,-13,-13
13071,2,2
13080,-13,-13
13081,-13,-13
13090,-13,-13
13091,10,10
13100,1,2
13101,1,1
13110,-11,-11
13111,2,1
13120,1,1
13121,11,11
13130,1,1
13131,-13,-13
13140,0,0
13141,-11,-11
13150,-13,-13
13151,-11,-11
13160,10,10
13161,-11,-11
13170,-11,-11
13171,-11,-11
13180,0,1
13181,1,1
13190,1,11
13191,-13,-13
13200,-13,-13
13201,1,1
13210,1,1
13211,0,-13
13220,0,0
13221,0,-13
13230,0,10
13231,-11,-11
13240,1,1
13241,-13,-13
13250,-13,-13
13251,1,1
13260,-13,-13
13261,1,1
13270,1,1
13271,2,2
13280,10,-11
13281,-13,11
13290,10,10
13291,10,10
13300,2,2
13301,-11,-11
13310,10,10
13311,2,1
13320,1,11
13321,0,0
13330,2,2
13331,10,10
13340,1,2
13341,1,1
13350,-11,-11
13351,-13,-13
13360,0,0
13361,1,2
13370,-11,-11
13371,2,2
13380,10,11
13381,1,1
13390,-11,-11
13391,-13,-13
13400,-13,-13
13401,1,11
13410,1,1
13411,1,1
13420,-11,1
13421,11,1
13430,-11,-333
13431,1,1
13440,0,1
13441,-11,-11
13450,-13,-13
13451,0,-13
13460,-13,-13
13461,1,11
13470,2,2
13471,10,11
13480,10,10
13481,2,10
13490,-13,1
13491,0,0
13500,0,0
13501,2,2
13510,-11,-11
13511,0,-333
13520,11,10
13521,-11,1
13530,-11,-11
13531,0,0
13540,1,1
13541,-11,-11
13550,2,-222
13551,-13,-13
13560,1,1
13561,1,1
13570,3,2
13571,1,1
13580,2,2
13581,2,2
13590,-13,-13
13591,-11,-11
13600,-13,-13
13601,-11,-11
13610,-13,-13
13611,1,1
13620,2,2
13621,1,1
13630,11,11
13631,-11,-11
13640,2,1
13641,2,1
13650,1,1
13651,1,1
13660,-13,-13
13661,10,10
13670,1,11
13671,-11,-333
13680,1,10
13681,-11,-11
13690,-13,-13
13691,2,2
13700,0,1
13701,-11,-11
13710,-13,-13
13711,1,1
13720,12,11
13721,1,1
13730,-11,-11
13731,2,2
13740,-11,-11
13741,-13,-13
13750,1,1
13751,2,11
13760,-11,-11
13761,1,2
13770,1,1
13771,-11,-11
13780,-11,-11
13781,1,1
13790,10,10
13791,-11,-11
13800,1,1
13801,1,1
13810,-13,-13
13811,10,10
13820,3,11
13821,1,1
13830,2,2
13831,0,0
13840,10,10
13841,10,10
13850,1,1
13851,2,1
13860,1,11
13861,10,10
13870,10,10
13871,11,11
13880,-11,-11
13881,2,1
13890,10,10
13891,2,2
13900,11,11
13901,3,2
13910,0,0
13911,2,2
13920,1,1
13921,10,10
13930,0,0
13931,10,10
13940,10,10
13941,1,1
13950,-13,-13
13951,-13,-13
13960,-13,-13
13961,-11,-11
13970,0,0
13971,1,1
13980,1,1
13981,1,1
13990,1,1
13991,2,1
14000,-13,-13
14001,-11,-11
14010,1,1
14011,-11,-11
14020,2,1
14021,1,2
14030,-11,-11
14031,-13,-13
14040,10,10
14041,-13,-13
14050,-11,-11
14051,1,1
14060,-11,-13
14061,11,11
14070,-13,1
14071,2,2
14080,10,10
14081,11,11
14090,-11,-11
14091,0,0
14100,1,1
14101,1,2
14110,-11,-11
14111,-11,-11
14120,1,1
14121,11,11
14130,10,10
14131,1,2
14140,1,11
14141,1,2
14150,-13,-13
14151,1,1
14160,1,1
14161,2,2
14170,0,0
14171,-11,-11
14180,-13,-13
14181,-11,-11
14190,-11,-11
14191,2,2
14200,1,1
14201,1,11
14210,2,1
14211,-11,-11
14220,1,2
14221,1,2
14230,1,1
14231,11,11
14240,2,2
14241,-11,-11
14250,-13,-13
14251,1,11
14260,11,11
14261,-11,1
14270,1,1
14271,1,1
14280,1,1
14281,1,1
14290,1,10
14291,2,2
14300,0,0
14301,-11,-11
14310,1,1
14311,0,0
14320,1,1
14321,-13,-13
14330,1,1
14331,0,1
14340,2,11
14341,10,10
14350,2,2
14351,1,1
14360,-11,-11
14361,0,0
14370,1,1
14371,-11,-11
14380,1,1
14381,1,1
14390,11,10
14391,11,10
14400,1,1
14401,1,1
14410,0,0
14411,1,1
14420,10,11
14421,10,10
14430,1,-11
14431,0,0
14440,-13,-13
14441,-13,-13
14450,-13,-13
14451,-13,-13
14460,1,1
14461,1,1
14470,2,2
14471,1,1
14480,-13,-13
14481,-13,-13
14490,-11,-11
14491,1,1
14500,0,1
14501,0,0
14510,2,11
14511,1,1
14520,10,10
14521,10,10
14530,10,10
14531,-11,-11
14540,10,10
14541,11,10
14550,0,0
14551,1,1
14560,-11,-11
14561,-13,-13
14570,0,0
14571,1,-333
14580,1,1
14581,2,11
14590,0,0
14591,11,11
14600,1,1
14601,-13,-13
14610,10,1
14611,10,11
14620,-13,-13
14621,3,2
14630,-13,-13
14631,0,0
14640,-11,-11
14641,-13,-13
14650,-11,-11
14651,2,2
14660,10,10
14661,10,10
14670,3,11
14671,1,1
14680,-11,-11
14681,-13,-13
14690,1,1
14691,1,1
14700,1,0
14701,10,10
14710,-11,-11
14711,1,1
14720,1,1
14721,12,11
14730,10,10
14731,-11,-11
14740,-13,-13
14741,1,1
14750,10,11
14751,11,11
14760,1,1
14761,-13,-13
14770,-11,1
14771,1,1
14780,-11,-11
14781,10,10
14790,0,0
14791,1,1
14800,11,10
14801,-11,-11
14810,-13,-13
14811,1,1
14820,-11,-11
14821,2,2
14830,2,2
14831,1,1
14840,-13,-13
14841,2,2
14850,1,1
14851,0,0
14860,0,1
14861,1,-333
14870,11,10
14871,11,1
14880,1,1
14881,1,1
14890,0,0
14891,1,1
14900,2,1
14901,0,1
14910,-11,-333
14911,0,0
14920,-13,-13
14921,-11,-11
14930,-13,-13
14931,11,11
14940,0,0
14941,1,1
14950,0,0
14951,0,0
14960,-11,-11
14961,0,0
14970,-11,-11
14971,1,1
14980,-13,-13
14981,2,1
14990,0,1
14991,-11,-11
15000,-11,-11
15001,1,10
15010,11,11
15011,-11,-11
15020,1,1
15021,-13,-11
15030,-11,-11
15031,1,0
15040,1,1
15041,1,2
15050,1,1
15051,2,2
15060,1,1
15061,-13,-13
15070,-13,-13
15071,1,1
15080,10,10
15081,-13,-13
15090,0,0
15091,0,0
15100,-13,-13
15101,2,11
15110,1,11
15111,-13,-13
15120,10,11
15121,-11,-11
15130,1,10
15131,-13,-13
15140,-11,-11
15141,2,1
15150,0,1
15151,1,-11
15160,-13,-13
15161,-13,-13
15170,-11,-11
15171,0,0
15180,0,0
15181,-13,-13
15190,11,11
15191,2,2
15200,11,11
15201,2,1
15210,11,1
15211,2,1
15220,-11,-11
15221,-13,-13
15230,1,1
15231,-13,-333
15240,1,1
15241,0,0
15250,-11,-11
15251,-11,-11
15260,-13,-13
15261,-11,-11
15270,2,11
15271,-11,-11
15280,1,0
15281,11,11
15290,-13,-11
15291,-13,-13
15300,1,1
15301,1,1
15310,10,10
15311,-13,-13
15320,-11,-11
15321,-11,-11
15330,1,1
15331,1,1
15340,1,1
15341,-13,-13
15350,-11,-11
15351,0,1
15360,-11,-11
15361,0,0
15370,0,0
15371,0,1
15380,-13,-13
15381,-11,-11
15390,-13,-13
15391,1,1
15400,0,0
15401,10,10
15410,2,1
15411,11,11
15420,-13,-13
15421,-11,-11
15430,10,11
15431,-11,-11
15440,0,0
15441,2,2
15450,-13,-13
15451,0,1
15460,0,0
15461,-11,-222
15470,-13,-13
15471,2,2
15480,10,10
15481,11,11
15490,0,0
15491,-11,-11
15500,10,10
15501,-13,-13
15510,0,1
15511,1,1
15520,1,1
15521,1,11
15530,2,11
15531,-11,-11
15540,-13,-13
15541,-11,-11
15550,-13,-13
15551,-13,-13
15560,11,10
15561,1,1
15570,0,0
15571,1,1
15580,1,1
15581,2,2
15590,2,2
15591,0,1
15600,1,1
15601,10,2
15610,-11,-11
15611,1,1
15620,10,11
15621,1,1
15630,-11,-11
15631,1,1
15640,-11,-11
15641,2,1
15650,-11,-11
15651,10,10
15660,1,1
15661,1,1
15670,-11,-11
15671,-11,-11
15680,1,1
15681,-11,-11
15690,10,10
15691,0,1
15700,1,1
15701,1,1
15710,1,0
15711,1,1
15720,2,11
15721,-11,-11
15730,-11,-11
15731,0,0
15740,10,1
15741,-11,1
15750,10,11
15751,1,1
15760,0,0
15761,1,1
15770,2,11
15771,-11,-11
15780,-11,-11
15781,-13,1
15790,-13,-13
15791,10,10
15800,-13,-13
15801,-13,-13
15810,-11,-11
15811,2,2
15820,2,1
15821,1,1
15830,1,1
15831,1,1
15840,-13,-13
15841,-11,-11
15850,-11,-11
15851,-11,-11
15860,1,1
15861,-13,-13
15870,10,10
15871,1,1
15880,-13,-13
15881,-13,-13
15890,-11,-11
15891,2,1
15900,1,1
15901,-11,-11
15910,-11,-11
15911,1,1
15920,1,1
15921,1,1
15930,1,1
15931,2,1
15940,1,1
15941,-11,-11
15950,0,0
15951,1,1
15960,10,10
15961,1,1
15970,1,1
15971,0,10
15980,-13,-13
15981,1,1
15990,0,10
15991,-13,-13
16000,2,11
16001,1,2
16010,0,-333
16011,1,-222
16020,1,1
16021,-13,-13
16030,-13,-13
16031,10,-13
16040,-11,1
16041,10,10
16050,1,1
16051,-13,-13
16060,0,0
16061,1,1
16070,1,1
16071,-11,-11
16080,-13,-13
16081,1,2
16090,-11,-11
16091,0,0
16100,11,10
16101,2,2
16110,-11,-11
16111,10,10
16120,10,10
16121,10,10
16130,-11,-11
16131,2,2
16140,1,1
16141,-13,-13
16150,2,2
16151,-11,-11
16160,-11,-11
16161,0,0
16170,10,10
16171,1,1
16180,0,0
16181,1,-333
16190,1,1
16191,1,1
16200,-11,-11
16201,-13,-13
16210,1,1
16211,1,-11
16220,1,1
16221,-13,-13
16230,12,11
16231,10,10
16240,2,1
16241,-11,-11
16250,-11,-11
16251,-13,-13
16260,0,0
16261,10,10
16270,10,10
16271,1,1
16280,10,10
16281,-11,-11
16290,1,2
16291,1,1
16300,1,2
16301,-13,-333
16310,-13,-13
16311,1,1
16320,1,1
16321,2,10
16330,-13,1
16331,2,1
16340,10,1
16341,-11,-11
16350,1,1
16351,-11,-11
16360,2,2
16361,1,1
16370,0,1
16371,1,1
16380,10,10
16381,2,2
16390,1,1
16391,2,2
16400,-13,-13
16401,0,1
16410,0,0
16411,-11,-11
16420,1,1
16421,0,0
16430,2,2
16431,-11,-11
16440,0,0
16441,0,0
16450,-13,-13
16451,-11,-11
16460,10,10
16461,1,1
16470,2,1
16471,1,10
16480,2,2
16481,1,1
16490,1,1
16491,-13,-13
16500,-11,-333
16501,1,2
16510,1,1
16511,0,0
16520,1,10
16521,-11,-11
16530,-13,-11
16531,-11,-11
16540,2,2
16541,10,10
16550,10,10
16551,1,1
16560,1,1
16561,10,10
16570,-11,-11
16571,1,1
16580,10,10
16581,-11,-11
16590,1,-11
16591,-13,-333
16600,2,11
16601,10,10
16610,10,10
16611,11,11
16620,-11,-11
16621,1,1
16630,-11,-11
16631,10,10
16640,1,1
16641,1,1
16650,-13,-13
16651,2,2
16660,-13,-13
16661,-11,-11
16670,-13,-13
16671,-11,-11
16680,11,11
16681,1,1
16690,-11,-11
16691,0,1
16700,-13,-13
16701,10,10
16710,-13,-13
16711,2,2
16720,-13,-13
16721,1,1
16730,2,11
16731,1,1
16740,-13,-13
16741,-13,-13
16750,1,1
16751,-11,-11
16760,1,1
16761,-13,-13
16770,2,1
16771,0,0
16780,-11,-11
16781,1,1
16790,11,11
16791,-13,-13
16800,2,2
16801,10,10
16810,2,2
16811,1,1
16820,1,1
16821,-11,-11
16830,1,1
16831,1,11
16840,1,1
16841,-13,-13
16850,11,11
16851,1,1
16860,-11,-11
16861,-13,-13
16870,0,-333
16871,2,1
16880,-11,-11
16881,1,1
16890,-13,-13
16891,-11,-11
16900,11,11
16901,-13,-13
16910,1,11
16911,-11,-11
16920,-11,-11
16921,-11,-11
16930,-11,-11
16931,2,2
16940,-13,-13
16941,-11,-11
16950,-11,-11
16951,1,1
16960,1,1
16961,0,0
16970,-11,-333
16971,10,10
16980,-13,-13
16981,-13,-13
16990,0,0
16991,2,1
17000,-13,-13
17001,2,1
17010,0,10
17011,-13,-13
17020,1,-11
17021,-13,10
17030,11,11
17031,-11,-11
17040,-11,-11
17041,2,2
17050,0,0
17051,-13,-13
17060,-11,-11
17061,2,1
17070,-11,-11
17071,1,1
17080,-11,-11
17081,1,1
17090,10,10
17091,-11,1
17100,-13,-13
17101,1,1
17110,1,1
17111,2,2
17120,10,10
17121,-13,-13
17130,1,1
17131,10,10
17140,1,1
17141,2,2
17150,1,1
17151,-11,-11
17160,1,1
17161,-13,-13
17170,-11,-11
17171,1,1
17180,1,1
17181,0,0
17190,11,11
17191,-13,0
17200,-11,-11
17201,1,1
17210,1,1
17211,-11,-11
17220,-13,-13
17221,2,2
17230,1,1
17231,1,1
17240,11,11
17241,-11,-11
17250,-11,-11
17251,0,1
17260,-11,-11
17261,10,10
17270,-11,-11
17271,-11,0
17280,-11,-11
17281,-11,-11
17290,-13,-13
17291,3,2
17300,-13,-13
17301,-13,0
17310,1,1
17311,1,1
17320,-13,-13
17321,-11,-11
17330,-11,-11
17331,-11,-333
17340,-11,-11
17341,1,1
17350,0,10
17351,-13,-13
17360,-13,-13
17361,-11,-11
17370,0,1
17371,-11,0
17380,1,1
17381,1,1
17390,1,1
17391,1,1
17400,11,11
17401,10,10
17410,0,0
17411,0,0
17420,-11,-13
17421,1,11
17430,11,10
17431,-13,-13
17440,2,11
17441,0,1
17450,-11,1
17451,10,10
17460,-11,-11
17461,1,1
17470,-13,-13
17471,1,1
17480,-11,-11
17481,-13,-13
17490,-11,-11
17491,0,0
17500,-13,-13
17501,-13,-13
17510,-13,-13
17511,0,0
17520,1,1
17521,2,2
17530,0,-11
17531,0,-333
17540,3,2
17541,-11,-11
17550,1,1
17551,1,1
17560,-11,-11
17561,-13,-13
17570,1,2
17571,-13,-13
17580,2,1
17581,2,2
17590,1,1
17591,1,1
17600,1,1
17601,1,10
17610,-11,-11
17611,1,1
17620,0,0
17621,2,11
17630,1,1
17631,2,2
17640,-13,-13
17641,-13,-13
17650,-13,-13
17651,1,1
17660,10,10
17661,1,1
17670,0,0
17671,2,2
17680,1,1
17681,1,0
17690,2,1
17691,-11,-11
17700,1,1
17701,1,2
17710,10,10
17711,10,10
17720,10,10
17721,-13,-13
17730,0,0
17731,1,1
17740,11,11
17741,1,1
17750,1,1
17751,0,0
17760,1,2
17761,1,1
17770,1,1
17771,1,1
17780,1,1
17781,11,11
17790,0,0
17791,-11,-11
17800,1,1
17801,0,10
17810,0,0
17811,-13,-13
17820,1,1
17821,-13,-13
17830,1,-11
17831,-13,-13
17840,0,0
17841,11,11
17850,-13,-13
17851,1,1
17860,2,2
17861,-11,-11
17870,10,10
17871,-13,-13
17880,11,11
17881,1,1
17890,-13,-13
17891,0,0
17900,2,10
17901,2,2
17910,1,11
17911,0,-11
17920,-11,-11
17921,-11,-11
17930,10,10
17931,1,1
17940,10,10
17941,0,0
17950,2,2
17951,-11,-11
17960,0,1
17961,-11,-11
17970,1,1
17971,10,1
17980,2,2
17981,10,10
17990,-13,-13
17991,1,1
18000,0,0
18001,-13,-13
18010,1,1
18011,0,0
18020,2,1
18021,10,10
18030,10,10
18031,0,11
18040,1,1
18041,1,1
18050,0,0
18051,10,10
18060,1,1
18061,0,0
18070,-11,-13
18071,10,10
18080,0,10
18081,1,10
18090,-11,-11
18091,1,1
18100,1,1
18101,2,2
18110,2,1
18111,-13,-13
18120,1,1
18121,10,10
18130,-11,-11
18131,-11,-13
18140,11,11
18141,0,0
18150,-13,-13
18151,1,1
18160,1,1
18161,-13,-13
18170,0,0
18171,10,10
18180,1,1
18181,-11,1
18190,-13,-13
18191,-11,-11
18200,0,0
18201,1,1
18210,-13,-13
18211,0,-11
18220,1,1
18221,1,1
18230,-13,-13
18231,1,11
18240,2,2
18241,-11,-11
18250,2,1
18251,1,1
18260,10,10
18261,10,10
18270,-11,-13
18271,-11,-11
18280,-11,-11
18281,-13,-13
18290,1,1
18291,1,2
18300,1,2
18301,-11,-11
18310,11,11
18311,-11,-11
18320,-11,-11
18321,-11,-11
18330,1,1
18331,1,1
18340,-13,-13
18341,2,2
18350,-11,-11
18351,1,1
18360,10,10
18361,4,2
18370,-11,-11
18371,10,10
18380,1,1
18381,-11,-11
18390,-11,-11
18391,-13,-13
18400,-11,-11
18401,0,10
18410,-13,-13
18411,-13,-13
18420,3,2
18421,1,1
18430,-11,-11
18431,-11,-11
18440,1,1
18441,1,1
18450,2,1
18451,-13,-13
18460,-11,-11
18461,10,10
18470,2,1
18471,-11,-11
18480,0,0
18481,-11,-11
18490,10,10
18491,-13,-13
18500,1,1
18501,-13,-13
18510,1,1
18511,0,0
18520,-13,-13
18521,1,1
18530,0,0
18531,-11,-11
18540,1,1
18541,10,10
18550,0,0
18551,10,10
18560,-13,-13
18561,-13,-13
18570,1,1
18571,1,1
18580,-11,-11
18581,10,10
18590,3,2
18591,1,1
18600,1,1
18601,-11,-11
18610,2,1
18611,-11,-11
18620,1,1
18621,0,0
18630,2,1
18631,-11,-11
18640,-11,-11
18641,10,10
18650,-13,-13
18651,1,1
18660,2,11
18661,1,1
18670,-13,-13
18671,1,1
18680,1,1
18681,-13,-13
18690,1,1
18691,2,1
18700,0,0
18701,1,2
18710,1,1
18711,0,0
18720,10,10
18721,-13,-222
18730,2,1
18731,2,1
18740,-13,-13
18741,1,1
18750,-13,-13
18751,1,2
18760,1,2
18761,0,0
18770,11,11
18771,-13,-13
18780,2,2
18781,-11,-11
18790,-11,-11
18791,0,-11
18800,1,1
18801,-13,-13
18810,1,1
18811,-13,-13
18820,-11,-11
18821,2,1
18830,1,1
18831,-13,-13
18840,0,0
18841,1,1
18850,-13,-13
18851,3,2
18860,0,-13
18861,11,11
18870,10,10
18871,2,2
18880,2,1
18881,1,1
18890,-13,-13
18891,-11,-11
18900,11,11
18901,-11,-11
18910,1,1
18911,10,10
18920,1,1
18921,-13,-13
18930,2,1
18931,0,1
18940,1,2
18941,1,1
18950,1,1
18951,3,1
18960,-11,-11
18961,1,2
18970,10,10
18971,-11,-11
18980,-13,-13
18981,1,1
18990,-11,-11
18991,0,0
19000,1,1
19001,-11,-11
19010,2,2
19011,10,10
19020,0,0
19021,2,1
19030,10,10
19031,1,1
19040,2,1
19041,-13,-13
19050,-13,-13
19051,10,10
19060,1,1
19061,2,1
19070,0,0
19071,-13,-13
19080,10,10
19081,-13,-13
19090,-13,-13
19091,-11,-11
19100,-11,-11
19101,2,1
19110,10,10
19111,-13,-13
19120,0,0
19121,-11,-11
19130,1,1
19131,1,1
19140,-11,-11
19141,0,0
19150,-11,-11
19151,1,1
19160,2,2
19161,0,0
19170,-13,-13
19171,1,2
19180,1,1
19181,-13,-13
19190,-13,-13
19191,2,11
19200,-11,-11
19201,1,1
19210,-11,-11
19211,-13,-13
19220,-11,-11
19221,2,1
19230,2,2
19231,0,0
19240,1,2
19241,-13,-13
19250,-11,-11
19251,2,2
19260,3,2
19261,-11,-11
19270,1,1
19271,3,2
19280,1,10
19281,10,11
19290,-11,-11
19291,0,2
19300,1,2
19301,1,1
19310,11,11
19311,10,10
19320,-11,-11
19321,1,1
19330,-13,-13
19331,10,10
19340,-11,-11
19341,0,1
19350,-11,-11
19351,10,10
19360,1,11
19361,-11,-11
19370,1,1
19371,2,-333
19380,0,0
19381,-13,-13
19390,-13,-13
19391,1,1
19400,0,-11
19401,1,1
19410,1,1
19411,0,-13
19420,2,1
19421,-13,-13
19430,-13,-13
19431,1,1
19440,0,0
19441,-11,0
19450,-11,-11
19451,-11,-11
19460,1,1
19461,-13,0
19470,-13,-13
19471,0,-13
19480,1,1
19481,-13,-13
19490,1,1
19491,10,10
19500,0,0
19501,1,1
19510,1,1
19511,2,11
19520,-11,-11
19521,0,-11
19530,-11,-11
19531,1,1
19540,11,10
19541,1,1
19550,-11,-11
19551,-13,-13
19560,0,0
19561,11,11
19570,11,11
19571,2,1
19580,0,0
19581,10,10
19590,1,1
19591,-11,-11
19600,11,10
19601,2,1
19610,10,10
19611,11,11
19620,-13,-13
19621,-11,-11
19630,-11,-11
19631,1,1
19640,1,-333
19641,-11,-11
19650,1,1
19651,-11,-11
19660,-11,-11
19661,1,1
19670,10,10
19671,1,1
19680,2,1
19681,-11,-11
19690,11,11
19691,2,1
19700,-13,0
19701,1,1
19710,10,10
19711,1,1
19720,2,2
19721,-11,-11
19730,1,1
19731,10,10
19740,-11,-11
19741,-13,-13
19750,-13,-13
19751,1,1
19760,-13,-13
19761,10,10
19770,-13,-13
19771,1,1
19780,-13,-13
19781,-11,-11
19790,1,1
19791,10,10
19800,0,0
19801,1,1
19810,2,2
19811,-13,-13
19820,0,0
19821,1,1
19830,10,10
19831,1,1
19840,2,11
19841,1,1
19850,1,1
19851,10,10
19860,1,1
19861,0,0
19870,10,10
19871,-13,-13
19880,11,11
19881,0,-11
19890,10,10
19891,-13,-13
19900,-11,0
19901,11,1
19910,2,-222
19911,2,2
19920,-11,-11
19921,-11,-11
19930,1,1
19931,-13,-13
19940,-11,1
19941,-11,-11
19950,1,1
19951,-11,-11
19960,1,11
19961,11,10
19970,-11,-11
19971,-13,-13
19980,1,1
19981,-11,-11
19990,10,10
19991,10,10
20000,2,1
20001,1,1
20010,1,1
20011,2,2
20020,1,1
20021,10,11
20030,-11,-11
20031,1,1
20040,-13,-13
20041,2,2
20050,1,1
20051,2,1
20060,10,10
20061,-13,-13
20070,0,0
20071,1,1
20080,-11,-11
20081,10,10
20090,-11,-11
20091,0,0
20100,1,1
20101,1,1
20110,-11,-11
20111,1,1
20120,-11,-11
20121,2,1
20130,0,0
20131,0,-13
20140,-11,1
20141,0,-11
20150,-11,-11
20151,0,0
20160,1,10
20161,1,1
20170,1,1
20171,0,0
20180,0,0
20181,1,1
20190,-13,-13
20191,10,10
20200,11,10
20201,-13,-13
20210,-13,-13
20211,1,1
20220,2,1
20221,2,1
20230,-11,1
20231,1,1
20240,1,1
20241,-13,0
20250,10,10
20251,10,10
20260,0,0
20261,10,10
20270,-13,-13
20271,-13,-13
20280,10,10
20281,2,2
20290,2,1
20291,11,10
20300,-13,-13
20301,11,11
20310,-11,-11
20311,0,0
20320,-11,-11
20321,10,10
20330,10,1
20331,0,0
20340,1,1
20341,-13,1
20350,-11,-11
20351,10,10
20360,0,10
20361,2,2
20370,-13,-13
20371,-13,-13
20380,1,1
20381,10,10
20390,0,0
20391,2,2
20400,10,10
20401,-11,-11
20410,11,10
20411,-13,-13
20420,-11,-11
20421,0,0
20430,-13,-13
20431,1,1
20440,0,0
20441,-13,-13
20450,1,1
20451,-13,-13
20460,-13,-13
20461,10,11
20470,-11,-11
20471,1,1
20480,10,10
20481,10,10
20490,0,0
20491,10,10
20500,10,10
20501,1,-333
20510,11,11
20511,0,0
20520,0,0
20521,2,2
20530,-13,-13
20531,1,11
20540,10,11
20541,-13,0
20550,-11,-11
20551,-13,-13
20560,-13,-13
20561,-13,-13
20570,-11,-11
20571,1,1
20580,-13,-13
20581,-13,-13
20590,10,10
20591,1,1
20600,1,1
20601,11,11
20610,0,0
20611,10,10
20620,10,10
20621,-11,-11
20630,10,10
20631,0,0
20640,10,10
20641,-11,-11
20650,1,1
20651,10,10
20660,1,1
20661,1,1
20670,2,2
20671,1,1
20680,0,0
20681,10,10
20690,10,10
20691,10,10
20700,10,10
20701,0,11
20710,-13,-13
20711,-11,-11
20720,-13,-13
20721,0,0
20730,1,1
20731,-11,-11
20740,1,1
20741,0,1
20750,-11,-11
20751,1,1
20760,2,1
20761,-13,-13
20770,1,1
20771,2,1
20780,-13,-13
20781,1,10
20790,-11,-13
20791,0,0
20800,1,1
20801,1,1
20810,-11,-11
20811,11,11
20820,1,10
20821,1,1
20830,1,1
20831,10,10
20840,1,1
20841,-11,-13
20850,10,10
20851,3,2
20860,-11,-11
20861,-13,-13
20870,-11,-11
20871,11,11
20880,-11,-11
20881,10,10
20890,-11,-11
20891,1,1
20900,1,1
20901,10,10
20910,2,2
20911,-13,-13
20920,10,10
20921,-11,-11
20930,1,1
20931,11,11
20940,-11,-333
20941,1,1
20950,10,11
20951,-13,-13
20960,-11,-11
20961,-11,-11
20970,1,1
20971,2,11
20980,1,1
20981,-13,-13
20990,-13,-13
20991,1,1
21000,12,11
21001,1,1
21010,-13,1
21011,10,10
21020,-11,-11
21021,1,0
21030,-13,-13
21031,-11,-11
21040,1,1
21041,0,0
21050,-11,-11
21051,12,2
21060,-13,-333
21061,2,2
21070,-11,-11
21071,1,-11
21080,1,1
21081,1,-11
21090,0,0
21091,-13,-13
21100,2,11
21101,10,10
21110,11,10
21111,2,1
21120,1,1
21121,-11,-11
21130,-13,-13
21131,0,0
21140,0,1
21141,-13,-11
21150,10,10
21151,1,1
21160,1,1
21161,1,1
21170,11,10
21171,1,0
21180,0,1
21181,1,10
21190,1,1
21191,1,1
21200,1,1
21201,10,10
21210,11,11
21211,0,1
21220,1,2
21221,2,2
21230,2,10
21231,2,1
21240,1,1
21241,-13,-13
21250,10,10
21251,-13,-13
21260,-11,-11
21261,1,1
21270,0,0
21271,0,0
21280,-13,-13
21281,0,2
21290,0,0
21291,10,10
21300,2,2
21301,1,1
21310,1,1
21311,1,2
21320,-13,-13
21321,2,2
21330,-11,-11
21331,1,1
21340,-13,-13
21341,-13,-13
21350,11,11
21351,-11,-11
21360,-11,-11
21361,-11,-11
21370,-13,-13
21371,10,10
21380,1,11
21381,1,1
21390,1,1
21391,1,1
21400,-11,0
21401,-13,-13
21410,1,1
21411,2,2
21420,0,1
21421,-13,-13
21430,-11,-11
21431,-13,-13
21440,2,1
21441,-13,-13
21450,1,1
21451,10,10
21460,2,11
21461,-11,1
21470,11,11
21471,2,2
21480,-13,-13
21481,1,1
21490,0,1
21491,-13,-13
21500,-11,-11
21501,-11,-11
21510,10,11
21511,3,2
21520,10,10
21521,1,-333
21530,-11,-11
21531,0,0
21540,1,1
21541,11,10
21550,1,1
21551,11,11
21560,2,1
21561,-13,-13
21570,-13,-13
21571,0,10
21580,0,-333
21581,2,2
21590,0,10
21591,2,2
21600,2,1
21601,0,0
21610,0,10
21611,2,2
21620,-11,-11
21621,1,1
21630,2,1
21631,1,1
21640,2,11
21641,0,10
21650,11,10
21651,1,11
21660,-13,-13
21661,1,1
21670,1,1
21671,-13,-13
21680,-11,-11
21681,1,1
21690,1,1
21691,-13,-13
21700,10,10
21701,-11,-11
21710,1,1
21711,-11,-11
21720,-11,1
21721,1,0
21730,1,10
21731,-13,-13
21740,2,1
21741,4,2
21750,1,2
21751,10,1
21760,-13,-13
21761,-13,-13
21770,0,0
21771,1,1
21780,2,1
21781,-13,-13
21790,-13,-13
21791,-11,-11
21800,2,2
21801,10,11
21810,-11,-11
21811,-11,1
21820,1,1
21821,1,1
21830,1,1
21831,2,2
21840,-11,-11
21841,-11,-11
21850,2,1
21851,1,-11
21860,2,1
21861,10,10
21870,10,10
21871,1,1
21880,-13,-13
21881,-13,-13
21890,1,1
21891,-13,-13
21900,10,10
21901,1,1
21910,-11,-11
21911,1,0
21920,-13,-13
21921,-13,-13
21930,11,11
21931,-11,-11
21940,1,-13
21941,-11,-11
21950,1,1
21951,-11,-11
21960,2,2
21961,0,0
21970,-11,1
21971,1,1
21980,2,1
21981,1,1
21990,2,11
21991,1,1
22000,-11,-11
22001,10,11
22010,1,1
22011,0,0
22020,-11,-11
22021,1,1
22030,-11,-11
22031,0,0
22040,2,1
22041,2,1
22050,-11,-11
22051,1,1
22060,-11,-11
22061,0,0
22070,2,2
22071,-11,-11
22080,-13,-13
22081,1,1
22090,0,1
22091,1,1
22100,-1,11
22101,1,1
22110,0,0
22111,2,2
22120,-11,-11
22121,-11,-11
22130,-11,-11
22131,11,11
22140,0,-11
22141,-11,-11
22150,1,1
22151,-13,-13
22160,0,0
22161,1,1
22170,0,0
22171,-11,-11
22180,-13,-13
22181,10,10
22190,3,2
22191,1,1
22200,0,0
22201,1,11
22210,-13,-13
22211,2,2
22220,10,10
22221,-13,-13
22230,11,10
22231,1,1
22240,10,11
22241,-13,-13
22250,10,10
22251,1,1
22260,0,11
22261,10,10
22270,-13,-13
22271,1,0
22280,-13,-13
22281,-11,-11
22290,0,0
22291,10,10
22300,1,1
22301,1,1
22310,0,0
22311,-13,-13
22320,-11,-11
22321,1,1
22330,-11,-11
22331,-11,-11
22340,-11,-11
22341,1,1
22350,-13,-13
22351,0,-11
22360,11,11
22361,-13,-13
22370,-11,-11
22371,1,1
22380,-11,-11
22381,1,1
22390,-13,-13
22391,1,1
22400,-13,1
22401,2,2
22410,0,0
22411,-13,-11
22420,0,0
22421,0,0
22430,11,10
22431,-11,-11
22440,0,0
22441,10,10
22450,1,0
22451,1,1
22460,1,1
22461,2,2
22470,0,0
22471,-13,-13
22480,1,1
22481,1,1
22490,-13,-13
22491,0,0
22500,12,11
22501,-13,-13
22510,1,1
22511,-13,-13
22520,-13,-13
22521,1,1
22530,1,10
22531,10,11
22540,-11,-11
22541,2,2
22550,10,11
22551,1,1
22560,-13,-13
22561,10,11
22570,2,1
22571,-13,-13
22580,1,0
22581,1,0
22590,10,11
22591,-11,-11
22600,0,10
22601,11,11
22610,-11,-11
22611,1,1
22620,-11,-11
22621,0,0
22630,0,0
22631,2,11
22640,1,1
22641,11,10
22650,1,1
22651,-13,-13
22660,-11,-11
22661,1,1
22670,1,2
22671,-13,-13
22680,1,11
22681,-11,-11
22690,-11,-11
22691,-11,-11
22700,-11,-11
22701,1,1
22710,2,2
22711,2,2
22720,-13,-13
22721,1,1
22730,-11,-11
22731,-11,-11
22740,-11,-11
22741,10,10
22750,0,1
22751,2,2
22760,1,1
22761,2,2
22770,0,0
22771,-11,-11
22780,10,10
22781,2,1
22790,-13,-13
22791,3,11
22800,10,10
22801,0,0
22810,0,0
22811,1,1
22820,1,1
22821,-11,-11
22830,2,2
22831,1,1
22840,11,10
22841,2,2
22850,-11,-333
22851,-11,1
22860,-11,-11
22861,1,1
22870,1,1
22871,1,1
22880,-13,-13
22881,0,-13
22890,-11,-11
22891,1,1
22900,2,2
22901,2,1
22910,-11,-11
22911,1,1
22920,2,2
22921,-11,-11
22930,-11,-11
22931,2,11
22940,10,10
22941,-11,-13
22950,2,2
22951,0,0
22960,0,0
22961,-13,0
22970,-13,-13
22971,-13,-13
22980,0,0
22981,-11,-11
22990,0,1
22991,-11,-11
23000,-13,-13
23001,-13,-13
23010,0,0
23011,1,1
23020,2,2
23021,0,0
23030,10,10
23031,10,10
23040,-13,-13
23041,0,0
23050,2,1
23051,0,-13
23060,-13,-13
23061,-11,-11
23070,1,1
23071,-13,-13
23080,-13,-13
23081,1,10
23090,-11,-11
23091,1,1
23100,1,1
23101,-11,-11
23110,0,0
23111,-13,-13
23120,10,10
23121,1,1
23130,-13,-13
23131,-13,-13
23140,-13,-13
23141,-11,-11
23150,-13,-13
23151,3,2
23160,-13,-13
23161,2,2
23170,1,1
23171,11,10
23180,2,1
23181,-13,-13
23190,11,10
23191,0,0
23200,0,0
23201,1,1
23210,-13,-13
23211,12,11
23220,-11,-11
23221,0,0
23230,10,10
23231,1,1
23240,1,1
23241,10,10
23250,-11,-11
23251,0,0
23260,-13,-13
23261,0,0
23270,-11,-11
23271,0,0
23280,-13,-13
23281,0,0
23290,2,2
23291,-11,-11
23300,1,1
23301,-11,-11
23310,10,10
23311,12,11
23320,1,1
23321,-11,-11
23330,1,1
23331,-13,-13
23340,2,1
23341,10,11
23350,10,10
23351,0,1
23360,10,11
23361,2,1
23370,-13,-13
23371,-11,-11
23380,2,1
23381,-11,-11
23390,2,2
23391,1,1
23400,1,1
23401,0,0
23410,0,0
23411,0,0
23420,-11,-11
23421,0,1
23430,1,0
23431,-11,-11
23440,11,1
23441,10,10
23450,1,1
23451,10,10
23460,0,2
23461,-11,-11
23470,2,1
23471,-11,-11
23480,1,1
23481,10,10
23490,-11,-11
23491,-11,-11
23500,2,1
23501,0,0
23510,0,10
23511,1,1
23520,-13,-13
23521,11,11
23530,1,1
23531,0,0
23540,2,2
23541,0,0
23550,1,1
23551,2,11
23560,-11,-11
23561,1,1
23570,1,1
23571,1,1
23580,-11,-11
23581,0,0
23590,0,0
23591,11,11
23600,1,1
23601,11,10
23610,11,10
23611,2,2
23620,2,2
23621,1,1
23630,-11,-11
23631,1,1
23640,-13,-13
23641,0,1
23650,2,2
23651,1,1
23660,-11,-11
23661,11,11
23670,10,10
23671,-11,-11
23680,10,10
23681,10,10
23690,2,1
23691,2,1
23700,1,1
23701,-11,-11
23710,1,1
23711,1,1
23720,0,0
23721,1,1
23730,-11,-11
23731,-11,-11
23740,0,0
23741,10,10
23750,1,1
23751,1,1
23760,-11,-11
23761,1,1
23770,10,10
23771,11,11
23780,10,10
23781,1,1
23790,2,2
23791,-11,-11
23800,0,0
23801,1,1
23810,10,10
23811,1,1
23820,0,2
23821,1,1
23830,1,1
23831,1,1
23840,10,10
23841,-11,-11
23850,1,11
23851,11,11
23860,10,10
23861,2,2
23870,-11,-11
23871,-11,-11
23880,-13,-13
23881,10,10
23890,0,0
23891,-11,-11
23900,11,10
23901,1,1
23910,2,2
23911,1,1
23920,0,11
23921,0,0
23930,-11,-11
23931,1,1
23940,0,0
23941,-11,-11
23950,-13,1
23951,1,1
23960,-11,-11
23961,12,11
23970,1,1
23971,10,10
23980,1,1
23981,0,1
23990,3,2
23991,-11,-11
24000,1,1
24001,1,1
24010,1,1
24011,1,-11
24020,1,1
24021,1,1
24030,-13,-13
24031,1,1
24040,-11,-11
24041,-11,-11
24050,-13,-13
24051,-11,-11
24060,-13,-13
24061,0,0
24070,2,11
24071,10,10
24080,-11,-11
24081,-13,-13
24090,2,2
24091,1,1
24100,0,0
24101,-13,-13
24110,-13,-13
24111,-13,-13
24120,1,2
24121,-11,-11
24130,1,2
24131,1,1
24140,-11,-11
24141,-13,-13
24150,-13,-13
24151,-13,-13
24160,1,1
24161,-11,-11
24170,1,1
24171,0,0
24180,0,0
24181,-13,-13
24190,10,10
24191,-11,-11
24200,1,10
24201,-13,-13
24210,-11,-11
24211,1,1
24220,10,10
24221,-11,-11
24230,-13,-13
24231,1,1
24240,1,-222
24241,10,-222
24250,-13,-13
24251,0,0
24260,2,2
24261,-11,-11
24270,10,10
24271,-11,-11
24280,1,1
24281,1,0
24290,10,11
24291,-11,1
24300,2,1
24301,-13,-13
24310,0,0
24311,1,1
24320,0,0
24321,1,1
24330,2,2
24331,-11,-11
24340,1,1
24341,2,2
24350,-13,-13
24351,-13,-13
24360,-13,-13
24361,10,10
24370,-13,-13
24371,-11,-11
24380,-11,-11
24381,0,0
24390,1,1
24391,11,11
24400,0,0
24401,-11,-11
24410,-11,-11
24411,10,10
24420,1,1
24421,0,10
24430,1,1
24431,1,1
24440,-13,-13
24441,-13,-13
24450,1,1
24451,1,1
24460,-13,-13
24461,11,11
24470,-13,-13
24471,-13,-333
24480,-11,-11
24481,0,0
24490,-11,-11
24491,2,2
24500,-13,-13
24501,10,1
24510,11,11
24511,0,-11
24520,1,1
24521,2,1
24530,1,1
24531,0,0
24540,10,11
24541,-11,-11
24550,2,1
24551,-13,0
24560,-11,-222
24561,-11,-11
24570,1,1
24571,1,0
24580,-11,-11
24581,-11,-11
24590,12,11
24591,1,11
24600,1,1
24601,1,1
24610,10,10
24611,-11,-11
24620,-13,-13
24621,10,11
24630,1,1
24631,-13,-13
24640,-11,-11
24641,-11,-11
24650,1,1
24651,10,10
24660,2,2
24661,0,1
24670,1,1
24671,10,10
24680,1,1
24681,-11,-11
24690,-11,-11
24691,1,1
24700,1,1
24701,-11,-11
24710,1,1
24711,-11,-11
24720,1,1
24721,2,1
24730,-13,-13
24731,1,1
24740,1,1
24741,10,10
24750,-13,-13
24751,1,1
24760,1,1
24761,-11,-11
24770,1,1
24771,2,1
24780,1,1
24781,0,0
24790,1,1
24791,1,1
24800,2,1
24801,0,0
24810,0,0
24811,0,10
24820,0,0
24821,10,10
24830,11,10
24831,-13,-13
24840,-13,-13
24841,0,0
24850,-11,-11
24851,2,1
24860,-11,-11
24861,10,11
24870,-13,-13
24871,1,1
24880,0,0
24881,-11,-11
24890,11,11
24891,1,1
24900,0,0
24901,0,0
24910,0,2
24911,12,11
24920,0,0
24921,11,10
24930,-13,-13
24931,-11,-11
24940,2,2
24941,1,1
24950,-11,-11
24951,1,1
24960,-11,-11
24961,-13,-13
24970,0,1
24971,-11,-11
24980,2,1
24981,2,11
24990,-13,-13
24991,-11,-11
25000,1,2
25001,1,1
25010,0,-13
25011,-13,-13
25020,1,-11
25021,1,-333
25030,-11,-11
25031,-11,-11
25040,0,0
25041,-13,-13
25050,2,2
25051,-11,-11
25060,10,10
25061,-13,-13
25070,1,1
25071,-11,-11
25080,-13,-13
25081,0,0
25090,-13,-13
25091,-13,-13
25100,-11,-11
25101,-11,-11
25110,-11,-11
25111,-11,-11
25120,1,1
25121,-11,-11
25130,2,1
25131,10,2
25140,-11,-11
25141,-11,-11
25150,-11,-11
25151,1,1
25160,1,1
25161,0,0
25170,1,-11
25171,1,-333
25180,-13,-13
25181,-13,-13
25190,1,1
25191,-13,-13
25200,2,1
25201,-11,-11
25210,1,1
25211,1,11
25220,11,11
25221,-11,-11
25230,1,-11
25231,-13,-13
25240,1,1
25241,0,0
25250,10,11
25251,2,2
25260,0,0
25261,-11,-11
25270,-13,-13
25271,-11,1
25280,0,10
25281,1,1
25290,0,0
25291,2,2
25300,10,10
25301,1,1
25310,-13,-13
25311,2,1
25320,1,1
25321,1,1
25330,1,1
25331,-11,-11
25340,1,1
25341,-13,-13
25350,-11,-11
25351,1,10
25360,1,1
25361,-11,-11
25370,1,11
25371,-13,-13
25380,-13,-13
25381,1,1
25390,2,1
25391,10,10
25400,0,0
25401,-11,-11
25410,1,1
25411,3,1
25420,0,0
25421,0,-11
25430,-11,-11
25431,-13,-13
25440,1,-333
25441,10,10
25450,-11,-11
25451,0,1
25460,-13,-333
25461,1,1
25470,10,10
25471,-11,-11
25480,1,1
25481,-11,-11
25490,1,1
25491,1,1
25500,1,1
25501,0,0
25510,2,1
25511,-11,-333
25520,0,2
25521,-13,-13
25530,0,0
25531,0,1
25540,1,1
25541,1,2
25550,-11,-11
25551,10,10
25560,-11,-11
25561,1,1
25570,-13,-13
25571,1,1
25580,2,2
25581,0,0
25590,11,11
25591,1,1
25600,1,1
25601,1,1
25610,1,1
25611,-13,-13
25620,1,1
25621,10,11
25630,0,0
25631,0,0
25640,-11,-11
25641,-13,-13
25650,-11,-11
25651,-13,-13
25660,-13,-13
25661,1,1
25670,2,1
25671,3,2
25680,3,2
25681,-11,-11
25690,0,0
25691,-11,-11
25700,1,1
25701,1,1
25710,10,10
25711,1,1
25720,-13,-13
25721,1,11
25730,1,1
25731,-11,-11
25740,-11,-11
25741,-13,-13
25750,0,0
25751,-11,-11
25760,11,11
25761,-11,1
25770,-11,-11
25771,10,11
25780,10,10
25781,-13,0
25790,0,0
25791,10,10
25800,1,1
25801,-13,-13
25810,1,10
25811,-11,-11
25820,-13,-13
25821,0,11
25830,1,1
25831,2,2
25840,1,10
25841,1,11
25850,1,2
25851,0,0
25860,1,1
25861,10,10
25870,-11,-11
25871,0,0
25880,3,11
25881,10,10
25890,10,10
25891,-13,-13
25900,2,1
25901,1,1
25910,-11,-11
25911,1,1
25920,1,1
25921,-13,-13
25930,-13,-13
25931,1,10
25940,0,0
25941,-11,-11
25950,10,11
25951,-11,-11
25960,1,1
25961,-13,-13
25970,1,1
25971,2,1
25980,-13,-13
25981,-13,-13
25990,1,1
25991,10,11
26000,1,1
26001,1,1
26010,0,0
26011,10,10
26020,1,1
26021,10,11
26030,-11,-11
26031,-11,-11
26040,1,1
26041,0,-11
26050,-11,-11
26051,11,11
26060,10,11
26061,-11,0
26070,-13,-13
26071,-13,-13
26080,1,1
26081,0,0
26090,0,1
26091,-11,-11
26100,-11,-11
26101,0,0
26110,-13,-13
26111,0,0
26120,0,0
26121,-13,-13
26130,3,2
26131,-13,-13
26140,1,1
26141,1,1
26150,1,1
26151,-11,-11
26160,1,1
26161,2,2
26170,10,10
26171,2,1
26180,10,10
26181,-13,-13
26190,10,10
26191,-11,-11
26200,1,1
26201,1,1
26210,-11,-11
26211,-11,-11
26220,10,10
26221,-13,-13
26230,1,1
26231,0,0
26240,1,1
26241,2,2
26250,-13,-13
26251,1,1
26260,-13,-13
26261,-11,-11
26270,1,1
26271,-13,-13
26280,-11,-11
26281,0,1
26290,2,2
26291,1,1
26300,10,10
26301,-13,-13
26310,-13,-13
26311,-11,-11
26320,10,10
26321,1,1
26330,-13,-13
26331,0,0
26340,10,1
26341,1,1
26350,0,0
26351,-13,-13
26360,-13,-13
26361,-13,-13
26370,-13,-13
26371,1,1
26380,-11,-11
26381,1,1
26390,10,10
26391,1,1
26400,-11,-11
26401,1,11
26410,1,1
26411,-13,1
26420,-13,-13
26421,1,1
26430,1,1
26431,-11,-11
26440,-13,-13
26441,10,11
26450,1,1
26451,0,0
26460,0,0
26461,1,1
26470,1,1
26471,0,0
26480,11,11
26481,1,2
26490,0,0
26491,-11,-11
26500,10,10
26501,-13,-13
26510,10,10
26511,2,2
26520,1,0
26521,-11,-11
26530,1,1
26531,1,1
26540,-13,-13
26541,1,1
26550,-11,-11
26551,1,1
26560,10,10
26561,-13,-13
26570,1,-11
26571,0,0
26580,11,11
26581,1,1
26590,0,0
26591,2,2
26600,-11,-11
26601,1,1
26610,11,11
26611,-13,-13
26620,2,1
26621,11,11
26630,1,1
26631,1,1
26640,-11,-11
26641,-11,-11
26650,-11,-11
26651,-11,-11
26660,1,1
26661,10,10
26670,1,1
26671,1,1
26680,10,10
26681,-11,-11
26690,-13,-13
26691,1,1
26700,0,1
26701,-11,-11
26710,2,2
26711,1,1
26720,1,1
26721,0,0
26730,10,10
26731,-13,-13
26740,-13,-13
26741,0,0
26750,-11,-11
26751,0,0
26760,1,1
26761,2,2
26770,-13,-13
26771,-13,-13
26780,3,11
26781,1,11
26790,1,1
26791,-11,-11
26800,11,11
26801,-13,-13
26810,-11,-11
26811,1,1
26820,0,0
26821,2,11
26830,-13,-13
26831,1,1
26840,0,0
26841,0,0
26850,1,1
26851,-11,-11
26860,1,1
26861,-13,-13
26870,-13,0
26871,1,1
26880,1,1
26881,-13,-13
26890,0,-11
26891,0,-11
26900,2,2
26901,-11,-333
26910,0,0
26911,-11,-333
26920,0,1
26921,-13,-13
26930,1,11
26931,-13,-13
26940,-11,-11
26941,-13,-13
26950,1,1
26951,-11,1
26960,-13,-13
26961,2,1
26970,11,10
26971,1,1
26980,11,11
26981,-11,1
26990,1,1
26991,-11,-11
27000,1,2
27001,0,0
27010,11,10
27011,2,2
27020,0,0
27021,11,11
27030,1,1
27031,0,0
27040,-13,-13
27041,11,11
27050,-11,-11
27051,0,-11
27060,-13,-13
27061,2,2
27070,2,2
27071,1,1
27080,10,10
27081,-11,-11
27090,2,2
27091,2,2
27100,-13,-13
27101,1,1
27110,1,1
27111,1,1
27120,1,1
27121,1,1
27130,1,1
27131,1,1
27140,0,0
27141,-13,-13
27150,-11,-11
27151,-11,-11
27160,1,1
27161,0,0
27170,-11,-11
27171,10,10
27180,-13,-13
27181,0,0
27190,2,2
27191,-13,-13
27200,11,10
27201,10,10
27210,0,0
27211,11,11
27220,0,0
27221,1,1
27230,-13,-13
27231,-11,-13
27240,1,1
27241,1,1
27250,-11,-11
27251,10,10
27260,1,1
27261,2,2
27270,-13,1
27271,10,10
27280,10,11
27281,10,10
27290,10,10
27291,-13,-13
27300,-13,1
27301,2,2
27310,0,0
27311,-11,-11
27320,1,1
27321,2,1
27330,10,10
27331,-11,-11
27340,1,1
27341,10,10
27350,-11,-11
27351,11,11
27360,1,1
27361,11,11
27370,1,1
27371,-11,-11
27380,0,0
27381,-11,-11
27390,1,1
27391,-13,-13
27400,1,1
27401,2,2
27410,2,2
27411,2,1
27420,-13,-13
27421,-13,-13
27430,-13,-13
27431,-13,-13
27440,2,2
27441,10,10
27450,0,0
27451,1,1
27460,1,1
27461,-11,-11
27470,-13,-13
27471,2,1
27480,10,11
27481,-13,-13
27490,-13,-13
27491,-11,-11
27500,1,1
27501,1,1
27510,-13,-13
27511,1,1
27520,-13,-13
27521,-11,1
27530,-13,-13
27531,-13,-13
27540,10,10
27541,11,10
27550,-13,-13
27551,-11,-11
27560,1,1
27561,1,1
27570,10,10
27571,10,11
27580,-13,-13
27581,-11,-11
27590,1,11
27591,1,1
27600,1,1
27601,-13,-13
27610,0,0
27611,0,0
27620,10,10
27621,2,2
27630,1,11
27631,1,-11
27640,1,1
27641,-11,-11
27650,-13,-13
27651,-11,-11
27660,-11,-11
27661,-11,-11
27670,1,1
27671,0,0
27680,1,1
27681,2,2
27690,-11,-11
27691,0,0
27700,1,0
27701,1,1
27710,10,10
27711,0,0
27720,-11,-11
27721,2,1
27730,1,1
27731,2,2
27740,10,10
27741,-13,-13
27750,11,10
27751,2,2
27760,1,1
27761,-13,-13
27770,-13,-13
27771,-11,-11
27780,-13,-11
27781,10,10
27790,0,0
27791,2,2
27800,11,11
27801,-11,-11
27810,10,10
27811,10,10
27820,2,1
27821,-11,-11
27830,10,10
27831,-11,-11
27840,-13,-13
27841,-11,-11
27850,2,11
27851,2,2
27860,2,1
27861,1,1
27870,1,1
27871,1,11
27880,1,0
27881,0,0
27890,1,1
27891,11,10
27900,1,1
27901,11,1
27910,1,2
27911,1,1
27920,10,10
27921,-11,-11
27930,10,10
27931,-13,-13
27940,-13,-13
27941,-13,-13
27950,2,11
27951,1,1
27960,10,1
27961,-13,-13
27970,-11,-11
27971,0,0
27980,2,1
27981,-13,-13
27990,2,2
27991,-11,-11
28000,-13,-13
28001,-13,-13
28010,10,10
28011,1,1
28020,11,11
28021,1,11
28030,-11,-11
28031,11,10
28040,1,1
28041,-11,-333
28050,-13,-13
28051,11,11
28060,-13,-13
28061,-13,-13
28070,11,11
28071,-13,-13
28080,1,-11
28081,1,1
28090,2,2
28091,-11,-11
28100,0,1
28101,1,1
28110,1,1
28111,11,11
28120,-11,-11
28121,10,10
28130,11,10
28131,-11,-11
28140,-13,-13
28141,1,1
28150,11,10
28151,-13,-13
28160,-1,10
28161,0,1
28170,1,1
28171,-13,-13
28180,2,2
28181,10,11
28190,10,10
28191,-11,-11
28200,1,1
28201,1,1
28210,-13,0
28211,0,0
28220,-11,-11
28221,-11,-11
28230,1,1
28231,1,1
28240,0,0
28241,1,1
28250,0,0
28251,-13,-13
28260,10,10
28261,-11,-11
28270,2,1
28271,-13,-13
28280,-13,-13
28281,-13,-13
28290,-13,-13
28291,-11,-11
28300,0,1
28301,-13,-13
28310,-11,-11
28311,2,1
28320,1,1
28321,1,2
28330,-13,-13
28331,-13,-13
28340,11,11
28341,1,1
28350,0,0
28351,0,0
28360,0,1
28361,-11,-11
28370,10,11
28371,-11,-11
28380,-11,-11
28381,-11,-11
28390,-11,-11
28391,11,11
28400,1,1
28401,-13,-13
28410,2,2
28411,0,0
28420,1,11
28421,-11,-11
28430,1,1
28431,-11,-11
28440,4,11
28441,-11,-11
28450,-13,-13
28451,-13,-13
28460,1,1
28461,1,1
28470,10,10
28471,2,1
28480,1,1
28481,1,1
28490,1,2
28491,-13,-11
28500,-11,-11
28501,2,2
28510,1,1
28511,2,11
28520,1,1
28521,-11,-11
28530,1,-11
28531,10,10
28540,1,1
28541,-11,-11
28550,10,10
28551,0,0
28560,-11,-11
28561,-11,-11
28570,-11,-11
28571,-11,-11
28580,2,2
28581,-13,-13
28590,-11,-11
28591,0,10
28600,1,2
28601,1,1
28610,-11,-11
28611,10,10
28620,0,0
28621,2,2
28630,-13,-13
28631,0,0
28640,2,1
28641,10,10
28650,-11,-11
28651,-13,-13
28660,1,1
28661,-13,-13
28670,11,10
28671,-13,-13
28680,-13,-13
28681,2,2
28690,0,11
28691,2,2
28700,1,2
28701,1,1
28710,-11,-11
28711,2,2
28720,-13,-13
28721,1,1
28730,-13,-13
28731,-11,-11
28740,-13,-13
28741,1,11
28750,1,2
28751,-13,-13
28760,-11,-11
28761,-11,-11
28770,-13,-13
28771,-13,-333
28780,2,1
28781,1,1
28790,0,0
28791,10,10
28800,1,1
28801,11,10
28810,1,1
28811,1,1
28820,-11,-11
28821,-13,-13
28830,-11,-11
28831,-13,-13
28840,-11,-11
28841,2,2
28850,0,0
28851,2,2
28860,2,2
28861,2,2
28870,3,2
28871,-13,-13
28880,0,0
28881,-13,-13
28890,10,10
28891,-13,-333
28900,-11,-11
28901,2,1
28910,-13,-13
28911,3,2
28920,-13,-13
28921,1,1
28930,0,0
28931,2,2
28940,-13,-13
28941,-11,-11
28950,10,10
28951,10,10
28960,-13,-333
28961,-13,-13
28970,0,0
28971,1,1
28980,10,10
28981,2,2
28990,-13,-13
28991,0,0
29000,-13,-13
29001,-11,-11
29010,-13,-13
29011,-13,-13
29020,-13,-11
29021,1,1
29030,1,1
29031,0,-11
29040,3,11
29041,2,1
29050,11,11
29051,0,0
29060,0,-333
29061,1,1
29070,11,11
29071,-13,-13
29080,-11,-11
29081,10,10
29090,11,11
29091,1,1
29100,1,1
29101,-13,-13
29110,0,1
29111,0,11
29120,11,11
29121,1,11
29130,1,1
29131,-11,-11
29140,-11,-11
29141,10,10
29150,-13,0
29151,1,1
29160,-11,-11
29161,1,1
29170,1,1
29171,-11,-11
29180,1,1
29181,0,1
29190,-11,-11
29191,-11,-11
29200,-11,-11
29201,1,1
29210,0,0
29211,1,1
29220,0,0
29221,1,10
29230,1,-333
29231,-13,-13
29240,-11,-11
29241,-11,-11
29250,10,10
29251,2,1
29260,0,0
29261,0,0
29270,-11,-11
29271,1,1
29280,11,10
29281,10,10
29290,10,10
29291,0,0
29300,11,10
29301,2,1
29310,-11,-11
29311,-13,-11
29320,1,1
29321,1,1
29330,1,1
29331,-13,-13
29340,-11,-11
29341,2,2
29350,-11,-11
29351,1,1
29360,1,1
29361,11,10
29370,1,1
29371,1,1
29380,-13,-13
29381,-13,-13
29390,-11,-11
29391,11,10
29400,1,1
29401,-13,-13
29410,2,2
29411,10,11
29420,0,0
29421,2,1
29430,0,0
29431,10,10
29440,1,1
29441,-13,-13
29450,2,1
29451,-11,-11
29460,-13,-13
29461,11,11
29470,0,0
29471,1,1
29480,-13,-13
29481,-11,-11
29490,2,11
29491,-11,-11
29500,1,1
29501,1,1
29510,-11,-11
29511,10,10
29520,0,0
29521,0,0
29530,-13,-13
29531,0,0
29540,1,1
29541,1,1
29550,2,10
29551,2,2
29560,-11,-11
29561,1,1
29570,1,1
29571,1,1
29580,1,1
29581,1,1
29590,0,0
29591,0,0
29600,0,0
29601,10,10
29610,0,0
29611,11,11
29620,11,11
29621,1,1
29630,-11,-11
29631,0,0
29640,1,1
29641,0,0
29650,1,1
29651,-13,-13
29660,-13,-13
29661,2,1
29670,2,2
29671,-11,-11
29680,0,0
29681,-11,-11
29690,1,1
29691,-13,-13
29700,1,1
29701,1,1
29710,0,0
29711,0,0
29720,-13,-13
29721,0,0
29730,1,1
29731,-13,-13
29740,-11,-11
29741,11,10
29750,0,0
29751,-13,0
29760,-11,-11
29761,11,11
29770,-13,-13
29771,10,10
29780,10,11
29781,-11,-11
29790,1,-333
29791,0,0
29800,-11,0
29801,2,2
29810,0,0
29811,10,10
29820,1,1
29821,1,1
29830,-13,-13
29831,1,1
29840,2,2
29841,0,1
29850,-11,1
29851,2,1
29860,-13,-11
29861,-11,-333
29870,3,2
29871,0,0
29880,1,1
29881,-11,-11
29890,0,1
29891,10,11
29900,0,0
29901,-11,-11
29910,-13,-13
29911,0,10
29920,-13,-13
29921,-11,-11
29930,2,1
29931,2,1
29940,2,1
29941,10,10
29950,1,1
29951,1,1
29960,1,2
29961,2,2
29970,1,1
29971,10,11
29980,1,1
29981,1,1
29990,10,10
29991,10,10
30000,1,1
30001,-13,-13
30010,0,0
30011,1,1
30020,10,10
30021,2,2
30030,1,1
30031,10,10
30040,-11,-11
30041,-13,-13
30050,1,1
30051,1,0
30060,1,1
30061,-13,-13
30070,1,11
30071,2,1
30080,2,2
30081,-11,-11
30090,1,1
30091,-13,-13
30100,10,10
30101,0,0
30110,10,11
30111,12,11
30120,0,0
30121,-13,-13
30130,1,1
30131,1,1
30140,-13,-13
30141,10,10
30150,1,1
30151,-11,-11
30160,0,0
30161,1,1
30170,11,11
30171,0,1
30180,1,1
30181,1,1
30190,0,0
30191,1,1
30200,0,0
30201,-13,-13
30210,0,0
30211,-13,-13
30220,2,1
30221,11,10
30230,1,1
30231,2,1
30240,-11,-11
30241,1,1
30250,-13,-13
30251,-11,-11
30260,10,10
30261,0,0
30270,2,2
30271,10,10
30280,1,1
30281,-11,-11
30290,0,10
30291,1,2
30300,-11,1
30301,-11,-11
30310,1,1
30311,1,11
30320,1,1
30321,2,1
30330,1,1
30331,1,1
30340,-11,-11
30341,0,0
30350,2,1
30351,-13,-13
30360,1,1
30361,-11,-11
30370,0,0
30371,-11,0
30380,0,0
30381,2,2
30390,-11,-11
30391,2,2
30400,-13,-13
30401,-13,-13
30410,11,10
30411,0,10
30420,1,1
30421,1,2
30430,1,1
30431,1,1
30440,-11,-333
30441,-13,-13
30450,-11,-11
30451,1,1
30460,2,2
30461,-13,-13
30470,1,1
30471,1,1
30480,0,0
30481,-11,-11
30490,-13,-13
30491,-13,-13
30500,1,1
30501,-13,-13
30510,-13,-13
30511,-11,-11
30520,-13,-13
30521,12,11
30530,0,0
30531,10,11
30540,0,0
30541,1,1
30550,1,1
30551,1,1
30560,0,0
30561,10,11
30570,-13,-333
30571,10,10
30580,11,10
30581,1,1
30590,1,1
30591,-11,-11
30600,0,-13
30601,0,0
30610,0,1
30611,1,1
30620,1,1
30621,1,1
30630,0,0
30631,1,1
30640,1,0
30641,1,1
30650,1,1
30651,-11,-11
30660,-11,-11
30661,1,1
30670,0,0
30671,0,0
30680,2,1
30681,-11,-11
30690,0,1
30691,-11,-11
30700,1,1
30701,1,1
30710,-11,-11
30711,10,10
30720,-11,-11
30721,1,1
30730,1,10
30731,-11,-11
30740,-13,-13
30741,-13,-13
30750,1,1
30751,10,10
30760,0,0
30761,1,1
30770,1,1
30771,1,1
30780,11,11
30781,11,10
30790,-13,-13
30791,11,10
30800,3,2
30801,2,2
30810,-13,-13
30811,11,10
30820,2,11
30821,-13,-13
30830,1,1
30831,2,2
30840,11,11
30841,1,11
30850,1,0
30851,1,1
30860,-13,-13
30861,-11,-11
30870,0,0
30871,-11,-11
30880,2,11
30881,10,10
30890,10,10
30891,10,10
30900,2,11
30901,0,1
30910,0,0
30911,1,1
30920,1,1
30921,-13,-13
30930,10,10
30931,11,10
30940,11,11
30941,1,1
30950,-13,-13
30951,2,1
30960,0,0
30961,-13,-13
30970,-13,-13
30971,1,1
30980,10,10
30981,1,1
30990,1,1
30991,1,1
31000,-13,-13
31001,2,1
31010,-13,-13
31011,-13,-13
31020,10,0
31021,1,1
31030,0,0
31031,1,1
31040,-11,-11
31041,-13,-13
31050,1,2
31051,-13,-13
31060,10,11
31061,-13,-13
31070,-11,-11
31071,1,1
31080,-13,1
31081,0,1
31090,1,1
31091,-13,-13
31100,1,1
31101,1,1
31110,10,10
31111,1,1
31120,-13,-13
31121,-11,-11
31130,10,10
31131,1,1
31140,-11,-11
31141,-11,-11
31150,1,1
31151,10,10
31160,2,2
31161,-11,-11
31170,1,10
31171,10,10
31180,0,1
31181,1,2
31190,0,0
31191,11,11
31200,1,1
31201,0,-13
31210,1,2
31211,1,1
31220,0,0
31221,-13,0
31230,0,0
31231,-11,-11
31240,2,2
31241,10,10
31250,1,1
31251,0,0
31260,10,10
31261,1,-11
31270,10,11
31271,0,0
31280,-13,-13
31281,1,0
31290,1,2
31291,-11,-11
31300,0,0
31301,0,0
31310,1,1
31311,1,1
31320,11,10
31321,0,0
31330,2,2
31331,-13,-13
31340,1,1
31341,-11,-11
31350,1,2
31351,1,2
31360,1,1
31361,2,10
31370,10,10
31371,10,10
31380,1,1
31381,2,1
31390,0,0
31391,-11,1
31400,10,10
31401,11,11
31410,11,11
31411,0,-13
31420,1,1
31421,-13,-13
31430,-13,-13
31431,2,2
31440,10,10
31441,-11,-11
31450,-13,-13
31451,10,10
31460,-13,-13
31461,-11,-11
31470,11,11
31471,-11,-11
31480,0,-11
31481,-13,-13
31490,-13,1
31491,11,10
31500,-13,-13
31501,1,1
31510,11,11
31511,-13,-13
31520,12,11
31521,-11,-11
31530,1,1
31531,1,11
31540,1,1
31541,1,1
31550,-11,-11
31551,1,1
31560,-11,-11
31561,-11,-11
31570,-11,-11
31571,1,1
31580,2,1
31581,-11,-11
31590,-13,-13
31591,-13,-13
31600,1,1
31601,-11,-11
31610,11,10
31611,1,1
31620,0,1
31621,11,-11
31630,10,10
31631,-13,-13
31640,2,2
31641,11,10
31650,1,1
31651,1,1
31660,-13,-13
31661,2,2
31670,10,10
31671,2,1
31680,1,1
31681,-13,-13
31690,0,10
31691,1,1
31700,1,2
31701,0,0
31710,1,10
31711,0,1
31720,2,1
31721,-13,-13
31730,1,1
31731,-11,-11
31740,1,1
31741,-11,-11
31750,2,2
31751,-11,-11
31760,1,1
31761,1,1
31770,12,11
31771,-11,-11
31780,-11,-11
31781,10,10
31790,-11,-11
31791,2,2
31800,10,10
31801,2,2
31810,1,1
31811,1,1
31820,0,0
31821,0,0
31830,10,10
31831,1,1
31840,0,1
31841,-11,-11
31850,10,10
31851,-11,-11
31860,3,2
31861,11,11
31870,-11,-11
31871,1,1
31880,2,2
31881,0,0
31890,-11,-11
31891,11,1
31900,10,11
31901,1,1
31910,-13,-13
31911,10,10
31920,10,10
31921,2,1
31930,1,1
31931,11,11
31940,0,0
31941,1,1
31950,1,-11
31951,-13,-13
31960,-13,-13
31961,10,10
31970,-11,-11
31971,2,1
31980,0,0
31981,0,0
31990,-13,-13
31991,1,1
32000,-13,-13
32001,1,1
32010,2,1
32011,2,1
32020,2,1
32021,1,10
32030,1,1
32031,3,2
32040,0,0
32041,-11,-11
32050,-11,-11
32051,0,-333
32060,10,10
32061,-11,-11
32070,-13,-13
32071,0,-13
32080,1,1
32081,0,0
32090,-13,-13
32091,-13,-13
32100,-13,-13
32101,-13,-13
32110,1,1
32111,-13,-13
32120,1,1
32121,2,2
32130,-11,-11
32131,-11,-11
32140,1,1
32141,-13,-13
32150,2,1
32151,11,10
32160,1,1
32161,1,10
32170,11,11
32171,-13,-13
32180,0,0
32181,-13,-13
32190,1,1
32191,10,10
32200,-13,-13
32201,-13,-13
32210,-13,-13
32211,-13,-13
32220,10,10
32221,-11,-11
32230,-11,-11
32231,-11,-11
32240,-11,-11
32241,-13,-13
32250,1,1
32251,-13,-13
32260,10,11
32261,1,1
32270,1,1
32271,11,11
32280,1,1
32281,-13,-13
32290,-11,-11
32291,-13,-13
32300,-11,-11
32301,1,11
32310,0,0
32311,-11,-11
32320,1,1
32321,1,2
32330,1,1
32331,-13,-13
32340,1,-11
32341,-13,-13
32350,-13,-13
32351,-11,-11
32360,1,1
32361,-11,-11
32370,1,1
32371,-11,-11
32380,1,-222
32381,-13,-333
32390,-11,-11
32391,-11,-11
32400,2,11
32401,1,2
32410,1,1
32411,-13,-13
32420,-11,-11
32421,-11,-11
32430,1,1
32431,1,1
32440,1,1
32441,1,1
32450,1,1
32451,1,10
32460,1,1
32461,-11,-11
32470,2,1
32471,1,0
32480,-13,-13
32481,0,1
32490,-13,-13
32491,2,2
32500,1,1
32501,1,1
32510,3,1
32511,1,1
32520,2,2
32521,11,11
32530,0,11
32531,-13,-13
32540,2,2
32541,1,1
32550,3,2
32551,-13,-13
32560,0,0
32561,-11,-11
32570,-11,-11
32571,-13,1
32580,-11,-11
32581,1,1
32590,-11,-11
32591,1,1
32600,-13,-13
32601,-11,-11
32610,2,2
32611,-13,-13
32620,10,10
32621,-11,-11
32630,-13,-13
32631,10,10
32640,2,1
32641,1,1
32650,11,11
32651,1,1
32660,2,1
32661,10,11
32670,10,10
32671,1,1
32680,10,10
32681,-13,-13
32690,1,1
32691,-13,-13
32700,-11,-11
32701,-11,-11
32710,-13,-13
32711,1,1
32720,-13,-13
32721,0,1
32730,-13,-13
32731,10,10
32740,-13,-13
32741,1,1
32750,1,1
32751,-13,-13
32760,1,1
32761,-13,-333
32770,1,1
32771,1,1
32780,-11,-11
32781,10,10
32790,1,2
32791,11,11
32800,-11,-13
32801,2,2
32810,2,2
32811,1,1
32820,10,11
32821,1,1
32830,-11,-11
32831,11,11
32840,-13,-13
32841,-13,-13
32850,-13,-13
32851,-11,-11
32860,10,10
32861,-11,-11
32870,-11,-11
32871,1,1
32880,-11,1
32881,-13,-13
32890,0,0
32891,10,11
32900,11,1
32901,0,0
32910,-11,-11
32911,2,2
32920,1,1
32921,-13,-13
32930,-11,-13
32931,2,1
32940,2,1
32941,-13,-13
32950,-11,-11
32951,2,1
32960,0,0
32961,10,10
32970,2,2
32971,1,10
32980,-11,-11
32981,-11,-11
32990,0,0
32991,-13,1
33000,11,11
33001,1,1
33010,0,0
33011,-13,-13
33020,11,11
33021,1,1
33030,-13,-13
33031,-11,-11
33040,0,0
33041,-11,-11
33050,1,1
33051,-11,-11
33060,0,1
33061,-13,-13
33070,10,10
33071,2,2
33080,-13,-13
33081,-13,-13
33090,-13,-13
33091,-11,-11
33100,0,1
33101,1,1
33110,-13,-13
33111,11,11
33120,0,0
33121,2,1
33130,1,1
33131,0,0
33140,-13,-13
33141,1,1
33150,10,11
33151,1,1
33160,2,11
33161,2,2
33170,1,1
33171,-13,-13
33180,2,2
33181,-13,-13
33190,-11,-11
33191,0,0
33200,1,1
33201,1,1
33210,1,1
33211,-13,-222
33220,0,0
33221,2,1
33230,2,11
33231,-13,-13
33240,-11,-11
33241,1,1
33250,11,11
33251,1,1
33260,-13,-13
33261,-13,-13
33270,-13,-13
33271,-11,-11
33280,-13,-13
33281,0,0
33290,0,0
33291,-11,-11
33300,1,1
33301,-11,-11
33310,0,10
33311,1,1
33320,-11,-11
33321,-11,-11
33330,-11,-11
33331,-11,-11
33340,2,2
33341,2,1
33350,-13,-13
33351,11,11
33360,-11,-11
33361,-13,-13
33370,-13,-13
33371,0,1
33380,-11,-11
33381,1,1
33390,1,1
33391,0,1
33400,1,1
33401,1,1
33410,-13,-13
33411,1,11
33420,-13,-13
33421,-13,-13
33430,-11,-11
33431,-11,-11
33440,-11,-11
33441,1,1
33450,2,1
33451,10,11
33460,-13,-13
33461,1,10
33470,1,1
33471,-13,-13
33480,1,1
33481,10,10
33490,-11,-11
33491,-11,-11
33500,-13,-333
33501,-13,-13
33510,2,11
33511,10,10
33520,-13,1
33521,1,1
33530,-13,-13
33531,1,-11
33540,-11,-11
33541,1,1
33550,2,1
33551,2,1
33560,1,1
33561,10,10
33570,-11,-11
33571,-11,-11
33580,-13,-13
33581,2,1
33590,0,0
33591,2,1
33600,-11,-11
33601,-13,-13
33610,11,11
33611,2,2
33620,1,11
33621,10,10
33630,2,2
33631,1,1
33640,10,10
33641,0,10
33650,0,0
33651,-11,-11
33660,1,1
33661,10,10
33670,-11,-11
33671,0,0
33680,-11,-11
33681,2,2
33690,-13,-13
33691,2,2
33700,0,0
33701,-1,10
33710,1,1
33711,1,11
33720,-13,-13
33721,-13,-13
33730,2,1
33731,-13,-13
33740,0,0
33741,-13,-13
33750,10,10
33751,11,10
33760,-11,-11
33761,1,11
33770,1,1
33771,-11,-11
33780,11,10
33781,1,0
33790,3,11
33791,2,2
33800,11,10
33801,-11,-11
33810,1,1
33811,-13,-13
33820,-13,-13
33821,-13,-13
33830,-13,0
33831,2,2
33840,0,0
33841,-11,-11
33850,2,2
33851,-13,-13
33860,11,11
33861,10,10
33870,0,11
33871,1,2
33880,10,11
33881,-11,-11
33890,-13,-13
33891,-13,-13
33900,10,10
33901,-11,-11
33910,1,1
33911,-13,-13
33920,2,2
33921,11,11
33930,1,1
33931,10,11
33940,-11,-11
33941,2,1
33950,0,0
33951,0,0
33960,1,1
33961,10,10
33970,1,1
33971,0,0
33980,-13,-13
33981,0,0
33990,-13,-13
33991,-11,-11
34000,1,1
34001,10,11
34010,1,1
34011,1,1
34020,-11,-11
34021,1,1
34030,2,2
34031,10,11
34040,10,10
34041,1,1
34050,1,1
34051,-13,-13
34060,-13,-13
34061,1,2
34070,10,11
34071,-11,-11
34080,1,0
34081,-11,-11
34090,0,-222
34091,-11,-333
34100,-13,-13
34101,0,1
34110,-13,-13
34111,-13,-13
34120,10,10
34121,1,0
34130,0,0
34131,10,10
34140,1,2
34141,1,1
34150,-11,-11
34151,10,10
34160,-13,-13
34161,10,10
34170,10,10
34171,-11,-11
34180,1,2
34181,-11,-11
34190,-13,0
34191,1,1
34200,-11,-11
34201,1,1
34210,-11,-222
34211,-13,-13
34220,-13,-13
34221,10,10
34230,2,2
34231,2,2
34240,-11,-11
34241,1,1
34250,-13,-13
34251,10,10
34260,1,1
34261,1,2
34270,1,1
34271,0,0
34280,0,1
34281,-11,-11
34290,-13,-13
34291,0,0
34300,2,1
34301,10,10
34310,1,1
34311,10,10
34320,1,1
34321,-13,-13
34330,-13,-13
34331,-13,1
34340,2,2
34341,1,1
34350,2,2
34351,-13,-13
34360,-11,-11
34361,-11,-11
34370,-11,-11
34371,-13,-13
34380,1,2
34381,0,0
34390,-11,-11
34391,1,1
34400,2,1
34401,-13,-13
34410,-13,-13
34411,2,2
34420,1,2
34421,-11,-11
34430,1,1
34431,-11,-11
34440,1,1
34441,-13,-13
34450,1,1
34451,1,1
34460,11,11
34461,11,1
34470,2,1
34471,10,0
34480,-11,-11
34481,2,2
34490,10,10
34491,-11,-11
34500,-11,-11
34501,1,11
34510,0,0
34511,-13,-13
34520,0,0
34521,0,0
34530,1,1
34531,10,10
34540,2,-11
34541,0,2
34550,10,-333
34551,-13,-333
34560,1,0
34561,-13,1
34570,0,0
34571,-13,-13
34580,-11,-11
34581,-11,-11
34590,0,0
34591,-11,-11
34600,0,1
34601,-13,-13
34610,1,1
34611,0,0
34620,-11,-11
34621,-11,-11
34630,11,11
34631,10,10
34640,1,1
34641,10,10
34650,11,11
34651,-13,-13
34660,-13,-13
34661,11,10
34670,0,0
34671,1,1
34680,-11,1
34681,-11,1
34690,-11,-11
34691,0,2
34700,10,10
34701,2,2
34710,1,1
34711,10,11
34720,0,0
34721,10,10
34730,1,1
34731,2,1
34740,-11,-11
34741,1,2
34750,0,0
34751,-11,-11
34760,1,1
34761,0,0
34770,10,10
34771,-11,1
34780,1,1
34781,10,1
34790,0,1
34791,3,2
34800,10,10
34801,-11,1
34810,-11,-11
34811,-11,-11
34820,1,1
34821,1,1
34830,2,1
34831,2,2
34840,11,11
34841,1,11
34850,-11,-11
34851,-13,-13
34860,11,10
34861,10,10
34870,2,1
34871,11,10
34880,1,1
34881,-13,-13
34890,1,2
34891,-13,-13
34900,1,11
34901,0,0
34910,1,1
34911,-13,-13
34920,2,1
34921,2,2
34930,-11,-11
34931,1,1
34940,0,10
34941,1,1
34950,1,2
34951,1,2
34960,-13,-13
34961,1,1
34970,-13,-11
34971,10,10
34980,1,1
34981,1,1
34990,-11,-11
34991,1,1
35000,2,11
35001,1,1
35010,2,1
35011,-13,-13
35020,0,1
35021,1,1
35030,11,11
35031,-11,-11
35040,1,2
35041,2,2
35050,-11,-11
35051,1,1
35060,-11,-11
35061,-11,-11
35070,1,1
35071,-11,-11
35080,-13,-13
35081,-13,-13
35090,1,11
35091,2,2
35100,-11,-11
35101,11,11
35110,-11,-333
35111,0,0
35120,-11,-11
35121,-13,-13
35130,1,1
35131,-13,-13
35140,1,1
35141,2,2
35150,-13,-13
35151,0,0
35160,11,10
35161,1,1
35170,10,10
35171,10,10
35180,-13,-13
35181,1,1
35190,2,10
35191,0,0
35200,1,1
35201,-11,-11
35210,-11,-11
35211,2,-333
35220,-11,-11
35221,-11,1
35230,10,11
35231,0,0
35240,-11,-11
35241,11,11
35250,-13,-13
35251,0,10
35260,1,1
35261,10,10
35270,-13,-13
35271,1,1
35280,2,1
35281,12,2
35290,10,10
35291,-11,-11
35300,1,1
35301,-11,-11
35310,1,1
35311,1,1
35320,11,11
35321,-13,-13
35330,-11,-11
35331,0,0
35340,11,11
35341,-11,-11
35350,-11,1
35351,1,1
35360,10,10
35361,11,11
35370,1,11
35371,10,1
35380,10,10
35381,1,1
35390,1,2
35391,1,1
35400,-13,-13
35401,-11,-11
35410,0,-11
35411,0,0
35420,0,0
35421,2,2
35430,10,10
35431,-13,-13
35440,1,1
35441,10,10
35450,-13,-13
35451,-11,-11
35460,1,1
35461,1,1
35470,1,-11
35471,1,1
35480,10,10
35481,10,10
35490,-13,-13
35491,-13,-13
35500,1,1
35501,-11,-11
35510,-11,-11
35511,0,10
35520,1,1
35521,1,1
35530,-13,-13
35531,2,2
35540,1,1
35541,1,1
35550,11,10
35551,2,2
35560,0,0
35561,11,11
35570,1,2
35571,10,10
35580,0,10
35581,-13,1
35590,0,0
35591,-13,-13
35600,-11,-11
35601,0,0
35610,-13,-11
35611,1,1
35620,1,1
35621,1,1
35630,10,10
35631,-11,-11
35640,-13,-13
35641,-13,-13
35650,-11,-11
35651,0,0
35660,-11,-11
35661,2,1
35670,1,1
35671,10,10
35680,1,-222
35681,-13,-13
35690,1,11
35691,10,11
35700,2,1
35701,1,1
35710,2,1
35711,10,10
35720,2,11
35721,11,11
35730,1,1
35731,11,11
35740,12,11
35741,-13,-13
35750,11,11
35751,10,11
35760,2,11
35761,-11,-11
35770,1,1
35771,1,1
35780,2,2
35781,0,0
35790,-11,-11
35791,1,1
35800,1,1
35801,-11,-11
35810,0,0
35811,3,11
35820,1,1
35821,0,1
35830,-11,-11
35831,-13,-13
35840,2,1
35841,0,1
35850,11,11
35851,-13,-13
35860,0,0
35861,-11,-11
35870,3,11
35871,2,1
35880,1,1
35881,10,1
35890,1,1
35891,1,1
35900,10,10
35901,-11,-11
35910,-13,-13
35911,-13,-13
35920,1,1
35921,-11,-11
35930,-13,-13
35931,-13,-13
35940,0,0
35941,-13,-13
35950,10,10
35951,-13,-13
35960,-11,-11
35961,1,2
35970,-11,0
35971,-13,-11
35980,1,1
35981,1,1
35990,-11,-11
35991,10,10
36000,1,1
36001,10,10
36010,-11,-11
36011,-11,-11
36020,1,1
36021,1,1
36030,10,10
36031,-13,-13
36040,-13,-13
36041,1,1
36050,2,1
36051,2,-11
36060,2,2
36061,1,1
36070,0,-333
36071,10,1
36080,1,1
36081,2,1
36090,-11,-11
36091,2,2
36100,0,0
36101,1,1
36110,10,10
36111,3,2
36120,10,10
36121,-11,-11
36130,-13,-13
36131,1,1
36140,-13,-13
36141,1,1
36150,0,0
36151,1,1
36160,-13,-13
36161,10,1
36170,-13,-13
36171,0,0
36180,-13,-333
36181,1,1
36190,0,10
36191,1,-11
36200,1,1
36201,-13,1
36210,1,1
36211,-11,-11
36220,1,2
36221,1,1
36230,-13,-13
36231,2,11
36240,1,1
36241,11,11
36250,-13,-13
36251,1,2
36260,0,0
36261,2,2
36270,10,10
36271,-13,-13
36280,-11,-11
36281,11,11
36290,10,10
36291,2,1
36300,1,1
36301,3,2
36310,0,0
36311,-13,-13
36320,2,1
36321,2,11
36330,0,1
36331,2,1
36340,0,0
36341,10,1
36350,-11,-11
36351,-13,-11
36360,-13,-13
36361,-13,-13
36370,-11,-11
36371,11,10
36380,-13,-13
36381,1,1
36390,-11,-11
36391,-13,-13
36400,1,1
36401,0,0
36410,-11,-11
36411,1,1
36420,10,10
36421,-13,-13
36430,-11,-11
36431,1,1
36440,1,1
36441,-11,-11
36450,1,1
36451,1,10
36460,1,1
36461,-13,-13
36470,-11,-11
36471,1,1
36480,0,0
36481,-13,-13
36490,-13,-13
36491,2,11
36500,1,1
36501,-11,-11
36510,11,10
36511,10,10
36520,11,11
36521,-13,-13
36530,10,10
36531,2,2
36540,2,2
36541,1,1
36550,1,1
36551,-13,-13
36560,0,0
36561,10,10
36570,-11,-11
36571,-13,-13
36580,2,1
36581,1,1
36590,11,2
36591,-13,-13
36600,2,2
36601,-11,-11
36610,1,-333
36611,0,-333
36620,2,1
36621,1,1
36630,1,1
36631,-13,-222
36640,1,1
36641,12,11
36650,-13,-13
36651,0,0
36660,-13,-13
36661,1,1
36670,1,1
36671,2,11
36680,-11,-13
36681,1,11
36690,2,2
36691,2,2
36700,-11,-11
36701,-13,-13
36710,10,11
36711,1,1
36720,-13,-13
36721,-13,-13
36730,1,1
36731,11,11
36740,10,10
36741,-13,-13
36750,0,0
36751,-13,-13
36760,1,1
36761,-11,-11
36770,1,1
36771,1,1
36780,-13,-13
36781,2,2
36790,2,1
36791,-11,-11
36800,1,1
36801,1,1
36810,10,10
36811,2,1
36820,-11,-11
36821,0,1
36830,1,1
36831,0,0
36840,-13,-13
36841,10,10
36850,1,1
36851,2,11
36860,-11,-11
36861,1,1
36870,-13,-13
36871,-13,-13
36880,11,1
36881,-13,-333
36890,10,10
36891,-11,-11
36900,-11,-11
36901,1,11
36910,-11,-11
36911,0,1
36920,-13,-13
36921,11,11
36930,2,1
36931,1,1
36940,2,2
36941,10,10
36950,1,1
36951,-11,1
36960,-13,-13
36961,-13,-13
36970,-11,-11
36971,0,0
36980,0,2
36981,1,1
36990,10,10
36991,-13,-13
37000,1,1
37001,2,1
37010,-11,-11
37011,2,1
37020,-13,-13
37021,2,2
37030,10,10
37031,-13,-13
37040,10,10
37041,1,1
37050,1,1
37051,-13,-13
37060,1,1
37061,1,1
37070,1,1
37071,1,1
37080,1,1
37081,-11,-11
37090,-11,-11
37091,-13,-13
37100,2,1
37101,2,2
37110,10,10
37111,1,1
37120,1,1
37121,1,1
37130,2,1
37131,2,1
37140,12,11
37141,-11,-11
37150,-13,-13
37151,-13,-13
37160,-13,-13
37161,-13,-13
37170,2,2
37171,2,2
37180,-13,-13
37181,11,11
37190,0,0
37191,1,1
37200,1,1
37201,11,11
37210,0,-333
37211,-11,-333
37220,-11,1
37221,-11,-11
37230,-11,-11
37231,1,1
37240,1,1
37241,-13,-13
37250,2,11
37251,-13,-13
37260,-13,-13
37261,0,0
37270,10,11
37271,-11,-11
37280,0,1
37281,1,1
37290,-13,-13
37291,-13,10
37300,1,1
37301,1,2
37310,0,0
37311,0,0
37320,-11,-13
37321,-11,-11
37330,1,1
37331,10,11
37340,0,0
37341,0,-13
37350,-13,-13
37351,0,0
37360,3,2
37361,1,1
37370,-13,-13
37371,10,10
37380,1,1
37381,1,1
37390,-11,-11
37391,10,10
37400,-13,-13
37401,1,0
37410,2,1
37411,1,1
37420,-11,-11
37421,2,2
37430,1,1
37431,1,2
37440,-11,-11
37441,-11,1
37450,2,1
37451,-11,-11
37460,0,10
37461,11,10
37470,-13,-13
37471,1,1
37480,1,1
37481,-13,-13
37490,1,1
37491,1,-333
37500,2,2
37501,1,1
37510,1,11
37511,2,2
37520,11,11
37521,1,11
37530,-13,-13
37531,0,0
37540,-13,-13
37541,-11,-11
37550,10,10
37551,0,-333
37560,0,0
37561,1,1
37570,10,10
37571,3,11
37580,0,0
37581,-13,-13
37590,-11,-11
37591,-13,-13
37600,1,1
37601,10,11
37610,-11,-333
37611,-11,-333
37620,2,2
37621,1,2
37630,-13,-13
37631,10,11
37640,1,1
37641,-11,-11
37650,-1,11
37651,10,10
37660,0,0
37661,-13,-13
37670,1,1
37671,0,0
37680,0,0
37681,11,10
37690,2,2
37691,-13,-13
37700,10,10
37701,1,11
37710,10,10
37711,10,10
37720,2,10
37721,-11,-11
37730,-11,-11
37731,1,1
37740,1,1
37741,-13,-13
37750,-13,-13
37751,1,1
37760,-11,-11
37761,1,1
37770,-13,-13
37771,11,11
37780,11,10
37781,0,0
37790,1,1
37791,-13,-13
37800,-13,-13
37801,1,1
37810,1,1
37811,2,1
37820,2,1
37821,-13,-13
37830,-13,-13
37831,10,10
37840,0,0
37841,2,1
37850,11,11
37851,-11,-11
37860,-11,-11
37861,10,10
37870,10,1
37871,10,1
37880,-13,-13
37881,0,0
37890,1,1
37891,3,11
37900,10,11
37901,10,10
37910,1,1
37911,-11,-11
37920,1,1
37921,-11,-11
37930,1,1
37931,1,2
37940,2,1
37941,1,1
37950,-13,-13
37951,-13,-13
37960,1,1
37961,1,1
37970,-13,-13
37971,1,2
37980,-11,-11
37981,0,10
37990,-13,-13
37991,1,1
38000,0,0
38001,-11,-11
38010,2,1
38011,10,10
38020,-11,-11
38021,1,1
38030,-11,-11
38031,11,11
38040,10,10
38041,-11,-11
38050,1,1
38051,1,1
38060,-11,1
38061,1,1
38070,-11,-11
38071,-11,-11
38080,2,2
38081,-11,-11
38090,11,11
38091,-11,-11
38100,-13,-13
38101,1,1
38110,1,1
38111,1,1
38120,-11,-11
38121,1,1
38130,-13,-13
38131,-11,-11
38140,1,1
38141,-11,-11
38150,0,10
38151,-11,-11
38160,1,1
38161,1,1
38170,1,1
38171,-13,-13
38180,1,1
38181,1,1
38190,1,1
38191,0,10
38200,11,11
38201,1,1
38210,2,2
38211,10,10
38220,11,11
38221,0,10
38230,10,10
38231,-11,-11
38240,11,11
38241,2,2
38250,2,1
38251,-11,-11
38260,2,1
38261,0,1
38270,-13,-13
38271,2,1
38280,1,1
38281,0,0
38290,0,0
38291,-13,-13
38300,-11,-11
38301,2,2
38310,1,1
38311,1,11
38320,1,-222
38321,1,1
38330,10,10
38331,1,1
38340,-13,-13
38341,-13,-13
38350,2,11
38351,-11,-11
38360,-13,-13
38361,-13,-13
38370,-11,-11
38371,1,1
38380,-11,-11
38381,-11,-11
38390,-11,1
38391,-11,-11
38400,3,2
38401,0,0
38410,-11,-11
38411,-13,-13
38420,2,2
38421,-13,-13
38430,10,11
38431,1,1
38440,10,10
38441,-13,-13
38450,0,0
38451,-13,-13
38460,1,1
38461,1,1
38470,1,1
38471,1,1
38480,-11,-11
38481,-1,10
38490,2,2
38491,-11,0
38500,-13,-13
38501,11,10
38510,-13,-13
38511,-13,-11
38520,1,1
38521,2,1
38530,10,10
38531,10,10
38540,2,2
38541,-11,-11
38550,-11,-11
38551,0,0
38560,1,1
38561,10,10
38570,1,-11
38571,1,-333
38580,1,0
38581,-11,-11
38590,-13,-13
38591,2,2
38600,-11,-11
38601,2,1
38610,-11,-11
38611,1,1
38620,1,1
38621,1,1
38630,2,1
38631,-13,-13
38640,1,1
38641,0,0
38650,-13,-13
38651,0,0
38660,10,10
38661,1,1
38670,2,11
38671,0,1
38680,-13,-13
38681,0,0
38690,0,0
38691,-13,-13
38700,0,0
38701,-11,-11
38710,10,10
38711,1,1
38720,1,1
38721,10,10
38730,-13,-13
38731,-11,-11
38740,11,11
38741,-11,-11
38750,10,11
38751,0,0
38760,-11,-11
38761,1,1
38770,-11,-11
38771,-11,-333
38780,1,1
38781,-13,-13
38790,0,0
38791,0,1
38800,-11,-13
38801,-13,-13
38810,1,1
38811,-11,-11
38820,0,0
38821,1,11
38830,4,2
38831,10,10
38840,-13,-13
38841,-11,-11
38850,1,1
38851,1,1
38860,0,0
38861,1,1
38870,11,11
38871,0,0
38880,1,1
38881,0,0
38890,-13,-13
38891,-13,-13
38900,-11,-11
38901,1,1
38910,10,10
38911,11,11
38920,-11,-11
38921,-13,-13
38930,2,1
38931,1,11
38940,1,1
38941,-13,1
38950,2,2
38951,-11,-11
38960,-11,-11
38961,1,0
38970,1,-11
38971,1,1
38980,-13,-13
38981,-11,-11
38990,1,1
38991,-11,-11
39000,-13,-13
39001,10,10
39010,0,1
39011,1,1
39020,-13,-13
39021,-11,-11
39030,1,2
39031,-13,-13
39040,0,1
39041,1,-11
39050,3,2
39051,3,2
39060,2,-11
39061,-11,1
39070,-11,-11
39071,1,1
39080,1,1
39081,0,0
39090,2,2
39091,-11,-11
39100,1,-11
39101,-11,-11
39110,-11,-11
39111,2,1
39120,0,0
39121,1,1
39130,0,1
39131,-13,-13
39140,1,1
39141,2,2
39150,1,1
39151,2,1
39160,0,-333
39161,11,1
39170,-13,-13
39171,11,11
39180,11,11
39181,0,0
39190,-11,-11
39191,12,11
39200,10,10
39201,2,1
39210,-13,-13
39211,0,-13
39220,-13,-13
39221,-13,-13
39230,10,2
39231,-11,-11
39240,0,1
39241,0,0
39250,1,1
39251,-13,-13
39260,11,11
39261,0,0
39270,0,0
39271,10,10
39280,-13,-13
39281,0,0
39290,1,1
39291,3,2
39300,0,-11
39301,1,1
39310,-13,-13
39311,-13,-13
39320,11,10
39321,0,0
39330,1,1
39331,1,1
39340,-11,-11
39341,1,1
39350,-11,-11
39351,-11,-11
39360,-13,-13
39361,1,1
39370,-13,-13
39371,10,10
39380,-13,-13
39381,2,1
39390,-11,-333
39391,-11,-11
39400,10,0
39401,-13,10
39410,2,2
39411,0,0
39420,1,1
39421,-13,-13
39430,11,11
39431,1,1
39440,-11,-11
39441,-11,-11
39450,10,10
39451,-13,-13
39460,1,1
39461,10,10
39470,1,1
39471,-11,-11
39480,1,-333
39481,1,1
39490,1,1
39491,1,1
39500,-11,-11
39501,2,1
39510,1,1
39511,-11,-11
39520,10,1
39521,10,10
39530,0,0
39531,2,2
39540,12,11
39541,-13,0
39550,1,1
39551,0,0
39560,0,1
39561,2,2
39570,0,0
39571,-13,-13
39580,10,10
39581,0,0
39590,-11,-11
39591,-11,-11
39600,0,-13
39601,-13,-13
39610,10,10
39611,10,11
39620,-11,-11
39621,-11,-11
39630,1,1
39631,-11,-11
39640,-13,-13
39641,-13,-13
39650,10,10
39651,10,11
39660,-13,-13
39661,-11,-11
39670,-13,-13
39671,2,1
39680,2,1
39681,-13,-13
39690,2,2
39691,-11,-11
39700,1,1
39701,-11,-11
39710,1,1
39711,-11,-11
39720,-13,-13
39721,1,2
39730,0,0
39731,1,1
39740,11,10
39741,0,0
39750,10,10
39751,-11,-11
39760,-13,-13
39761,-11,-11
39770,10,11
39771,0,10
39780,11,10
39781,2,2
39790,-11,-11
39791,1,10
39800,2,2
39801,0,0
39810,2,1
39811,3,2
39820,-11,-11
39821,-13,-13
39830,0,0
39831,-11,-11
39840,-13,-13
39841,1,1
39850,1,1
39851,10,10
39860,-11,-11
39861,0,0
39870,1,1
39871,1,1
39880,-13,-13
39881,0,10
39890,11,11
39891,-13,-13
39900,1,1
39901,-13,-13
39910,10,10
39911,-13,-13
39920,-11,-11
39921,2,11
39930,-11,-11
39931,0,1
39940,1,1
39941,0,1
39950,1,1
39951,1,1
39960,2,2
39961,2,1
39970,0,10
39971,-13,-13
39980,-11,-11
39981,-13,-13
39990,11,11
39991,1,10
40000,0,0
40001,10,10
40010,0,0
40011,2,2
40020,-11,-11
40021,10,10
40030,-11,-11
40031,11,11
40040,-13,-13
40041,1,1
40050,10,10
40051,11,10
40060,1,1
40061,-13,-13
40070,1,1
40071,-13,-13
40080,1,1
40081,10,11
40090,10,10
40091,-11,-11
40100,0,1
40101,-11,-11
40110,-13,-333
40111,10,10
40120,1,1
40121,-13,-13
40130,1,1
40131,2,1
40140,11,11
40141,11,11
40150,0,0
40151,1,2
40160,11,10
40161,-11,-11
40170,0,0
40171,10,11
40180,1,11
40181,-11,-11
40190,1,1
40191,-13,-13
40200,-13,-13
40201,2,2
40210,0,-13
40211,-11,-11
40220,1,0
40221,-13,-13
40230,-13,-13
40231,-13,-13
40240,-11,-11
40241,-11,-11
40250,1,1
40251,0,0
40260,-11,-11
40261,-13,0
40270,2,2
40271,1,1
40280,-13,-13
40281,2,2
40290,-11,-11
40291,1,1
40300,-11,-11
40301,1,1
40310,2,1
40311,1,2
40320,-13,-11
40321,-13,-13
40330,1,1
40331,11,11
40340,-13,-13
40341,1,2
40350,-11,-11
40351,12,11
40360,1,2
40361,11,11
40370,1,1
40371,11,11
40380,1,1
40381,-11,-11
40390,-11,-11
40391,-11,-11
40400,10,10
40401,2,2
40410,-13,-11
40411,-11,-11
40420,-11,1
40421,-13,-13
40430,10,10
40431,-13,0
40440,1,1
40441,-13,-13
40450,10,10
40451,1,1
40460,-13,-333
40461,-13,-13
40470,-13,-13
40471,-11,-11
40480,-11,-11
40481,0,1
40490,1,1
40491,0,0
40500,0,0
40501,2,1
40510,2,2
40511,12,11
40520,-13,-13
40521,2,1
40530,0,0
40531,-13,-13
40540,10,10
40541,-13,-13
40550,-13,-13
40551,0,0
40560,1,1
40561,1,1
40570,-13,-13
40571,10,10
40580,1,1
40581,-11,-11
40590,0,0
40591,0,0
40600,0,-11
40601,12,1
40610,2,2
40611,1,1
40620,10,10
40621,11,11
40630,0,0
40631,-13,-13
40640,-11,-11
40641,1,1
40650,-11,1
40651,10,10
40660,1,1
40661,-11,-11
40670,3,2
40671,-11,-333
40680,0,0
40681,1,1
40690,-11,-11
40691,1,1
40700,1,1
40701,1,1
40710,-13,-13
40711,1,1
40720,-11,-11
40721,1,1
40730,11,11
40731,-13,-13
40740,1,0
40741,1,1
40750,0,0
40751,0,0
40760,10,10
40761,1,1
40770,11,10
40771,0,0
40780,1,1
40781,-11,-11
40790,0,0
40791,10,10
40800,-13,-13
40801,2,1
40810,1,1
40811,-13,-13
40820,-11,-11
40821,-11,-11
40830,10,10
40831,1,2
40840,1,11
40841,1,1
40850,-11,-11
40851,-11,-11
40860,-11,1
40861,1,2
40870,-11,-11
40871,-13,-13
40880,1,1
40881,0,0
40890,-13,-13
40891,-13,-13
40900,2,1
40901,-13,-13
40910,-13,-13
40911,0,1
40920,1,1
40921,1,1
40930,10,10
40931,-11,-11
40940,11,11
40941,10,11
40950,-13,-13
40951,10,10
40960,0,0
40961,1,1
40970,1,1
40971,1,1
40980,2,-222
40981,-11,-11
40990,1,10
40991,1,1
41000,10,10
41001,1,1
41010,-11,1
41011,2,1
41020,11,11
41021,1,1
41030,1,1
41031,2,2
41040,-11,-11
41041,10,11
41050,2,2
41051,2,2
41060,2,2
41061,2,1
41070,-13,-13
41071,10,10
41080,11,11
41081,10,10
41090,2,2
41091,2,11
41100,-13,-13
41101,-11,-11
41110,2,11
41111,0,0
41120,1,1
41121,-13,-13
41130,1,2
41131,1,1
41140,-11,-11
41141,11,11
41150,10,10
41151,-13,-13
41160,1,11
41161,0,0
41170,10,10
41171,-11,-11
41180,1,10
41181,-13,-13
41190,0,0
41191,2,2
41200,11,11
41201,1,1
41210,-11,-11
41211,0,0
41220,-13,-13
41221,1,2
41230,-13,-13
41231,11,10
41240,-13,-13
41241,-11,1
41250,11,11
41251,0,1
41260,0,0
41261,11,10
41270,0,0
41271,-13,-13
41280,1,1
41281,2,2
41290,0,0
41291,1,1
41300,11,11
41301,-11,-11
41310,-13,-13
41311,2,2
41320,0,1
41321,0,-13
41330,1,2
41331,2,2
41340,-11,-11
41341,-11,-11
41350,-13,-13
41351,-13,-13
41360,1,-222
41361,-11,-11
41370,-11,1
41371,10,10
41380,-13,-13
41381,10,11
41390,-11,-11
41391,0,0
41400,0,10
41401,-11,-11
41410,11,10
41411,0,0
41420,-13,-13
41421,11,11
41430,0,0
41431,-13,-13
41440,1,1
41441,0,0
41450,1,1
41451,-11,-11
41460,-13,-13
41461,1,1
41470,1,1
41471,0,0
41480,0,0
41481,-13,-13
41490,-11,-11
41491,-13,-13
41500,-11,-13
41501,0,0
41510,10,10
41511,10,10
41520,-13,-13
41521,1,1
41530,-13,-13
41531,0,-13
41540,1,-333
41541,1,1
41550,-11,-11
41551,-11,-11
41560,2,11
41561,-13,-13
41570,-11,-11
41571,-11,-11
41580,0,0
41581,-13,-13
41590,1,11
41591,-11,-11
41600,1,1
41601,10,10
41610,-11,-11
41611,10,10
41620,2,2
41621,-13,-13
41630,10,10
41631,-13,-13
41640,1,1
41641,2,2
41650,-13,-13
41651,0,0
41660,1,11
41661,1,1
41670,1,1
41671,-11,-11
41680,-13,-13
41681,2,2
41690,1,1
41691,0,0
41700,-13,-13
41701,-13,-13
41710,-11,0
41711,-11,-11
41720,2,1
41721,4,2
41730,1,1
41731,10,10
41740,-13,-333
41741,-13,-13
41750,1,1
41751,1,1
41760,1,1
41761,10,10
41770,1,1
41771,-11,-11
41780,2,1
41781,-11,-11
41790,11,1
41791,0,-11
41800,1,1
41801,-13,-13
41810,2,1
41811,1,1
41820,-11,-11
41821,1,1
41830,2,2
41831,1,1
41840,1,1
41841,0,1
41850,1,1
41851,1,1
41860,1,0
41861,0,0
41870,-11,-11
41871,-13,0
41880,1,1
41881,1,1
41890,-11,1
41891,2,2
41900,0,0
41901,-11,1
41910,1,1
41911,1,1
41920,-13,-13
41921,2,2
41930,0,0
41931,0,1
41940,-13,-13
41941,1,1
41950,1,1
41951,0,0
41960,-11,-333
41961,-11,-11
41970,-11,-222
41971,1,1
41980,-13,-13
41981,2,2
41990,-11,-11
41991,-11,-11
42000,10,10
42001,1,1
42010,1,1
42011,-13,-13
42020,1,2
42021,2,2
42030,1,1
42031,-13,-13
42040,-11,-11
42041,-11,-11
42050,0,0
42051,-13,-13
42060,1,1
42061,1,1
42070,1,1
42071,1,1
42080,0,0
42081,2,1
42090,10,10
42091,-13,-13
42100,1,0
42101,-13,-13
42110,-1,10
42111,1,1
42120,0,0
42121,-11,-11
42130,1,1
42131,-11,-11
42140,1,1
42141,-13,-13
42150,0,0
42151,-11,-11
42160,0,0
42161,0,0
42170,-13,-13
42171,-13,-13
42180,-11,-11
42181,10,10
42190,-13,-13
42191,1,1
42200,-13,-13
42201,2,2
42210,0,0
42211,0,0
42220,-13,-13
42221,-13,-13
42230,0,0
42231,1,1
42240,1,2
42241,-13,-13
42250,-13,-13
42251,0,0
42260,2,1
42261,2,1
42270,-11,-11
42271,1,1
42280,-13,-13
42281,2,2
42290,-11,-11
42291,-11,-11
42300,11,10
42301,0,0
42310,1,2
42311,1,1
42320,2,2
42321,1,1
42330,3,11
42331,-11,-11
42340,-11,-11
42341,1,11
42350,0,0
42351,1,1
42360,0,0
42361,-11,-11
42370,3,2
42371,1,1
42380,-13,-13
42381,1,1
42390,2,2
42391,1,1
42400,-13,-13
42401,-11,-11
42410,-11,-11
42411,0,0
42420,11,11
42421,10,11
42430,-13,-13
42431,10,10
42440,12,11
42441,-11,-11
42450,11,11
42451,1,1
42460,10,10
42461,11,10
42470,1,1
42471,1,1
42480,10,10
42481,1,1
42490,2,2
42491,11,10
42500,-11,-11
42501,1,1
42510,-13,-13
42511,-11,-11
42520,1,1
42521,11,11
42530,-13,-13
42531,-13,-13
42540,0,0
42541,10,10
42550,-11,-11
42551,0,0
42560,1,1
42561,1,1
42570,1,1
42571,-11,-11
42580,-11,0
42581,0,0
42590,1,1
42591,10,10
42600,-11,-11
42601,-11,-333
42610,1,2
42611,0,0
42620,10,10
42621,0,0
42630,2,2
42631,1,1
42640,10,11
42641,1,1
42650,0,0
42651,11,11
42660,1,1
42661,-11,-11
42670,10,10
42671,-11,-11
42680,10,10
42681,10,10
42690,-13,-13
42691,-13,-13
42700,2,2
42701,-13,-13
42710,-11,-11
42711,0,0
42720,-13,-13
42721,1,1
42730,-11,-11
42731,10,10
42740,1,1
42741,3,1
42750,11,11
42751,1,1
42760,0,0
42761,-13,-11
42770,1,2
42771,-13,-13
42780,1,1
42781,-11,-11
42790,-11,-11
42791,10,10
42800,-13,-13
42801,-11,-11
42810,0,-333
42811,-13,-13
42820,1,1
42821,10,10
42830,-13,-13
42831,2,11
42840,-11,-11
42841,0,0
42850,-13,-13
42851,1,1
42860,-13,-13
42861,-13,-13
42870,0,10
42871,0,0
42880,-11,-11
42881,-13,-13
42890,12,11
42891,0,0
42900,1,1
42901,-13,-13
42910,0,1
42911,10,10
42920,2,1
42921,-11,-11
42930,0,1
42931,1,1
42940,11,11
42941,-11,-11
42950,2,1
42951,0,0
42960,1,1
42961,0,0
42970,11,11
42971,-11,-11
42980,-13,-13
42981,2,2
42990,1,1
42991,1,-11
43000,1,1
43001,-13,-13
43010,0,0
43011,0,1
43020,1,1
43021,0,10
43030,-11,-11
43031,-13,-13
43040,-11,1
43041,-11,-11
43050,-11,-11
43051,1,1
43060,-13,-13
43061,10,10
43070,1,11
43071,3,1
43080,10,10
43081,11,10
43090,-13,-13
43091,1,1
43100,2,1
43101,1,0
43110,2,1
43111,10,10
43120,1,1
43121,10,10
43130,-11,-11
43131,1,11
43140,0,0
43141,0,0
43150,0,0
43151,1,1
43160,2,1
43161,0,0
43170,-11,-11
43171,-11,-11
43180,-11,-11
43181,2,1
43190,1,1
43191,1,1
43200,1,1
43201,-13,-13
43210,-13,1
43211,1,1
43220,-11,-11
43221,1,1
43230,1,1
43231,0,0
43240,1,1
43241,-13,-13
43250,1,-222
43251,-13,-13
43260,-11,-11
43261,1,1
43270,0,0
43271,1,1
43280,11,10
43281,1,1
43290,0,-11
43291,2,2
43300,-13,-13
43301,-11,-11
43310,1,10
43311,10,10
43320,10,11
43321,1,1
43330,1,1
43331,10,10
43340,-11,-11
43341,1,11
43350,-13,-13
43351,-11,-11
43360,1,1
43361,1,1
43370,1,1
43371,0,0
43380,-13,-13
43381,10,10
43390,-11,-11
43391,-11,-11
43400,1,1
43401,2,2
43410,-11,-11
43411,-11,-11
43420,11,11
43421,-13,-13
43430,-13,-13
43431,1,1
43440,1,11
43441,1,1
43450,0,0
43451,10,10
43460,-11,-11
43461,10,10
43470,-13,-13
43471,1,1
43480,-11,1
43481,1,-222
43490,-11,-11
43491,-11,-11
43500,1,1
43501,2,11
43510,10,10
43511,11,10
43520,-13,-13
43521,-11,-11
43530,10,10
43531,-13,-13
43540,-13,-13
43541,2,1
43550,2,2
43551,-13,-13
43560,-13,-13
43561,-13,-13
43570,1,1
43571,-13,-13
43580,-13,-13
43581,-11,-11
43590,11,11
43591,-13,-13
43600,1,1
43601,-11,-11
43610,-13,-13
43611,0,0
43620,-13,-13
43621,-13,-13
43630,10,10
43631,10,10
43640,2,2
43641,1,0
43650,10,10
43651,0,0
43660,3,2
43661,10,10
43670,11,10
43671,10,11
43680,-13,-13
43681,0,1
43690,-13,-13
43691,-13,-13
43700,1,1
43701,-13,-13
43710,0,0
43711,-11,-11
43720,-11,-11
43721,-11,-11
43730,1,1
43731,10,10
43740,1,1
43741,-13,-13
43750,2,2
43751,1,1
43760,-11,-11
43761,-11,-11
43770,0,0
43771,-11,-11
43780,-11,-11
43781,10,10
43790,11,11
43791,10,10
43800,0,1
43801,2,1
43810,10,10
43811,2,2
43820,11,11
43821,0,0
43830,-11,-11
43831,-11,-11
43840,1,1
43841,-13,-13
43850,-13,-13
43851,-11,-11
43860,0,0
43861,0,0
43870,11,10
43871,1,1
43880,-13,-13
43881,11,11
43890,-13,-13
43891,-13,-13
43900,2,1
43901,-11,-11
43910,1,1
43911,1,-11
43920,1,1
43921,10,10
43930,-13,-13
43931,2,2
43940,1,1
43941,-11,-11
43950,1,1
43951,11,11
43960,11,10
43961,-11,-333
43970,-13,-13
43971,1,1
43980,2,2
43981,-13,-13
43990,2,2
43991,-11,-11
44000,-13,-13
44001,1,1
44010,-11,-11
44011,-13,-13
44020,10,11
44021,-13,-13
44030,1,1
44031,1,-333
44040,1,1
44041,0,0
44050,-13,-13
44051,1,1
44060,0,0
44061,1,1
44070,-13,-13
44071,10,10
44080,0,-13
44081,-11,-11
44090,2,1
44091,-13,-13
44100,11,11
44101,-11,-11
44110,0,0
44111,1,1
44120,-13,-13
44121,0,-13
44130,-13,-13
44131,1,1
44140,2,2
44141,1,1
44150,2,2
44151,-13,-13
44160,-13,-13
44161,10,1
44170,0,0
44171,-13,-13
44180,1,2
44181,1,1
44190,10,10
44191,3,11
44200,1,1
44201,-11,-11
44210,1,1
44211,0,11
44220,0,0
44221,1,1
44230,-13,-13
44231,-13,-13
44240,1,1
44241,-13,-13
44250,1,1
44251,1,1
44260,-11,-11
44261,0,0
44270,1,1
44271,-13,-13
44280,-11,-11
44281,1,1
44290,1,1
44291,-13,-13
44300,0,0
44301,1,1
44310,-13,-13
44311,-13,-13
44320,-11,-11
44321,1,1
44330,-13,-13
44331,0,10
44340,2,1
44341,0,0
44350,-13,-13
44351,2,1
44360,-11,1
44361,-13,-13
44370,2,2
44371,-11,-11
44380,-11,-11
44381,3,11
44390,-11,-11
44391,10,10
44400,-11,1
44401,10,10
44410,1,2
44411,1,1
44420,1,2
44421,2,1
44430,3,2
44431,10,10
44440,-11,-11
44441,1,1
44450,-13,-13
44451,10,11
44460,-11,-11
44461,-11,-11
44470,2,1
44471,1,1
44480,-13,-13
44481,10,11
44490,10,11
44491,1,1
44500,-13,-13
44501,-13,-13
44510,0,1
44511,1,1
44520,1,1
44521,-11,-11
44530,2,2
44531,1,1
44540,0,0
44541,-11,-11
44550,0,10
44551,1,1
44560,-11,-222
44561,2,1
44570,1,1
44571,0,0
44580,0,0
44581,-13,-13
44590,0,0
44591,1,1
44600,10,10
44601,1,1
44610,-11,-11
44611,0,-11
44620,2,-11
44621,1,-333
44630,-11,-11
44631,0,0
44640,10,10
44641,-13,-13
44650,11,11
44651,1,1
44660,0,0
44661,11,10
44670,12,10
44671,-13,-13
44680,1,1
44681,1,1
44690,10,10
44691,-11,-11
44700,10,10
44701,-13,-13
44710,11,10
44711,1,1
44720,-13,-13
44721,-13,-13
44730,1,1
44731,1,2
44740,1,11
44741,11,10
44750,0,0
44751,1,1
44760,11,11
44761,11,11
44770,0,0
44771,1,1
44780,-11,-11
44781,1,1
44790,-13,0
44791,11,10
44800,10,2
44801,11,1
44810,0,0
44811,-13,-13
44820,-11,-11
44821,1,11
44830,-11,-11
44831,2,2
44840,-13,-13
44841,0,0
44850,-11,-11
44851,1,1
44860,-11,-11
44861,1,1
44870,-13,-13
44871,2,2
44880,-13,-13
44881,2,2
44890,-11,1
44891,1,0
44900,-11,-11
44901,1,1
44910,-11,-11
44911,0,10
44920,1,1
44921,-11,-11
44930,-11,-11
44931,1,1
44940,0,0
44941,11,1
44950,1,1
44951,-13,-13
44960,-13,-13
44961,11,11
44970,2,1
44971,-11,-11
44980,-13,-13
44981,11,10
44990,-11,-11
44991,2,1
45000,1,2
45001,-13,-13
45010,-13,-13
45011,0,0
45020,10,10
45021,-11,-11
45030,11,11
45031,1,1
45040,-11,-11
45041,-13,-13
45050,4,2
45051,-11,-11
45060,1,1
45061,2,11
45070,11,11
45071,0,0
45080,-13,-13
45081,-13,-13
45090,2,2
45091,-11,-11
45100,2,2
45101,11,11
45110,0,0
45111,1,11
45120,1,1
45121,2,1
45130,-13,-333
45131,0,0
45140,0,0
45141,-11,-11
45150,1,-11
45151,1,-333
45160,-13,-13
45161,1,1
45170,-11,-11
45171,0,0
45180,-11,1
45181,0,0
45190,11,11
45191,-13,-13
45200,10,10
45201,1,1
45210,1,1
45211,10,10
45220,-11,-11
45221,10,10
45230,1,1
45231,10,10
45240,11,10
45241,2,1
45250,-11,-11
45251,1,0
45260,-11,-11
45261,-13,-13
45270,11,11
45271,2,2
45280,-13,-13
45281,-13,-13
45290,-13,-13
45291,10,10
45300,-13,-13
45301,2,1
45310,1,1
45311,-11,-333
45320,-11,1
45321,-11,-11
45330,1,1
45331,-11,-11
45340,-13,-13
45341,-11,-11
45350,-13,-13
45351,11,11
45360,0,0
45361,2,2
45370,-13,-13
45371,1,1
45380,3,1
45381,10,10
45390,-13,-13
45391,10,10
45400,-11,-11
45401,-11,-11
45410,0,0
45411,-11,-11
45420,-13,-13
45421,1,1
45430,-11,1
45431,-13,-13
45440,10,10
45441,-11,-11
45450,1,1
45451,0,0
45460,1,1
45461,1,1
45470,1,1
45471,2,2
45480,1,1
45481,10,10
45490,-11,-11
45491,1,1
45500,-11,-11
45501,-13,-13
45510,-11,-11
45511,10,11
45520,1,1
45521,0,0
45530,10,10
45531,2,1
45540,1,1
45541,2,11
45550,-13,-13
45551,1,1
45560,1,1
45561,-11,-11
45570,2,2
45571,-11,-11
45580,2,1
45581,1,1
45590,1,1
45591,1,1
45600,-11,-11
45601,-13,-13
45610,-11,-11
45611,1,1
45620,-13,-13
45621,-13,-13
45630,1,1
45631,2,2
45640,10,10
45641,0,11
45650,-11,-11
45651,1,1
45660,2,2
45661,1,1
45670,0,0
45671,0,0
45680,0,0
45681,1,1
45690,1,1
45691,0,0
45700,1,1
45701,1,1
45710,1,1
45711,10,11
45720,1,1
45721,-11,-11
45730,3,1
45731,-13,-13
45740,-13,-13
45741,-13,-13
45750,1,1
45751,2,2
45760,10,10
45761,0,-11
45770,11,11
45771,1,0
45780,-11,-11
45781,-11,-11
45790,10,11
45791,-13,-13
45800,-11,-11
45801,0,0
45810,1,1
45811,1,1
45820,2,11
45821,1,11
45830,0,0
45831,-11,-11
45840,0,1
45841,1,1
45850,-11,-11
45851,0,0
45860,0,0
45861,1,1
45870,2,1
45871,1,1
45880,0,-11
45881,2,-333
45890,10,11
45891,1,1
45900,-13,-13
45901,-11,-11
45910,1,1
45911,2,2
45920,-11,-11
45921,1,1
45930,-13,-13
45931,1,1
45940,-11,0
45941,-11,-11
45950,2,2
45951,-13,-13
45960,2,2
45961,-13,-13
45970,10,10
45971,11,11
45980,10,10
45981,1,1
45990,1,1
45991,2,1
46000,1,1
46001,-13,-13
46010,1,1
46011,0,0
46020,-13,-13
46021,-11,-11
46030,-11,-11
46031,-13,-13
46040,1,1
46041,1,1
46050,1,1
46051,-13,-13
46060,2,2
46061,-13,-13
46070,0,0
46071,1,1
46080,-13,-13
46081,-11,-11
46090,11,11
46091,1,11
46100,1,1
46101,-13,-13
46110,-11,-11
46111,1,1
46120,11,11
46121,1,0
46130,1,2
46131,1,1
46140,1,1
46141,10,10
46150,1,1
46151,-13,-13
46160,-11,-11
46161,0,0
46170,-13,-13
46171,-13,-13
46180,3,2
46181,1,1
46190,1,1
46191,2,2
46200,1,2
46201,11,10
46210,-11,-11
46211,0,0
46220,2,1
46221,1,1
46230,10,10
46231,10,11
46240,0,0
46241,1,1
46250,-13,-13
46251,-13,-13
46260,1,1
46261,1,1
46270,-11,-11
46271,1,1
46280,-11,-11
46281,-13,-13
46290,1,1
46291,10,10
46300,10,11
46301,-11,1
46310,10,11
46311,11,10
46320,-13,-13
46321,10,10
46330,-11,1
46331,1,1
46340,-13,-13
46341,1,1
46350,10,10
46351,0,0
46360,10,10
46361,0,0
46370,-13,-13
46371,-13,-13
46380,0,1
46381,-13,-13
46390,11,10
46391,-13,-13
46400,-11,-11
46401,10,11
46410,-11,-11
46411,1,1
46420,1,2
46421,1,1
46430,10,10
46431,-13,-13
46440,0,0
46441,-11,-11
46450,2,1
46451,-11,-11
46460,-13,-13
46461,-13,-13
46470,1,11
46471,-11,-11
46480,0,0
46481,-13,-13
46490,-11,-11
46491,10,10
46500,2,1
46501,-11,-11
46510,2,2
46511,1,1
46520,2,1
46521,11,11
46530,-11,-11
46531,1,1
46540,1,1
46541,0,0
46550,-11,-11
46551,2,1
46560,-13,-13
46561,-13,-13
46570,-13,-13
46571,1,2
46580,1,1
46581,1,1
46590,1,1
46591,2,1
46600,-13,-13
46601,-13,-13
46610,10,10
46611,1,1
46620,-13,-13
46621,1,1
46630,-11,-11
46631,0,0
46640,0,0
46641,-13,-13
46650,-11,-11
46651,10,10
46660,10,10
46661,2,2
46670,-13,-13
46671,10,10
46680,2,2
46681,10,10
46690,1,2
46691,1,1
46700,10,11
46701,0,1
46710,1,1
46711,11,10
46720,1,1
46721,10,10
46730,10,10
46731,1,10
46740,1,1
46741,1,1
46750,10,10
46751,-11,-11
46760,11,11
46761,0,0
46770,10,10
46771,1,1
46780,2,11
46781,2,2
46790,-11,2
46791,10,10
46800,1,1
46801,0,0
46810,1,1
46811,1,1
46820,1,1
46821,1,1
46830,-13,-13
46831,-13,-13
46840,10,11
46841,1,10
46850,-13,-13
46851,1,1
46860,10,10
46861,-11,-11
46870,2,1
46871,1,1
46880,1,1
46881,1,1
46890,1,1
46891,11,11
46900,1,1
46901,-13,-13
46910,-11,-11
46911,-11,-11
46920,-11,-11
46921,2,1
46930,1,1
46931,1,1
46940,2,2
46941,-11,-11
46950,-11,-11
46951,0,1
46960,2,11
46961,2,1
46970,-11,-11
46971,1,1
46980,-13,-13
46981,2,2
46990,0,0
46991,10,10
47000,1,1
47001,1,1
47010,1,1
47011,1,1
47020,11,11
47021,-11,-11
47030,1,1
47031,-11,-11
47040,11,10
47041,2,2
47050,-11,-11
47051,-13,-13
47060,1,11
47061,1,1
47070,0,0
47071,11,11
47080,1,2
47081,3,2
47090,2,2
47091,-13,-13
47100,1,1
47101,1,1
47110,2,2
47111,-11,-11
47120,1,1
47121,-13,-13
47130,-11,-11
47131,-11,-11
47140,1,1
47141,-13,-13
47150,-13,-13
47151,1,1
47160,1,1
47161,1,1
47170,0,0
47171,-11,-11
47180,1,1
47181,-11,-11
47190,-13,-13
47191,11,1
47200,1,-11
47201,11,11
47210,0,10
47211,2,2
47220,-13,-13
47221,10,10
47230,2,10
47231,11,1
47240,11,10
47241,1,2
47250,-11,-11
47251,-11,-11
47260,11,11
47261,10,10
47270,1,1
47271,-13,-13
47280,10,10
47281,-11,-11
47290,1,1
47291,-11,-11
47300,2,1
47301,-11,-11
47310,2,2
47311,2,2
47320,0,0
47321,-13,-13
47330,-11,-11
47331,-13,0
47340,1,1
47341,-11,-11
47350,0,11
47351,0,0
47360,-13,-13
47361,-11,-11
47370,2,1
47371,-11,-11
47380,10,10
47381,-13,-13
47390,2,2
47391,0,0
47400,1,1
47401,0,0
47410,1,1
47411,1,1
47420,1,1
47421,0,0
47430,10,10
47431,0,0
47440,1,1
47441,1,1
47450,2,-333
47451,-13,-13
47460,2,2
47461,-13,-11
47470,-13,-13
47471,-13,-13
47480,0,0
47481,2,11
47490,1,1
47491,11,11
47500,0,0
47501,1,1
47510,-11,-11
47511,-13,-13
47520,-13,-13
47521,2,1
47530,-13,-13
47531,-13,-13
47540,-13,-13
47541,1,1
47550,-11,-11
47551,1,1
47560,-11,-11
47561,2,1
47570,-13,-13
47571,2,2
47580,2,2
47581,-13,-13
47590,0,0
47591,-13,-13
47600,10,11
47601,-13,-13
47610,10,10
47611,0,0
47620,2,2
47621,1,1
47630,1,1
47631,-13,-13
47640,1,1
47641,0,0
47650,10,10
47651,1,1
47660,11,11
47661,-11,-11
47670,0,0
47671,10,10
47680,1,1
47681,1,1
47690,-13,-13
47691,1,1
47700,2,1
47701,-11,-11
47710,2,2
47711,0,0
47720,0,0
47721,-13,-13
47730,11,10
47731,-13,-13
47740,-13,-13
47741,1,1
47750,0,0
47751,1,1
47760,0,0
47761,1,1
47770,-13,0
47771,1,1
47780,1,1
47781,0,0
47790,10,11
47791,-11,-11
47800,1,1
47801,-11,-11
47810,-11,-11
47811,1,1
47820,0,0
47821,2,2
47830,2,1
47831,1,1
47840,-13,-13
47841,-11,-11
47850,-11,-11
47851,-11,-11
47860,-11,-11
47861,1,1
47870,0,0
47871,-13,-13
47880,1,1
47881,10,11
47890,1,2
47891,0,0
47900,0,0
47901,10,10
47910,2,11
47911,10,11
47920,1,10
47921,-13,-11
47930,-13,-333
47931,11,11
47940,2,1
47941,-13,-13
47950,1,2
47951,2,2
47960,10,10
47961,-13,-13
47970,11,11
47971,-13,-13
47980,2,1
47981,10,1
47990,2,2
47991,1,1
48000,-11,-11
48001,-11,-11
48010,1,1
48011,-11,-11
48020,10,10
48021,0,0
48030,-13,-13
48031,1,1
48040,1,1
48041,11,10
48050,10,10
48051,1,1
48060,1,1
48061,-13,-13
48070,-13,-13
48071,10,10
48080,-11,-11
48081,10,10
48090,10,11
48091,-11,-11
48100,-11,-11
48101,0,0
48110,2,2
48111,11,11
48120,-13,-13
48121,-13,-13
48130,1,1
48131,-13,-13
48140,-13,-13
48141,11,10
48150,1,1
48151,-11,-11
48160,1,1
48161,-13,-13
48170,-13,-13
48171,1,1
48180,-13,-13
48181,0,-11
48190,1,1
48191,1,1
48200,2,2
48201,10,10
48210,-13,-13
48211,1,1
48220,1,1
48221,-11,-11
48230,-11,-11
48231,-13,-13
48240,1,1
48241,1,1
48250,2,2
48251,-13,-13
48260,0,0
48261,-11,-11
48270,1,1
48271,0,0
48280,-13,-13
48281,1,1
48290,-11,1
48291,2,2
48300,-13,-13
48301,1,1
48310,-13,-13
48311,-11,-11
48320,1,1
48321,-13,-13
48330,11,10
48331,1,1
48340,-11,-11
48341,-13,-13
48350,2,1
48351,0,0
48360,0,0
48361,-11,0
48370,3,1
48371,10,10
48380,1,-11
48381,1,1
48390,1,1
48391,2,1
48400,1,10
48401,-11,-11
48410,-13,-13
48411,10,10
48420,-13,-13
48421,0,0
48430,-13,-13
48431,-11,-11
48440,-13,-13
48441,-13,-13
48450,-13,-13
48451,3,2
48460,2,1
48461,1,1
48470,-11,-11
48471,10,10
48480,-13,-13
48481,-11,-11
48490,-13,-13
48491,1,1
48500,-11,-11
48501,0,0
48510,1,1
48511,1,1
48520,0,0
48521,1,1
48530,-13,-13
48531,1,1
48540,10,10
48541,1,1
48550,-11,-11
48551,-11,-11
48560,-11,-11
48561,-13,-13
48570,0,11
48571,1,1
48580,0,0
48581,-13,-13
48590,-13,-13
48591,1,1
48600,10,10
48601,-13,-13
48610,0,-11
48611,1,1
48620,-13,-13
48621,2,2
48630,0,10
48631,-11,-11
48640,-13,-13
48641,2,2
48650,-11,-11
48651,11,11
48660,10,11
48661,-11,-11
48670,1,1
48671,1,11
48680,10,11
48681,1,1
48690,-11,-11
48691,-11,-11
48700,10,11
48701,1,1
48710,1,1
48711,10,10
48720,10,10
48721,-13,0
48730,10,10
48731,10,1
48740,-13,1
48741,11,10
48750,0,1
48751,-11,-11
48760,1,1
48761,0,0
48770,-13,-13
48771,-13,-13
48780,0,0
48781,-13,-13
48790,-13,-13
48791,-11,-11
48800,3,1
48801,2,1
48810,1,1
48811,1,1
48820,2,2
48821,2,11
48830,1,1
48831,2,1
48840,-11,-11
48841,0,0
48850,1,1
48851,-11,-11
48860,-11,-11
48861,11,11
48870,2,1
48871,1,1
48880,10,10
48881,2,1
48890,0,1
48891,10,1
48900,-11,-11
48901,1,1
48910,-11,-11
48911,2,1
48920,3,11
48921,-13,-13
48930,-13,-13
48931,1,1
48940,-13,-13
48941,-11,-11
48950,10,11
48951,11,10
48960,10,10
48961,0,0
48970,-11,-11
48971,1,1
48980,1,1
48981,0,0
48990,1,1
48991,2,1
49000,11,11
49001,1,1
49010,1,1
49011,1,1
49020,-11,-11
49021,1,1
49030,11,11
49031,-13,-13
49040,-13,-13
49041,10,10
49050,-13,-13
49051,1,1
49060,2,2
49061,0,-333
49070,2,1
49071,-13,-13
49080,2,2
49081,2,2
49090,1,1
49091,2,2
49100,0,1
49101,1,1
49110,-11,-11
49111,10,10
49120,-11,-11
49121,2,1
49130,2,2
49131,-11,-11
49140,11,11
49141,-13,-13
49150,0,0
49151,2,2
49160,-13,-13
49161,11,11
49170,0,0
49171,1,1
49180,-13,-13
49181,-11,-11
49190,-13,-13
49191,-11,-11
49200,0,0
49201,-13,-13
49210,10,10
49211,1,1
49220,10,10
49221,-11,-11
49230,-11,-11
49231,1,1
49240,-13,-13
49241,-13,-13
49250,0,0
49251,10,10
49260,1,11
49261,10,11
49270,1,1
49271,1,1
49280,1,1
49281,10,10
49290,1,1
49291,1,1
49300,-13,-13
49301,-11,-11
49310,-11,-11
49311,-11,-11
49320,10,10
49321,10,10
49330,2,11
49331,-13,-13
49340,10,10
49341,2,2
49350,-11,-11
49351,1,1
49360,11,10
49361,2,11
49370,-11,-11
49371,10,10
49380,1,1
49381,-11,-11
49390,1,1
49391,2,2
49400,-13,-13
49401,1,1
49410,1,1
49411,2,2
49420,1,1
49421,-11,-11
49430,-13,-13
49431,0,0
49440,-11,-11
49441,-13,-13
49450,-1,10
49451,11,10
49460,-11,-11
49461,-11,-11
49470,1,1
49471,-11,-11
49480,0,-13
49481,1,1
49490,1,1
49491,-11,-11
49500,10,10
49501,11,11
49510,-13,-13
49511,-13,-13
49520,0,0
49521,10,10
49530,10,11
49531,1,1
49540,1,1
49541,-11,-11
49550,0,0
49551,1,1
49560,-11,-11
49561,1,1
49570,-13,-13
49571,10,10
49580,-11,-11
49581,1,1
49590,1,1
49591,-11,-11
49600,0,1
49601,-11,-11
49610,-13,-13
49611,-13,-13
49620,0,2
49621,-11,-11
49630,1,1
49631,-11,-11
49640,10,10
49641,0,0
49650,0,0
49651,10,10
49660,1,1
49661,10,10
49670,-13,-13
49671,-11,-11
49680,2,2
49681,-11,-11
49690,10,10
49691,0,0
49700,2,-11
49701,-13,-333
49710,10,10
49711,0,0
49720,1,1
49721,-11,-11
49730,2,2
49731,2,1
49740,0,0
49741,-13,-13
49750,0,0
49751,-13,-13
49760,-13,-13
49761,11,11
49770,-11,-11
49771,1,1
49780,-11,-11
49781,-11,-11
49790,-13,-13
49791,1,1
49800,-11,-11
49801,-13,-13
49810,-13,-13
49811,-11,-11
49820,-11,-11
49821,2,1
49830,2,1
49831,-13,-13
49840,-13,-13
49841,10,10
49850,2,2
49851,1,1
49860,10,11
49861,10,10
49870,2,0
49871,0,-11
49880,-1,11
49881,10,10
49890,-13,-13
49891,2,2
49900,1,1
49901,-13,-13
49910,-11,-11
49911,-13,-13
49920,-13,-13
49921,1,1
49930,1,1
49931,1,1
49940,1,11
49941,1,11
49950,1,1
49951,1,1
49960,0,0
49961,-13,-13
49970,1,1
49971,1,1
49980,-11,-222
49981,1,1
49990,1,1
49991,-11,-11
50000,10,11
50001,2,2
50010,-13,-13
50011,-11,-11
50020,1,1
50021,11,11
50030,1,1
50031,0,0
50040,-11,-11
50041,0,0
50050,10,11
50051,-11,-11
50060,1,1
50061,1,1
50070,2,11
50071,-11,-11
50080,11,10
50081,1,1
50090,-13,-13
50091,-13,-13
50100,0,0
50101,1,1
50110,1,1
50111,-11,1
50120,1,1
50121,1,1
50130,10,10
50131,1,1
50140,-13,-13
50141,1,1
50150,0,1
50151,1,1
50160,1,1
50161,0,-11
50170,-11,-11
50171,1,1
50180,2,1
50181,1,1
50190,1,1
50191,1,1
50200,-11,-11
50201,-11,-11
50210,1,1
50211,1,1
50220,-11,-11
50221,-13,-11
50230,-13,-13
50231,-11,-11
50240,10,10
50241,1,2
50250,10,10
50251,-13,-13
50260,2,1
50261,1,1
50270,1,1
50271,0,0
50280,-13,-13
50281,-13,-13
50290,-11,-11
50291,0,0
50300,0,0
50301,10,10
50310,3,2
50311,-11,-11
50320,11,-11
50321,-13,-333
50330,3,2
50331,-11,-11
50340,-11,-11
50341,1,1
50350,1,1
50351,-13,-13
50360,-13,-13
50361,10,10
50370,-13,-13
50371,10,11
50380,1,1
50381,-13,-13
50390,1,1
50391,1,1
50400,1,1
50401,-11,-11
50410,1,1
50411,10,11
50420,0,0
50421,-13,-222
50430,0,0
50431,-13,-13
50440,-11,-11
50441,-11,-11
50450,-11,-11
50451,2,2
50460,1,1
50461,1,1
50470,2,10
50471,-13,-13
50480,0,1
50481,-11,-11
50490,1,2
50491,1,1
50500,1,1
50501,0,0
50510,1,1
50511,1,2
50520,0,1
50521,10,10
50530,-11,1
50531,11,11
50540,1,1
50541,-13,-13
50550,10,10
50551,-13,-13
50560,-11,-11
50561,0,0
50570,11,10
50571,-13,-13
50580,0,0
50581,1,11
50590,2,1
50591,1,2
50600,0,0
50601,-13,-13
50610,11,10
50611,-11,-11
50620,0,0
50621,1,1
50630,0,0
50631,0,0
50640,0,10
50641,-13,1
50650,1,1
50651,-13,-13
50660,-11,-11
50661,11,10
50670,-11,-11
50671,2,11
50680,2,1
50681,-13,-13
50690,0,0
50691,3,2
50700,-11,-11
50701,1,1
50710,-13,-13
50711,1,2
50720,1,1
50721,0,1
50730,-13,-13
50731,2,1
50740,0,0
50741,0,0
50750,-13,-13
50751,-13,0
50760,-11,-11
50761,1,11
50770,1,1
50771,0,0
50780,-13,-13
50781,-11,-11
50790,-11,-11
50791,2,1
50800,2,1
50801,-11,-11
50810,-13,-13
50811,1,1
50820,-13,-13
50821,-13,-13
50830,-11,-11
50831,-13,-13
50840,10,11
50841,11,11
50850,1,-333
50851,-11,1
50860,1,11
50861,0,0
50870,10,10
50871,1,1
50880,-11,-333
50881,0,0
50890,-13,-13
50891,11,11
50900,1,2
50901,-11,-11
50910,10,10
50911,0,0
50920,10,11
50921,0,0
50930,-11,-11
50931,-13,-13
50940,-11,-13
50941,-13,-13
50950,-13,-13
50951,1,1
50960,10,10
50961,1,-222
50970,11,11
50971,0,0
50980,10,11
50981,1,10
50990,0,0
50991,1,1
51000,-13,-13
51001,-13,-13
51010,-11,-11
51011,11,10
51020,-11,-11
51021,11,10
51030,10,10
51031,1,1
51040,1,1
51041,10,10
51050,1,1
51051,-13,1
51060,11,11
51061,1,1
51070,-13,-13
51071,10,11
51080,-11,-11
51081,1,1
51090,1,1
51091,1,2
51100,0,0
51101,2,1
51110,1,1
51111,-13,-13
51120,2,1
51121,1,1
51130,1,1
51131,0,0
51140,-11,-11
51141,1,1
51150,1,1
51151,10,10
51160,0,0
51161,-13,-13
51170,1,1
51171,1,2
51180,0,0
51181,1,1
51190,1,1
51191,0,0
51200,-11,-11
51201,-13,-13
51210,1,1
51211,2,2
51220,10,10
51221,-11,-11
51230,2,2
51231,0,-13
51240,0,0
51241,-13,-13
51250,0,0
51251,2,1
51260,11,11
51261,0,1
51270,1,1
51271,-11,-11
51280,-13,-13
51281,1,1
51290,0,0
51291,-13,-13
51300,2,2
51301,1,2
51310,11,10
51311,-13,-13
51320,1,1
51321,2,1
51330,-11,-11
51331,1,10
51340,2,11
51341,10,10
51350,-11,-11
51351,-11,-11
51360,11,-222
51361,-13,-11
51370,-13,-13
51371,3,2
51380,-11,-11
51381,1,1
51390,-13,-13
51391,10,10
51400,1,1
51401,-11,-11
51410,-13,-13
51411,-11,-13
51420,10,1
51421,10,10
51430,10,10
51431,11,10
51440,-11,-11
51441,1,1
51450,1,2
51451,-13,1
51460,2,2
51461,1,1
51470,2,1
51471,1,1
51480,2,1
51481,10,11
51490,10,10
51491,10,10
51500,2,1
51501,11,10
51510,1,1
51511,1,1
51520,-13,-13
51521,0,1
51530,1,1
51531,0,0
51540,1,2
51541,1,1
51550,-13,-13
51551,-11,-11
51560,1,1
51561,1,1
51570,1,1
51571,1,1
51580,10,11
51581,-13,-13
51590,0,10
51591,0,10
51600,-11,-11
51601,10,10
51610,1,1
51611,0,0
51620,2,1
51621,1,1
51630,-13,-13
51631,-13,-13
51640,10,10
51641,10,10
51650,10,10
51651,11,11
51660,1,1
51661,2,2
51670,10,10
51671,1,1
51680,11,11
51681,1,1
51690,2,1
51691,-13,-13
51700,1,1
51701,-11,-11
51710,0,1
51711,1,1
51720,-11,-11
51721,1,1
51730,1,1
51731,-11,-11
51740,10,11
51741,12,11
51750,1,1
51751,1,1
51760,11,10
51761,2,1
51770,1,1
51771,1,1
51780,2,1
51781,-11,-11
51790,0,0
51791,-13,-13
51800,2,1
51801,10,11
51810,0,0
51811,-13,-13
51820,2,1
51821,-13,-13
51830,1,1
51831,-13,-13
51840,-13,-13
51841,10,10
51850,1,1
51851,2,2
51860,11,11
51861,-13,-13
51870,1,2
51871,1,1
51880,-11,-11
51881,-11,1
51890,-13,-13
51891,11,11
51900,0,0
51901,-11,1
51910,-11,-11
51911,0,1
51920,10,11
51921,-11,-11
51930,0,-11
51931,1,1
51940,11,11
51941,1,11
51950,0,0
51951,-11,-11
51960,1,1
51961,10,11
51970,-11,-11
51971,1,1
51980,1,1
51981,1,1
51990,-13,-13
51991,-11,-11
52000,0,0
52001,-11,-11
52010,1,2
52011,-11,-11
52020,-11,-11
52021,11,10
52030,2,1
52031,-13,-13
52040,1,1
52041,0,0
52050,1,1
52051,-13,-13
52060,0,0
52061,1,2
52070,-13,-13
52071,-13,-13
52080,1,1
52081,-13,-13
52090,0,0
52091,0,0
52100,-11,-11
52101,10,10
52110,2,2
52111,-11,-11
52120,1,1
52121,1,1
52130,-13,-13
52131,0,10
52140,1,1
52141,0,0
52150,-13,-13
52151,1,1
52160,11,11
52161,1,1
52170,10,11
52171,-13,-13
52180,-13,-13
52181,-13,-13
52190,-11,0
52191,0,0
52200,10,10
52201,2,2
52210,0,-13
52211,2,1
52220,2,1
52221,10,10
52230,10,10
52231,1,1
52240,1,1
52241,10,10
52250,0,0
52251,1,1
52260,-13,-13
52261,10,10
52270,1,1
52271,10,10
52280,11,11
52281,10,10
52290,1,1
52291,1,1
52300,-11,-11
52301,2,1
52310,10,10
52311,0,10
52320,10,10
52321,2,2
52330,0,0
52331,10,10
52340,-13,-13
52341,-13,-13
52350,11,11
52351,0,0
52360,-11,-11
52361,0,0
52370,1,1
52371,10,10
52380,-11,-11
52381,10,11
52390,10,10
52391,1,1
52400,-13,-13
52401,10,10
52410,-13,-333
52411,-13,-13
52420,10,10
52421,4,2
52430,10,10
52431,3,2
52440,11,11
52441,1,1
52450,-13,-13
52451,10,10
52460,-11,-11
52461,2,2
52470,10,10
52471,-13,0
52480,-13,-13
52481,-13,-13
52490,-13,-13
52491,-13,-13
52500,11,11
52501,11,11
52510,-13,-13
52511,-11,-11
52520,10,11
52521,1,1
52530,-13,-13
52531,-13,-13
52540,1,2
52541,0,0
52550,2,11
52551,-13,-13
52560,11,10
52561,-13,-13
52570,-11,-11
52571,10,11
52580,1,1
52581,0,0
52590,11,11
52591,1,0
52600,2,11
52601,0,0
52610,0,0
52611,-11,-11
52620,11,10
52621,-13,-13
52630,2,1
52631,10,10
52640,1,1
52641,-11,-11
52650,0,0
52651,-11,-11
52660,-11,-11
52661,11,10
52670,1,1
52671,2,2
52680,1,1
52681,1,11
52690,1,1
52691,2,1
52700,-13,-13
52701,1,1
52710,-13,-13
52711,-11,-11
52720,12,11
52721,1,2
52730,10,10
52731,-11,-11
52740,12,11
52741,2,2
52750,2,1
52751,1,1
52760,10,10
52761,1,1
52770,1,-11
52771,0,1
52780,-11,-11
52781,10,11
52790,-13,-11
52791,1,1
52800,-13,-13
52801,10,10
52810,-11,-11
52811,-13,-13
52820,0,0
52821,10,10
52830,-13,-13
52831,10,10
52840,0,0
52841,-11,-11
52850,1,1
52851,-11,-11
52860,-13,1
52861,-13,-13
52870,-11,-11
52871,11,11
52880,-11,-11
52881,-11,-11
52890,1,1
52891,1,1
52900,2,2
52901,-11,-11
52910,2,1
52911,1,1
52920,10,11
52921,0,10
52930,10,10
52931,2,2
52940,2,11
52941,-11,-11
52950,0,0
52951,-13,-13
52960,-13,-13
52961,-11,-11
52970,1,1
52971,10,10
52980,11,11
52981,2,2
52990,0,0
52991,-11,-11
53000,2,1
53001,-13,-13
53010,0,0
53011,-11,-11
53020,0,0
53021,2,11
53030,-11,-11
53031,-13,-13
53040,2,1
53041,11,10
53050,1,1
53051,-13,-13
53060,-13,-13
53061,1,1
53070,0,0
53071,1,11
53080,0,0
53081,0,0
53090,-13,-13
53091,0,0
53100,10,10
53101,0,0
53110,1,1
53111,0,0
53120,11,11
53121,-13,-13
53130,1,0
53131,-13,-13
53140,10,10
53141,1,1
53150,2,2
53151,10,10
53160,1,1
53161,1,1
53170,10,11
53171,3,2
53180,1,1
53181,1,1
53190,-11,-11
53191,1,1
53200,1,1
53201,-13,-333
53210,0,0
53211,0,0
53220,-11,-11
53221,-13,-13
53230,1,1
53231,-13,-13
53240,0,0
53241,1,1
53250,0,0
53251,-13,-13
53260,-11,-11
53261,2,11
53270,-11,-11
53271,2,1
53280,-11,-11
53281,0,0
53290,-11,-11
53291,10,-222
53300,10,11
53301,0,0
53310,-11,-11
53311,10,10
53320,0,0
53321,-13,-13
53330,2,1
53331,2,2
53340,1,1
53341,-13,0
53350,1,2
53351,-11,-11
53360,-13,-13
53361,-13,-13
53370,11,10
53371,-11,-11
53380,-13,-13
53381,1,1
53390,-13,-13
53391,0,0
53400,1,1
53401,-13,-13
53410,1,1
53411,2,1
53420,1,1
53421,1,1
53430,2,2
53431,0,0
53440,10,10
53441,1,-11
53450,2,2
53451,2,2
53460,2,1
53461,1,1
53470,-13,-13
53471,-13,-13
53480,-13,-11
53481,-13,-11
53490,-13,-13
53491,-11,-11
53500,10,10
53501,3,2
53510,-13,-13
53511,-13,-13
53520,10,10
53521,-13,-13
53530,-13,-13
53531,-11,-11
53540,11,11
53541,-13,-13
53550,10,10
53551,-13,-13
53560,-13,-13
53561,11,11
53570,10,10
53571,0,-11
53580,1,1
53581,-13,-13
53590,-13,-13
53591,-13,-13
53600,1,1
53601,11,10
53610,-11,-11
53611,1,1
53620,-13,-13
53621,-13,-13
53630,2,1
53631,1,1
53640,0,1
53641,2,1
53650,0,0
53651,1,0
53660,-11,-11
53661,2,1
53670,1,1
53671,-13,-13
53680,-11,-11
53681,-11,-11
53690,-13,-13
53691,1,1
53700,1,1
53701,0,0
53710,-13,-13
53711,1,1
53720,-11,-11
53721,-11,-11
53730,-13,-13
53731,-11,-11
53740,-11,-11
53741,1,1
53750,0,0
53751,1,1
53760,2,1
53761,-13,-13
53770,2,1
53771,1,1
53780,2,2
53781,-13,-13
53790,-13,-13
53791,-11,-11
53800,2,2
53801,0,0
53810,1,1
53811,0,0
53820,-11,-11
53821,10,10
53830,0,0
53831,0,0
53840,11,10
53841,0,0
53850,1,1
53851,2,2
53860,1,1
53861,0,0
53870,1,1
53871,-13,-13
53880,-11,-13
53881,2,1
53890,-13,-11
53891,-13,-13
53900,-13,-13
53901,-11,-11
53910,10,11
53911,0,10
53920,2,2
53921,2,2
53930,-13,-13
53931,-13,-13
53940,-11,-11
53941,0,0
53950,0,0
53951,-11,-11
53960,1,1
53961,1,-11
53970,1,1
53971,-13,-13
53980,-11,-11
53981,10,10
53990,1,1
53991,-11,-11
54000,-13,-13
54001,1,1
54010,2,2
54011,3,2
54020,1,1
54021,2,2
54030,1,1
54031,1,10
54040,-11,-11
54041,0,1
54050,1,1
54051,-13,-13
54060,1,1
54061,3,1
54070,1,1
54071,-13,-13
54080,-13,-13
54081,1,1
54090,1,11
54091,11,2
54100,1,1
54101,10,11
54110,1,1
54111,1,1
54120,1,1
54121,10,10
54130,1,1
54131,-13,-13
54140,-13,-13
54141,10,10
54150,10,10
54151,0,0
54160,-11,-11
54161,-13,-13
54170,2,1
54171,1,1
54180,-13,-13
54181,11,11
54190,11,11
54191,1,1
54200,1,1
54201,-11,0
54210,1,1
54211,1,1
54220,1,1
54221,-13,-13
54230,-13,-13
54231,12,11
54240,11,10
54241,1,2
54250,10,10
54251,1,1
54260,1,1
54261,0,0
54270,-13,-13
54271,1,1
54280,2,11
54281,1,2
54290,-13,-13
54291,1,1
54300,1,11
54301,2,1
54310,-11,1
54311,1,1
54320,-13,-13
54321,-13,-13
54330,-13,-13
54331,1,1
54340,0,0
54341,-11,-11
54350,-13,-13
54351,-13,1
54360,-13,-13
54361,0,0
54370,10,10
54371,-13,-13
54380,-13,-13
54381,1,1
54390,11,10
54391,1,1
54400,1,1
54401,2,1
54410,-11,-11
54411,10,10
54420,-13,-13
54421,-13,-13
54430,1,1
54431,2,1
54440,2,2
54441,10,10
54450,-13,-13
54451,10,10
54460,-11,-13
54461,12,10
54470,-13,-13
54471,11,11
54480,-11,-11
54481,1,1
54490,1,1
54491,0,-11
54500,-13,-13
54501,-13,-13
54510,11,11
54511,-11,-11
54520,-13,-13
54521,2,1
54530,-13,-13
54531,-11,-11
54540,2,2
54541,1,1
54550,2,1
54551,0,0
54560,0,0
54561,2,2
54570,1,1
54571,-11,-11
54580,1,1
54581,1,-11
54590,0,0
54591,1,1
54600,-13,-13
54601,3,1
54610,1,1
54611,-13,-13
54620,11,10
54621,-11,-11
54630,1,1
54631,1,1
54640,1,1
54641,-11,-11
54650,-11,0
54651,11,11
54660,-11,-11
54661,1,0
54670,0,0
54671,-13,-13
54680,2,1
54681,0,0
54690,-13,-13
54691,-11,1
54700,-11,-11
54701,1,11
54710,10,11
54711,2,2
54720,-13,-13
54721,2,1
54730,-11,-11
54731,1,1
54740,-11,-11
54741,0,1
54750,0,0
54751,-13,-13
54760,-11,1
54761,-13,-13
54770,0,0
54771,-13,-13
54780,10,1
54781,-11,0
54790,1,1
54791,1,1
54800,1,0
54801,-11,-11
54810,-13,-13
54811,1,-11
54820,-11,-11
54821,1,1
54830,11,10
54831,1,1
54840,1,1
54841,1,1
54850,0,0
54851,0,0
54860,11,11
54861,10,10
54870,1,1
54871,0,10
54880,1,-333
54881,0,0
54890,2,2
54891,0,0
54900,-13,-13
54901,-13,-13
54910,1,1
54911,1,1
54920,1,1
54921,2,1
54930,-13,-13
54931,1,2
54940,-13,-13
54941,-13,-13
54950,-11,-11
54951,-13,-13
54960,-13,-13
54961,-13,-13
54970,0,0
54971,-13,-13
54980,1,1
54981,1,1
54990,3,11
54991,2,1
55000,0,0
55001,1,1
55010,-11,-11
55011,-13,-13
55020,1,2
55021,10,1
55030,0,0
55031,0,0
55040,3,11
55041,1,1
55050,-11,-11
55051,10,10
55060,-11,-11
55061,-13,-13
55070,1,1
55071,10,10
55080,10,10
55081,1,0
55090,1,1
55091,-11,-11
55100,1,1
55101,-11,-11
55110,1,1
55111,1,2
55120,10,10
55121,1,2
55130,-13,-13
55131,2,2
55140,1,1
55141,-13,-13
55150,1,2
55151,11,11
55160,11,10
55161,0,0
55170,-11,-11
55171,-11,-11
55180,-13,-13
55181,1,1
55190,-11,-11
55191,1,1
55200,1,1
55201,-11,-11
55210,-13,-13
55211,10,10
55220,-13,-13
55221,0,0
55230,1,1
55231,-11,-11
55240,1,2
55241,10,10
55250,0,0
55251,2,2
55260,1,1
55261,-13,-13
55270,-13,-13
55271,-11,-11
55280,-13,-11
55281,1,1
55290,-11,-11
55291,-13,-13
55300,11,10
55301,-13,10
55310,0,0
55311,1,1
55320,1,1
55321,10,10
55330,-11,-11
55331,2,1
55340,-11,-11
55341,-13,-13
55350,-11,-11
55351,1,1
55360,10,10
55361,0,0
55370,10,11
55371,-11,-11
55380,0,0
55381,-13,-13
55390,1,1
55391,10,11
55400,0,0
55401,1,1
55410,2,2
55411,1,1
55420,-13,-13
55421,1,1
55430,-11,-11
55431,-11,-333
55440,1,1
55441,-11,-11
55450,-11,-11
55451,1,11
55460,-13,-13
55461,2,1
55470,2,1
55471,1,1
55480,0,0
55481,10,11
55490,-13,-13
55491,-11,-11
55500,1,1
55501,-11,-11
55510,1,1
55511,11,11
55520,-13,-13
55521,0,0
55530,-13,-13
55531,-13,-13
55540,-13,-13
55541,-11,-11
55550,1,2
55551,0,0
55560,1,1
55561,0,0
55570,-13,-13
55571,1,-11
55580,-11,-11
55581,0,11
55590,11,11
55591,-13,-13
55600,1,1
55601,2,2
55610,1,1
55611,-11,-11
55620,-11,-11
55621,1,1
55630,-11,-11
55631,-11,-11
55640,-13,-11
55641,1,-333
55650,2,2
55651,0,0
55660,-13,-13
55661,1,1
55670,0,10
55671,1,-11
55680,3,11
55681,1,1
55690,-11,-11
55691,11,11
55700,-11,-11
55701,1,1
55710,2,2
55711,-11,-11
55720,-13,-13
55721,3,11
55730,0,0
55731,1,2
55740,2,2
55741,-13,-13
55750,-11,-11
55751,1,1
55760,0,0
55761,2,2
55770,1,1
55771,1,1
55780,1,1
55781,1,1
55790,1,1
55791,-13,-13
55800,1,1
55801,2,2
55810,2,2
55811,1,2
55820,10,10
55821,-11,-11
55830,1,1
55831,-13,-13
55840,10,10
55841,1,1
55850,-11,-11
55851,1,1
55860,-11,-11
55861,-11,-11
55870,1,1
55871,1,1
55880,11,11
55881,0,1
55890,2,11
55891,1,2
55900,-13,-13
55901,-11,-11
55910,-11,1
55911,2,1
55920,10,10
55921,-11,-11
55930,1,1
55931,-11,-11
55940,1,1
55941,-11,-11
55950,2,2
55951,10,11
55960,-11,-222
55961,11,1
55970,11,11
55971,-11,-11
55980,-11,-11
55981,10,10
55990,1,1
55991,0,0
56000,-11,-11
56001,12,11
56010,-11,-11
56011,1,-11
56020,1,11
56021,-11,-11
56030,0,10
56031,10,10
56040,2,2
56041,-13,-13
56050,2,1
56051,-11,-11
56060,2,2
56061,1,1
56070,10,10
56071,-11,-11
56080,-13,-13
56081,-13,-13
56090,10,10
56091,-11,1
56100,10,10
56101,-13,-13
56110,-13,-13
56111,10,10
56120,-13,-13
56121,1,1
56130,-13,-333
56131,0,0
56140,0,0
56141,2,1
56150,0,0
56151,1,1
56160,1,1
56161,11,11
56170,-11,1
56171,-11,-11
56180,12,11
56181,-11,-11
56190,1,1
56191,1,1
56200,1,1
56201,3,2
56210,2,2
56211,-11,-11
56220,-13,-333
56221,1,-11
56230,10,10
56231,-11,1
56240,10,10
56241,-13,-13
56250,0,0
56251,1,1
56260,-11,-11
56261,-13,-13
56270,1,1
56271,-13,-13
56280,2,1
56281,1,1
56290,1,1
56291,-13,-13
56300,-11,-11
56301,1,1
56310,2,2
56311,-11,-13
56320,-13,-13
56321,10,10
56330,-11,-11
56331,-11,-11
56340,-13,-13
56341,-11,1
56350,10,11
56351,1,1
56360,-13,-13
56361,1,1
56370,10,1
56371,0,0
56380,0,1
56381,-13,-13
56390,1,1
56391,3,2
56400,-11,-11
56401,-11,-11
56410,0,1
56411,-13,-13
56420,-11,-11
56421,10,10
56430,1,1
56431,-11,-11
56440,10,10
56441,1,1
56450,-13,-13
56451,1,1
56460,1,1
56461,0,0
56470,10,10
56471,-11,-11
56480,10,10
56481,-13,-13
56490,1,1
56491,1,1
56500,-11,1
56501,1,1
56510,10,10
56511,1,1
56520,-11,-11
56521,-13,-13
56530,-13,-13
56531,2,2
56540,11,11
56541,1,2
56550,1,1
56551,1,1
56560,2,1
56561,2,2
56570,2,1
56571,2,-11
56580,2,1
56581,11,10
56590,1,1
56591,1,11
56600,10,10
56601,0,0
56610,-13,-13
56611,10,10
56620,2,11
56621,-11,-11
56630,-13,-13
56631,1,1
56640,-11,-11
56641,-13,-13
56650,1,1
56651,-13,-13
56660,-13,-13
56661,2,1
56670,10,10
56671,1,1
56680,-11,-11
56681,1,1
56690,-13,-13
56691,-13,-13
56700,-13,-13
56701,0,1
56710,-13,-13
56711,-13,-13
56720,-11,-11
56721,1,1
56730,-11,-11
56731,11,10
56740,11,11
56741,-13,-13
56750,-11,-11
56751,0,0
56760,2,1
56761,-11,-11
56770,-11,-11
56771,10,10
56780,-11,-11
56781,3,2
56790,-11,-11
56791,-13,-13
56800,-11,-11
56801,-11,-11
56810,-11,-11
56811,-13,-13
56820,2,2
56821,-13,-13
56830,2,2
56831,-13,-13
56840,1,1
56841,-11,-11
56850,2,1
56851,-13,-13
56860,-13,-13
56861,1,1
56870,2,2
56871,-11,-11
56880,0,0
56881,1,0
56890,-11,-11
56891,-11,1
56900,1,1
56901,1,1
56910,-11,-11
56911,1,1
56920,2,2
56921,10,10
56930,10,10
56931,10,11
56940,1,1
56941,-13,-13
56950,3,2
56951,-11,-11
56960,-13,-13
56961,2,1
56970,1,1
56971,0,0
56980,0,0
56981,0,0
56990,1,1
56991,-13,-13
57000,1,1
57001,1,1
57010,2,1
57011,2,1
57020,1,1
57021,-11,-11
57030,-13,-13
57031,1,1
57040,2,11
57041,0,0
57050,2,2
57051,0,0
57060,1,1
57061,0,1
57070,1,11
57071,1,1
57080,1,1
57081,1,1
57090,-11,-11
57091,1,1
57100,1,1
57101,-11,-11
57110,1,1
57111,11,11
57120,10,10
57121,-13,-13
57130,2,2
57131,10,10
57140,1,1
57141,-13,-13
57150,-11,-11
57151,11,11
57160,1,1
57161,1,2
57170,1,1
57171,-11,-11
57180,1,1
57181,10,10
57190,-11,-11
57191,-11,-11
57200,2,2
57201,11,10
57210,-13,-13
57211,-11,-11
57220,0,0
57221,-13,-13
57230,1,1
57231,0,0
57240,0,1
57241,-11,-11
57250,1,1
57251,-13,-13
57260,-13,-13
57261,0,0
57270,1,1
57271,0,0
57280,0,1
57281,-13,-13
57290,0,0
57291,1,1
57300,1,1
57301,-13,-13
57310,0,0
57311,-13,-13
57320,-11,-11
57321,2,2
57330,0,0
57331,10,10
57340,0,1
57341,1,1
57350,11,10
57351,10,10
57360,-11,-11
57361,10,11
57370,2,1
57371,-13,-13
57380,-13,-13
57381,1,1
57390,10,10
57391,-11,1
57400,1,1
57401,1,1
57410,-11,-11
57411,1,1
57420,1,1
57421,0,1
57430,11,10
57431,-13,-13
57440,1,1
57441,-11,-11
57450,0,0
57451,-11,-11
57460,1,1
57461,1,1
57470,1,0
57471,0,0
57480,0,1
57481,12,11
57490,2,1
57491,-11,-11
57500,11,11
57501,1,1
57510,-11,-11
57511,0,1
57520,1,1
57521,-13,-13
57530,0,-333
57531,1,2
57540,1,1
57541,1,1
57550,-13,-13
57551,0,0
57560,10,10
57561,1,1
57570,0,0
57571,-11,-11
57580,-13,-13
57581,-11,-11
57590,2,1
57591,0,-11
57600,1,0
57601,-11,-11
57610,1,1
57611,0,0
57620,3,2
57621,2,2
57630,10,10
57631,12,2
57640,1,1
57641,1,1
57650,0,11
57651,10,10
57660,-11,-11
57661,-13,-13
57670,1,1
57671,-11,-13
57680,10,10
57681,-11,-13
57690,1,1
57691,0,0
57700,1,1
57701,10,10
57710,-13,-13
57711,2,2
57720,3,2
57721,-13,-13
57730,-11,-11
57731,1,1
57740,1,1
57741,0,-11
57750,-13,-13
57751,1,1
57760,0,0
57761,1,1
57770,-11,-11
57771,2,2
57780,10,10
57781,0,1
57790,10,10
57791,0,0
57800,1,1
57801,2,2
57810,10,10
57811,-13,-13
57820,-11,-11
57821,11,10
57830,1,1
57831,2,2
57840,-13,-333
57841,10,10
57850,1,-13
57851,0,0
57860,0,1
57861,10,1
57870,1,1
57871,1,-333
57880,10,11
57881,10,10
57890,1,1
57891,-13,-13
57900,-11,1
57901,0,-11
57910,-13,-13
57911,-13,-13
57920,0,1
57921,11,11
57930,10,10
57931,1,1
57940,10,10
57941,0,0
57950,-13,-333
57951,10,10
57960,1,1
57961,11,11
57970,10,10
57971,2,1
57980,2,11
57981,-13,-13
57990,-13,-13
57991,-13,-13
58000,-13,-13
58001,0,0
58010,3,2
58011,-11,-11
58020,-13,-13
58021,1,1
58030,-11,-11
58031,1,1
58040,1,1
58041,-13,-13
58050,11,10
58051,-13,-13
58060,1,2
58061,2,1
58070,1,1
58071,-13,-13
58080,1,1
58081,1,1
58090,-11,-11
58091,-11,-11
58100,-11,-11
58101,-11,-11
58110,-11,-11
58111,0,0
58120,10,10
58121,2,11
58130,-13,-13
58131,0,0
58140,0,0
58141,-13,-13
58150,1,1
58151,2,2
58160,11,10
58161,-13,-13
58170,1,1
58171,10,10
58180,1,1
58181,-13,-13
58190,10,11
58191,-11,-11
58200,1,11
58201,10,10
58210,1,1
58211,10,10
58220,2,2
58221,1,10
58230,0,1
58231,-13,-13
58240,0,0
58241,1,1
58250,-11,-11
58251,1,1
58260,-11,-11
58261,-13,-13
58270,-11,-11
58271,1,11
58280,10,10
58281,1,1
58290,-13,-13
58291,0,0
58300,2,2
58301,1,1
58310,-13,0
58311,1,1
58320,0,1
58321,-11,-11
58330,-11,-11
58331,1,1
58340,1,1
58341,11,10
58350,-13,-13
58351,10,11
58360,10,10
58361,10,10
58370,1,1
58371,1,1
58380,1,1
58381,-11,-11
58390,1,1
58391,10,10
58400,10,10
58401,10,10
58410,-13,-13
58411,-13,-13
58420,-13,-13
58421,11,10
58430,0,0
58431,-11,-11
58440,-13,-13
58441,2,2
58450,-11,-11
58451,-11,-11
58460,2,1
58461,0,0
58470,1,1
58471,0,0
58480,-11,-11
58481,2,2
58490,-13,-13
58491,1,10
58500,10,-222
58501,1,1
58510,-11,-11
58511,-11,-11
58520,2,1
58521,10,10
58530,1,1
58531,2,2
58540,0,1
58541,10,1
58550,1,2
58551,-13,-13
58560,1,1
58561,0,0
58570,1,1
58571,1,1
58580,-13,1
58581,1,1
58590,1,1
58591,-13,-13
58600,-11,-11
58601,10,10
58610,0,10
58611,-13,-13
58620,-13,-13
58621,1,1
58630,-11,-11
58631,-11,-11
58640,-13,-13
58641,1,1
58650,1,1
58651,0,10
58660,1,0
58661,2,2
58670,1,1
58671,1,-11
58680,-11,-11
58681,0,0
58690,2,2
58691,0,0
58700,-11,-11
58701,-11,-11
58710,0,0
58711,0,10
58720,-11,-11
58721,-13,-13
58730,0,0
58731,3,2
58740,1,1
58741,-13,-13
58750,-13,-13
58751,-13,-13
58760,2,2
58761,-11,-11
58770,2,2
58771,10,11
58780,2,2
58781,2,11
58790,0,0
58791,-11,-11
58800,-13,-13
58801,1,1
58810,1,10
58811,-13,-13
58820,1,1
58821,11,11
58830,0,0
58831,2,1
58840,0,0
58841,1,10
58850,1,-11
58851,-11,-11
58860,1,1
58861,2,1
58870,-13,-13
58871,1,1
58880,1,1
58881,12,11
58890,0,0
58891,12,11
58900,1,0
58901,-13,-13
58910,0,10
58911,-13,-13
58920,10,10
58921,2,2
58930,-11,-11
58931,10,10
58940,-13,-11
58941,1,1
58950,0,0
58951,1,1
58960,-13,-13
58961,0,0
58970,1,1
58971,-13,-13
58980,-11,-11
58981,10,11
58990,-13,-13
58991,10,10
59000,-13,-13
59001,-13,-13
59010,11,11
59011,11,11
59020,-11,-11
59021,10,10
59030,0,0
59031,1,1
59040,3,2
59041,1,1
59050,10,10
59051,-13,-13
59060,10,1
59061,-13,-13
59070,2,2
59071,-11,-11
59080,-13,-13
59081,10,10
59090,-11,-11
59091,1,1
59100,0,0
59101,2,1
59110,1,1
59111,2,1
59120,2,1
59121,-13,-13
59130,0,0
59131,1,1
59140,1,1
59141,1,1
59150,-13,-13
59151,1,1
59160,10,10
59161,0,1
59170,0,0
59171,2,1
59180,10,11
59181,2,1
59190,0,0
59191,1,1
59200,10,10
59201,0,0
59210,-13,-13
59211,1,1
59220,-13,-13
59221,10,11
59230,0,0
59231,10,10
59240,1,1
59241,10,10
59250,-13,-13
59251,1,1
59260,10,10
59261,11,11
59270,1,1
59271,-13,-13
59280,1,1
59281,1,1
59290,2,2
59291,1,1
59300,0,11
59301,11,10
59310,0,0
59311,0,0
59320,0,0
59321,-13,-11
59330,1,1
59331,2,1
59340,2,2
59341,-13,-13
59350,1,1
59351,10,10
59360,2,1
59361,10,10
59370,-13,-13
59371,2,1
59380,10,10
59381,0,0
59390,11,11
59391,-11,-11
59400,10,10
59401,10,10
59410,1,11
59411,2,1
59420,1,0
59421,1,1
59430,1,1
59431,-11,-11
59440,10,10
59441,12,11
59450,1,1
59451,11,11
59460,1,1
59461,-13,-13
59470,10,10
59471,11,11
59480,1,1
59481,0,0
59490,-11,-11
59491,1,1
59500,1,1
59501,-11,1
59510,0,0
59511,-13,-11
59520,10,10
59521,1,1
59530,1,-11
59531,0,0
59540,0,0
59541,0,-333
59550,10,10
59551,1,1
59560,-11,-11
59561,1,1
59570,2,2
59571,0,0
59580,2,2
59581,0,0
59590,0,0
59591,-11,-11
59600,0,0
59601,10,10
59610,-11,-11
59611,-13,-13
59620,-11,-11
59621,2,2
59630,-13,-13
59631,-13,-13
59640,-13,0
59641,1,1
59650,-13,-13
59651,-13,-13
59660,1,1
59661,1,1
59670,1,1
59671,1,2
59680,2,11
59681,-11,-11
59690,0,0
59691,1,1
59700,-11,-11
59701,-11,-11
59710,2,2
59711,3,1
59720,0,0
59721,0,0
59730,10,10
59731,-11,-13
59740,0,0
59741,0,0
59750,-13,-13
59751,1,1
59760,-11,-11
59761,1,1
59770,1,11
59771,0,0
59780,1,1
59781,1,1
59790,1,1
59791,-13,-13
59800,1,1
59801,10,10
59810,1,1
59811,2,2
59820,1,1
59821,-11,-11
59830,10,10
59831,0,0
59840,10,10
59841,1,1
59850,1,1
59851,-11,-11
59860,-13,-13
59861,1,1
59870,10,10
59871,10,10
59880,11,11
59881,11,10
59890,2,1
59891,-11,-11
59900,1,1
59901,-11,-11
59910,0,0
59911,11,10
59920,-11,-11
59921,-11,-11
59930,-13,-13
59931,1,1
59940,-13,-13
59941,1,1
59950,1,1
59951,0,0
59960,-11,-11
59961,0,0
59970,0,0
59971,-11,-11
59980,1,1
59981,1,1
59990,-13,-13
59991,-11,-11
60000,1,10
60001,1,1
60010,10,10
60011,0,0
60020,1,1
60021,1,1
60030,1,1
60031,1,1
60040,-11,-11
60041,0,10
60050,10,10
60051,-11,-11
60060,0,0
60061,2,2
60070,1,1
60071,-11,-11
60080,10,0
60081,1,0
60090,1,-222
60091,10,10
60100,11,11
60101,2,1
60110,-13,-13
60111,2,1
60120,1,1
60121,2,1
60130,1,1
60131,-13,-13
60140,-13,-13
60141,0,0
60150,-13,-13
60151,2,2
60160,-11,-11
60161,1,1
60170,-11,-11
60171,-13,-13
60180,-13,-13
60181,0,0
60190,-13,-13
60191,-13,-13
60200,-11,-11
60201,1,1
60210,1,1
60211,1,1
60220,2,2
60221,-13,-13
60230,-13,-13
60231,11,11
60240,-13,-13
60241,1,1
60250,0,0
60251,-11,-333
60260,1,2
60261,-13,-13
60270,1,1
60271,-13,-13
60280,1,1
60281,11,1
60290,10,10
60291,-13,-13
60300,-11,-11
60301,1,1
60310,-11,-11
60311,10,11
60320,0,1
60321,-13,-13
60330,-11,-11
60331,-13,-13
60340,0,0
60341,-11,-11
60350,-13,-333
60351,1,2
60360,1,1
60361,1,1
60370,-13,-13
60371,-11,-11
60380,1,10
60381,0,1
60390,11,11
60391,-11,-11
60400,-11,-11
60401,-13,-13
60410,2,2
60411,-13,-13
60420,1,1
60421,1,1
60430,11,10
60431,-13,-13
60440,0,0
60441,2,2
60450,-11,-11
60451,10,10
60460,-11,-11
60461,-13,-13
60470,1,1
60471,0,0
60480,-13,-13
60481,0,0
60490,-13,-13
60491,1,1
60500,0,10
60501,2,1
60510,1,1
60511,10,10
60520,0,0
60521,-11,-11
60530,-11,-11
60531,-11,-11
60540,1,1
60541,1,1
60550,1,1
60551,0,0
60560,11,11
60561,0,0
60570,1,11
60571,-11,-11
60580,2,1
60581,-11,-11
60590,1,1
60591,-11,-11
60600,0,0
60601,11,10
60610,1,1
60611,1,1
60620,1,1
60621,10,10
60630,2,2
60631,-11,-11
60640,1,1
60641,10,10
60650,-13,-13
60651,-13,-13
60660,2,2
60661,-13,-13
60670,-11,-11
60671,2,2
60680,0,0
60681,-11,-11
60690,11,10
60691,-11,-11
60700,1,1
60701,-11,1
60710,-13,1
60711,0,0
60720,0,0
60721,0,0
60730,10,11
60731,2,1
60740,10,10
60741,1,1
60750,1,1
60751,-11,-11
60760,-13,-11
60761,-11,-13
60770,1,1
60771,0,0
60780,1,1
60781,10,10
60790,-13,-13
60791,10,10
60800,0,0
60801,1,1
60810,10,10
60811,1,11
60820,0,0
60821,0,0
60830,-13,-13
60831,-11,-11
60840,10,10
60841,1,1
60850,1,11
60851,1,1
60860,1,1
60861,1,1
60870,2,1
60871,1,1
60880,-11,1
60881,2,2
60890,10,11
60891,-13,1
60900,-13,-13
60901,-11,-11
60910,-13,-13
60911,1,1
60920,-11,-11
60921,2,2
60930,-13,-13
60931,-13,-13
60940,10,10
60941,-13,-13
60950,-11,-11
60951,1,1
60960,-13,-13
60961,1,1
60970,-13,-13
60971,10,10
60980,2,-333
60981,-11,-11
60990,0,0
60991,-13,1
61000,-13,-13
61001,2,2
61010,0,0
61011,-13,-13
61020,-11,1
61021,1,1
61030,10,10
61031,-11,-11
61040,2,11
61041,0,0
61050,0,0
61051,1,1
61060,1,1
61061,2,2
61070,10,10
61071,0,0
61080,2,2
61081,1,2
61090,-13,1
61091,12,11
61100,-11,1
61101,1,1
61110,-11,-11
61111,0,0
61120,0,1
61121,-13,-13
61130,-13,-13
61131,-13,-13
61140,-11,-11
61141,-13,-13
61150,1,1
61151,1,1
61160,-13,-13
61161,1,1
61170,-11,-11
61171,-13,-13
61180,-11,1
61181,11,11
61190,11,10
61191,2,2
61200,10,10
61201,0,1
61210,-11,1
61211,-11,-11
61220,-13,-13
61221,-13,-13
61230,1,1
61231,11,10
61240,11,11
61241,1,1
61250,3,1
61251,-11,-11
61260,1,1
61261,10,10
61270,-13,-13
61271,-13,-13
61280,-11,-11
61281,11,10
61290,-11,-11
61291,1,1
61300,11,11
61301,1,1
61310,0,0
61311,0,0
61320,-11,-11
61321,-11,-11
61330,1,11
61331,1,11
61340,-11,1
61341,1,-333
61350,-13,-13
61351,1,1
61360,2,2
61361,2,2
61370,1,10
61371,-13,-13
61380,-11,-11
61381,0,0
61390,0,0
61391,-11,-11
61400,-11,-11
61401,-13,-13
61410,1,1
61411,1,1
61420,1,1
61421,1,2
61430,10,10
61431,-11,-11
61440,0,0
61441,-11,-333
61450,-13,-13
61451,2,1
61460,1,-333
61461,1,-11
61470,1,1
61471,-11,-11
61480,0,1
61481,-13,-13
61490,-13,-13
61491,-13,-13
61500,1,1
61501,1,1
61510,10,10
61511,10,10
61520,0,0
61521,0,0
61530,12,11
61531,-11,-11
61540,-11,-11
61541,-11,-11
61550,-11,-11
61551,-13,-13
61560,11,11
61561,10,10
61570,1,1
61571,10,10
61580,-13,-13
61581,11,11
61590,1,1
61591,-13,-13
61600,-13,-13
61601,1,1
61610,-11,-11
61611,1,1
61620,-11,-11
61621,1,1
61630,-11,-11
61631,2,2
61640,3,2
61641,-13,-13
61650,-11,-11
61651,-11,-11
61660,1,1
61661,-11,-11
61670,1,2
61671,1,1
61680,10,11
61681,10,10
61690,-13,-13
61691,0,11
61700,2,2
61701,10,10
61710,2,2
61711,-11,-11
61720,2,2
61721,11,10
61730,1,1
61731,-13,-333
61740,-13,-11
61741,10,10
61750,1,1
61751,-11,1
61760,0,10
61761,1,1
61770,0,0
61771,-11,-11
61780,2,2
61781,1,0
61790,1,1
61791,12,11
61800,2,1
61801,-13,-13
61810,1,1
61811,0,10
61820,10,10
61821,1,1
61830,1,1
61831,1,1
61840,1,2
61841,12,11
61850,1,1
61851,0,0
61860,2,2
61861,-13,-13
61870,1,1
61871,2,2
61880,-11,1
61881,1,1
61890,12,11
61891,1,1
61900,2,2
61901,-13,-13
61910,0,0
61911,1,1
61920,10,10
61921,1,1
61930,10,10
61931,-11,-11
61940,2,1
61941,1,1
61950,10,10
61951,11,11
61960,-13,-13
61961,1,1
61970,10,10
61971,-11,-11
61980,1,1
61981,1,1
61990,-11,-11
61991,1,1
62000,1,1
62001,-13,-13
62010,1,10
62011,1,1
62020,2,11
62021,10,10
62030,2,10
62031,0,0
62040,10,10
62041,0,10
62050,1,1
62051,-13,-13
62060,1,1
62061,10,10
62070,1,11
62071,1,1
62080,1,1
62081,10,10
62090,-11,-13
62091,1,2
62100,10,10
62101,-13,-13
62110,1,1
62111,-11,-11
62120,-13,-13
62121,4,2
62130,-13,-13
62131,10,10
62140,-11,-333
62141,1,1
62150,11,11
62151,-11,-333
62160,-11,-11
62161,0,0
62170,4,11
62171,-11,-11
62180,2,2
62181,0,0
62190,1,1
62191,-13,-13
62200,-11,-11
62201,-13,-13
62210,1,1
62211,1,11
62220,1,1
62221,-11,-11
62230,1,1
62231,1,1
62240,1,1
62241,-11,-11
62250,-11,-11
62251,-11,-11
62260,-13,-13
62261,-11,-11
62270,1,1
62271,1,1
62280,0,0
62281,11,11
62290,1,1
62291,2,2
62300,10,10
62301,1,1
62310,-13,-13
62311,3,2
62320,1,1
62321,1,1
62330,10,11
62331,1,1
62340,-13,-13
62341,0,0
62350,-13,-13
62351,1,1
62360,-11,-11
62361,1,1
62370,1,-11
62371,-11,-11
62380,1,1
62381,-11,-11
62390,2,1
62391,2,2
62400,-13,-13
62401,1,1
62410,11,1
62411,1,1
62420,-11,-11
62421,1,1
62430,-13,-13
62431,1,1
62440,-11,1
62441,1,1
62450,11,11
62451,10,10
62460,-11,-11
62461,1,1
62470,2,1
62471,-11,-11
62480,11,10
62481,1,1
62490,1,1
62491,1,1
62500,0,0
62501,1,1
62510,10,10
62511,11,10
62520,1,1
62521,1,1
62530,2,2
62531,10,10
62540,1,1
62541,2,2
62550,-13,1
62551,11,1
62560,-11,-11
62561,-13,-13
62570,-13,-13
62571,-1,11
62580,2,2
62581,0,0
62590,2,1
62591,1,1
62600,10,10
62601,-11,-11
62610,1,1
62611,1,1
62620,-13,-13
62621,10,10
62630,10,10
62631,-13,-13
62640,-13,-13
62641,1,1
62650,-11,-11
62651,-13,-13
62660,-13,-13
62661,2,2
62670,-11,1
62671,2,2
62680,-11,-11
62681,1,1
62690,2,1
62691,-13,-13
62700,-13,-13
62701,-11,-11
62710,3,11
62711,1,1
62720,1,1
62721,1,1
62730,1,1
62731,1,1
62740,1,1
62741,10,10
62750,-13,-13
62751,1,1
62760,10,10
62761,-11,-11
62770,-13,-13
62771,0,0
62780,2,2
62781,0,1
62790,-13,-13
62791,1,2
62800,-11,-11
62801,-13,-13
62810,0,1
62811,1,1
62820,-11,-11
62821,1,1
62830,2,1
62831,1,1
62840,1,1
62841,0,0
62850,-11,1
62851,2,2
62860,10,10
62861,1,1
62870,-13,-13
62871,2,1
62880,1,1
62881,0,0
62890,2,1
62891,0,0
62900,-11,-11
62901,0,0
62910,1,1
62911,-13,-13
62920,1,1
62921,-11,-11
62930,-11,-11
62931,-13,-13
62940,1,1
62941,2,2
62950,-13,-13
62951,0,0
62960,0,0
62961,1,2
62970,0,10
62971,-11,-11
62980,-13,-13
62981,1,11
62990,-13,-13
62991,-13,-13
63000,2,2
63001,-11,-11
63010,0,0
63011,-11,-11
63020,1,1
63021,1,1
63030,2,2
63031,1,1
63040,1,1
63041,-11,-11
63050,2,2
63051,0,0
63060,-11,-11
63061,2,2
63070,0,0
63071,1,1
63080,2,1
63081,2,1
63090,0,0
63091,1,1
63100,1,10
63101,1,1
63110,10,10
63111,0,0
63120,-11,-11
63121,1,1
63130,10,10
63131,11,11
63140,1,1
63141,-11,-11
63150,2,2
63151,12,11
63160,0,0
63161,-13,-13
63170,1,1
63171,-13,-13
63180,10,10
63181,2,2
63190,-11,-11
63191,1,1
63200,1,1
63201,1,1
63210,1,1
63211,10,10
63220,0,0
63221,2,1
63230,1,1
63231,2,2
63240,-13,-13
63241,0,0
63250,11,10
63251,1,1
63260,3,2
63261,-11,-11
63270,0,-13
63271,1,1
63280,-11,-11
63281,0,0
63290,-11,-11
63291,10,10
63300,1,1
63301,-13,-13
63310,1,1
63311,1,1
63320,1,1
63321,-11,-11
63330,10,10
63331,-11,-333
63340,1,2
63341,-13,-13
63350,2,2
63351,-13,-13
63360,1,1
63361,-11,-11
63370,1,1
63371,-11,0
63380,-11,-11
63381,1,1
63390,0,0
63391,10,10
63400,0,0
63401,1,1
63410,-11,-11
63411,1,10
63420,-11,-11
63421,-11,-11
63430,1,1
63431,1,1
63440,-11,-11
63441,0,11
63450,2,2
63451,0,0
63460,1,2
63461,-13,-13
63470,0,0
63471,1,1
63480,1,1
63481,2,1
63490,10,10
63491,1,1
63500,-11,-11
63501,0,0
63510,-11,-11
63511,3,2
63520,-13,-13
63521,-11,1
63530,1,1
63531,-11,-11
63540,1,1
63541,10,10
63550,1,1
63551,-11,-11
63560,1,1
63561,1,1
63570,0,0
63571,0,0
63580,-13,-13
63581,-13,-13
63590,-13,-13
63591,-11,-11
63600,10,10
63601,0,0
63610,-13,-13
63611,-11,-13
63620,1,11
63621,1,2
63630,0,1
63631,1,1
63640,1,1
63641,11,11
63650,-13,-13
63651,0,10
63660,-11,-11
63661,10,10
63670,1,1
63671,-13,-13
63680,-11,-11
63681,-11,-11
63690,0,0
63691,1,2
63700,10,10
63701,1,1
63710,10,10
63711,0,0
63720,-13,-13
63721,0,11
63730,1,2
63731,1,2
63740,1,1
63741,-11,-11
63750,1,-11
63751,11,10
63760,0,0
63761,0,0
63770,2,11
63771,2,2
63780,1,1
63781,-11,-11
63790,10,10
63791,1,1
63800,2,2
63801,-13,-13
63810,-11,-11
63811,10,10
63820,1,0
63821,-13,-13
63830,1,1
63831,1,1
63840,-11,-11
63841,1,1
63850,0,0
63851,1,1
63860,-13,-13
63861,2,2
63870,-11,-11
63871,-13,-13
63880,2,1
63881,-13,-13
63890,-13,-13
63891,1,1
63900,1,1
63901,-11,-11
63910,-13,-13
63911,-13,-13
63920,10,11
63921,10,10
63930,-13,-13
63931,-13,-13
63940,10,10
63941,1,1
63950,0,0
63951,0,0
63960,-11,-11
63961,1,1
63970,1,1
63971,2,2
63980,10,10
63981,-11,-11
63990,-13,-13
63991,-13,-13
64000,1,10
64001,1,1
64010,1,1
64011,-11,-333
64020,-11,-11
64021,-13,-13
64030,1,-222
64031,0,0
64040,1,1
64041,1,1
64050,0,0
64051,-13,-13
64060,-13,-13
64061,-13,-13
64070,-13,-13
64071,10,10
64080,10,11
64081,2,1
64090,-11,-11
64091,-11,1
64100,1,1
64101,1,1
64110,1,1
64111,0,0
64120,1,1
64121,2,1
64130,-13,-13
64131,3,2
64140,1,1
64141,-11,-11
64150,0,0
64151,-11,-11
64160,-13,-13
64161,1,1
64170,1,11
64171,10,11
64180,2,11
64181,1,1
64190,11,10
64191,1,1
64200,1,1
64201,-13,-13
64210,0,0
64211,-13,-13
64220,1,1
64221,12,11
64230,0,0
64231,-11,-11
64240,11,10
64241,11,11
64250,-13,-13
64251,-13,-13
64260,2,1
64261,2,1
64270,10,10
64271,0,0
64280,-11,-11
64281,1,1
64290,-13,-13
64291,1,1
64300,2,10
64301,-11,-11
64310,-11,-11
64311,10,10
64320,1,1
64321,-13,-13
64330,10,10
64331,2,1
64340,1,-333
64341,-13,-11
64350,0,0
64351,2,2
64360,1,10
64361,-11,-11
64370,-13,-13
64371,1,1
64380,1,1
64381,2,1
64390,-13,-13
64391,0,1
64400,0,1
64401,-13,-13
64410,-13,-13
64411,10,1
64420,-13,-13
64421,11,11
64430,1,1
64431,0,0
64440,1,1
64441,0,0
64450,-13,-13
64451,-11,-11
64460,1,1
64461,0,0
64470,1,1
64471,10,-222
64480,1,1
64481,1,1
64490,10,10
64491,-11,-11
64500,-13,-13
64501,0,0
64510,-13,-13
64511,1,1
64520,10,10
64521,-13,-13
64530,-13,-13
64531,1,1
64540,10,10
64541,0,0
64550,1,1
64551,-11,-11
64560,1,1
64561,1,1
64570,10,10
64571,10,10
64580,-13,-13
64581,-11,1
64590,1,1
64591,1,1
64600,-11,-11
64601,0,0
64610,1,1
64611,0,0
64620,10,10
64621,10,10
64630,1,1
64631,-11,-11
64640,10,11
64641,-11,-11
64650,1,1
64651,0,10
64660,-11,-11
64661,1,1
64670,0,0
64671,1,1
64680,-11,-11
64681,-13,-13
64690,10,10
64691,-11,-11
64700,-13,-13
64701,-13,-13
64710,1,1
64711,-11,-11
64720,11,10
64721,1,1
64730,1,1
64731,2,1
64740,-11,-11
64741,-13,-13
64750,2,2
64751,-11,-11
64760,1,1
64761,1,1
64770,1,1
64771,1,1
64780,10,10
64781,-11,-11
64790,-13,1
64791,0,10
64800,10,10
64801,-13,-13
64810,2,2
64811,-13,-13
64820,0,0
64821,1,11
64830,-11,-11
64831,11,10
64840,-11,-11
64841,-11,-11
64850,1,1
64851,-11,-11
64860,-13,-13
64861,0,0
64870,0,0
64871,-13,-13
64880,1,-11
64881,1,1
64890,-13,1
64891,2,1
64900,0,0
64901,1,1
64910,-13,-13
64911,1,1
64920,-11,-11
64921,-11,-11
64930,0,0
64931,-13,-13
64940,2,2
64941,0,1
64950,1,1
64951,1,1
64960,1,1
64961,0,0
64970,1,-333
64971,-13,11
64980,1,1
64981,10,11
64990,1,1
64991,-11,-11
65000,2,2
65001,2,2
65010,-13,-13
65011,-13,-13
65020,1,1
65021,-13,-333
65030,-13,-13
65031,10,11
65040,0,0
65041,1,1
65050,-11,-11
65051,-11,-11
65060,10,11
65061,1,1
65070,0,1
65071,-13,-13
65080,1,1
65081,-11,-11
65090,-13,-13
65091,0,0
65100,1,1
65101,-11,-11
65110,-11,-11
65111,-11,-11
65120,1,1
65121,-13,-13
65130,11,11
65131,-11,1
65140,-11,-11
65141,0,1
65150,-11,-11
65151,1,1
65160,1,1
65161,10,10
65170,-11,-11
65171,1,1
65180,1,2
65181,-13,-13
65190,0,10
65191,2,2
65200,0,0
65201,1,1
65210,-13,-13
65211,-11,-11
65220,0,0
65221,0,1
65230,12,11
65231,10,10
65240,1,1
65241,2,1
65250,0,0
65251,1,1
65260,-11,-11
65261,2,11
65270,10,10
65271,1,10
65280,2,1
65281,0,0
65290,0,0
65291,2,2
65300,10,11
65301,12,10
65310,-13,-13
65311,0,0
65320,2,1
65321,0,10
65330,-11,-11
65331,-11,1
65340,1,1
65341,10,10
65350,1,1
65351,0,0
65360,0,0
65361,1,1
65370,-11,1
65371,10,10
65380,-13,-13
65381,2,2
65390,1,11
65391,-13,-13
65400,0,1
65401,10,11
65410,-11,-222
65411,1,1
65420,-13,-13
65421,1,1
65430,0,0
65431,-11,-11
65440,1,1
65441,2,1
65450,10,10
65451,0,1
65460,0,0
65461,10,10
65470,-13,-13
65471,2,2
65480,1,1
65481,0,-13
65490,1,1
65491,-11,-11
65500,-13,-13
65501,1,2
65510,-11,-11
65511,10,11
65520,0,1
65521,2,2
65530,2,1
65531,10,10
65540,0,0
65541,-11,-11
65550,10,10
65551,11,10
65560,1,1
65561,-13,-13
65570,-11,-11
65571,2,2
65580,-11,-13
65581,-13,-13
65590,0,0
65591,1,1
65600,-11,-11
65601,1,1
65610,0,1
65611,2,2
65620,-13,-13
65621,-13,-13
65630,-11,-11
65631,0,0
65640,-11,-11
65641,1,1
65650,-13,-13
65651,-11,-11
65660,10,10
65661,-13,-13
65670,2,1
65671,-11,0
65680,11,11
65681,10,11
65690,-13,-13
65691,0,0
65700,1,1
65701,0,1
65710,-11,-11
65711,1,1
65720,1,1
65721,0,-13
65730,10,10
65731,1,-333
65740,1,1
65741,0,1
65750,2,2
65751,11,11
65760,0,0
65761,1,2
65770,11,10
65771,10,11
65780,3,11
65781,1,1
65790,1,1
65791,2,1
65800,1,1
65801,2,1
65810,0,0
65811,1,11
65820,1,1
65821,-13,-13
65830,11,11
65831,10,10
65840,1,1
65841,0,0
65850,0,0
65851,10,10
65860,1,1
65861,-13,-13
65870,1,1
65871,-13,-13
65880,2,1
65881,0,-13
65890,-13,-13
65891,12,11
65900,0,0
65901,1,1
65910,1,1
65911,-13,-13
65920,2,1
65921,-13,-13
65930,2,2
65931,0,0
65940,0,0
65941,-13,-13
65950,-13,-13
65951,0,-13
65960,1,1
65961,1,1
65970,-11,-11
65971,2,2
65980,1,1
65981,1,1
65990,10,10
65991,0,-11
66000,-13,-13
66001,-13,-13
66010,1,1
66011,11,11
66020,-13,-13
66021,0,0
66030,1,1
66031,2,2
66040,10,10
66041,-13,-13
66050,10,10
66051,-13,-13
66060,-13,-13
66061,-11,-11
66070,1,1
66071,2,1
66080,-13,0
66081,-11,-11
66090,1,1
66091,-13,-13
66100,-11,-11
66101,1,1
66110,0,0
66111,-13,-13
66120,0,0
66121,1,1
66130,-13,-13
66131,1,1
66140,-11,-11
66141,0,0
66150,-13,-13
66151,1,1
66160,1,-222
66161,2,1
66170,10,10
66171,-11,-11
66180,2,2
66181,-11,-11
66190,0,-11
66191,1,1
66200,-11,1
66201,-13,-13
66210,-11,-11
66211,2,2
66220,-13,-13
66221,1,2
66230,1,1
66231,1,1
66240,10,10
66241,1,1
66250,10,1
66251,-13,-13
66260,0,0
66261,11,10
66270,1,1
66271,1,2
66280,-13,-13
66281,-11,-11
66290,11,10
66291,0,10
66300,-13,-11
66301,0,0
66310,-11,-11
66311,-13,-13
66320,1,1
66321,-11,-11
66330,2,1
66331,-13,-13
66340,-13,-13
66341,1,1
66350,-11,-11
66351,1,1
66360,1,1
66361,-13,-13
66370,-13,-13
66371,-11,-333
66380,-11,-11
66381,1,1
66390,10,10
66391,-11,-11
66400,1,1
66401,0,1
66410,2,11
66411,11,11
66420,-11,-11
66421,-13,-13
66430,11,11
66431,-11,-11
66440,-13,-13
66441,-13,-13
66450,1,1
66451,-11,-11
66460,1,1
66461,10,10
66470,-13,-13
66471,11,11
66480,-11,-11
66481,0,0
66490,10,10
66491,1,2
66500,2,11
66501,-13,-13
66510,-13,-13
66511,-13,-13
66520,-11,-11
66521,-13,-13
66530,1,1
66531,2,2
66540,-11,-11
66541,-11,-11
66550,2,2
66551,2,1
66560,0,0
66561,11,11
66570,0,0
66571,2,1
66580,-13,-13
66581,-11,-11
66590,2,1
66591,11,11
66600,10,11
66601,2,2
66610,10,10
66611,-13,-13
66620,2,1
66621,2,1
66630,-11,-11
66631,10,10
66640,-13,1
66641,-13,-13
66650,-11,-333
66651,1,1
66660,10,10
66661,-11,-11
66670,0,1
66671,-11,-11
66680,1,11
66681,1,1
66690,1,1
66691,10,10
66700,0,0
66701,1,1
66710,2,2
66711,10,10
66720,1,1
66721,1,1
66730,-11,-11
66731,10,1
66740,10,10
66741,1,1
66750,-13,-13
66751,1,1
66760,1,1
66761,-13,-13
66770,-13,-13
66771,1,1
66780,1,1
66781,-11,-11
66790,1,2
66791,-11,-11
66800,10,10
66801,1,11
66810,2,2
66811,1,1
66820,-11,-11
66821,1,1
66830,-13,-13
66831,1,1
66840,1,1
66841,0,0
66850,1,1
66851,0,0
66860,-13,-13
66861,0,0
66870,1,1
66871,0,0
66880,10,10
66881,1,1
66890,-11,-333
66891,1,11
66900,-11,-11
66901,10,10
66910,0,0
66911,-13,-13
66920,1,1
66921,2,2
66930,10,10
66931,-13,-11
66940,1,1
66941,1,1
66950,2,2
66951,1,1
66960,1,1
66961,1,1
66970,-13,-13
66971,11,11
66980,2,2
66981,11,11
66990,0,-333
66991,2,1
67000,1,1
67001,10,10
67010,-11,-11
67011,-11,-11
67020,11,11
67021,10,10
67030,0,0
67031,2,2
67040,-13,-13
67041,1,1
67050,1,1
67051,-13,-13
67060,10,10
67061,-13,-13
67070,0,0
67071,1,1
67080,-13,-13
67081,-11,-11
67090,10,10
67091,-11,-11
67100,0,0
67101,-11,-11
67110,2,10
67111,-11,-11
67120,-13,0
67121,0,0
67130,-11,-11
67131,-13,-13
67140,1,1
67141,-13,-13
67150,-13,-13
67151,1,1
67160,-11,-11
67161,-11,-11
67170,1,1
67171,-13,-13
67180,-11,-11
67181,0,0
67190,-11,-11
67191,-11,-333
67200,-11,-11
67201,1,1
67210,-11,-11
67211,1,1
67220,-11,-11
67221,1,1
67230,-13,-13
67231,0,1
67240,1,1
67241,10,11
67250,1,1
67251,0,0
67260,10,10
67261,-13,-13
67270,12,11
67271,10,10
67280,11,11
67281,2,2
67290,10,10
67291,-11,-11
67300,-11,-11
67301,1,1
67310,10,10
67311,1,1
67320,1,-11
67321,1,-333
67330,-11,-11
67331,1,2
67340,1,0
67341,1,1
67350,1,1
67351,11,11
67360,-11,-11
67361,0,0
67370,-11,-11
67371,10,10
67380,1,1
67381,-13,-13
67390,1,11
67391,3,2
67400,-11,-11
67401,0,0
67410,1,1
67411,-13,-13
67420,0,1
67421,-11,-333
67430,1,1
67431,-13,-13
67440,10,10
67441,0,1
67450,-11,-11
67451,10,10
67460,-13,-13
67461,0,-333
67470,-13,-13
67471,0,0
67480,11,10
67481,-13,-11
67490,12,11
67491,1,1
67500,0,0
67501,0,0
67510,-11,-11
67511,-11,-11
67520,2,2
67521,10,10
67530,2,1
67531,1,1
67540,1,11
67541,-13,-13
67550,1,-11
67551,-13,-13
67560,1,1
67561,1,1
67570,-13,-13
67571,1,1
67580,-13,-13
67581,-13,-13
67590,0,-11
67591,1,1
67600,2,2
67601,2,1
67610,-11,-11
67611,-13,-13
67620,2,2
67621,-11,-11
67630,10,10
67631,2,2
67640,-11,-11
67641,1,1
67650,0,0
67651,0,1
67660,-11,-11
67661,1,1
67670,1,1
67671,-11,-11
67680,2,1
67681,-13,-13
67690,0,0
67691,11,10
67700,1,11
67701,1,1
67710,1,1
67711,1,1
67720,2,10
67721,1,1
67730,1,1
67731,1,1
67740,10,10
67741,2,2
67750,-13,-13
67751,1,1
67760,-13,-13
67761,2,2
67770,1,1
67771,-11,-11
67780,0,0
67781,-11,-11
67790,-13,-13
67791,10,10
67800,2,2
67801,2,1
67810,2,2
67811,-11,-11
67820,0,1
67821,10,10
67830,1,2
67831,0,0
67840,2,1
67841,1,1
67850,1,1
67851,2,1
67860,-13,-13
67861,1,1
67870,10,10
67871,0,0
67880,1,1
67881,-11,-11
67890,1,1
67891,1,11
67900,0,0
67901,1,1
67910,0,1
67911,2,1
67920,0,0
67921,1,1
67930,1,1
67931,-13,-13
67940,-13,-13
67941,11,11
67950,10,-11
67951,1,-333
67960,10,10
67961,-11,-333
67970,0,0
67971,2,2
67980,2,2
67981,2,2
67990,1,1
67991,1,1
68000,1,1
68001,-13,-13
68010,-13,-333
68011,10,10
68020,0,0
68021,3,2
68030,1,1
68031,11,11
68040,-13,1
68041,1,-11
68050,2,1
68051,1,0
68060,0,0
68061,2,11
68070,10,11
68071,0,0
68080,1,1
68081,1,1
68090,1,1
68091,1,1
68100,11,10
68101,2,2
68110,-13,-13
68111,1,1
68120,0,0
68121,1,1
68130,-13,-13
68131,-13,-13
68140,1,-333
68141,10,10
68150,-13,-13
68151,1,1
68160,-11,-11
68161,-13,-13
68170,0,0
68171,-11,-11
68180,-13,-13
68181,-11,-11
68190,1,1
68191,-13,-13
68200,10,10
68201,10,10
68210,-13,-13
68211,-11,-11
68220,-13,-13
68221,1,1
68230,-13,-13
68231,11,11
68240,1,1
68241,1,1
68250,2,1
68251,10,10
68260,11,10
68261,0,0
68270,0,0
68271,0,11
68280,11,1
68281,0,10
68290,-13,-13
68291,1,1
68300,1,11
68301,1,1
68310,1,1
68311,2,2
68320,-11,0
68321,-13,-13
68330,2,2
68331,-13,-13
68340,1,1
68341,1,1
68350,2,2
68351,0,0
68360,1,1
68361,1,11
68370,10,10
68371,-13,-13
68380,10,0
68381,10,10
68390,-13,-13
68391,10,10
68400,1,2
68401,1,1
68410,0,0
68411,1,1
68420,3,2
68421,1,1
68430,-13,-13
68431,0,10
68440,-11,-11
68441,-13,-13
68450,10,10
68451,1,10
68460,-13,-13
68461,1,1
68470,1,1
68471,1,1
68480,2,1
68481,11,11
68490,-11,-11
68491,-11,-11
68500,-13,-13
68501,-11,-11
68510,10,11
68511,-13,-13
68520,1,1
68521,-13,-13
68530,-11,-11
68531,-11,-11
68540,0,1
68541,-11,1
68550,10,10
68551,10,10
68560,2,1
68561,-13,-13
68570,0,0
68571,1,1
68580,10,10
68581,11,11
68590,1,1
68591,-13,-13
68600,2,11
68601,0,10
68610,1,1
68611,-11,-11
68620,-11,-11
68621,2,2
68630,-11,-11
68631,1,1
68640,1,1
68641,-13,-13
68650,1,1
68651,3,2
68660,-13,-13
68661,0,0
68670,2,1
68671,-11,0
68680,1,1
68681,-13,-222
68690,-11,-11
68691,-13,-13
68700,1,11
68701,-11,-11
68710,2,1
68711,1,1
68720,10,10
68721,2,2
68730,-13,-13
68731,10,11
68740,10,11
68741,1,1
68750,0,0
68751,-13,-13
68760,1,1
68761,-13,1
68770,-11,-11
68771,-11,-11
68780,-13,-13
68781,1,1
68790,-13,-13
68791,11,10
68800,1,1
68801,2,2
68810,0,0
68811,-13,-13
68820,1,1
68821,-13,-13
68830,2,1
68831,1,1
68840,0,0
68841,-11,-11
68850,-11,-11
68851,-13,-13
68860,-11,-11
68861,2,2
68870,1,1
68871,0,0
68880,-11,-11
68881,0,10
68890,10,10
68891,1,1
68900,1,1
68901,2,1
68910,0,0
68911,1,11
68920,10,11
68921,0,0
68930,1,2
68931,1,1
68940,0,0
68941,0,0
68950,1,1
68951,0,0
68960,10,10
68961,11,11
68970,10,11
68971,-13,-13
68980,-13,-13
68981,1,1
68990,1,1
68991,-11,-11
69000,1,1
69001,-11,-11
69010,2,2
69011,1,1
69020,-11,-11
69021,-11,-11
69030,2,1
69031,1,1
69040,-13,-13
69041,1,1
69050,-11,-11
69051,10,10
69060,1,1
69061,10,10
69070,1,1
69071,0,0
69080,-13,-13
69081,-13,-13
69090,1,1
69091,0,0
69100,0,0
69101,2,-11
69110,2,1
69111,-13,-13
69120,1,1
69121,1,1
69130,10,10
69131,-13,-13
69140,1,1
69141,-11,-11
69150,10,10
69151,-11,-11
69160,2,1
69161,-13,1
69170,11,11
69171,1,1
69180,10,10
69181,-13,-13
69190,-13,-13
69191,1,1
69200,1,1
69201,1,1
69210,-11,-11
69211,-13,-13
69220,11,11
69221,-11,-11
69230,-13,-13
69231,0,0
69240,-11,-11
69241,2,2
69250,0,0
69251,-11,-11
69260,-11,-11
69261,-11,-11
69270,1,1
69271,1,10
69280,-11,-11
69281,-11,1
69290,-11,-11
69291,1,1
69300,-13,-13
69301,1,1
69310,-13,-13
69311,2,1
69320,0,11
69321,10,10
69330,0,0
69331,2,1
69340,0,0
69341,10,10
69350,0,0
69351,10,10
69360,-13,-13
69361,1,10
69370,-13,-13
69371,-13,-13
69380,-11,-11
69381,2,1
69390,1,1
69391,1,1
69400,-11,-11
69401,10,11
69410,11,11
69411,-13,-13
69420,-11,-11
69421,-11,-11
69430,1,2
69431,0,10
69440,-13,-13
69441,10,10
69450,-13,-13
69451,10,10
69460,-13,-13
69461,1,1
69470,-11,-11
69471,-11,-11
69480,10,10
69481,-11,-11
69490,11,10
69491,1,1
69500,1,1
69501,-13,-13
69510,-11,-11
69511,10,10
69520,-13,-13
69521,-11,-11
69530,-13,-13
69531,-13,-13
69540,10,10
69541,-11,-11
69550,0,1
69551,1,1
69560,-13,-13
69561,-11,-11
69570,11,11
69571,1,1
69580,1,2
69581,1,1
69590,1,1
69591,1,2
69600,-11,-13
69601,11,11
69610,-13,-13
69611,-13,-13
69620,10,10
69621,-11,-11
69630,-13,-11
69631,1,1
69640,-11,-11
69641,1,1
69650,0,0
69651,-11,-11
69660,0,0
69661,10,10
69670,1,1
69671,1,1
69680,-11,-11
69681,-11,-11
69690,1,1
69691,2,2
69700,2,0
69701,0,1
69710,-11,-11
69711,1,1
69720,1,1
69721,1,11
69730,2,2
69731,0,0
69740,1,1
69741,0,0
69750,-11,-11
69751,-11,-11
69760,-11,-11
69761,0,1
69770,-13,1
69771,-13,-13
69780,1,1
69781,-13,-13
69790,1,1
69791,-13,-13
69800,1,-333
69801,-13,-13
69810,-13,-13
69811,1,1
69820,0,10
69821,-11,-11
69830,-11,-11
69831,-13,-13
69840,10,10
69841,10,10
69850,-11,-11
69851,12,11
69860,1,10
69861,1,1
69870,11,11
69871,2,2
69880,0,1
69881,10,10
69890,-13,-13
69891,-13,1
69900,-13,-13
69901,10,10
69910,1,1
69911,2,1
69920,1,1
69921,1,1
69930,11,10
69931,2,2
69940,1,1
69941,1,1
69950,10,10
69951,1,2
69960,0,0
69961,0,1
69970,11,-333
69971,1,1
69980,1,1
69981,3,2
69990,1,0
69991,-11,0
70000,0,0
70001,10,10
70010,10,10
70011,11,10
70020,1,11
70021,-13,-13
70030,-11,-11
70031,1,1
70040,-13,-13
70041,0,-13
70050,2,11
70051,-11,-11
70060,0,0
70061,-11,-11
70070,10,10
70071,-11,0
70080,10,10
70081,1,1
70090,11,11
70091,11,11
70100,-11,1
70101,-11,-11
70110,-11,-11
70111,-11,-11
70120,0,0
70121,11,2
70130,0,0
70131,-11,1
70140,-11,-11
70141,-11,-11
70150,10,10
70151,-13,-13
70160,3,1
70161,1,1
70170,0,0
70171,2,11
70180,1,1
70181,-13,-13
70190,-11,-11
70191,1,1
70200,12,11
70201,2,1
70210,0,1
70211,-11,1
70220,-13,-13
70221,-11,-11
70230,1,1
70231,10,10
70240,1,1
70241,-11,-13
70250,1,1
70251,-11,-333
70260,-11,-11
70261,-11,1
70270,-11,-11
70271,0,0
70280,2,2
70281,-11,-11
70290,3,2
70291,10,10
70300,-13,-13
70301,0,0
70310,-11,1
70311,1,1
70320,2,2
70321,-13,1
70330,1,2
70331,-11,-11
70340,-13,-13
70341,10,10
70350,10,10
70351,1,1
70360,0,0
70361,-11,-333
70370,10,10
70371,-11,-11
70380,10,1
70381,1,1
70390,0,0
70391,-13,-13
70400,1,1
70401,-11,-11
70410,-13,-13
70411,1,1
70420,-11,-11
70421,1,1
70430,-11,-11
70431,-11,-11
70440,-11,-11
70441,2,1
70450,0,1
70451,1,1
70460,-13,-13
70461,1,1
70470,0,0
70471,0,-13
70480,-13,-13
70481,1,0
70490,1,1
70491,1,1
70500,1,1
70501,1,1
70510,1,1
70511,-11,-11
70520,1,1
70521,0,10
70530,-11,-11
70531,0,1
70540,-13,-13
70541,11,10
70550,1,1
70551,0,0
70560,10,11
70561,2,2
70570,-11,-333
70571,1,1
70580,10,10
70581,1,1
70590,1,1
70591,1,1
70600,1,0
70601,-13,-13
70610,-13,-13
70611,10,11
70620,1,1
70621,0,0
70630,1,1
70631,1,1
70640,-13,-13
70641,1,1
70650,0,-13
70651,3,11
70660,-13,-13
70661,-13,-13
70670,0,2
70671,-13,-13
70680,1,1
70681,0,10
70690,1,1
70691,-13,-13
70700,1,1
70701,0,0
70710,-11,-11
70711,-13,1
70720,10,10
70721,-13,-13
70730,1,1
70731,1,1
70740,-11,-11
70741,0,0
70750,0,-11
70751,-11,1
70760,2,11
70761,2,1
70770,-11,-11
70771,1,1
70780,-11,-333
70781,-13,-13
70790,1,1
70791,-13,-13
70800,-11,-11
70801,-11,-11
70810,-11,-11
70811,1,2
70820,10,1
70821,1,1
70830,-11,-11
70831,1,1
70840,0,0
70841,10,10
70850,-11,-11
70851,2,2
70860,-13,-13
70861,-11,-11
70870,-13,-13
70871,-13,-13
70880,10,11
70881,1,1
70890,1,1
70891,1,1
70900,-13,-13
70901,0,0
70910,1,1
70911,-13,-13
70920,1,1
70921,2,2
70930,1,1
70931,10,10
70940,11,11
70941,-11,-11
70950,10,10
70951,0,0
70960,-11,-11
70961,0,0
70970,0,1
70971,10,11
70980,10,10
70981,2,1
70990,-11,-11
70991,-11,-11
71000,2,1
71001,12,11
71010,0,0
71011,10,10
71020,0,0
71021,0,0
71030,0,10
71031,1,1
71040,-13,-13
71041,1,2
71050,0,0
71051,10,10
71060,-13,-13
71061,1,1
71070,0,0
71071,-13,-13
71080,-13,-13
71081,1,1
71090,-11,-11
71091,1,1
71100,2,1
71101,-13,-13
71110,1,2
71111,1,1
71120,-13,-13
71121,-13,-13
71130,-11,-11
71131,10,10
71140,-11,-11
71141,10,10
71150,0,0
71151,-13,-13
71160,0,0
71161,10,10
71170,1,1
71171,11,11
71180,-13,2
71181,11,11
71190,-11,-11
71191,1,1
71200,-11,-11
71201,-11,-11
71210,-13,-13
71211,-13,-13
71220,2,2
71221,-13,-222
71230,2,2
71231,1,2
71240,1,1
71241,1,1
71250,10,10
71251,10,10
71260,1,1
71261,-11,-11
71270,-11,-11
71271,-13,-13
71280,2,2
71281,0,1
71290,-13,-13
71291,1,1
71300,1,1
71301,-11,-11
71310,1,1
71311,10,10
71320,0,0
71321,1,1
71330,1,1
71331,10,11
71340,11,11
71341,1,1
71350,0,0
71351,-11,-11
71360,10,10
71361,-13,-13
71370,1,1
71371,-13,-13
71380,-13,-13
71381,-11,-11
71390,1,1
71391,10,10
71400,0,1
71401,-11,-11
71410,11,11
71411,2,11
71420,1,2
71421,0,0
71430,-11,-11
71431,1,2
71440,-13,-13
71441,1,1
71450,2,2
71451,1,1
71460,1,1
71461,11,11
71470,-11,-11
71471,-11,1
71480,1,1
71481,-13,-13
71490,0,0
71491,-13,-13
71500,0,0
71501,-11,-11
71510,1,1
71511,1,1
71520,-13,-13
71521,10,10
71530,-11,-11
71531,1,1
71540,-11,-11
71541,-11,-333
71550,2,1
71551,-13,-13
71560,1,1
71561,2,2
71570,-11,-11
71571,0,-13
71580,-11,-11
71581,1,2
71590,10,11
71591,-13,-13
71600,1,1
71601,10,10
71610,10,10
71611,0,0
71620,-11,-11
71621,1,1
71630,1,1
71631,-11,-11
71640,1,2
71641,1,2
71650,1,10
71651,-13,-13
71660,-13,-13
71661,1,1
71670,10,10
71671,-11,-11
71680,-11,-11
71681,0,0
71690,1,1
71691,0,-13
71700,1,1
71701,10,10
71710,-13,-13
71711,11,11
71720,-13,-13
71721,1,1
71730,11,10
71731,10,11
71740,-11,-11
71741,-13,-13
71750,1,1
71751,2,11
71760,-11,1
71761,10,0
71770,-11,-11
71771,1,1
71780,1,1
71781,0,0
71790,-11,-11
71791,-13,-13
71800,1,1
71801,0,0
71810,-11,-11
71811,-13,-13
71820,1,1
71821,-11,-11
71830,-11,-11
71831,-13,-13
71840,1,1
71841,-11,-11
71850,-13,-13
71851,-11,-11
71860,-13,-13
71861,11,10
71870,1,2
71871,2,1
71880,2,2
71881,1,1
71890,1,1
71891,0,10
71900,0,1
71901,1,1
71910,1,1
71911,0,0
71920,-11,-11
71921,-11,-11
71930,1,1
71931,1,1
71940,-11,-11
71941,10,10
71950,-11,-11
71951,-11,-11
71960,-11,-11
71961,0,0
71970,-11,-11
71971,1,1
71980,-13,-13
71981,10,10
71990,2,11
71991,-13,-13
72000,10,10
72001,-13,-13
72010,1,1
72011,10,11
72020,10,10
72021,2,11
72030,10,10
72031,-13,-13
72040,1,1
72041,11,10
72050,0,-13
72051,-11,-11
72060,10,10
72061,3,1
72070,10,10
72071,2,1
72080,-11,1
72081,11,11
72090,2,1
72091,-13,0
72100,0,0
72101,-13,-13
72110,1,1
72111,1,1
72120,0,0
72121,1,1
72130,1,1
72131,-11,-11
72140,0,0
72141,1,1
72150,2,1
72151,2,2
72160,-11,-11
72161,2,1
72170,-13,-13
72171,1,1
72180,-11,-11
72181,10,10
72190,1,1
72191,1,1
72200,-11,-11
72201,0,0
72210,-13,-13
72211,1,1
72220,-11,-222
72221,1,1
72230,-11,-11
72231,10,10
72240,1,1
72241,-13,-13
72250,-13,-13
72251,-11,-11
72260,-11,-11
72261,-11,-11
72270,-11,-11
72271,-13,-13
72280,3,-333
72281,1,1
72290,-13,-13
72291,1,2
72300,-13,-13
72301,1,1
72310,1,1
72311,0,-11
72320,12,11
72321,-11,-11
72330,-13,-13
72331,-11,-11
72340,-13,-13
72341,-11,-11
72350,2,2
72351,0,0
72360,1,1
72361,0,0
72370,0,0
72371,-11,-11
72380,0,0
72381,-13,-13
72390,0,0
72391,0,0
72400,-13,-13
72401,1,1
72410,0,0
72411,1,1
72420,3,11
72421,1,1
72430,1,1
72431,11,10
72440,2,1
72441,0,0
72450,1,1
72451,10,11
72460,-11,-11
72461,0,1
72470,1,1
72471,11,11
72480,2,2
72481,1,1
72490,2,2
72491,-13,-13
72500,2,2
72501,1,1
72510,10,10
72511,-13,-13
72520,-11,-11
72521,-11,-11
72530,10,10
72531,-13,-13
72540,1,1
72541,1,1
72550,1,1
72551,10,10
72560,-11,-11
72561,-11,-11
72570,-13,-13
72571,-13,-13
72580,1,1
72581,0,0
72590,1,1
72591,1,1
72600,1,1
72601,1,1
72610,2,2
72611,0,0
72620,-13,-333
72621,1,1
72630,0,0
72631,-13,-13
72640,10,11
72641,-11,-11
72650,1,2
72651,1,11
72660,10,1
72661,2,1
72670,-11,-11
72671,-13,-13
72680,2,1
72681,0,0
72690,-11,-11
72691,1,1
72700,2,1
72701,-13,-13
72710,0,0
72711,-13,-13
72720,1,11
72721,1,1
72730,1,1
72731,-13,-13
72740,1,1
72741,-11,-11
72750,2,2
72751,0,0
72760,0,0
72761,-11,-11
72770,1,1
72771,11,10
72780,-13,-13
72781,1,1
72790,1,1
72791,0,0
72800,1,1
72801,-11,-11
72810,-13,-13
72811,1,1
72820,1,1
72821,1,2
72830,10,10
72831,1,1
72840,2,1
72841,3,2
72850,-11,-11
72851,0,0
72860,1,1
72861,1,1
72870,-13,-13
72871,-11,-11
72880,-13,-13
72881,2,1
72890,1,1
72891,1,2
72900,10,10
72901,1,1
72910,2,1
72911,1,1
72920,-13,-13
72921,1,1
72930,2,11
72931,2,1
72940,1,2
72941,11,11
72950,-13,-13
72951,1,1
72960,10,10
72961,1,1
72970,-13,-13
72971,1,2
72980,-1,11
72981,-13,-13
72990,-11,-11
72991,2,2
73000,-13,-13
73001,10,10
73010,1,1
73011,0,0
73020,-11,-11
73021,0,0
73030,1,1
73031,-13,-13
73040,11,11
73041,1,1
73050,2,1
73051,2,2
73060,-13,0
73061,0,1
73070,0,0
73071,10,10
73080,1,1
73081,-13,-13
73090,11,10
73091,1,1
73100,0,0
73101,2,2
73110,-13,-13
73111,1,1
73120,2,2
73121,11,11
73130,-11,-11
73131,2,2
73140,10,10
73141,1,1
73150,0,0
73151,0,0
73160,-13,-13
73161,-11,-11
73170,1,1
73171,0,0
73180,0,0
73181,-11,2
73190,1,1
73191,2,2
73200,11,11
73201,10,11
73210,0,0
73211,1,1
73220,1,1
73221,-13,-13
73230,2,1
73231,2,2
73240,-13,-13
73241,-11,1
73250,1,1
73251,1,1
73260,2,2
73261,1,1
73270,0,2
73271,-13,-13
73280,-13,-13
73281,0,0
73290,-11,-11
73291,-13,-13
73300,10,10
73301,-11,-11
73310,1,1
73311,10,10
73320,2,1
73321,1,1
73330,2,11
73331,-11,-333
73340,-13,-13
73341,2,1
73350,-13,-13
73351,-11,-11
73360,1,1
73361,0,-11
73370,1,1
73371,-11,-11
73380,-13,-333
73381,1,1
73390,10,11
73391,-13,-13
73400,2,1
73401,-13,1
73410,1,1
73411,10,10
73420,0,0
73421,0,1
73430,-13,-13
73431,1,1
73440,-11,-11
73441,1,1
73450,-11,-333
73451,1,1
73460,-13,-13
73461,-13,-13
73470,10,11
73471,-11,-11
73480,-13,-13
73481,1,0
73490,-13,-13
73491,-13,-13
73500,1,1
73501,1,1
73510,-11,-11
73511,2,1
73520,-11,-11
73521,2,1
73530,1,1
73531,2,2
73540,-13,-13
73541,1,1
73550,-11,-11
73551,11,10
73560,-11,-11
73561,-13,-13
73570,-11,-11
73571,2,2
73580,2,1
73581,-13,-13
73590,1,1
73591,0,0
73600,2,2
73601,-13,-13
73610,1,10
73611,11,11
73620,-13,-13
73621,11,10
73630,-13,-13
73631,1,2
73640,1,1
73641,1,1
73650,-11,-11
73651,1,1
73660,1,1
73661,-11,-11
73670,1,1
73671,11,10
73680,2,11
73681,-13,-13
73690,1,1
73691,0,10
73700,2,1
73701,11,11
73710,1,1
73711,-13,0
73720,-13,-13
73721,1,1
73730,2,2
73731,-11,-11
73740,10,10
73741,-13,-13
73750,0,0
73751,1,1
73760,11,11
73761,-13,-13
73770,0,0
73771,2,1
73780,11,11
73781,1,1
73790,10,10
73791,-11,1
73800,1,1
73801,-11,-11
73810,1,1
73811,10,10
73820,1,1
73821,1,1
73830,-11,-11
73831,1,1
73840,11,10
73841,1,1
73850,1,1
73851,-11,-11
73860,2,1
73861,11,11
73870,10,10
73871,1,1
73880,0,0
73881,-11,-11
73890,1,1
73891,1,1
73900,11,10
73901,10,10
73910,0,0
73911,0,11
73920,-11,-11
73921,0,1
73930,1,1
73931,0,0
73940,1,11
73941,3,2
73950,0,11
73951,0,0
73960,1,1
73961,1,1
73970,-13,-13
73971,2,2
73980,-13,-13
73981,-11,-11
73990,1,1
73991,0,0
74000,-13,-13
74001,1,1
74010,1,1
74011,10,10
74020,0,1
74021,-11,-11
74030,-13,-13
74031,-11,-11
74040,-13,1
74041,1,1
74050,10,10
74051,-11,-11
74060,2,1
74061,1,1
74070,2,2
74071,1,1
74080,0,0
74081,2,1
74090,1,1
74091,2,2
74100,-13,-13
74101,-11,-11
74110,-13,-13
74111,10,10
74120,-11,-11
74121,-11,-11
74130,-11,-11
74131,12,10
74140,0,0
74141,-13,-13
74150,0,-13
74151,1,0
74160,0,0
74161,-11,-11
74170,-11,-11
74171,10,11
74180,1,1
74181,-11,-11
74190,-13,-13
74191,10,10
74200,12,11
74201,0,0
74210,-11,-11
74211,2,2
74220,11,11
74221,-13,-13
74230,1,0
74231,-13,-13
74240,-13,-13
74241,-13,-13
74250,1,1
74251,2,1
74260,-13,-13
74261,2,1
74270,-13,-13
74271,1,1
74280,10,10
74281,-13,-13
74290,11,11
74291,0,0
74300,-11,-11
74301,0,0
74310,-11,-11
74311,1,1
74320,1,1
74321,-13,-13
74330,-13,1
74331,1,-11
74340,-11,-11
74341,1,1
74350,1,1
74351,-13,-13
74360,11,11
74361,10,10
74370,1,1
74371,0,0
74380,1,1
74381,-13,0
74390,1,1
74391,-13,-13
74400,-13,-13
74401,-13,-13
74410,-13,-13
74411,1,1
74420,1,2
74421,1,1
74430,1,1
74431,1,1
74440,1,2
74441,11,11
74450,11,10
74451,0,-13
74460,0,0
74461,-13,-11
74470,0,0
74471,0,0
74480,1,2
74481,-13,-13
74490,10,10
74491,-13,-13
74500,0,0
74501,0,11
74510,2,2
74511,1,11
74520,1,1
74521,-13,-13
74530,1,1
74531,-11,-11
74540,1,1
74541,-13,-13
74550,-11,-11
74551,3,2
74560,10,11
74561,10,10
74570,-13,0
74571,1,1
74580,-11,-11
74581,0,0
74590,-11,-11
74591,0,0
74600,0,0
74601,10,10
74610,-11,-11
74611,1,1
74620,1,1
74621,11,11
74630,-13,-13
74631,-13,-13
74640,-13,-13
74641,10,11
74650,0,0
74651,-13,-13
74660,-13,-13
74661,2,2
74670,-11,-11
74671,1,2
74680,10,11
74681,1,1
74690,2,2
74691,1,1
74700,0,0
74701,1,1
74710,-13,-13
74711,2,2
74720,2,2
74721,1,1
74730,-13,-13
74731,1,1
74740,1,1
74741,1,1
74750,10,10
74751,-11,-11
74760,10,11
74761,-13,-13
74770,0,1
74771,-11,-11
74780,-13,-13
74781,10,10
74790,0,0
74791,1,1
74800,0,0
74801,2,11
74810,1,11
74811,-11,-11
74820,1,2
74821,0,0
74830,1,1
74831,-11,-11
74840,1,1
74841,-11,-11
74850,-13,-13
74851,11,11
74860,2,2
74861,-11,-11
74870,1,1
74871,1,1
74880,-13,-13
74881,10,10
74890,0,1
74891,1,1
74900,0,0
74901,-11,-11
74910,-11,-11
74911,1,1
74920,10,11
74921,1,1
74930,-13,-13
74931,-13,-13
74940,-13,-13
74941,1,2
74950,10,10
74951,0,0
74960,11,11
74961,-11,-11
74970,-13,-13
74971,10,1
74980,-13,-13
74981,-13,-13
74990,-11,-11
74991,11,11
75000,0,0
75001,10,10
75010,1,1
75011,0,0
75020,1,1
75021,1,-333
75030,2,11
75031,-11,-11
75040,-11,-11
75041,-11,-11
75050,-13,1
75051,10,10
75060,-13,-13
75061,2,2
75070,-11,-11
75071,1,1
75080,-11,-11
75081,0,0
75090,-13,-13
75091,1,1
75100,1,1
75101,-13,-13
75110,10,10
75111,2,1
75120,2,2
75121,10,10
75130,-13,-13
75131,10,10
75140,0,0
75141,1,0
75150,-11,-11
75151,0,0
75160,-13,-11
75161,10,11
75170,-13,-13
75171,10,10
75180,1,1
75181,2,1
75190,-11,-11
75191,-13,-13
75200,0,0
75201,0,0
75210,1,1
75211,1,1
75220,0,0
75221,0,0
75230,10,10
75231,-11,-11
75240,2,2
75241,-11,0
75250,1,1
75251,-13,-13
75260,2,2
75261,-13,0
75270,-11,-11
75271,-13,-13
75280,1,1
75281,10,10
75290,-13,-13
75291,1,11
75300,3,2
75301,1,1
75310,1,1
75311,-13,-13
75320,1,1
75321,1,1
75330,11,11
75331,10,11
75340,2,11
75341,-11,-11
75350,12,10
75351,2,1
75360,-11,-11
75361,1,2
75370,10,10
75371,1,1
75380,10,10
75381,1,1
75390,-13,-13
75391,3,2
75400,-13,-13
75401,1,1
75410,1,11
75411,2,1
75420,1,1
75421,1,1
75430,1,1
75431,-11,1
75440,1,1
75441,2,2
75450,2,1
75451,-11,-11
75460,-13,0
75461,2,1
75470,10,10
75471,11,10
75480,11,11
75481,-11,-11
75490,1,1
75491,-13,-13
75500,1,1
75501,10,10
75510,10,10
75511,1,1
75520,2,1
75521,2,2
75530,1,1
75531,-13,-13
75540,-13,-13
75541,11,1
75550,1,11
75551,0,1
75560,-11,-11
75561,1,1
75570,-11,-11
75571,-11,-11
75580,-11,-11
75581,10,11
75590,10,10
75591,0,1
75600,1,1
75601,-11,-11
75610,1,1
75611,1,1
75620,-13,-13
75621,1,1
75630,1,11
75631,1,1
75640,10,10
75641,2,1
75650,-13,-13
75651,1,1
75660,1,1
75661,1,1
75670,2,2
75671,0,0
75680,1,1
75681,1,10
75690,0,0
75691,-11,-11
75700,10,11
75701,2,1
75710,2,2
75711,-11,-11
75720,1,1
75721,1,1
75730,10,10
75731,-13,-13
75740,1,2
75741,-13,-13
75750,0,0
75751,0,0
75760,10,11
75761,1,1
75770,1,1
75771,-13,-13
75780,-11,-11
75781,-11,-333
75790,1,11
75791,-13,-13
75800,-11,-11
75801,-11,-11
75810,-11,-11
75811,-13,-13
75820,2,1
75821,0,10
75830,2,11
75831,-11,-11
75840,1,1
75841,-13,-13
75850,1,1
75851,-13,-13
75860,1,2
75861,1,1
75870,10,11
75871,4,11
75880,-13,-13
75881,-13,-13
75890,10,11
75891,2,2
75900,-13,-13
75901,10,10
75910,0,0
75911,0,0
75920,-11,-11
75921,0,1
75930,-11,-11
75931,-11,-333
75940,0,0
75941,-11,-11
75950,10,10
75951,1,0
75960,10,10
75961,0,0
75970,10,10
75971,0,0
75980,-11,-11
75981,-11,-11
75990,-13,-13
75991,-13,-13
76000,0,0
76001,1,1
76010,-11,1
76011,11,1
76020,0,0
76021,1,1
76030,1,1
76031,0,0
76040,0,1
76041,10,10
76050,-13,-13
76051,0,10
76060,-13,-13
76061,1,0
76070,-13,-13
76071,1,1
76080,0,-13
76081,0,0
76090,-11,-11
76091,0,1
76100,1,1
76101,10,10
76110,10,10
76111,1,1
76120,-13,-13
76121,1,1
76130,2,2
76131,0,0
76140,1,1
76141,1,1
76150,-13,-13
76151,0,1
76160,10,10
76161,-11,-11
76170,1,1
76171,2,2
76180,1,1
76181,1,1
76190,2,1
76191,2,1
76200,10,10
76201,1,1
76210,-11,-11
76211,2,1
76220,1,1
76221,1,1
76230,-13,-13
76231,2,1
76240,2,2
76241,1,1
76250,1,1
76251,1,1
76260,11,11
76261,1,1
76270,-11,-11
76271,-13,-13
76280,0,0
76281,-11,-11
76290,1,1
76291,2,2
76300,-13,-13
76301,1,1
76310,0,0
76311,1,1
76320,-11,-11
76321,1,2
76330,10,10
76331,0,0
76340,1,1
76341,-13,-13
76350,0,0
76351,11,11
76360,2,11
76361,1,1
76370,11,1
76371,-11,-11
76380,-11,-11
76381,1,1
76390,-11,-11
76391,0,0
76400,1,1
76401,0,0
76410,1,1
76411,2,1
76420,1,1
76421,-11,-333
76430,2,2
76431,-11,-11
76440,-11,-11
76441,1,2
76450,10,10
76451,0,0
76460,1,1
76461,2,1
76470,2,2
76471,-11,-11
76480,0,0
76481,-13,-13
76490,1,1
76491,1,1
76500,-13,-13
76501,2,2
76510,2,10
76511,11,11
76520,1,1
76521,1,1
76530,10,10
76531,-13,-13
76540,10,10
76541,10,11
76550,-13,-13
76551,2,1
76560,1,1
76561,-11,-11
76570,-13,-13
76571,2,1
76580,1,11
76581,1,1
76590,2,1
76591,1,-11
76600,1,1
76601,-13,-13
76610,-13,-13
76611,-13,-13
76620,10,10
76621,1,1
76630,10,10
76631,1,1
76640,1,1
76641,-11,-11
76650,1,2
76651,1,1
76660,-13,-13
76661,-11,-11
76670,1,1
76671,10,11
76680,2,1
76681,0,0
76690,0,-11
76691,11,11
76700,-11,-11
76701,0,0
76710,1,1
76711,-11,-11
76720,2,2
76721,10,10
76730,1,1
76731,-11,-11
76740,-13,-13
76741,0,0
76750,1,1
76751,0,10
76760,-11,-11
76761,-13,-13
76770,11,11
76771,-11,-11
76780,-13,-13
76781,-13,-13
76790,-13,-13
76791,2,2
76800,2,1
76801,11,1
76810,0,1
76811,1,1
76820,-11,-11
76821,-13,-333
76830,0,-13
76831,1,1
76840,11,10
76841,-11,-11
76850,0,0
76851,1,-333
76860,-11,-11
76861,-13,-13
76870,-13,0
76871,11,10
76880,11,11
76881,1,1
76890,10,10
76891,1,1
76900,10,10
76901,-13,-13
76910,1,1
76911,0,0
76920,1,1
76921,1,1
76930,-13,-13
76931,1,1
76940,11,11
76941,2,11
76950,1,1
76951,0,0
76960,-13,-13
76961,1,1
76970,1,1
76971,-11,-11
76980,10,11
76981,0,0
76990,-11,-13
76991,1,1
77000,10,10
77001,-13,-13
77010,1,11
77011,11,10
77020,-11,-11
77021,1,1
77030,1,1
77031,11,11
77040,-13,-13
77041,-13,-13
77050,1,1
77051,1,1
77060,12,11
77061,-13,-13
77070,3,2
77071,2,2
77080,1,0
77081,1,1
77090,10,11
77091,2,2
77100,-11,-11
77101,0,0
77110,-11,-11
77111,1,1
77120,-11,-13
77121,-11,-11
77130,-13,-13
77131,-13,-13
77140,-13,-13
77141,10,10
77150,1,1
77151,1,1
77160,0,1
77161,1,1
77170,1,1
77171,1,1
77180,1,1
77181,-13,-13
77190,2,2
77191,1,1
77200,2,1
77201,1,1
77210,10,10
77211,1,1
77220,0,0
77221,12,11
77230,-13,-13
77231,-11,-11
77240,2,2
77241,0,0
77250,2,2
77251,-13,-13
77260,0,0
77261,-13,-13
77270,-11,-11
77271,1,-11
77280,-11,-11
77281,-13,-333
77290,-11,-11
77291,1,0
77300,0,0
77301,-13,1
77310,-13,-13
77311,-11,-11
77320,-13,-13
77321,1,1
77330,1,1
77331,-13,-13
77340,11,11
77341,2,2
77350,0,0
77351,11,11
77360,1,1
77361,-13,-13
77370,2,1
77371,1,1
77380,10,10
77381,-13,1
77390,2,2
77391,0,0
77400,-13,-13
77401,11,10
77410,-11,-11
77411,11,10
77420,-11,-11
77421,-13,-13
77430,0,-11
77431,1,1
77440,0,0
77441,11,10
77450,2,2
77451,1,11
77460,1,1
77461,-13,-13
77470,11,11
77471,1,1
77480,2,1
77481,1,1
77490,10,10
77491,1,1
77500,0,0
77501,1,1
77510,11,11
77511,1,11
77520,-13,-13
77521,0,0
77530,1,1
77531,-11,-11
77540,-13,-13
77541,-13,-13
77550,-13,-13
77551,-11,-11
77560,2,1
77561,-13,-13
77570,0,1
77571,1,1
77580,11,10
77581,-13,-13
77590,-11,-11
77591,-11,-11
77600,-11,-11
77601,1,1
77610,1,1
77611,10,10
77620,-11,-11
77621,1,1
77630,2,2
77631,0,0
77640,-13,-13
77641,10,10
77650,-11,-11
77651,-11,-11
77660,-13,-13
77661,1,1
77670,10,1
77671,1,2
77680,-13,-13
77681,1,1
77690,-13,-13
77691,2,11
77700,10,10
77701,-11,-333
77710,-13,-13
77711,1,2
77720,-13,-13
77721,1,1
77730,2,1
77731,11,11
77740,1,1
77741,-13,-13
77750,-11,-11
77751,-11,1
77760,2,1
77761,-11,-11
77770,1,1
77771,3,2
77780,2,11
77781,0,0
77790,-11,-11
77791,10,10
77800,-13,-13
77801,2,1
77810,2,2
77811,10,10
77820,-13,-13
77821,11,10
77830,0,0
77831,11,10
77840,-13,-13
77841,10,10
77850,0,0
77851,1,1
77860,-11,-11
77861,-11,1
77870,1,2
77871,-13,-13
77880,1,2
77881,11,11
77890,-13,0
77891,-11,-11
77900,10,10
77901,-13,-13
77910,0,0
77911,2,2
77920,11,11
77921,-11,-11
77930,10,11
77931,-11,-11
77940,2,2
77941,-13,-13
77950,1,1
77951,2,10
77960,10,10
77961,0,1
77970,-13,-13
77971,11,11
77980,1,1
77981,0,1
77990,-11,-11
77991,-13,-13
78000,1,1
78001,-11,-11
78010,-11,-11
78011,-13,-13
78020,0,0
78021,-13,-13
78030,1,1
78031,1,1
78040,-13,-13
78041,10,1
78050,-13,-13
78051,0,0
78060,10,10
78061,1,1
78070,-11,-11
78071,10,10
78080,2,2
78081,0,0
78090,-11,-11
78091,2,2
78100,1,1
78101,-13,-13
78110,-11,-11
78111,-13,-13
78120,0,0
78121,-13,-13
78130,-13,-13
78131,-13,-13
78140,-13,-13
78141,-13,-13
78150,-11,-11
78151,-13,-13
78160,1,0
78161,0,0
78170,0,0
78171,-13,-13
78180,-11,-11
78181,11,11
78190,1,2
78191,10,10
78200,10,10
78201,-13,-13
78210,1,1
78211,-13,-13
78220,10,10
78221,1,1
78230,0,0
78231,1,1
78240,-13,-13
78241,1,11
78250,2,2
78251,11,11
78260,0,0
78261,-11,-11
78270,-13,-13
78271,1,0
78280,1,1
78281,11,11
78290,-11,-11
78291,2,2
78300,-11,-11
78301,11,11
78310,11,11
78311,2,1
78320,-13,-13
78321,11,10
78330,-13,-13
78331,-11,-13
78340,10,10
78341,1,1
78350,0,0
78351,0,0
78360,1,10
78361,-11,-11
78370,10,10
78371,11,11
78380,2,2
78381,-13,-13
78390,-13,-13
78391,-13,-13
78400,-13,-13
78401,-13,-13
78410,-13,-13
78411,0,0
78420,11,11
78421,1,1
78430,2,2
78431,10,11
78440,-13,-13
78441,-11,-11
78450,-13,-13
78451,-13,1
78460,0,0
78461,-13,-13
78470,-11,1
78471,10,10
78480,-13,-13
78481,-13,-13
78490,-13,-13
78491,10,10
78500,1,1
78501,-13,-13
78510,-11,-11
78511,-11,-11
78520,-11,-222
78521,0,1
78530,0,0
78531,12,10
78540,1,-11
78541,-13,-13
78550,10,10
78551,-13,-11
78560,-13,1
78561,-11,-11
78570,-11,-11
78571,1,11
78580,-13,-13
78581,-11,-11
78590,-13,-13
78591,11,11
78600,1,1
78601,1,1
78610,0,0
78611,-13,-13
78620,2,1
78621,-13,-13
78630,12,11
78631,0,0
78640,1,1
78641,-11,-11
78650,2,2
78651,-13,-13
78660,1,1
78661,11,10
78670,-11,1
78671,-11,-11
78680,10,10
78681,-11,1
78690,-13,-13
78691,1,1
78700,0,-11
78701,2,2
78710,-13,-13
78711,-13,-13
78720,-11,-11
78721,0,0
78730,10,11
78731,11,11
78740,2,1
78741,2,11
78750,-13,-333
78751,1,10
78760,2,2
78761,-13,-13
78770,1,1
78771,1,1
78780,2,1
78781,1,1
78790,-13,-13
78791,1,1
78800,10,10
78801,2,2
78810,0,0
78811,1,1
78820,-11,-11
78821,2,2
78830,-13,-13
78831,1,1
78840,0,0
78841,10,10
78850,0,0
78851,1,1
78860,1,1
78861,1,10
78870,-13,-13
78871,-11,-11
78880,10,10
78881,2,1
78890,-13,-13
78891,2,2
78900,-11,-11
78901,-13,-13
78910,1,1
78911,11,11
78920,0,0
78921,-13,-13
78930,0,0
78931,2,11
78940,1,-11
78941,-11,-11
78950,10,11
78951,11,10
78960,-11,-11
78961,-11,-11
78970,11,1
78971,1,1
78980,-11,-11
78981,0,0
78990,-13,-13
78991,-11,-11
79000,10,11
79001,-13,-13
79010,-11,-11
79011,2,1
79020,0,1
79021,-11,-11
79030,1,1
79031,0,10
79040,1,1
79041,1,1
79050,0,1
79051,10,10
79060,0,0
79061,1,2
79070,-11,-11
79071,0,0
79080,1,1
79081,-13,-13
79090,4,2
79091,-13,-13
79100,2,2
79101,-11,-11
79110,10,10
79111,1,2
79120,0,1
79121,-11,-11
79130,10,10
79131,1,1
79140,10,10
79141,-13,-13
79150,-11,-11
79151,1,1
79160,2,2
79161,10,11
79170,1,2
79171,12,11
79180,2,2
79181,11,11
79190,1,10
79191,-13,-13
79200,1,1
79201,-13,1
79210,-11,-11
79211,-13,-13
79220,1,1
79221,1,1
79230,-11,-11
79231,1,2
79240,11,11
79241,2,1
79250,0,0
79251,0,0
79260,-13,-13
79261,-11,-11
79270,-11,-11
79271,10,10
79280,1,1
79281,0,-333
79290,1,1
79291,1,1
79300,-11,-11
79301,2,1
79310,1,1
79311,1,1
79320,-13,-13
79321,1,11
79330,-11,-11
79331,1,1
79340,1,1
79341,-11,-13
79350,2,11
79351,-11,-11
79360,2,11
79361,1,1
79370,0,0
79371,10,10
79380,0,-13
79381,-11,-11
79390,0,0
79391,2,11
79400,-11,-11
79401,-13,-333
79410,1,1
79411,-11,-11
79420,-11,-11
79421,10,10
79430,-11,-11
79431,1,11
79440,1,1
79441,-11,-11
79450,-13,-13
79451,1,1
79460,2,-11
79461,-13,-13
79470,1,1
79471,1,1
79480,-13,-13
79481,-11,-11
79490,-11,-11
79491,-13,-13
79500,11,11
79501,2,1
79510,-13,-13
79511,-13,-13
79520,-11,-11
79521,-13,-13
79530,0,0
79531,-13,-13
79540,-11,-11
79541,1,1
79550,-13,-13
79551,1,-333
79560,-11,-11
79561,-11,-11
79570,-11,1
79571,1,1
79580,-11,-11
79581,10,10
79590,1,1
79591,-13,-13
79600,1,1
79601,1,1
79610,-13,-13
79611,1,1
79620,0,0
79621,-11,-333
79630,1,1
79631,11,10
79640,11,11
79641,1,1
79650,0,0
79651,-11,-11
79660,10,10
79661,2,2
79670,-13,-13
79671,1,1
79680,11,11
79681,10,10
79690,2,2
79691,-13,-13
79700,0,0
79701,-11,-11
79710,1,10
79711,-13,-13
79720,10,10
79721,2,1
79730,0,0
79731,1,10
79740,1,1
79741,-11,-11
79750,-13,-13
79751,-13,-13
79760,1,1
79761,1,1
79770,1,1
79771,1,1
79780,2,2
79781,-11,-11
79790,1,1
79791,-11,-11
79800,11,11
79801,-11,-11
79810,-11,-11
79811,-13,-13
79820,-13,-13
79821,0,0
79830,2,1
79831,0,0
79840,1,1
79841,1,1
79850,-13,-13
79851,1,1
79860,1,1
79861,10,10
79870,1,1
79871,10,10
79880,10,10
79881,0,0
79890,0,1
79891,1,1
79900,-13,-13
79901,0,0
79910,0,10
79911,-13,-13
79920,1,1
79921,10,10
79930,10,11
79931,1,1
79940,-11,-333
79941,-13,-13
79950,-11,-11
79951,-13,-13
79960,-13,-13
79961,-11,-11
79970,11,11
79971,1,1
79980,-13,-13
79981,-11,-11
79990,10,10
79991,-11,-11
80000,1,1
80001,3,2
80010,0,0
80011,-13,-13
80020,-11,-11
80021,1,1
80030,0,1
80031,1,1
80040,-13,-13
80041,1,-11
80050,-13,-13
80051,-11,-11
80060,0,-333
80061,10,10
80070,-11,-11
80071,10,11
80080,1,11
80081,-13,-13
80090,1,1
80091,1,1
80100,3,11
80101,1,1
80110,0,1
80111,-13,-13
80120,-13,-13
80121,-11,-11
80130,1,1
80131,-11,-11
80140,0,1
80141,-11,1
80150,1,2
80151,-11,-11
80160,-13,-13
80161,2,11
80170,1,2
80171,-11,-11
80180,-13,-13
80181,2,2
80190,2,1
80191,1,1
80200,-13,-13
80201,-13,-13
80210,-13,-13
80211,2,2
80220,1,-11
80221,2,2
80230,10,10
80231,1,-333
80240,-13,-13
80241,-11,-11
80250,-11,-11
80251,1,1
80260,-13,-13
80261,-13,-11
80270,-11,-11
80271,2,11
80280,1,1
80281,1,1
80290,-11,-11
80291,1,1
80300,2,1
80301,1,1
80310,-11,-11
80311,1,2
80320,0,0
80321,10,11
80330,-11,-11
80331,-11,-11
80340,1,1
80341,-13,-13
80350,-13,-13
80351,0,0
80360,-11,-11
80361,1,1
80370,1,1
80371,2,2
80380,0,0
80381,1,1
80390,-13,-13
80391,1,1
80400,3,11
80401,2,2
80410,-13,-13
80411,1,1
80420,0,0
80421,2,1
80430,1,11
80431,-11,-11
80440,1,1
80441,0,1
80450,11,1
80451,-13,-13
80460,1,1
80461,-13,-13
80470,0,0
80471,-13,-13
80480,-11,-11
80481,10,10
80490,-11,-11
80491,10,10
80500,-13,-13
80501,-13,-13
80510,-13,-13
80511,1,1
80520,-11,-11
80521,1,1
80530,0,0
80531,0,0
80540,-13,-13
80541,-11,-11
80550,11,11
80551,1,1
80560,1,1
80561,-13,-13
80570,-13,-13
80571,2,1
80580,1,1
80581,0,1
80590,10,10
80591,10,10
80600,1,2
80601,1,1
80610,-11,1
80611,0,0
80620,1,1
80621,-11,-11
80630,-13,-13
80631,-11,-11
80640,-13,-13
80641,11,11
80650,-11,-11
80651,-11,-11
80660,-11,-13
80661,-13,-13
80670,-13,-13
80671,1,1
80680,-13,-13
80681,-11,-11
80690,10,10
80691,-11,-11
80700,10,10
80701,10,10
80710,10,11
80711,10,11
80720,0,0
80721,1,1
80730,0,0
80731,2,1
80740,-13,-13
80741,-11,-11
80750,-11,-11
80751,-11,-11
80760,-13,-13
80761,-11,-11
80770,2,2
80771,-13,-13
80780,2,2
80781,-13,-13
80790,0,0
80791,0,0
80800,-13,-13
80801,0,0
80810,0,0
80811,1,1
80820,2,11
80821,11,10
80830,1,1
80831,0,0
80840,-11,-333
80841,0,0
80850,-13,-13
80851,1,1
80860,10,11
80861,-13,-13
80870,-13,1
80871,0,0
80880,-13,-13
80881,-1,11
80890,1,1
80891,0,0
80900,0,0
80901,0,10
80910,-11,-11
80911,10,10
80920,2,1
80921,10,11
80930,1,1
80931,-11,-11
80940,2,2
80941,-13,-13
80950,-11,-11
80951,0,0
80960,1,11
80961,10,10
80970,2,1
80971,-11,-333
80980,2,2
80981,2,2
80990,-13,-13
80991,11,11
81000,1,2
81001,1,1
81010,0,0
81011,1,1
81020,0,0
81021,11,10
81030,1,1
81031,11,10
81040,2,2
81041,1,1
81050,-11,-11
81051,10,10
81060,1,1
81061,-13,-13
81070,-11,-11
81071,0,0
81080,10,10
81081,1,1
81090,-11,-11
81091,1,1
81100,-11,-11
81101,-13,-13
81110,0,0
81111,0,2
81120,1,1
81121,-13,0
81130,10,11
81131,-13,-13
81140,-11,-11
81141,2,1
81150,1,1
81151,-11,-11
81160,2,10
81161,1,1
81170,-11,-11
81171,11,10
81180,1,0
81181,2,11
81190,2,2
81191,1,1
81200,1,1
81201,-11,-11
81210,1,1
81211,0,0
81220,-11,1
81221,-13,-13
81230,-13,-13
81231,1,1
81240,11,11
81241,10,10
81250,1,1
81251,1,1
81260,-13,-13
81261,10,10
81270,1,1
81271,10,11
81280,1,1
81281,0,0
81290,1,1
81291,10,10
81300,10,10
81301,2,2
81310,1,1
81311,2,2
81320,-13,10
81321,1,1
81330,1,1
81331,-11,1
81340,1,1
81341,2,1
81350,-13,-13
81351,-13,-13
81360,1,1
81361,2,10
81370,3,2
81371,0,0
81380,11,11
81381,-11,0
81390,-11,-11
81391,0,10
81400,1,1
81401,1,1
81410,-11,-11
81411,0,0
81420,10,10
81421,-11,-11
81430,-13,-13
81431,-11,-11
81440,10,10
81441,1,1
81450,0,0
81451,1,1
81460,-13,-13
81461,-11,-13
81470,0,0
81471,0,0
81480,-11,-11
81481,10,10
81490,-13,-13
81491,1,1
81500,1,1
81501,1,1
81510,11,11
81511,2,2
81520,1,1
81521,-11,-11
81530,2,2
81531,1,0
81540,-13,-13
81541,1,1
81550,1,1
81551,2,2
81560,-13,-13
81561,10,10
81570,2,1
81571,1,1
81580,0,0
81581,-11,-11
81590,11,11
81591,2,2
81600,1,1
81601,0,1
81610,0,0
81611,1,1
81620,0,0
81621,-13,-13
81630,-13,-13
81631,-11,-11
81640,-11,1
81641,-13,-13
81650,-13,-13
81651,-11,-11
81660,4,2
81661,-11,-11
81670,-13,-13
81671,1,1
81680,3,2
81681,2,11
81690,10,11
81691,11,11
81700,11,11
81701,0,11
81710,0,0
81711,0,0
81720,-11,-11
81721,-11,-11
81730,10,10
81731,-11,-11
81740,-13,0
81741,11,11
81750,1,2
81751,1,1
81760,11,10
81761,11,10
81770,10,10
81771,0,1
81780,10,10
81781,0,0
81790,1,1
81791,1,1
81800,0,0
81801,1,1
81810,-13,-13
81811,-13,-13
81820,11,11
81821,2,2
81830,-11,-11
81831,-13,-13
81840,-11,-11
81841,-13,-13
81850,1,1
81851,2,1
81860,11,11
81861,0,10
81870,-13,-13
81871,-11,1
81880,0,0
81881,-13,-13
81890,11,11
81891,2,1
81900,-11,-11
81901,1,1
81910,1,1
81911,1,1
81920,0,1
81921,-13,-13
81930,-13,-13
81931,3,2
81940,1,1
81941,-11,-11
81950,2,2
81951,0,0
81960,2,2
81961,1,10
81970,1,2
81971,0,0
81980,2,2
81981,1,1
81990,2,2
81991,-11,-11
82000,-11,-11
82001,-13,-13
82010,-11,-11
82011,2,2
82020,1,1
82021,1,1
82030,2,2
82031,-13,-13
82040,-13,-13
82041,-13,-13
82050,11,11
82051,1,1
82060,-11,-11
82061,-13,-13
82070,11,10
82071,11,10
82080,-11,1
82081,1,10
82090,-13,-13
82091,10,11
82100,10,10
82101,0,1
82110,0,-11
82111,1,1
82120,10,10
82121,2,1
82130,10,11
82131,-11,-11
82140,2,2
82141,0,0
82150,1,1
82151,1,1
82160,1,1
82161,1,1
82170,11,2
82171,-11,-11
82180,2,1
82181,2,2
82190,2,-333
82191,-13,-13
82200,1,1
82201,-11,-11
82210,0,0
82211,-11,-11
82220,0,0
82221,-11,-11
82230,1,1
82231,11,11
82240,1,2
82241,1,1
82250,0,0
82251,-13,-13
82260,0,0
82261,-11,-11
82270,0,0
82271,-13,-13
82280,-11,-11
82281,0,0
82290,1,1
82291,11,11
82300,0,0
82301,1,1
82310,-11,0
82311,-13,1
82320,0,0
82321,1,1
82330,0,-11
82331,-13,-13
82340,0,0
82341,1,1
82350,1,1
82351,-13,-13
82360,11,11
82361,12,10
82370,1,1
82371,0,0
82380,0,0
82381,-11,-11
82390,-13,-13
82391,1,1
82400,-11,-11
82401,3,2
82410,10,10
82411,-13,-11
82420,-13,-13
82421,2,2
82430,10,11
82431,1,1
82440,1,1
82441,10,10
82450,-13,-13
82451,-11,-11
82460,11,11
82461,-13,-13
82470,2,2
82471,-13,-13
82480,10,10
82481,0,0
82490,1,1
82491,11,11
82500,10,10
82501,1,1
82510,-11,-11
82511,-13,-13
82520,2,2
82521,2,2
82530,11,10
82531,1,1
82540,2,1
82541,1,1
82550,1,1
82551,2,2
82560,11,11
82561,-11,-11
82570,1,1
82571,2,1
82580,2,2
82581,1,1
82590,-11,-11
82591,-13,-13
82600,4,2
82601,10,10
82610,1,1
82611,10,10
82620,0,0
82621,1,1
82630,-13,-13
82631,1,1
82640,-11,-11
82641,1,11
82650,1,1
82651,1,1
82660,1,-333
82661,0,0
82670,-11,-11
82671,-13,-13
82680,0,10
82681,2,1
82690,1,2
82691,1,1
82700,10,10
82701,11,10
82710,11,1
82711,0,-11
82720,11,10
82721,2,1
82730,1,1
82731,-11,-11
82740,0,0
82741,-13,-13
82750,1,1
82751,3,2
82760,2,1
82761,10,10
82770,1,1
82771,2,2
82780,-13,-13
82781,-11,1
82790,1,1
82791,-11,-11
82800,-11,-11
82801,11,10
82810,10,11
82811,1,1
82820,10,10
82821,0,1
82830,12,11
82831,-11,-11
82840,1,2
82841,-13,-13
82850,2,2
82851,1,1
82860,10,10
82861,2,2
82870,1,1
82871,-13,-13
82880,0,0
82881,-11,-11
82890,-13,-13
82891,10,10
82900,1,1
82901,-11,-11
82910,0,10
82911,0,11
82920,0,-11
82921,-13,-13
82930,-13,-13
82931,-13,1
82940,10,10
82941,1,1
82950,1,1
82951,1,1
82960,10,10
82961,0,0
82970,1,1
82971,2,1
82980,-13,-13
82981,0,0
82990,-13,-13
82991,2,1
83000,-13,-13
83001,2,1
83010,2,1
83011,1,1
83020,-13,-13
83021,1,2
83030,-13,-13
83031,-11,-11
83040,-11,-11
83041,-11,-11
83050,0,0
83051,-11,-11
83060,-13,-13
83061,1,0
83070,-11,-11
83071,1,1
83080,1,1
83081,0,0
83090,3,11
83091,2,1
83100,2,1
83101,11,11
83110,-13,-13
83111,2,1
83120,-13,-13
83121,1,1
83130,0,0
83131,0,1
83140,0,0
83141,-13,-13
83150,2,1
83151,-13,-13
83160,-11,-11
83161,1,1
83170,11,11
83171,0,0
83180,2,2
83181,0,-13
83190,1,1
83191,-11,-11
83200,0,0
83201,2,2
83210,2,-333
83211,10,11
83220,1,11
83221,-13,-13
83230,0,1
83231,-13,-13
83240,-11,-11
83241,2,2
83250,1,1
83251,-13,-13
83260,-13,-13
83261,-13,-13
83270,10,10
83271,-11,-11
83280,1,1
83281,-11,-11
83290,-13,-13
83291,2,2
83300,10,10
83301,1,1
83310,-11,-11
83311,0,0
83320,10,10
83321,10,10
83330,1,1
83331,10,10
83340,1,1
83341,0,0
83350,-13,-13
83351,1,1
83360,10,10
83361,-11,-333
83370,-13,-13
83371,-13,-13
83380,1,1
83381,12,2
83390,2,1
83391,-11,-11
83400,-13,-13
83401,2,1
83410,10,10
83411,0,-13
83420,0,0
83421,1,1
83430,1,1
83431,-11,-11
83440,1,1
83441,0,0
83450,2,0
83451,1,10
83460,1,1
83461,2,2
83470,-11,-11
83471,0,0
83480,-11,1
83481,1,-11
83490,-11,-11
83491,0,0
83500,1,1
83501,3,11
83510,-11,-11
83511,1,1
83520,-11,-11
83521,-11,-11
83530,0,-11
83531,0,0
83540,2,11
83541,-13,-13
83550,-11,-222
83551,-13,-13
83560,0,0
83561,0,0
83570,10,10
83571,1,1
83580,-11,-11
83581,0,0
83590,1,1
83591,0,0
83600,1,1
83601,0,-333
83610,1,1
83611,-11,-11
83620,-13,-13
83621,-13,-13
83630,-13,-13
83631,-13,-13
83640,-11,-11
83641,1,1
83650,-11,1
83651,-11,-11
83660,-13,-13
83661,0,0
83670,2,2
83671,10,10
83680,-11,-11
83681,-11,-11
83690,0,0
83691,-11,-11
83700,0,1
83701,0,0
83710,1,1
83711,1,1
83720,2,11
83721,-13,-13
83730,11,11
83731,2,2
83740,1,1
83741,11,11
83750,-11,-11
83751,2,2
83760,10,10
83761,-11,1
83770,-11,-11
83771,0,1
83780,11,11
83781,-11,-11
83790,0,0
83791,-13,-13
83800,0,0
83801,10,10
83810,2,2
83811,10,10
83820,10,11
83821,-11,-11
83830,2,2
83831,-13,-13
83840,1,1
83841,2,2
83850,1,1
83851,1,1
83860,-11,-11
83861,1,1
83870,-11,-11
83871,-11,1
83880,-11,-11
83881,1,1
83890,-13,-13
83891,-11,-11
83900,0,0
83901,-13,-13
83910,11,10
83911,0,1
83920,-13,-13
83921,10,10
83930,1,0
83931,1,1
83940,-11,-11
83941,-13,-13
83950,-13,-13
83951,2,2
83960,2,2
83961,-13,-13
83970,-13,-13
83971,-11,-11
83980,-13,-13
83981,3,2
83990,-13,-13
83991,0,1
84000,3,11
84001,1,1
84010,0,0
84011,0,0
84020,10,10
84021,1,1
84030,10,10
84031,11,1
84040,-13,-13
84041,11,11
84050,-11,-11
84051,11,11
84060,0,0
84061,-13,-13
84070,0,0
84071,10,11
84080,-11,-11
84081,-13,-13
84090,1,1
84091,10,10
84100,-13,-13
84101,-11,-11
84110,-11,-11
84111,0,-13
84120,-13,-13
84121,3,11
84130,-13,-13
84131,1,1
84140,-11,-11
84141,11,10
84150,3,11
84151,2,1
84160,-11,-11
84161,-13,-13
84170,-13,-13
84171,-13,-13
84180,10,10
84181,-13,-13
84190,2,1
84191,-13,1
84200,0,-13
84201,1,1
84210,-13,-13
84211,-13,-13
84220,10,11
84221,-13,-13
84230,1,1
84231,0,0
84240,-11,1
84241,1,1
84250,11,10
84251,11,11
84260,1,1
84261,-13,-13
84270,10,10
84271,1,1
84280,0,0
84281,10,10
84290,0,1
84291,11,10
84300,-11,-11
84301,2,2
84310,10,11
84311,2,1
84320,0,0
84321,-13,-13
84330,-13,-13
84331,-11,0
84340,-13,-13
84341,2,2
84350,-13,-13
84351,2,2
84360,0,0
84361,11,10
84370,2,1
84371,1,1
84380,10,11
84381,-13,-13
84390,-13,-13
84391,-13,-13
84400,2,1
84401,-11,-11
84410,-13,1
84411,1,2
84420,-11,-333
84421,-11,-11
84430,0,0
84431,11,11
84440,-13,-13
84441,0,0
84450,1,1
84451,1,1
84460,10,10
84461,-11,-11
84470,10,11
84471,-13,-11
84480,2,11
84481,-11,-11
84490,0,0
84491,-13,-13
84500,2,2
84501,1,1
84510,1,2
84511,-11,-11
84520,-13,-13
84521,-11,-11
84530,1,1
84531,-13,-13
84540,-13,-13
84541,0,0
84550,0,0
84551,1,1
84560,11,11
84561,0,0
84570,1,1
84571,1,10
84580,1,1
84581,-13,-13
84590,1,1
84591,2,2
84600,1,1
84601,-13,-13
84610,-13,-13
84611,-13,-13
84620,0,11
84621,0,0
84630,-13,-13
84631,0,0
84640,-13,-13
84641,1,1
84650,1,1
84651,2,11
84660,10,10
84661,1,1
84670,-13,-13
84671,-11,-11
84680,1,1
84681,1,1
84690,1,1
84691,2,1
84700,1,1
84701,0,1
84710,-13,1
84711,-13,-13
84720,-11,-11
84721,0,1
84730,-11,-11
84731,-11,-11
84740,-11,-11
84741,-13,-13
84750,-11,-11
84751,1,1
84760,-11,-11
84761,10,10
84770,-11,-11
84771,3,2
84780,10,10
84781,1,1
84790,0,-13
84791,-11,-333
84800,1,1
84801,-11,-11
84810,-11,-11
84811,11,10
84820,10,11
84821,2,2
84830,10,10
84831,-13,-13
84840,10,11
84841,0,1
84850,-11,-11
84851,1,1
84860,10,11
84861,-13,-13
84870,-13,-13
84871,1,1
84880,0,0
84881,1,1
84890,-11,-11
84891,1,1
84900,-13,-13
84901,0,0
84910,10,10
84911,10,10
84920,1,1
84921,1,1
84930,-13,-13
84931,0,0
84940,1,11
84941,10,11
84950,10,10
84951,1,1
84960,1,1
84961,-11,-11
84970,0,0
84971,1,2
84980,-11,-11
84981,2,2
84990,1,1
84991,1,1
85000,11,10
85001,1,1
85010,10,10
85011,2,11
85020,-11,-11
85021,-13,-13
85030,2,1
85031,-11,-11
85040,-13,-13
85041,0,1
85050,1,1
85051,-11,1
85060,-11,-11
85061,1,1
85070,-13,-13
85071,1,1
85080,-13,-13
85081,1,1
85090,1,1
85091,10,11
85100,-13,1
85101,2,1
85110,0,0
85111,-13,-13
85120,0,0
85121,-13,-13
85130,0,0
85131,1,1
85140,1,1
85141,-13,-13
85150,-13,-13
85151,-11,1
85160,1,1
85161,1,1
85170,-13,-13
85171,-13,-13
85180,1,1
85181,-11,-11
85190,2,1
85191,-13,-13
85200,11,11
85201,-13,-13
85210,1,1
85211,-13,-13
85220,2,2
85221,11,11
85230,1,1
85231,11,10
85240,1,1
85241,-13,1
85250,11,10
85251,1,1
85260,1,1
85261,-11,-11
85270,-11,-11
85271,0,1
85280,0,0
85281,2,2
85290,2,1
85291,10,10
85300,-11,-11
85301,-11,-11
85310,11,11
85311,1,1
85320,0,1
85321,0,11
85330,4,1
85331,-11,-11
85340,-11,-11
85341,0,0
85350,-13,-13
85351,1,1
85360,1,1
85361,1,11
85370,1,1
85371,-11,-11
85380,11,10
85381,-13,-13
85390,1,1
85391,1,1
85400,-11,-11
85401,-13,-13
85410,-13,-13
85411,-13,-13
85420,2,1
85421,2,1
85430,-13,-13
85431,10,10
85440,2,1
85441,0,2
85450,-13,-13
85451,2,2
85460,-11,-11
85461,1,1
85470,1,1
85471,-13,-13
85480,-13,-13
85481,10,10
85490,1,1
85491,-13,-13
85500,-11,-11
85501,11,11
85510,2,11
85511,-11,-11
85520,11,11
85521,0,1
85530,0,1
85531,1,1
85540,0,0
85541,-13,-13
85550,1,1
85551,1,11
85560,-13,-13
85561,2,2
85570,11,11
85571,1,1
85580,2,2
85581,2,2
85590,0,0
85591,-13,-13
85600,-13,-13
85601,1,1
85610,1,1
85611,-11,-11
85620,1,1
85621,0,0
85630,1,1
85631,-13,1
85640,10,10
85641,-11,-11
85650,-11,-11
85651,1,1
85660,1,1
85661,-11,-11
85670,-11,-11
85671,-13,-13
85680,0,0
85681,2,2
85690,3,2
85691,1,1
85700,10,10
85701,10,10
85710,-13,-13
85711,1,1
85720,1,0
85721,0,0
85730,-13,-13
85731,0,10
85740,-11,1
85741,10,10
85750,1,1
85751,1,1
85760,0,0
85761,10,10
85770,1,1
85771,0,0
85780,1,1
85781,-11,-11
85790,-11,-11
85791,1,1
85800,1,10
85801,2,2
85810,-11,-11
85811,1,1
85820,0,10
85821,-13,-13
85830,1,1
85831,-13,-13
85840,10,10
85841,-13,-13
85850,0,0
85851,1,1
85860,1,1
85861,-13,-13
85870,2,2
85871,1,1
85880,-13,-333
85881,-13,-13
85890,1,1
85891,12,11
85900,-11,-11
85901,10,10
85910,-11,-11
85911,1,1
85920,0,0
85921,-13,-13
85930,1,1
85931,-11,-11
85940,-11,1
85941,-11,-333
85950,2,2
85951,10,11
85960,1,1
85961,1,1
85970,0,0
85971,1,1
85980,-11,-11
85981,0,0
85990,1,1
85991,0,1
86000,1,1
86001,2,1
86010,11,11
86011,-13,-13
86020,1,2
86021,-13,-13
86030,1,1
86031,-13,-13
86040,-11,-11
86041,0,1
86050,-11,-11
86051,10,10
86060,2,1
86061,-13,-13
86070,1,1
86071,2,1
86080,10,11
86081,-11,-11
86090,1,1
86091,-13,-13
86100,10,10
86101,1,1
86110,3,11
86111,1,-11
86120,10,10
86121,1,1
86130,-13,-13
86131,10,10
86140,2,11
86141,1,2
86150,1,1
86151,1,2
86160,11,11
86161,-11,-11
86170,0,0
86171,11,11
86180,-13,-333
86181,-13,-13
86190,11,11
86191,-13,-13
86200,1,1
86201,-11,-11
86210,1,1
86211,-11,-333
86220,-11,-13
86221,-11,-11
86230,0,0
86231,-11,0
86240,3,2
86241,11,11
86250,1,1
86251,1,1
86260,1,1
86261,1,1
86270,1,0
86271,0,0
86280,11,10
86281,-13,-13
86290,-11,1
86291,-11,-11
86300,-13,-13
86301,0,0
86310,2,1
86311,1,11
86320,-11,-11
86321,2,2
86330,-13,-13
86331,-11,-11
86340,11,11
86341,1,1
86350,1,11
86351,-11,-11
86360,1,1
86361,3,11
86370,10,10
86371,1,1
86380,-11,-11
86381,11,11
86390,11,11
86391,1,1
86400,11,11
86401,1,1
86410,1,11
86411,-13,-13
86420,-13,-13
86421,11,11
86430,11,11
86431,-11,-11
86440,1,1
86441,-11,-11
86450,-13,-13
86451,1,1
86460,-13,-13
86461,2,2
86470,-13,-13
86471,1,1
86480,2,11
86481,-11,-11
86490,0,1
86491,10,10
86500,1,1
86501,0,1
86510,11,11
86511,11,11
86520,1,1
86521,2,1
86530,-11,-11
86531,1,11
86540,1,1
86541,-13,-13
86550,1,1
86551,0,0
86560,-11,-11
86561,-11,-11
86570,10,10
86571,-11,-11
86580,1,1
86581,0,0
86590,2,11
86591,11,2
86600,-13,-13
86601,0,0
86610,10,10
86611,-13,-13
86620,2,2
86621,0,0
86630,1,1
86631,1,1
86640,1,1
86641,1,1
86650,2,1
86651,2,2
86660,-11,-11
86661,0,0
86670,-11,-11
86671,-11,-11
86680,1,1
86681,2,1
86690,-13,-13
86691,2,2
86700,1,1
86701,10,10
86710,1,1
86711,0,0
86720,-13,-13
86721,1,2
86730,2,2
86731,-13,-13
86740,1,1
86741,0,-11
86750,10,10
86751,0,0
86760,0,0
86761,-11,-11
86770,-13,-13
86771,1,1
86780,11,11
86781,1,11
86790,0,0
86791,-13,-13
86800,1,1
86801,10,10
86810,2,2
86811,1,1
86820,11,1
86821,-13,-13
86830,1,1
86831,1,1
86840,1,2
86841,2,1
86850,2,2
86851,-11,-13
86860,0,0
86861,-13,-13
86870,1,1
86871,0,-13
86880,-13,-13
86881,-13,-13
86890,1,10
86891,-11,-13
86900,-11,-11
86901,-13,-13
86910,1,11
86911,1,1
86920,-11,-11
86921,1,1
86930,-13,-13
86931,-13,-13
86940,1,1
86941,11,11
86950,-11,-333
86951,-11,-11
86960,10,1
86961,2,1
86970,1,1
86971,10,10
86980,1,10
86981,2,1
86990,1,1
86991,-11,-11
87000,10,10
87001,0,0
87010,1,1
87011,1,1
87020,1,2
87021,2,2
87030,1,1
87031,-11,-11
87040,0,10
87041,-13,-13
87050,-11,-11
87051,2,2
87060,-11,-11
87061,-13,-13
87070,-13,-13
87071,-11,-11
87080,0,0
87081,-11,-11
87090,-11,-11
87091,-13,-13
87100,-13,-13
87101,-11,-11
87110,1,1
87111,10,10
87120,2,2
87121,1,1
87130,1,1
87131,2,2
87140,10,10
87141,1,1
87150,1,1
87151,1,1
87160,-11,-11
87161,1,1
87170,1,11
87171,10,10
87180,11,11
87181,1,1
87190,-11,-11
87191,-11,-333
87200,1,1
87201,1,1
87210,-13,-13
87211,11,11
87220,11,11
87221,2,2
87230,1,1
87231,-11,-11
87240,1,1
87241,-13,-13
87250,-11,-11
87251,-11,-11
87260,-13,1
87261,1,10
87270,10,10
87271,1,1
87280,-13,-13
87281,1,11
87290,1,2
87291,2,1
87300,1,2
87301,-13,-13
87310,0,0
87311,2,2
87320,0,0
87321,-11,-11
87330,-13,-13
87331,-11,-11
87340,1,1
87341,-11,-11
87350,1,1
87351,-13,-13
87360,-11,-11
87361,-13,-13
87370,-13,-13
87371,-11,-11
87380,1,1
87381,-13,-13
87390,-13,1
87391,1,1
87400,-11,-11
87401,-11,-11
87410,-13,0
87411,-11,1
87420,1,1
87421,0,0
87430,-11,-11
87431,-13,-13
87440,-13,-13
87441,-11,-11
87450,1,1
87451,3,2
87460,-13,-13
87461,-13,-11
87470,1,1
87471,11,11
87480,1,-11
87481,-13,-13
87490,1,11
87491,1,1
87500,1,11
87501,0,0
87510,0,0
87511,1,1
87520,-13,-13
87521,1,1
87530,-13,-13
87531,-11,-11
87540,1,1
87541,-11,-11
87550,2,1
87551,-13,-13
87560,2,2
87561,-13,-13
87570,-11,-11
87571,0,1
87580,1,2
87581,-13,-13
87590,1,1
87591,0,0
87600,0,0
87601,-13,-13
87610,-11,1
87611,1,11
87620,-13,-13
87621,1,1
87630,-13,-13
87631,10,11
87640,-13,-13
87641,0,11
87650,10,10
87651,10,10
87660,-11,-11
87661,1,1
87670,-11,-11
87671,-11,-13
87680,-13,-13
87681,-11,-333
87690,-13,-13
87691,11,11
87700,0,0
87701,1,1
87710,1,11
87711,1,1
87720,-11,1
87721,10,10
87730,1,1
87731,1,1
87740,-11,-11
87741,3,2
87750,2,1
87751,-11,-11
87760,-13,1
87761,1,1
87770,-13,-13
87771,3,2
87780,1,1
87781,1,1
87790,10,10
87791,-11,-11
87800,-11,-11
87801,-11,-11
87810,10,10
87811,1,1
87820,-13,-13
87821,-11,-11
87830,11,11
87831,1,1
87840,11,11
87841,1,1
87850,-11,1
87851,1,1
87860,2,2
87861,1,1
87870,2,11
87871,0,0
87880,-11,-11
87881,2,2
87890,4,2
87891,2,11
87900,0,0
87901,-13,-13
87910,1,10
87911,-13,-13
87920,-11,-13
87921,1,1
87930,-13,-13
87931,1,1
87940,-13,-13
87941,1,1
87950,0,0
87951,1,1
87960,1,1
87961,0,0
87970,1,1
87971,2,1
87980,2,2
87981,1,1
87990,10,10
87991,2,1
88000,1,1
88001,-11,-11
88010,11,11
88011,0,0
88020,-11,-11
88021,-11,1
88030,-13,-13
88031,2,2
88040,1,1
88041,-13,-13
88050,0,0
88051,10,10
88060,-11,-11
88061,0,0
88070,10,10
88071,-11,-11
88080,1,1
88081,1,1
88090,10,10
88091,1,10
88100,-13,-13
88101,-11,-11
88110,0,0
88111,0,0
88120,-13,-13
88121,-11,-11
88130,-13,-13
88131,-13,-13
88140,11,11
88141,1,1
88150,11,11
88151,1,1
88160,10,10
88161,-13,-13
88170,0,0
88171,10,10
88180,10,10
88181,2,1
88190,2,2
88191,1,1
88200,2,1
88201,11,11
88210,1,1
88211,1,1
88220,-11,-11
88221,-11,-11
88230,11,10
88231,0,0
88240,1,1
88241,-13,-13
88250,0,0
88251,10,10
88260,-13,-13
88261,1,1
88270,2,1
88271,2,2
88280,1,-11
88281,-13,-13
88290,-11,-11
88291,1,1
88300,1,1
88301,1,1
88310,1,2
88311,-11,-11
88320,-13,-13
88321,0,0
88330,0,0
88331,0,10
88340,10,10
88341,1,11
88350,0,0
88351,-11,1
88360,-11,-11
88361,0,1
88370,-13,-13
88371,1,1
88380,0,0
88381,1,1
88390,0,0
88391,1,1
88400,-13,-13
88401,0,11
88410,0,0
88411,-13,-13
88420,-13,-13
88421,-13,-13
88430,-11,-11
88431,1,1
88440,2,2
88441,2,1
88450,1,1
88451,11,11
88460,1,1
88461,0,1
88470,-11,-11
88471,-13,-13
88480,-11,-11
88481,0,0
88490,-13,-13
88491,-11,-11
88500,1,1
88501,1,1
88510,1,1
88511,1,1
88520,-13,-13
88521,0,0
88530,-11,-11
88531,1,1
88540,-11,-11
88541,1,11
88550,2,2
88551,1,1
88560,2,2
88561,2,11
88570,11,11
88571,1,1
88580,0,-13
88581,1,11
88590,2,1
88591,2,2
88600,-11,-11
88601,-13,-13
88610,2,1
88611,-11,-11
88620,0,0
88621,-11,-11
88630,0,0
88631,10,10
88640,-11,-11
88641,0,11
88650,-13,-13
88651,-11,-11
88660,1,1
88661,-13,-13
88670,10,10
88671,-11,-11
88680,-13,-13
88681,-13,-13
88690,-13,-13
88691,-13,-13
88700,0,0
88701,0,0
88710,1,1
88711,11,11
88720,1,-333
88721,-13,-13
88730,-11,-13
88731,1,-222
88740,1,1
88741,1,2
88750,0,-13
88751,1,11
88760,-13,-13
88761,0,0
88770,10,11
88771,-13,-13
88780,2,1
88781,1,1
88790,1,2
88791,10,10
88800,1,1
88801,-11,-11
88810,10,10
88811,-11,-11
88820,-11,-11
88821,-11,-11
88830,-13,-13
88831,0,0
88840,-11,-11
88841,-13,-13
88850,11,10
88851,10,10
88860,-13,-13
88861,-13,-13
88870,1,2
88871,1,1
88880,0,0
88881,-11,-11
88890,1,-222
88891,11,11
88900,2,2
88901,-13,-333
88910,2,1
88911,-13,-13
88920,1,1
88921,1,2
88930,0,0
88931,-13,-13
88940,-13,-13
88941,-13,-13
88950,10,10
88951,-13,-13
88960,1,2
88961,0,0
88970,-13,-13
88971,1,1
88980,1,1
88981,-11,-11
88990,2,10
88991,1,1
89000,1,1
89001,-13,1
89010,-11,1
89011,2,2
89020,1,11
89021,-11,-11
89030,-13,-13
89031,1,1
89040,1,-333
89041,1,10
89050,1,-333
89051,1,1
89060,1,1
89061,-13,-13
89070,10,10
89071,1,1
89080,1,1
89081,1,0
89090,1,1
89091,1,1
89100,-13,-13
89101,1,1
89110,10,10
89111,1,1
89120,1,1
89121,0,0
89130,1,2
89131,2,1
89140,1,1
89141,-11,-11
89150,-11,-11
89151,1,1
89160,11,11
89161,11,11
89170,3,2
89171,1,1
89180,11,1
89181,11,1
89190,-11,-11
89191,2,1
89200,0,0
89201,1,1
89210,2,2
89211,2,2
89220,-13,-13
89221,-11,-11
89230,1,1
89231,1,-333
89240,-13,-13
89241,-13,-13
89250,2,-11
89251,1,0
89260,2,2
89261,-13,-13
89270,1,1
89271,1,1
89280,-11,-11
89281,11,11
89290,-11,-11
89291,-11,-11
89300,2,1
89301,-11,-11
89310,-11,-11
89311,-11,-11
89320,1,1
89321,-13,-13
89330,1,1
89331,2,2
89340,-11,-11
89341,0,0
89350,-13,-13
89351,1,2
89360,1,0
89361,-13,-13
89370,-11,-11
89371,10,10
89380,10,10
89381,0,0
89390,-13,-333
89391,-13,-13
89400,-11,-11
89401,2,1
89410,10,11
89411,-11,-11
89420,-11,-11
89421,-11,-11
89430,-11,-11
89431,0,1
89440,0,1
89441,1,1
89450,-11,-11
89451,2,1
89460,-11,-11
89461,-11,-11
89470,0,0
89471,3,11
89480,1,1
89481,1,-333
89490,1,1
89491,2,2
89500,-11,-11
89501,1,1
89510,10,11
89511,1,1
89520,0,0
89521,-11,-11
89530,1,1
89531,0,0
89540,12,11
89541,-11,-11
89550,-13,-333
89551,-13,-13
89560,-13,-13
89561,10,10
89570,11,11
89571,-13,-13
89580,-13,-13
89581,1,1
89590,-13,-13
89591,-13,-13
89600,2,2
89601,-11,-11
89610,1,1
89611,1,2
89620,1,1
89621,2,-11
89630,2,1
89631,2,2
89640,-13,-13
89641,1,0
89650,1,1
89651,0,0
89660,-11,-11
89661,1,2
89670,-11,-11
89671,0,-11
89680,0,0
89681,2,1
89690,1,1
89691,-13,-13
89700,-11,-11
89701,-13,-13
89710,1,1
89711,-11,-11
89720,10,10
89721,-13,0
89730,1,1
89731,1,11
89740,2,1
89741,0,1
89750,1,1
89751,-11,-11
89760,2,2
89761,4,2
89770,1,1
89771,-11,-11
89780,-13,-13
89781,1,1
89790,0,2
89791,1,1
89800,-11,-11
89801,1,1
89810,-13,-13
89811,1,1
89820,-13,-13
89821,-11,-11
89830,2,1
89831,1,1
89840,-13,-13
89841,-13,-13
89850,2,11
89851,2,1
89860,1,1
89861,1,2
89870,2,2
89871,1,1
89880,-13,-13
89881,-13,-13
89890,0,0
89891,3,11
89900,1,1
89901,-11,-11
89910,-11,-11
89911,-13,-13
89920,-11,-11
89921,-13,-13
89930,-11,-11
89931,0,0
89940,-13,-13
89941,3,2
89950,0,0
89951,1,1
89960,10,11
89961,11,11
89970,-13,-13
89971,-13,-13
89980,1,1
89981,1,1
89990,1,2
89991,0,0
90000,-11,-11
90001,-11,-11
90010,1,2
90011,1,1
90020,0,0
90021,-11,-11
90030,1,1
90031,-11,-11
90040,-13,-13
90041,10,10
90050,1,1
90051,1,1
90060,2,11
90061,2,1
90070,1,1
90071,10,10
90080,1,1
90081,1,11
90090,-13,-13
90091,0,0
90100,0,1
90101,-13,-13
90110,10,10
90111,-11,-333
90120,0,0
90121,1,2
90130,1,-11
90131,1,1
90140,10,10
90141,1,1
90150,2,1
90151,-13,-13
90160,2,2
90161,1,1
90170,1,1
90171,2,1
90180,-13,-13
90181,10,11
90190,1,2
90191,-11,-11
90200,-13,-13
90201,1,1
90210,-13,-13
90211,10,10
90220,1,1
90221,1,1
90230,1,1
90231,11,11
90240,1,1
90241,-11,-11
90250,1,1
90251,1,1
90260,10,10
90261,-13,-13
90270,1,1
90271,-13,-13
90280,2,1
90281,-13,-13
90290,1,1
90291,-11,-11
90300,2,1
90301,-13,-13
90310,0,-11
90311,1,1
90320,1,1
90321,-11,-11
90330,10,11
90331,10,10
90340,10,10
90341,-13,-13
90350,1,1
90351,-11,-11
90360,10,10
90361,-11,-11
90370,-11,-11
90371,10,10
90380,-13,-13
90381,1,1
90390,-11,-11
90391,11,11
90400,11,10
90401,-13,-13
90410,10,11
90411,1,1
90420,-11,-11
90421,1,1
90430,-11,-11
90431,10,10
90440,2,2
90441,-11,-11
90450,10,10
90451,0,0
90460,-11,-11
90461,-11,-11
90470,-13,-13
90471,1,2
90480,10,10
90481,11,11
90490,1,11
90491,1,1
90500,1,0
90501,-13,-13
90510,1,1
90511,-11,1
90520,10,10
90521,-13,-13
90530,1,1
90531,1,1
90540,-13,-13
90541,-11,-11
90550,2,1
90551,0,0
90560,2,2
90561,1,10
90570,10,10
90571,-13,-13
90580,1,1
90581,1,1
90590,-11,-11
90591,10,-222
90600,1,11
90601,10,11
90610,2,1
90611,0,0
90620,2,2
90621,1,1
90630,-11,-11
90631,0,0
90640,2,11
90641,0,-11
90650,-11,-11
90651,1,1
90660,2,2
90661,0,0
90670,11,2
90671,0,11
90680,1,1
90681,-13,-13
90690,10,10
90691,0,0
90700,1,1
90701,1,1
90710,0,0
90711,-13,-13
90720,-11,-11
90721,-11,-11
90730,11,11
90731,0,-13
90740,-13,-11
90741,-11,1
90750,1,1
90751,-13,-13
90760,-13,-13
90761,-11,-11
90770,1,1
90771,-11,-11
90780,-11,1
90781,0,1
90790,-11,-13
90791,1,1
90800,-11,-11
90801,1,1
90810,2,11
90811,1,1
90820,10,10
90821,-11,-11
90830,10,10
90831,1,1
90840,-11,-11
90841,1,1
90850,0,0
90851,-11,-11
90860,-11,-11
90861,-13,-13
90870,1,1
90871,10,10
90880,10,10
90881,0,0
90890,0,0
90891,-13,-13
90900,2,2
90901,0,0
90910,1,1
90911,11,10
90920,1,1
90921,1,1
90930,1,1
90931,-11,1
90940,-13,-13
90941,1,1
90950,-13,-13
90951,-11,-11
90960,10,10
90961,-13,1
90970,1,1
90971,-13,1
90980,-11,-333
90981,-11,0
90990,10,11
90991,-13,-333
91000,-11,-11
91001,1,1
91010,1,1
91011,10,10
91020,-13,-13
91021,1,1
91030,-13,-13
91031,1,1
91040,-11,-13
91041,0,0
91050,-11,-11
91051,-11,-11
91060,1,1
91061,2,1
91070,1,2
91071,1,-333
91080,1,2
91081,-13,-13
91090,0,0
91091,-13,-13
91100,-11,-11
91101,0,0
91110,0,0
91111,-11,-11
91120,-13,-13
91121,-13,-13
91130,10,10
91131,-11,-11
91140,1,1
91141,-11,-11
91150,1,1
91151,1,1
91160,1,1
91161,0,0
91170,-13,-13
91171,-11,-11
91180,11,10
91181,10,10
91190,0,0
91191,2,2
91200,2,2
91201,-11,-11
91210,-11,-11
91211,-11,-11
91220,2,1
91221,11,10
91230,-11,-11
91231,-11,-11
91240,-13,-13
91241,11,11
91250,1,-11
91251,-11,-222
91260,1,1
91261,1,1
91270,-11,-11
91271,11,10
91280,1,1
91281,-11,-11
91290,-13,-13
91291,-13,0
91300,1,1
91301,0,0
91310,1,1
91311,1,1
91320,-13,-13
91321,-11,-11
91330,-11,1
91331,-13,0
91340,2,1
91341,-13,-13
91350,10,10
91351,10,10
91360,-13,-13
91361,-13,-333
91370,-11,-11
91371,11,10
91380,-11,1
91381,1,10
91390,2,2
91391,11,11
91400,2,1
91401,-11,-11
91410,2,1
91411,0,0
91420,-11,-11
91421,-11,-11
91430,1,2
91431,-11,-11
91440,-11,-11
91441,0,-11
91450,1,1
91451,1,1
91460,11,11
91461,2,2
91470,11,-222
91471,11,10
91480,2,2
91481,10,10
91490,1,1
91491,10,11
91500,-13,-13
91501,0,0
91510,0,0
91511,10,10
91520,2,2
91521,-13,-13
91530,-11,-11
91531,-11,-11
91540,2,2
91541,-13,-13
91550,0,11
91551,10,10
91560,1,1
91561,-11,-11
91570,3,11
91571,10,10
91580,0,0
91581,-13,-13
91590,0,-11
91591,-11,-333
91600,1,1
91601,1,1
91610,-11,-11
91611,0,1
91620,-11,-11
91621,11,11
91630,0,10
91631,-11,-11
91640,1,1
91641,1,1
91650,-11,-11
91651,-13,-13
91660,1,11
91661,10,11
91670,0,11
91671,-11,-11
91680,1,1
91681,1,-11
91690,11,10
91691,10,10
91700,0,0
91701,1,1
91710,1,1
91711,2,1
91720,-13,-13
91721,1,1
91730,0,0
91731,1,1
91740,1,1
91741,10,10
91750,2,11
91751,10,10
91760,0,0
91761,-13,-13
91770,-11,-11
91771,-13,-13
91780,0,0
91781,-13,-13
91790,-13,-13
91791,-11,-11
91800,-11,-11
91801,-13,-13
91810,-13,-13
91811,-11,-11
91820,10,10
91821,10,10
91830,-11,-11
91831,2,1
91840,1,10
91841,0,0
91850,2,2
91851,-13,-13
91860,-11,-11
91861,10,10
91870,2,1
91871,-13,-13
91880,-11,-11
91881,1,1
91890,1,11
91891,1,1
91900,-11,-11
91901,0,0
91910,-11,-11
91911,1,1
91920,1,1
91921,1,1
91930,1,1
91931,1,1
91940,2,1
91941,-13,-13
91950,-11,-11
91951,-13,-13
91960,-13,-13
91961,10,11
91970,-11,-11
91971,1,1
91980,2,11
91981,1,1
91990,2,11
91991,0,0
92000,-11,-11
92001,10,10
92010,-13,-13
92011,1,1
92020,1,2
92021,1,1
92030,-11,-11
92031,-11,-11
92040,1,1
92041,10,10
92050,11,10
92051,0,0
92060,-11,-11
92061,-11,-11
92070,-11,0
92071,1,1
92080,-13,-13
92081,1,1
92090,0,0
92091,-11,-11
92100,0,0
92101,1,1
92110,-11,-11
92111,1,1
92120,2,11
92121,10,10
92130,0,0
92131,1,1
92140,0,0
92141,2,2
92150,1,1
92151,11,11
92160,1,1
92161,1,1
92170,-11,-11
92171,-11,-11
92180,1,1
92181,1,1
92190,0,0
92191,-13,-13
92200,11,10
92201,-13,-13
92210,1,1
92211,1,1
92220,2,1
92221,-13,-13
92230,1,1
92231,1,1
92240,10,10
92241,0,0
92250,1,10
92251,2,11
92260,-11,-11
92261,11,2
92270,-11,-11
92271,-11,-11
92280,-13,-13
92281,0,0
92290,0,10
92291,-13,-13
92300,1,1
92301,-11,-11
92310,-13,-13
92311,11,11
92320,0,0
92321,-11,-11
92330,-13,-13
92331,-13,0
92340,2,2
92341,10,11
92350,-11,-11
92351,0,0
92360,-13,-13
92361,1,1
92370,2,1
92371,0,0
92380,1,1
92381,-11,-11
92390,1,1
92391,-13,-13
92400,2,1
92401,-11,-11
92410,0,0
92411,10,10
92420,2,1
92421,1,11
92430,1,1
92431,0,0
92440,10,10
92441,-13,-333
92450,3,2
92451,1,1
92460,2,2
92461,1,1
92470,1,1
92471,-13,-13
92480,10,11
92481,0,1
92490,10,11
92491,1,1
92500,10,11
92501,3,11
92510,1,1
92511,0,0
92520,-11,-11
92521,1,1
92530,11,11
92531,0,0
92540,2,1
92541,-1,10
92550,-13,-13
92551,0,0
92560,-11,-11
92561,2,2
92570,0,0
92571,1,1
92580,0,0
92581,-13,-13
92590,-13,-13
92591,-13,-13
92600,-11,-11
92601,10,10
92610,11,10
92611,-11,-11
92620,1,1
92621,-11,-11
92630,1,1
92631,2,2
92640,11,11
92641,1,1
92650,10,10
92651,1,0
92660,2,1
92661,-13,-13
92670,10,10
92671,1,1
92680,11,10
92681,10,10
92690,1,0
92691,-13,-13
92700,10,10
92701,1,-333
92710,-13,-13
92711,0,0
92720,10,10
92721,2,1
92730,-11,-11
92731,1,1
92740,10,11
92741,-11,-11
92750,1,1
92751,2,2
92760,-13,-13
92761,1,1
92770,-13,-13
92771,-13,-13
92780,1,2
92781,-13,-13
92790,10,10
92791,-13,-13
92800,-13,-13
92801,0,0
92810,-11,-11
92811,1,1
92820,2,1
92821,-13,-13
92830,2,2
92831,1,1
92840,1,1
92841,1,1
92850,10,10
92851,-13,-13
92860,1,1
92861,1,1
92870,11,11
92871,0,-13
92880,-11,-11
92881,11,10
92890,-13,-13
92891,1,1
92900,-11,-11
92901,-11,-11
92910,-11,-11
92911,0,0
92920,1,2
92921,11,11
92930,10,10
92931,-11,-11
92940,-11,-11
92941,-13,0
92950,-11,-11
92951,2,1
92960,-13,-13
92961,1,1
92970,-13,-13
92971,1,1
92980,0,0
92981,-11,-11
92990,-13,-13
92991,1,1
93000,0,10
93001,-13,-13
93010,1,2
93011,10,10
93020,1,1
93021,-11,-11
93030,1,1
93031,-11,-11
93040,10,10
93041,-13,-13
93050,-11,-11
93051,11,11
93060,1,10
93061,-13,-13
93070,-11,-11
93071,2,2
93080,-13,-13
93081,1,1
93090,-11,-11
93091,1,1
93100,-13,-13
93101,1,1
93110,-13,-13
93111,-11,-11
93120,10,10
93121,2,2
93130,1,1
93131,11,10
93140,11,11
93141,0,0
93150,10,10
93151,-11,-11
93160,2,2
93161,1,1
93170,-11,-11
93171,-11,-11
93180,10,10
93181,-11,-333
93190,2,1
93191,1,1
93200,-13,-13
93201,2,1
93210,10,10
93211,10,11
93220,-13,-13
93221,2,1
93230,-13,-13
93231,-11,-11
93240,2,11
93241,-11,-11
93250,-13,-13
93251,1,1
93260,10,10
93261,1,1
93270,-13,-13
93271,-13,-13
93280,-13,-13
93281,0,1
93290,-13,-13
93291,-13,-13
93300,1,1
93301,-13,-13
93310,1,1
93311,1,1
93320,10,10
93321,10,10
93330,0,0
93331,-11,-11
93340,1,1
93341,1,1
93350,1,0
93351,0,0
93360,-11,-11
93361,2,2
93370,2,1
93371,1,1
93380,1,2
93381,-13,-13
93390,1,1
93391,11,10
93400,-11,-13
93401,1,-11
93410,10,10
93411,2,1
93420,1,1
93421,0,10
93430,10,10
93431,1,2
93440,-11,0
93441,1,0
93450,-11,-11
93451,-13,-13
93460,0,0
93461,11,10
93470,10,10
93471,0,1
93480,10,10
93481,1,1
93490,0,0
93491,2,1
93500,1,1
93501,10,10
93510,-13,-11
93511,2,2
93520,2,1
93521,1,1
93530,4,2
93531,0,0
93540,1,1
93541,11,10
93550,-13,-13
93551,1,1
93560,-11,-13
93561,-13,-13
93570,1,1
93571,0,0
93580,1,1
93581,1,1
93590,2,-333
93591,0,1
93600,0,0
93601,2,1
93610,12,11
93611,0,-13
93620,-13,-13
93621,10,10
93630,3,11
93631,0,0
93640,2,1
93641,1,1
93650,-11,-11
93651,0,1
93660,1,2
93661,-13,-13
93670,10,10
93671,-13,-13
93680,-11,-11
93681,1,1
93690,-13,-13
93691,2,1
93700,-13,-13
93701,1,1
93710,0,0
93711,-11,-11
93720,0,0
93721,1,1
93730,0,0
93731,10,10
93740,-13,-13
93741,-11,-11
93750,0,0
93751,1,2
93760,-13,-13
93761,-11,-11
93770,-13,-13
93771,-13,-13
93780,-11,1
93781,-13,-13
93790,1,1
93791,-13,-13
93800,1,1
93801,-11,-11
93810,1,1
93811,1,1
93820,0,0
93821,2,2
93830,1,2
93831,0,0
93840,-11,-11
93841,-13,-13
93850,1,1
93851,0,0
93860,11,11
93861,10,10
93870,-11,-11
93871,1,0
93880,0,10
93881,0,0
93890,0,0
93891,10,11
93900,2,1
93901,1,1
93910,-11,-11
93911,-11,-11
93920,-11,1
93921,1,1
93930,-13,-13
93931,-11,-11
93940,0,0
93941,10,10
93950,2,10
93951,1,1
93960,-11,-11
93961,1,1
93970,2,10
93971,-13,-13
93980,-13,-13
93981,10,10
93990,10,10
93991,0,0
94000,-11,-11
94001,-11,-11
94010,1,1
94011,-11,-11
94020,-13,-13
94021,0,0
94030,0,0
94031,10,10
94040,10,10
94041,1,1
94050,0,0
94051,1,1
94060,-11,-11
94061,11,10
94070,1,1
94071,10,10
94080,-11,-11
94081,0,0
94090,-11,-11
94091,1,1
94100,-11,-11
94101,11,10
94110,1,1
94111,10,10
94120,-11,-11
94121,-13,-13
94130,3,2
94131,10,10
94140,10,10
94141,0,0
94150,-11,-11
94151,1,1
94160,-13,-13
94161,1,1
94170,-13,-13
94171,-13,-13
94180,-13,-13
94181,-11,-11
94190,0,1
94191,2,2
94200,1,0
94201,10,10
94210,1,11
94211,1,1
94220,1,1
94221,11,11
94230,-11,-11
94231,-13,-13
94240,10,10
94241,1,1
94250,-11,-13
94251,1,1
94260,10,10
94261,1,1
94270,10,10
94271,1,2
94280,-13,-13
94281,-11,-11
94290,0,0
94291,0,1
94300,0,0
94301,1,1
94310,-11,-11
94311,1,1
94320,-11,-11
94321,-13,-13
94330,0,0
94331,3,2
94340,-11,-11
94341,2,2
94350,1,1
94351,1,11
94360,-13,-13
94361,-13,-13
94370,-13,-13
94371,2,2
94380,-13,-13
94381,1,1
94390,2,11
94391,0,0
94400,10,10
94401,-13,-13
94410,0,2
94411,0,0
94420,1,1
94421,12,11
94430,1,1
94431,0,0
94440,1,1
94441,0,0
94450,0,10
94451,0,11
94460,10,10
94461,2,2
94470,2,1
94471,-13,-13
94480,-11,-11
94481,0,10
94490,0,0
94491,-11,-11
94500,0,0
94501,-11,-11
94510,0,0
94511,2,1
94520,0,0
94521,0,0
94530,1,0
94531,-11,-11
94540,1,1
94541,-11,-11
94550,-11,-11
94551,-13,-13
94560,-11,-333
94561,0,0
94570,1,1
94571,10,10
94580,1,1
94581,1,1
94590,-13,-13
94591,-13,-13
94600,-13,-13
94601,1,1
94610,-11,-11
94611,-13,-13
94620,-13,-13
94621,2,2
94630,0,0
94631,-11,-11
94640,0,1
94641,2,1
94650,1,1
94651,2,2
94660,-11,-11
94661,-13,-13
94670,-13,-13
94671,-13,-13
94680,11,11
94681,-11,-11
94690,10,10
94691,1,-11
94700,0,0
94701,-11,-11
94710,10,11
94711,-13,-13
94720,2,2
94721,-11,-11
94730,-11,-11
94731,1,1
94740,1,1
94741,1,1
94750,0,0
94751,-11,-11
94760,-13,-13
94761,10,10
94770,-13,-13
94771,0,0
94780,-13,1
94781,2,2
94790,10,10
94791,0,0
94800,11,11
94801,11,11
94810,11,10
94811,0,0
94820,2,1
94821,-11,0
94830,-13,-13
94831,11,11
94840,-13,-13
94841,-13,-13
94850,11,10
94851,-13,1
94860,-11,-11
94861,10,10
94870,1,1
94871,2,2
94880,2,1
94881,1,1
94890,0,0
94891,1,1
94900,-13,-13
94901,10,10
94910,10,10
94911,1,1
94920,1,1
94921,0,-11
94930,11,11
94931,-11,-11
94940,-11,-11
94941,0,0
94950,1,0
94951,10,-11
94960,1,1
94961,10,10
94970,-13,1
94971,-13,-333
94980,1,1
94981,0,1
94990,3,2
94991,2,2
95000,1,10
95001,2,1
95010,10,10
95011,-11,-11
95020,2,1
95021,10,10
95030,1,1
95031,0,11
95040,-13,-13
95041,1,2
95050,-13,-13
95051,-11,0
95060,-11,-11
95061,-11,-11
95070,2,2
95071,1,1
95080,2,1
95081,10,10
95090,0,0
95091,-11,-11
95100,-11,-11
95101,0,0
95110,0,0
95111,-13,-13
95120,1,1
95121,1,1
95130,2,1
95131,0,0
95140,2,2
95141,-13,-13
95150,-11,-11
95151,11,10
95160,-11,-11
95161,-11,-11
95170,1,1
95171,-11,-11
95180,1,2
95181,1,1
95190,-11,-11
95191,0,0
95200,-13,-13
95201,11,10
95210,-11,-11
95211,-11,-11
95220,0,0
95221,-13,-13
95230,-13,-13
95231,10,11
95240,0,0
95241,-13,-13
95250,0,1
95251,-13,-13
95260,1,1
95261,0,0
95270,1,1
95271,1,1
95280,-11,-11
95281,0,0
95290,1,1
95291,1,1
95300,1,1
95301,1,1
95310,10,10
95311,1,1
95320,-11,-11
95321,-11,-11
95330,0,0
95331,-11,-11
95340,-11,-11
95341,-11,-11
95350,0,0
95351,1,1
95360,2,1
95361,2,1
95370,2,1
95371,1,1
95380,1,1
95381,0,0
95390,2,2
95391,1,1
95400,3,1
95401,-13,0
95410,-13,-13
95411,1,-11
95420,-11,-11
95421,-11,-11
95430,0,0
95431,1,1
95440,-13,-13
95441,11,11
95450,0,1
95451,1,1
95460,0,0
95461,1,1
95470,0,10
95471,10,10
95480,1,1
95481,-13,-13
95490,2,2
95491,1,1
95500,2,2
95501,-13,-13
95510,-11,-11
95511,2,11
95520,-13,-333
95521,1,1
95530,2,1
95531,10,10
95540,1,1
95541,0,-13
95550,11,11
95551,10,10
95560,1,1
95561,3,2
95570,-13,-13
95571,2,1
95580,11,11
95581,-13,-13
95590,-11,-11
95591,-11,-333
95600,11,11
95601,1,1
95610,-11,-333
95611,2,2
95620,11,10
95621,11,10
95630,1,1
95631,-11,-11
95640,-11,-11
95641,1,2
95650,10,10
95651,-11,0
95660,1,1
95661,0,10
95670,1,1
95671,-13,-13
95680,1,1
95681,-11,-11
95690,1,1
95691,-11,-11
95700,-13,-13
95701,10,10
95710,1,1
95711,-11,-11
95720,-13,-13
95721,11,11
95730,0,1
95731,0,0
95740,-11,-11
95741,0,10
95750,0,0
95751,-11,-11
95760,10,-11
95761,0,11
95770,1,1
95771,1,1
95780,1,1
95781,-13,-13
95790,-11,1
95791,10,10
95800,-11,-11
95801,-13,-13
95810,-13,-13
95811,-13,-13
95820,-11,-11
95821,0,0
95830,1,1
95831,11,11
95840,2,2
95841,1,1
95850,-11,-11
95851,-11,-11
95860,1,1
95861,1,1
95870,1,2
95871,2,1
95880,1,1
95881,-11,-11
95890,-11,1
95891,1,1
95900,1,1
95901,1,1
95910,2,2
95911,-11,-11
95920,1,1
95921,-11,-11
95930,1,1
95931,1,1
95940,1,1
95941,-11,-11
95950,1,1
95951,-13,-13
95960,2,2
95961,1,1
95970,3,11
95971,11,10
95980,1,1
95981,11,11
95990,10,10
95991,-13,-13
96000,-13,-13
96001,0,0
96010,0,0
96011,1,1
96020,0,-11
96021,-11,-11
96030,-11,-11
96031,1,1
96040,0,0
96041,-13,-13
96050,1,1
96051,0,0
96060,-11,-11
96061,11,11
96070,1,1
96071,1,1
96080,-13,-13
96081,-11,-11
96090,1,10
96091,1,1
96100,-11,-11
96101,1,1
96110,-13,-13
96111,12,11
96120,10,10
96121,1,1
96130,10,10
96131,1,1
96140,1,1
96141,2,1
96150,-11,-11
96151,0,1
96160,-11,-11
96161,11,11
96170,1,11
96171,-11,-11
96180,-13,-13
96181,2,2
96190,1,1
96191,-13,1
96200,2,1
96201,10,10
96210,1,1
96211,-13,-13
96220,1,1
96221,2,11
96230,1,1
96231,-11,-11
96240,-11,-11
96241,1,1
96250,1,1
96251,1,1
96260,1,1
96261,-13,-13
96270,2,1
96271,0,0
96280,1,0
96281,-11,-11
96290,-11,-11
96291,-11,-11
96300,1,1
96301,0,0
96310,1,1
96311,10,10
96320,0,0
96321,1,1
96330,-13,-13
96331,-11,-11
96340,1,1
96341,11,11
96350,-13,-13
96351,1,1
96360,10,10
96361,0,10
96370,0,0
96371,1,1
96380,1,1
96381,-13,-13
96390,1,1
96391,1,1
96400,10,11
96401,1,11
96410,10,10
96411,1,1
96420,1,1
96421,-11,-11
96430,2,2
96431,10,10
96440,0,0
96441,0,0
96450,1,1
96451,1,1
96460,1,1
96461,3,11
96470,0,0
96471,2,2
96480,-13,-13
96481,-11,-11
96490,10,11
96491,-13,-13
96500,0,1
96501,-11,-11
96510,1,1
96511,-11,-11
96520,-11,-11
96521,1,1
96530,-11,-11
96531,-13,-13
96540,10,10
96541,1,1
96550,-11,-11
96551,2,2
96560,-13,-13
96561,3,2
96570,10,10
96571,-11,-11
96580,11,11
96581,1,1
96590,2,-333
96591,-11,-11
96600,11,11
96601,-13,-13
96610,0,-13
96611,1,2
96620,-13,-13
96621,-13,-13
96630,11,11
96631,-13,-13
96640,0,-11
96641,-13,-13
96650,10,10
96651,11,1
96660,-13,-13
96661,1,1
96670,-13,-13
96671,-13,-13
96680,0,1
96681,1,1
96690,10,10
96691,-11,-11
96700,0,0
96701,-13,-13
96710,0,0
96711,3,2
96720,-13,-13
96721,-13,-13
96730,1,1
96731,1,1
96740,10,10
96741,11,10
96750,-11,-11
96751,-13,-13
96760,1,1
96761,0,0
96770,0,1
96771,0,0
96780,0,0
96781,2,2
96790,-13,-13
96791,-11,-11
96800,1,1
96801,-13,-13
96810,2,2
96811,10,0
96820,-13,-13
96821,-11,-11
96830,1,1
96831,1,1
96840,2,1
96841,1,1
96850,0,0
96851,2,2
96860,1,1
96861,-13,-13
96870,-13,-13
96871,-13,-13
96880,2,2
96881,11,1
96890,-11,-333
96891,2,1
96900,11,1
96901,0,0
96910,-11,-11
96911,-11,-11
96920,-13,-13
96921,-11,-11
96930,11,11
96931,-11,-11
96940,2,1
96941,0,0
96950,0,0
96951,1,1
96960,2,2
96961,0,0
96970,10,10
96971,0,0
96980,2,2
96981,0,0
96990,2,1
96991,11,11
97000,-13,-13
97001,-11,-11
97010,-11,-11
97011,-11,-11
97020,0,0
97021,1,1
97030,1,1
97031,-11,-11
97040,-13,-13
97041,-13,-13
97050,1,1
97051,-11,-11
97060,10,10
97061,1,1
97070,0,0
97071,1,0
97080,1,1
97081,-13,-13
97090,11,10
97091,-13,-13
97100,-13,-11
97101,2,2
97110,-11,-11
97111,1,1
97120,1,0
97121,2,2
97130,1,1
97131,-11,-11
97140,1,1
97141,-13,-13
97150,10,10
97151,1,2
97160,10,10
97161,0,1
97170,1,1
97171,0,0
97180,-13,-13
97181,1,1
97190,11,1
97191,1,1
97200,-13,-13
97201,-11,1
97210,11,10
97211,-11,-11
97220,-11,-11
97221,1,1
97230,-11,-11
97231,1,1
97240,-13,-13
97241,-11,-11
97250,-11,1
97251,1,1
97260,1,1
97261,1,1
97270,2,2
97271,-13,-13
97280,11,10
97281,10,11
97290,0,0
97291,10,10
97300,11,11
97301,-11,1
97310,-13,-13
97311,1,2
97320,2,2
97321,11,11
97330,11,10
97331,-11,-11
97340,-13,-13
97341,-13,-13
97350,-13,-13
97351,-13,-13
97360,1,11
97361,11,11
97370,1,1
97371,0,1
97380,0,10
97381,2,2
97390,10,10
97391,-13,-13
97400,1,1
97401,10,10
97410,1,1
97411,2,2
97420,0,0
97421,-13,-13
97430,1,1
97431,0,0
97440,-11,-11
97441,-13,-13
97450,2,2
97451,-13,-13
97460,2,1
97461,0,1
97470,1,1
97471,-13,-11
97480,-11,-11
97481,-13,-13
97490,1,11
97491,2,1
97500,-11,-11
97501,-11,-11
97510,10,10
97511,0,0
97520,2,2
97521,1,1
97530,-11,-11
97531,0,11
97540,1,1
97541,0,0
97550,-11,-11
97551,1,1
97560,2,1
97561,1,1
97570,1,1
97571,1,2
97580,10,11
97581,2,2
97590,1,1
97591,1,1
97600,-11,-11
97601,1,2
97610,1,1
97611,1,0
97620,0,0
97621,-11,-11
97630,-11,-11
97631,-13,-13
97640,-11,-11
97641,1,11
97650,-11,-11
97651,-13,-13
97660,-11,-11
97661,1,1
97670,1,1
97671,1,1
97680,1,1
97681,10,10
97690,0,0
97691,-11,-11
97700,2,11
97701,1,1
97710,-11,-11
97711,1,1
97720,1,1
97721,1,-11
97730,10,10
97731,0,0
97740,1,1
97741,-13,-13
97750,-11,-11
97751,2,2
97760,2,1
97761,1,1
97770,1,1
97771,1,10
97780,2,2
97781,1,1
97790,1,1
97791,1,-11
97800,-13,-13
97801,10,10
97810,-11,-11
97811,10,10
97820,10,11
97821,11,11
97830,-11,-11
97831,-11,-11
97840,0,1
97841,-13,-13
97850,1,1
97851,0,0
97860,-13,-13
97861,-13,-13
97870,2,2
97871,-11,-11
97880,0,1
97881,1,1
97890,1,11
97891,-11,-11
97900,1,1
97901,-13,-13
97910,2,1
97911,1,1
97920,-13,-13
97921,10,1
97930,10,10
97931,12,11
97940,1,1
97941,-11,-11
97950,10,10
97951,0,10
97960,10,11
97961,2,2
97970,2,2
97971,10,10
97980,1,1
97981,11,11
97990,2,2
97991,-11,-11
98000,-13,-13
98001,1,1
98010,1,1
98011,-13,-13
98020,-11,-11
98021,-11,0
98030,1,10
98031,10,10
98040,0,0
98041,2,11
98050,1,1
98051,-13,-13
98060,11,11
98061,2,2
98070,2,2
98071,-13,-13
98080,0,0
98081,-13,-13
98090,1,1
98091,-11,-11
98100,1,1
98101,-13,-13
98110,0,0
98111,0,0
98120,0,0
98121,0,0
98130,10,10
98131,10,10
98140,1,1
98141,1,1
98150,-13,-333
98151,1,1
98160,-11,-11
98161,2,1
98170,2,1
98171,10,10
98180,0,0
98181,0,0
98190,1,1
98191,1,1
98200,0,0
98201,1,1
98210,1,1
98211,2,2
98220,1,1
98221,-11,-11
98230,0,0
98231,-11,-11
98240,1,1
98241,1,1
98250,0,0
98251,0,0
98260,0,0
98261,2,2
98270,11,11
98271,-11,-11
98280,-11,-11
98281,1,1
98290,-11,-11
98291,0,0
98300,-13,-13
98301,-13,0
98310,1,1
98311,2,2
98320,1,1
98321,-13,-13
98330,1,1
98331,0,0
98340,-13,-13
98341,-11,-11
98350,1,1
98351,-13,-13
98360,-11,-11
98361,1,1
98370,0,10
98371,0,1
98380,10,10
98381,11,11
98390,1,1
98391,0,1
98400,1,1
98401,2,2
98410,12,11
98411,1,0
98420,-11,-11
98421,1,1
98430,-11,-11
98431,-13,-13
98440,10,10
98441,1,1
98450,0,0
98451,10,10
98460,-13,-13
98461,10,11
98470,0,0
98471,-11,-11
98480,-13,-13
98481,0,0
98490,0,0
98491,0,10
98500,11,11
98501,0,0
98510,0,0
98511,1,1
98520,-13,-13
98521,10,10
98530,10,10
98531,2,2
98540,-13,-13
98541,-11,-11
98550,-13,-13
98551,-11,-11
98560,-13,-13
98561,-11,-11
98570,-13,-13
98571,-11,-11
98580,2,1
98581,-11,-11
98590,0,0
98591,-13,-13
98600,-11,-11
98601,11,11
98610,0,1
98611,-13,-13
98620,2,2
98621,-11,-11
98630,-13,-13
98631,-13,-13
98640,1,1
98641,10,11
98650,-11,-11
98651,1,1
98660,-13,-13
98661,-11,-11
98670,1,1
98671,0,0
98680,1,1
98681,1,1
98690,10,10
98691,10,11
98700,1,-11
98701,-13,-13
98710,1,1
98711,10,10
98720,0,0
98721,-11,-11
98730,-11,-11
98731,-13,-13
98740,1,11
98741,1,1
98750,10,10
98751,10,10
98760,0,0
98761,0,0
98770,1,1
98771,-13,-13
98780,-11,-11
98781,-13,-13
98790,1,1
98791,1,1
98800,11,10
98801,-11,0
98810,2,1
98811,-11,-11
98820,10,10
98821,-11,-11
98830,-11,-11
98831,-11,-11
98840,-11,-11
98841,-11,-11
98850,-11,-11
98851,-13,0
98860,-13,-13
98861,-11,-11
98870,3,11
98871,1,1
98880,1,1
98881,-13,-13
98890,2,1
98891,2,1
98900,1,1
98901,-11,-11
98910,0,0
98911,-13,-13
98920,2,2
98921,10,10
98930,-13,-13
98931,1,1
98940,1,1
98941,1,1
98950,-11,-11
98951,1,1
98960,-13,1
98961,10,10
98970,1,1
98971,-13,-13
98980,1,1
98981,-11,-11
98990,1,11
98991,10,10
99000,10,10
99001,3,2
99010,10,10
99011,1,1
99020,-11,-11
99021,2,11
99030,-11,-11
99031,-13,-13
99040,1,1
99041,0,0
99050,1,1
99051,1,1
99060,-11,-11
99061,0,1
99070,1,1
99071,-11,-11
99080,1,1
99081,0,0
99090,-13,-13
99091,10,10
99100,-11,-11
99101,1,1
99110,3,2
99111,1,1
99120,-11,-11
99121,1,1
99130,-1,11
99131,-11,-11
99140,2,2
99141,-13,-13
99150,0,10
99151,-11,-11
99160,10,10
99161,1,1
99170,1,1
99171,-13,0
99180,-11,-11
99181,-13,-13
99190,-11,-11
99191,2,2
99200,1,1
99201,3,2
99210,-13,-13
99211,0,0
99220,3,1
99221,-13,-13
99230,10,11
99231,-11,-13
99240,2,1
99241,-13,-13
99250,-11,-11
99251,11,10
99260,-13,-13
99261,-11,1
99270,-11,-11
99271,2,2
99280,-13,-13
99281,2,1
99290,1,1
99291,10,10
99300,0,-13
99301,1,1
99310,1,1
99311,-11,1
99320,2,1
99321,1,1
99330,-13,-13
99331,1,1
99340,1,1
99341,1,1
99350,10,10
99351,10,1
99360,-13,-13
99361,-13,-13
99370,-13,-13
99371,1,1
99380,-13,-13
99381,-13,-13
99390,2,11
99391,-11,-11
99400,1,1
99401,1,1
99410,-13,-13
99411,2,2
99420,0,0
99421,1,1
99430,1,1
99431,1,1
99440,11,10
99441,-11,-11
99450,-13,-13
99451,1,1
99460,0,0
99461,10,10
99470,0,1
99471,-13,-13
99480,1,1
99481,0,0
99490,-11,-11
99491,-11,-11
99500,-11,-11
99501,10,10
99510,-13,-13
99511,-11,-11
99520,0,0
99521,1,2
99530,-13,-13
99531,1,1
99540,-13,-13
99541,1,1
99550,1,1
99551,2,2
99560,-11,-11
99561,2,2
99570,11,10
99571,10,10
99580,1,1
99581,1,1
99590,11,11
99591,1,11
99600,-11,-11
99601,-11,-11
99610,10,10
99611,1,1
99620,-11,-11
99621,11,11
99630,10,10
99631,1,1
99640,2,1
99641,1,1
99650,1,1
99651,1,1
99660,1,1
99661,1,1
99670,0,1
99671,-11,-11
99680,10,10
99681,-11,-11
99690,-11,-11
99691,-13,-13
99700,1,1
99701,2,1
99710,11,11
99711,-11,-11
99720,-11,-11
99721,1,11
99730,-13,-13
99731,-11,-11
99740,2,1
99741,0,0
99750,1,1
99751,1,1
99760,1,1
99761,2,2
99770,10,10
99771,-11,-11
99780,1,1
99781,1,1
99790,1,1
99791,0,-13
99800,-13,-13
99801,1,1
99810,-11,-11
99811,0,0
99820,1,1
99821,1,1
99830,2,2
99831,1,1
99840,10,11
99841,-11,-11
99850,1,1
99851,1,1
99860,0,0
99861,1,2
99870,2,1
99871,1,1
99880,1,2
99881,1,1
99890,1,1
99891,-11,-11
99900,1,1
99901,1,1
99910,11,10
99911,1,1
99920,3,2
99921,-11,-11
99930,-11,-11
99931,0,0
99940,-11,-11
99941,10,10
99950,-11,-11
99951,1,1
99960,1,1
99961,10,10
99970,-13,-13
99971,-13,-13
99980,-13,-13
99981,11,11
99990,11,1
99991,2,-333
100000,-11,-11
100001,1,2
100010,-13,1
100011,-13,-13
100020,-11,-11
100021,1,1
100030,-13,-13
100031,10,10
100040,2,2
100041,2,1
100050,1,2
100051,-13,-13
100060,2,2
100061,-11,-11
100070,-11,-11
100071,2,2
100080,-11,-11
100081,10,10
100090,-11,-11
100091,-13,-13
100100,1,1
100101,0,0
100110,10,10
100111,-13,-13
100120,1,1
100121,0,0
100130,2,1
100131,11,1
100140,-13,-13
100141,2,2
100150,-11,-11
100151,10,11
100160,0,0
100161,12,11
100170,-13,-13
100171,1,1
100180,0,0
100181,2,2
100190,1,1
100191,1,1
100200,-13,-13
100201,0,0
100210,1,1
100211,-11,-11
100220,11,11
100221,0,10
100230,1,1
100231,-13,-13
100240,1,1
100241,2,2
100250,0,1
100251,-11,-11
100260,-11,-11
100261,0,0
100270,-11,-11
100271,10,10
100280,1,10
100281,11,10
100290,-13,-13
100291,-11,-11
100300,-11,-11
100301,1,1
100310,1,1
100311,1,1
100320,0,0
100321,2,2
100330,1,1
100331,11,10
100340,-13,-13
100341,10,10
100350,11,10
100351,-11,-11
100360,10,10
100361,1,1
100370,-11,-11
100371,0,0
100380,10,10
100381,1,1
100390,2,1
100391,-13,-13
100400,1,2
100401,-13,-13
100410,1,1
100411,1,1
100420,-11,-11
100421,1,1
100430,-11,-11
100431,1,1
100440,-11,-11
100441,2,2
100450,-11,-11
100451,-13,-13
100460,0,0
100461,10,10
100470,1,1
100471,1,1
100480,0,0
100481,1,1
100490,1,1
100491,10,10
100500,1,1
100501,0,0
100510,2,2
100511,-13,-13
100520,1,1
100521,0,0
100530,10,10
100531,-11,-11
100540,0,0
100541,-13,-13
100550,-11,-11
100551,-11,-11
100560,-11,-11
100561,1,1
100570,11,11
100571,-13,-13
100580,-11,-11
100581,2,1
100590,-11,-11
100591,2,2
100600,-11,-11
100601,1,1
100610,2,1
100611,10,10
100620,1,1
100621,-11,-11
100630,10,10
100631,-11,-11
100640,-11,-11
100641,1,2
100650,0,0
100651,0,0
100660,1,10
100661,1,1
100670,10,11
100671,1,1
100680,-11,-11
100681,-13,-13
100690,-11,1
100691,10,10
100700,1,1
100701,0,0
100710,0,0
100711,0,10
100720,11,11
100721,1,1
100730,-13,10
100731,1,-11
100740,-11,-11
100741,0,0
100750,1,1
100751,1,1
100760,1,1
100761,1,1
100770,11,10
100771,-11,-11
100780,-11,-11
100781,1,1
100790,-11,-11
100791,2,2
100800,1,1
100801,3,2
100810,1,1
100811,-13,-13
100820,10,10
100821,11,11
100830,2,1
100831,1,2
100840,1,1
100841,2,-11
100850,11,11
100851,10,10
100860,1,2
100861,-13,-13
100870,-11,-11
100871,-11,-11
100880,-11,-11
100881,-13,0
100890,0,0
100891,-11,-11
100900,0,0
100901,-11,-11
100910,10,10
100911,1,1
100920,-13,-13
100921,10,10
100930,0,0
100931,-13,-13
100940,1,0
100941,1,1
100950,1,1
100951,1,1
100960,2,2
100961,1,1
100970,-11,-11
100971,1,1
100980,1,1
100981,10,10
100990,2,1
100991,0,0
101000,-11,-11
101001,-13,-13
101010,-11,-11
101011,1,1
101020,1,11
101021,1,1
101030,10,1
101031,11,11
101040,10,10
101041,0,0
101050,11,11
101051,1,1
101060,-13,-13
101061,-11,-11
101070,11,11
101071,-11,-13
101080,-13,-13
101081,-13,1
101090,1,1
101091,0,0
101100,10,10
101101,2,2
101110,-13,-13
101111,1,1
101120,-13,-13
101121,-13,-13
101130,-11,1
101131,1,1
101140,1,1
101141,-11,-11
101150,1,10
101151,10,11
101160,1,1
101161,3,11
101170,0,0
101171,-13,-13
101180,-13,-13
101181,10,10
101190,-11,-11
101191,2,2
101200,2,1
101201,0,-13
101210,-13,-13
101211,1,1
101220,10,10
101221,3,2
101230,-13,-13
101231,-13,-13
101240,1,2
101241,1,1
101250,-13,-13
101251,1,1
101260,-13,-13
101261,11,11
101270,1,1
101271,-11,-11
101280,-13,-13
101281,-11,-11
101290,-11,-11
101291,10,10
101300,-11,-11
101301,10,10
101310,1,10
101311,11,11
101320,1,1
101321,1,1
101330,1,1
101331,0,0
101340,-13,-13
101341,-13,-13
101350,10,10
101351,1,11
101360,11,11
101361,1,1
101370,-13,-13
101371,1,1
101380,11,11
101381,-13,-13
101390,-11,-11
101391,1,1
101400,1,1
101401,0,0
101410,1,1
101411,2,1
101420,2,2
101421,12,11
101430,0,0
101431,0,0
101440,1,1
101441,11,11
101450,1,1
101451,1,1
101460,-13,-13
101461,-13,-13
101470,-11,-11
101471,-13,0
101480,1,-333
101481,-11,-11
101490,0,0
101491,0,0
101500,0,1
101501,1,11
101510,0,0
101511,-13,-13
101520,1,1
101521,-11,-11
101530,-11,-11
101531,-13,-13
101540,0,0
101541,1,1
101550,10,10
101551,2,1
101560,1,1
101561,0,0
101570,0,0
101571,-13,-13
101580,2,1
101581,1,11
101590,1,1
101591,0,0
101600,-13,-13
101601,0,0
101610,-11,-13
101611,11,11
101620,-11,0
101621,-13,-13
101630,0,1
101631,-13,-13
101640,1,1
101641,1,1
101650,1,1
101651,-11,-11
101660,-11,-11
101661,-13,-13
101670,-11,-11
101671,1,2
101680,10,10
101681,0,0
101690,0,1
101691,1,1
101700,1,1
101701,-11,-11
101710,1,-13
101711,-11,-11
101720,-11,-11
101721,-13,-13
101730,-11,-11
101731,-11,1
101740,-11,-11
101741,0,0
101750,1,1
101751,11,10
101760,-13,-13
101761,10,1
101770,-11,-11
101771,0,-333
101780,1,1
101781,-13,-13
101790,10,11
101791,11,11
101800,0,1
101801,2,11
101810,3,11
101811,-11,-11
101820,0,0
101821,0,0
101830,-13,-13
101831,-11,-11
101840,-11,-11
101841,-11,-11
101850,0,1
101851,-11,-11
101860,10,10
101861,11,11
101870,1,1
101871,-11,-11
101880,0,0
101881,1,1
101890,-11,-11
101891,-13,-13
101900,1,1
101901,-11,-11
101910,2,1
101911,1,1
101920,-13,-13
101921,1,1
101930,-11,-13
101931,11,11
101940,-11,-11
101941,10,10
101950,-11,-11
101951,10,10
101960,-13,-13
101961,-11,-11
101970,-13,-13
101971,10,10
101980,1,1
101981,1,11
101990,-13,0
101991,10,10
102000,1,1
102001,-11,-11
102010,1,1
102011,1,1
102020,0,0
102021,1,1
102030,-13,-13
102031,0,0
102040,1,1
102041,-11,-11
102050,0,0
102051,1,11
102060,-11,-11
102061,-13,-13
102070,-11,-11
102071,-1,10
102080,1,10
102081,0,0
102090,0,10
102091,1,1
102100,1,1
102101,1,1
102110,1,1
102111,-13,-13
102120,1,1
102121,2,2
102130,10,10
102131,0,0
102140,-11,-11
102141,1,1
102150,10,1
102151,1,1
102160,-13,-13
102161,1,1
102170,1,2
102171,-11,-11
102180,2,2
102181,1,1
102190,1,1
102191,-13,-13
102200,1,1
102201,-11,-11
102210,1,-11
102211,-11,0
102220,1,-11
102221,-11,-333
102230,1,1
102231,0,0
102240,-11,-333
102241,-11,-11
102250,1,10
102251,1,1
102260,10,10
102261,-13,-13
102270,1,1
102271,0,0
102280,1,2
102281,10,10
102290,3,2
102291,1,1
102300,10,10
102301,1,1
102310,-11,-11
102311,10,10
102320,2,2
102321,-11,-11
102330,-11,-11
102331,-11,-11
102340,1,1
102341,0,0
102350,-11,-11
102351,1,1
102360,-13,-13
102361,0,0
102370,1,1
102371,1,1
102380,10,10
102381,-11,-11
102390,-13,-13
102391,0,0
102400,-13,-13
102401,1,1
102410,2,1
102411,1,2
102420,1,1
102421,2,2
102430,-13,-13
102431,10,10
102440,-11,-11
102441,1,1
102450,1,1
102451,0,0
102460,11,11
102461,1,-333
102470,0,1
102471,1,1
102480,10,10
102481,2,1
102490,-11,0
102491,0,0
102500,-13,-13
102501,2,1
102510,-13,-13
102511,0,0
102520,-13,-333
102521,1,-333
102530,12,10
102531,2,2
102540,1,1
102541,2,1
102550,0,0
102551,0,0
102560,-13,-13
102561,1,1
102570,1,1
102571,1,1
102580,1,2
102581,-13,-13
102590,2,11
102591,1,1
102600,-13,-13
102601,0,1
102610,-13,-13
102611,1,1
102620,-13,-333
102621,1,1
102630,0,1
102631,11,10
102640,2,2
102641,11,10
102650,2,1
102651,-11,-11
102660,1,1
102661,1,1
102670,1,1
102671,10,10
102680,-13,-13
102681,0,0
102690,1,1
102691,1,1
102700,10,1
102701,11,11
102710,10,11
102711,0,-222
102720,-13,0
102721,11,11
102730,1,1
102731,1,1
102740,-11,-11
102741,1,1
102750,2,1
102751,-11,-11
102760,1,1
102761,-13,-13
102770,10,10
102771,1,1
102780,-13,-13
102781,-11,-11
102790,-13,-13
102791,1,11
102800,-13,-13
102801,1,1
102810,-11,-11
102811,1,1
102820,1,1
102821,1,2
102830,11,11
102831,2,11
102840,1,1
102841,-11,-11
102850,-13,-13
102851,-13,-13
102860,1,1
102861,10,10
102870,10,10
102871,1,1
102880,-13,-13
102881,1,-11
102890,1,1
102891,10,10
102900,11,11
102901,1,2
102910,-11,-11
102911,1,2
102920,0,1
102921,11,11
102930,0,10
102931,0,0
102940,1,1
102941,0,0
102950,-11,-11
102951,-11,-11
102960,10,10
102961,1,1
102970,1,1
102971,1,1
102980,11,11
102981,-11,1
102990,-11,-11
102991,1,1
103000,-11,-11
103001,-11,-11
103010,-11,-11
103011,1,1
103020,-13,-13
103021,-11,-11
103030,-11,-11
103031,0,11
103040,0,0
103041,1,1
103050,-13,-13
103051,1,1
103060,10,10
103061,11,11
103070,-11,1
103071,-11,-11
103080,-13,-13
103081,-11,-11
103090,-13,-13
103091,-11,-11
103100,11,11
103101,-13,-13
103110,2,2
103111,0,0
103120,-11,1
103121,-13,-11
103130,-13,-13
103131,11,11
103140,-11,1
103141,1,1
103150,10,10
103151,-13,-13
103160,-11,-11
103161,0,0
103170,-13,-13
103171,-11,-11
103180,10,10
103181,2,1
103190,1,1
103191,-11,-11
103200,0,0
103201,-13,-13
103210,0,0
103211,1,2
103220,0,0
103221,1,1
103230,0,0
103231,-11,-11
103240,-11,-11
103241,2,2
103250,0,0
103251,1,1
103260,-11,-11
103261,-11,-11
103270,1,2
103271,-13,-13
103280,11,10
103281,-13,-13
103290,1,1
103291,1,1
103300,2,1
103301,1,1
103310,-11,-11
103311,0,0
103320,2,1
103321,-11,-11
103330,11,11
103331,0,10
103340,0,0
103341,2,1
103350,1,1
103351,11,10
103360,-11,-11
103361,-11,-11
103370,-13,-13
103371,2,1
103380,1,1
103381,10,10
103390,2,1
103391,11,11
103400,0,0
103401,0,0
103410,1,1
103411,1,10
103420,1,1
103421,1,1
103430,0,0
103431,11,10
103440,1,1
103441,-13,-13
103450,0,0
103451,1,1
103460,-11,-11
103461,-11,-11
103470,1,1
103471,0,0
103480,0,1
103481,-11,-11
103490,-13,-13
103491,10,10
103500,-11,-11
103501,1,1
103510,-11,-11
103511,-13,-13
103520,1,1
103521,11,11
103530,-13,-13
103531,10,11
103540,-13,-13
103541,1,11
103550,1,2
103551,-11,-11
103560,2,1
103561,1,1
103570,-13,-13
103571,-11,-11
103580,0,0
103581,2,11
103590,-11,-11
103591,2,2
103600,-13,-13
103601,1,1
103610,-11,-11
103611,1,10
103620,-13,-13
103621,1,1
103630,0,0
103631,11,11
103640,-13,-13
103641,-11,-11
103650,-13,-13
103651,-13,-13
103660,2,11
103661,1,1
103670,1,1
103671,-11,-11
103680,-11,-11
103681,-11,-11
103690,-13,-13
103691,1,11
103700,-13,-13
103701,-11,-333
103710,-11,-11
103711,-13,1
103720,-13,-13
103721,10,11
103730,10,10
103731,11,11
103740,0,1
103741,-13,-13
103750,1,1
103751,1,1
103760,-11,-11
103761,-11,1
103770,11,10
103771,-11,-11
103780,-11,-11
103781,-13,-13
103790,-11,-11
103791,-13,-13
103800,-11,-11
103801,-11,-11
103810,0,0
103811,-11,-11
103820,-11,-11
103821,10,11
103830,-11,-11
103831,10,11
103840,-11,-11
103841,-13,-13
103850,-11,-11
103851,-11,-11
103860,10,11
103861,-11,1
103870,2,2
103871,-11,-11
103880,10,10
103881,1,-11
103890,-13,-13
103891,0,0
103900,10,10
103901,-13,-13
103910,1,1
103911,-13,-13
103920,0,0
103921,-11,-11
103930,-11,-11
103931,2,2
103940,10,10
103941,11,10
103950,0,0
103951,-11,-11
103960,-11,-11
103961,-11,-11
103970,2,10
103971,1,1
103980,11,11
103981,2,1
103990,10,1
103991,-11,-11
104000,1,1
104001,1,1
104010,4,2
104011,-11,-11
104020,10,11
104021,1,1
104030,-13,-13
104031,-11,-11
104040,10,10
104041,1,1
104050,3,2
104051,0,0
104060,1,1
104061,1,1
104070,10,10
104071,0,0
104080,-13,-13
104081,2,2
104090,10,10
104091,-13,-13
104100,10,10
104101,-11,-11
104110,10,11
104111,10,10
104120,10,10
104121,1,1
104130,-13,-13
104131,-11,-11
104140,-13,-13
104141,0,0
104150,-13,-13
104151,0,0
104160,1,1
104161,10,10
104170,2,2
104171,1,1
104180,-13,-13
104181,1,1
104190,1,1
104191,1,1
104200,2,2
104201,-11,-11
104210,-11,-11
104211,1,1
104220,-11,-11
104221,-11,-11
104230,-11,-11
104231,0,0
104240,-13,-13
104241,-13,-13
104250,0,10
104251,2,1
104260,-11,-11
104261,1,1
104270,1,1
104271,-13,-13
104280,0,0
104281,-13,-13
104290,-13,-13
104291,1,1
104300,-13,-13
104301,-11,-11
104310,1,1
104311,-13,-13
104320,-11,-11
104321,1,1
104330,10,10
104331,1,2
104340,-11,-11
104341,1,1
104350,-13,0
104351,1,1
104360,0,1
104361,1,1
104370,-11,-11
104371,1,1
104380,1,1
104381,-13,-13
104390,-11,0
104391,10,10
104400,0,0
104401,1,-11
104410,0,0
104411,-13,-13
104420,2,1
104421,-11,-11
104430,10,11
104431,2,2
104440,-11,-11
104441,1,1
104450,1,0
104451,-13,-13
104460,-11,-11
104461,-13,-13
104470,1,1
104471,0,0
104480,-11,-13
104481,1,1
104490,10,10
104491,-11,-11
104500,-11,-11
104501,-13,-13
104510,2,11
104511,1,1
104520,1,1
104521,-13,-13
104530,-11,-11
104531,3,11
104540,1,1
104541,-13,-13
104550,1,1
104551,-1,10
104560,0,-11
104561,2,1
104570,1,10
104571,2,11
104580,11,11
104581,0,0
104590,-13,-13
104591,1,1
104600,1,1
104601,10,11
104610,1,1
104611,-11,-11
104620,1,11
104621,10,11
104630,10,10
104631,1,1
104640,-11,-11
104641,0,0
104650,1,1
104651,1,1
104660,11,11
104661,1,1
104670,-13,-13
104671,2,1
104680,1,1
104681,11,1
104690,-13,-13
104691,0,0
104700,2,1
104701,2,2
104710,1,1
104711,10,11
104720,10,11
104721,1,1
104730,1,1
104731,1,2
104740,10,10
104741,1,1
104750,-13,-13
104751,-11,-11
104760,-11,-11
104761,-11,-11
104770,1,1
104771,1,1
104780,0,0
104781,-11,1
104790,1,1
104791,2,1
104800,0,0
104801,11,11
104810,0,0
104811,-13,-13
104820,0,0
104821,-13,-13
104830,-11,-11
104831,2,2
104840,2,2
104841,1,1
104850,-11,-11
104851,-11,-11
104860,1,1
104861,1,1
104870,1,2
104871,0,0
104880,1,1
104881,3,2
104890,-13,-13
104891,0,0
104900,1,1
104901,-13,-13
104910,2,2
104911,10,10
104920,-11,-11
104921,-11,-11
104930,2,1
104931,10,10
104940,1,1
104941,0,0
104950,1,1
104951,-13,-13
104960,-13,-13
104961,0,0
104970,1,1
104971,1,1
104980,-13,-13
104981,1,1
104990,0,0
104991,11,11
105000,1,1
105001,0,0
105010,2,11
105011,11,10
105020,0,0
105021,-13,-13
105030,-11,-11
105031,11,11
105040,2,2
105041,-13,-13
105050,3,2
105051,-13,-13
105060,-13,-13
105061,-13,-13
105070,0,1
105071,-11,-11
105080,10,11
105081,-13,-13
105090,1,1
105091,10,10
105100,-13,-13
105101,10,10
105110,-13,-13
105111,1,1
105120,0,0
105121,-11,-11
105130,1,1
105131,1,1
105140,-13,-13
105141,2,2
105150,1,1
105151,-13,-13
105160,10,10
105161,0,0
105170,-13,-13
105171,1,1
105180,10,10
105181,0,0
105190,4,11
105191,11,11
105200,-11,-11
105201,1,1
105210,10,11
105211,-13,-13
105220,1,1
105221,1,1
105230,-13,-13
105231,1,1
105240,10,10
105241,1,0
105250,1,1
105251,2,2
105260,0,0
105261,2,1
105270,-11,-11
105271,1,1
105280,2,2
105281,1,1
105290,-13,-13
105291,11,11
105300,1,1
105301,2,1
105310,10,10
105311,1,1
105320,0,0
105321,11,11
105330,1,1
105331,1,1
105340,1,1
105341,-11,-11
105350,1,1
105351,1,2
105360,12,11
105361,2,1
105370,-11,-11
105371,1,2
105380,1,1
105381,-13,-13
105390,-13,-13
105391,3,11
105400,1,1
105401,2,-333
105410,10,10
105411,-11,-11
105420,-11,-11
105421,2,2
105430,-11,-11
105431,2,1
105440,-13,-13
105441,-13,-13
105450,1,1
105451,-13,-13
105460,0,0
105461,1,1
105470,10,10
105471,1,1
105480,-13,-13
105481,-13,-13
105490,10,10
105491,-13,-13
105500,-13,-13
105501,2,1
105510,2,1
105511,1,1
105520,1,2
105521,-13,-13
105530,10,10
105531,-13,-13
105540,-11,-11
105541,-13,-13
105550,10,10
105551,1,1
105560,-13,-13
105561,1,1
105570,-13,-13
105571,0,0
105580,0,0
105581,2,11
105590,0,0
105591,0,0
105600,2,2
105601,-13,-13
105610,-11,-11
105611,-11,-11
105620,0,0
105621,1,1
105630,1,1
105631,2,1
105640,2,2
105641,11,10
105650,-11,-11
105651,10,11
105660,-11,-11
105661,2,2
105670,1,1
105671,0,0
105680,0,-11
105681,11,10
105690,1,1
105691,1,0
105700,-11,-11
105701,1,1
105710,0,0
105711,1,1
105720,10,10
105721,10,10
105730,2,11
105731,11,11
105740,-13,-13
105741,-11,-11
105750,1,1
105751,0,0
105760,1,1
105761,-13,-13
105770,-11,-11
105771,-13,-13
105780,0,0
105781,10,11
105790,1,1
105791,10,10
105800,1,1
105801,-11,-11
105810,-11,-11
105811,1,11
105820,-11,-11
105821,0,0
105830,-11,-11
105831,10,10
105840,10,10
105841,-13,-13
105850,2,2
105851,1,1
105860,0,0
105861,2,2
105870,2,11
105871,-13,-13
105880,10,10
105881,0,0
105890,-13,-13
105891,-11,-11
105900,-13,-13
105901,-11,-11
105910,1,1
105911,10,10
105920,3,2
105921,1,1
105930,10,11
105931,-13,-13
105940,-13,-13
105941,10,10
105950,11,11
105951,-13,-13
105960,-13,-13
105961,1,1
105970,0,0
105971,-11,-11
105980,1,1
105981,0,0
105990,0,1
105991,-13,-222
106000,0,0
106001,-13,0
106010,1,1
106011,1,1
106020,1,2
106021,1,1
106030,-11,-11
106031,1,11
106040,-11,-11
106041,10,10
106050,1,1
106051,-11,-11
106060,1,1
106061,1,1
106070,2,11
106071,10,1
106080,0,0
106081,1,1
106090,10,10
106091,-11,-11
106100,1,2
106101,10,10
106110,-11,-333
106111,1,-333
106120,1,1
106121,0,0
106130,3,11
106131,11,11
106140,0,0
106141,0,10
106150,-11,-11
106151,11,11
106160,2,1
106161,1,1
106170,1,11
106171,-11,-13
106180,-11,-11
106181,-11,-11
106190,2,11
106191,11,11
106200,10,10
106201,1,1
106210,0,0
106211,1,1
106220,1,11
106221,-13,-11
106230,10,10
106231,10,11
106240,1,1
106241,2,2
106250,1,1
106251,10,1
106260,2,1
106261,1,1
106270,-11,-11
106271,0,0
106280,-13,-13
106281,-11,-11
106290,-11,-11
106291,-11,-11
106300,1,1
106301,1,10
106310,0,1
106311,-13,-13
106320,0,0
106321,2,2
106330,1,0
106331,1,0
106340,10,0
106341,0,0
106350,-11,-11
106351,1,1
106360,10,11
106361,0,10
106370,-11,-11
106371,3,2
106380,-11,-11
106381,1,1
106390,-13,-13
106391,2,2
106400,-13,-13
106401,1,1
106410,1,1
106411,1,1
106420,1,1
106421,10,11
106430,1,2
106431,1,1
106440,-13,-13
106441,-13,-13
106450,10,10
106451,1,0
106460,10,10
106461,11,11
106470,-13,-13
106471,-13,-222
106480,1,1
106481,-13,-13
106490,-11,-11
106491,-11,-11
106500,2,1
106501,-13,-13
106510,0,0
106511,0,0
106520,0,0
106521,-13,-13
106530,0,1
106531,-13,-13
106540,-11,-11
106541,2,11
106550,-11,-11
106551,10,10
106560,-11,0
106561,-11,-11
106570,1,1
106571,-11,-11
106580,2,1
106581,11,11
106590,2,1
106591,1,-333
106600,1,1
106601,1,1
106610,1,1
106611,-13,-13
106620,-11,1
106621,1,1
106630,0,0
106631,2,11
106640,2,2
106641,-11,-11
106650,2,1
106651,-13,-13
106660,-13,-13
106661,-13,-13
106670,0,1
106671,-11,-11
106680,10,10
106681,0,0
106690,11,11
106691,0,0
106700,1,11
106701,10,10
106710,-11,-11
106711,1,1
106720,2,1
106721,-13,-13
106730,-11,-11
106731,0,0
106740,0,0
106741,-11,-11
106750,10,10
106751,-11,-11
106760,10,10
106761,11,10
106770,0,1
106771,-13,-13
106780,1,1
106781,11,11
106790,-11,-11
106791,-11,-11
106800,2,1
106801,-13,0
106810,1,1
106811,-13,-13
106820,10,11
106821,1,1
106830,-13,-13
106831,1,1
106840,2,2
106841,11,10
106850,1,1
106851,-11,1
106860,2,1
106861,-11,-11
106870,11,11
106871,3,2
106880,-11,-11
106881,-11,-333
106890,1,1
106891,-13,-13
106900,10,10
106901,1,1
106910,2,2
106911,-13,-333
106920,12,11
106921,0,0
106930,11,11
106931,-11,-11
106940,1,1
106941,1,1
106950,1,1
106951,11,10
106960,-11,-11
106961,0,1
106970,-11,-11
106971,2,2
106980,3,2
106981,10,10
106990,1,-11
106991,1,1
107000,-11,-11
107001,1,1
107010,1,1
107011,-11,-11
107020,-11,-11
107021,0,0
107030,-11,-11
107031,1,1
107040,1,1
107041,-11,-11
107050,1,1
107051,1,1
107060,-13,-13
107061,1,1
107070,-13,-13
107071,0,0
107080,-11,-11
107081,-13,-13
107090,0,0
107091,1,1
107100,-13,-13
107101,0,0
107110,-13,-13
107111,0,0
107120,-13,-13
107121,1,1
107130,-11,-222
107131,0,0
107140,0,11
107141,2,2
107150,2,11
107151,1,1
107160,1,1
107161,11,11
107170,1,2
107171,11,1
107180,-13,-13
107181,1,1
107190,0,0
107191,-11,-11
107200,-11,-11
107201,1,1
107210,1,1
107211,2,2
107220,1,1
107221,1,1
107230,1,1
107231,-13,-13
107240,0,0
107241,-13,-13
107250,-13,0
107251,2,2
107260,1,1
107261,2,2
107270,1,1
107271,-13,-13
107280,11,11
107281,-13,-13
107290,-11,-11
107291,-11,-11
107300,1,1
107301,1,1
107310,10,10
107311,1,1
107320,2,1
107321,10,10
107330,-13,-13
107331,1,2
107340,-13,-13
107341,-13,-13
107350,1,1
107351,1,1
107360,11,11
107361,10,11
107370,11,11
107371,-13,-13
107380,-13,-13
107381,-11,-11
107390,-11,-11
107391,-11,1
107400,1,1
107401,2,2
107410,-13,-13
107411,1,1
107420,2,1
107421,2,1
107430,1,1
107431,0,0
107440,0,0
107441,2,2
107450,-13,-13
107451,-11,-11
107460,-13,-13
107461,-11,-11
107470,0,0
107471,1,2
107480,1,1
107481,-13,-13
107490,11,11
107491,1,1
107500,2,2
107501,-13,-13
107510,-11,-11
107511,-13,-13
107520,-13,-13
107521,11,11
107530,10,10
107531,-13,-13
107540,-13,-13
107541,1,1
107550,-13,-13
107551,-11,-11
107560,-13,-13
107561,1,1
107570,2,2
107571,1,11
107580,-11,-11
107581,-13,-13
107590,-13,-13
107591,11,11
107600,1,1
107601,-11,-11
107610,10,10
107611,0,0
107620,-13,-13
107621,3,2
107630,10,10
107631,-13,-13
107640,-11,-11
107641,1,1
107650,1,1
107651,1,1
107660,3,11
107661,0,0
107670,1,1
107671,1,1
107680,0,2
107681,-13,-13
107690,1,1
107691,-13,1
107700,-11,-11
107701,-13,-13
107710,0,0
107711,0,0
107720,1,1
107721,0,1
107730,0,0
107731,-11,-11
107740,0,0
107741,-11,-11
107750,-13,-13
107751,11,11
107760,1,1
107761,10,10
107770,0,0
107771,-11,-11
107780,-11,-11
107781,-13,1
107790,0,0
107791,11,11
107800,1,1
107801,11,11
107810,2,1
107811,-11,-11
107820,10,11
107821,-13,-13
107830,0,0
107831,-13,-13
107840,3,2
107841,2,2
107850,-11,-11
107851,10,10
107860,-11,-11
107861,0,0
107870,10,10
107871,-11,-11
107880,-13,-13
107881,10,11
107890,-13,-13
107891,-11,-11
107900,11,10
107901,1,1
107910,1,1
107911,-11,-11
107920,-13,-13
107921,10,10
107930,-13,-13
107931,1,1
107940,1,1
107941,-11,-11
107950,-13,-13
107951,1,1
107960,-13,-13
107961,-11,-11
107970,0,0
107971,1,1
107980,10,10
107981,1,1
107990,-11,-11
107991,-13,-13
108000,-11,0
108001,1,1
108010,0,0
108011,-11,-11
108020,10,1
108021,-13,-13
108030,10,10
108031,1,1
108040,-11,-11
108041,1,1
108050,-13,-13
108051,-13,-333
108060,2,2
108061,1,1
108070,2,2
108071,11,10
108080,10,11
108081,-13,-13
108090,-13,-13
108091,2,2
108100,-13,-13
108101,11,11
108110,1,1
108111,-13,-13
108120,10,11
108121,0,0
108130,-13,-13
108131,1,1
108140,2,2
108141,10,10
108150,-11,-11
108151,1,1
108160,-11,-11
108161,1,1
108170,-11,-11
108171,0,0
108180,0,10
108181,0,0
108190,1,1
108191,1,1
108200,1,11
108201,-11,-11
108210,10,10
108211,-11,-11
108220,10,10
108221,-13,-13
108230,11,10
108231,11,10
108240,1,1
108241,-13,-13
108250,-13,-13
108251,0,0
108260,1,1
108261,0,0
108270,1,1
108271,10,11
108280,10,10
108281,1,1
108290,-13,-13
108291,-11,-11
108300,1,1
108301,-11,-11
108310,-11,-11
108311,11,11
108320,1,1
108321,2,11
108330,-11,-11
108331,10,10
108340,-11,-11
108341,-13,-13
108350,-13,-13
108351,1,1
108360,1,1
108361,1,1
108370,1,1
108371,-13,-13
108380,1,1
108381,10,11
108390,10,11
108391,10,11
108400,0,0
108401,2,1
108410,1,1
108411,-13,-13
108420,1,1
108421,-11,-11
108430,0,11
108431,11,1
108440,-11,-11
108441,11,11
108450,-11,-11
108451,10,10
108460,10,10
108461,-11,-11
108470,-11,-11
108471,-11,-11
108480,1,2
108481,10,11
108490,1,1
108491,1,10
108500,0,0
108501,-11,-11
108510,-11,-11
108511,2,2
108520,-13,-13
108521,1,1
108530,-11,-11
108531,11,11
108540,1,1
108541,2,1
108550,-11,-333
108551,10,10
108560,10,10
108561,0,0
108570,-13,-13
108571,-13,-13
108580,-11,-11
108581,1,1
108590,0,1
108591,10,1
108600,-13,-13
108601,0,1
108610,0,0
108611,0,1
108620,11,10
108621,-13,-13
108630,1,1
108631,1,1
108640,10,10
108641,1,2
108650,10,10
108651,-11,1
108660,2,1
108661,10,10
108670,-11,-11
108671,-11,-11
108680,1,1
108681,1,10
108690,1,1
108691,0,1
108700,-11,-11
108701,11,11
108710,1,1
108711,1,1
108720,2,2
108721,-13,-13
108730,10,11
108731,0,-11
108740,10,10
108741,1,1
108750,-11,-11
108751,-11,-11
108760,-11,-11
108761,1,1
108770,1,1
108771,1,1
108780,0,-11
108781,-13,-13
108790,1,1
108791,0,0
108800,1,1
108801,-11,-11
108810,1,1
108811,1,1
108820,-13,-13
108821,-13,-13
108830,1,2
108831,-11,-11
108840,1,2
108841,-13,-13
108850,10,10
108851,2,2
108860,0,0
108861,1,1
108870,-11,-333
108871,1,1
108880,-13,-13
108881,11,10
108890,-13,-13
108891,-13,-13
108900,-11,-11
108901,1,1
108910,1,1
108911,-13,-13
108920,1,1
108921,0,0
108930,1,1
108931,1,1
108940,1,1
108941,0,0
108950,10,10
108951,2,2
108960,-11,-11
108961,11,11
108970,11,11
108971,10,10
108980,1,1
108981,1,2
108990,-13,-13
108991,1,1
109000,-11,-11
109001,1,1
109010,1,2
109011,-11,-11
109020,1,1
109021,-13,-13
109030,0,0
109031,1,2
109040,-13,-13
109041,2,1
109050,3,11
109051,-11,-11
109060,0,10
109061,-11,-11
109070,1,2
109071,2,1
109080,2,-333
109081,-13,-333
109090,10,10
109091,-13,-13
109100,2,1
109101,1,1
109110,-11,-11
109111,-11,-11
109120,10,10
109121,1,2
109130,-13,-13
109131,10,10
109140,-13,-13
109141,10,10
109150,1,1
109151,1,11
109160,0,0
109161,0,1
109170,2,2
109171,2,1
109180,1,1
109181,1,1
109190,10,10
109191,0,0
109200,10,11
109201,-13,-13
109210,0,0
109211,2,2
109220,-11,-11
109221,10,10
109230,0,0
109231,-13,-13
109240,1,1
109241,1,1
109250,-11,-11
109251,2,11
109260,-11,-11
109261,1,0
109270,1,1
109271,-13,-13
109280,1,1
109281,-11,-11
109290,0,0
109291,-1,10
109300,10,10
109301,-11,-13
109310,-11,-11
109311,-13,-13
109320,0,0
109321,0,1
109330,-11,-13
109331,1,1
109340,0,0
109341,2,2
109350,1,1
109351,-11,0
109360,2,2
109361,1,1
109370,-13,-13
109371,-11,-222
109380,0,1
109381,3,2
109390,-11,-11
109391,0,0
109400,10,10
109401,1,1
109410,11,11
109411,1,1
109420,-11,-11
109421,10,10
109430,-11,-11
109431,10,10
109440,10,10
109441,-13,-13
109450,-11,-11
109451,2,2
109460,1,1
109461,-13,-13
109470,-13,-13
109471,2,2
109480,-11,-11
109481,-11,-11
109490,1,1
109491,-11,-11
109500,-11,-11
109501,1,1
109510,2,11
109511,-13,-13
109520,10,11
109521,10,11
109530,2,2
109531,1,1
109540,-13,-13
109541,1,1
109550,-11,-11
109551,-13,-333
109560,2,2
109561,-13,-13
109570,0,1
109571,-13,-13
109580,1,1
109581,2,2
109590,-11,-11
109591,1,1
109600,-11,1
109601,-11,-11
109610,-13,-13
109611,11,11
109620,-13,-13
109621,-13,-13
109630,-13,-13
109631,-11,-11
109640,-11,-11
109641,-13,-13
109650,10,11
109651,2,2
109660,1,1
109661,-11,-11
109670,-13,-13
109671,2,1
109680,0,1
109681,-13,-13
109690,1,1
109691,-11,-11
109700,-11,-11
109701,-11,-11
109710,0,0
109711,10,10
109720,-11,-11
109721,0,0
109730,2,1
109731,1,1
109740,10,10
109741,-13,-13
109750,2,1
109751,1,2
109760,-11,-11
109761,1,1
109770,-11,-11
109771,-11,-11
109780,-11,-11
109781,0,0
109790,-11,-11
109791,-13,-13
109800,1,1
109801,0,0
109810,10,11
109811,-13,-13
109820,2,2
109821,0,-13
109830,2,11
109831,1,1
109840,-13,-13
109841,-13,-13
109850,-13,-13
109851,1,1
109860,10,10
109861,10,10
109870,0,1
109871,-11,-11
109880,10,10
109881,1,1
109890,-11,-11
109891,0,1
109900,-11,-11
109901,2,2
109910,11,11
109911,-13,-13
109920,-13,-13
109921,1,1
109930,10,10
109931,10,10
109940,-11,-11
109941,2,2
109950,10,11
109951,1,1
109960,2,2
109961,1,11
109970,-13,-13
109971,12,11
109980,2,2
109981,2,1
109990,1,1
109991,-13,-13
110000,12,11
110001,2,1
110010,-13,-13
110011,1,1
110020,-13,-13
110021,2,1
110030,10,10
110031,10,10
110040,2,2
110041,-11,-11
110050,-13,-13
110051,0,10
110060,-11,-11
110061,-11,-11
110070,-13,-13
110071,-11,-11
110080,10,10
110081,-13,-13
110090,2,2
110091,0,1
110100,1,1
110101,0,1
110110,0,0
110111,11,11
110120,0,0
110121,1,1
110130,-11,-11
110131,-11,-333
110140,1,1
110141,0,0
110150,2,1
110151,11,10
110160,-11,-333
110161,0,10
110170,11,10
110171,10,10
110180,0,0
110181,1,1
110190,-13,-13
110191,12,11
110200,-13,-13
110201,0,0
110210,-11,-11
110211,-11,-11
110220,1,1
110221,1,1
110230,0,0
110231,1,1
110240,1,1
110241,1,1
110250,-13,-13
110251,-13,-13
110260,0,0
110261,1,1
110270,-11,-11
110271,-11,-13
110280,-13,-13
110281,-13,-13
110290,-13,-13
110291,1,1
110300,-13,-13
110301,1,1
110310,-13,-13
110311,10,10
110320,11,11
110321,-13,-13
110330,2,2
110331,0,0
110340,0,0
110341,-13,-13
110350,10,10
110351,-11,-11
110360,0,0
110361,1,1
110370,0,0
110371,1,1
110380,0,0
110381,-11,-11
110390,-11,-11
110391,10,10
110400,-11,-11
110401,-11,-11
110410,1,1
110411,1,1
110420,1,1
110421,-11,-11
110430,10,10
110431,-11,-11
110440,0,0
110441,1,11
110450,2,2
110451,-11,-11
110460,2,2
110461,1,1
110470,1,1
110471,1,1
110480,2,2
110481,1,11
110490,4,11
110491,0,1
110500,1,1
110501,-13,-13
110510,1,1
110511,10,10
110520,10,11
110521,10,11
110530,2,2
110531,1,1
110540,-13,-13
110541,10,10
110550,3,11
110551,-11,-11
110560,-11,1
110561,1,-333
110570,10,11
110571,0,0
110580,1,1
110581,-13,-13
110590,1,1
110591,10,10
110600,1,2
110601,2,2
110610,-11,-11
110611,2,2
110620,1,1
110621,10,10
110630,2,2
110631,1,1
110640,1,1
110641,-11,-11
110650,-13,-13
110651,1,2
110660,2,2
110661,2,1
110670,10,10
110671,0,0
110680,10,10
110681,-11,-11
110690,1,11
110691,1,1
110700,11,11
110701,1,11
110710,2,2
110711,-11,-11
110720,0,0
110721,0,0
110730,1,1
110731,11,10
110740,-11,-11
110741,1,1
110750,0,10
110751,0,0
110760,0,0
110761,1,1
110770,0,0
110771,-11,-11
110780,-11,-11
110781,-13,-13
110790,1,1
110791,10,10
110800,1,1
110801,-13,-13
110810,-13,-13
110811,1,1
110820,1,1
110821,1,1
110830,0,0
110831,10,10
110840,-13,-13
110841,1,1
110850,0,0
110851,-13,-13
110860,-11,-11
110861,2,11
110870,-11,-11
110871,0,0
110880,10,10
110881,1,1
110890,-13,-13
110891,10,10
110900,0,0
110901,1,11
110910,-11,-11
110911,1,1
110920,-13,-13
110921,-11,1
110930,-11,-11
110931,-13,-13
110940,0,0
110941,10,10
110950,-13,-13
110951,1,1
110960,3,2
110961,1,1
110970,11,11
110971,-13,-13
110980,1,1
110981,-11,-11
110990,10,10
110991,10,10
111000,-13,-13
111001,1,1
111010,-13,-13
111011,-11,-11
111020,-11,-11
111021,11,11
111030,0,0
111031,1,1
111040,1,1
111041,1,2
111050,1,1
111051,11,11
111060,1,1
111061,-11,-333
111070,1,1
111071,1,1
111080,1,1
111081,-13,-13
111090,1,1
111091,10,10
111100,-13,-13
111101,1,1
111110,1,1
111111,1,1
111120,-13,-13
111121,-13,-13
111130,-13,-333
111131,-13,-13
111140,-13,-13
111141,-13,-13
111150,-13,-13
111151,-13,-13
111160,10,10
111161,1,1
111170,0,0
111171,0,0
111180,0,1
111181,-13,-333
111190,10,10
111191,10,10
111200,2,1
111201,11,11
111210,-11,0
111211,11,10
111220,-13,-13
111221,11,11
111230,2,1
111231,0,0
111240,2,11
111241,3,2
111250,1,2
111251,-11,-11
111260,-13,-13
111261,0,1
111270,2,2
111271,-11,-11
111280,0,0
111281,-11,-11
111290,11,11
111291,0,1
111300,11,11
111301,2,-222
111310,0,2
111311,1,1
111320,0,0
111321,-11,-11
111330,-11,-11
111331,10,10
111340,-13,-13
111341,1,1
111350,1,1
111351,-13,-13
111360,-13,-222
111361,11,-222
111370,10,11
111371,2,1
111380,0,0
111381,-11,-11
111390,2,2
111391,0,0
111400,0,0
111401,-11,-11
111410,-11,-11
111411,-11,-11
111420,1,1
111421,10,10
111430,1,1
111431,1,1
111440,-13,-13
111441,1,11
111450,10,10
111451,2,1
111460,-11,-11
111461,1,1
111470,1,1
111471,0,0
111480,11,11
111481,0,0
111490,1,1
111491,1,1
111500,1,1
111501,1,1
111510,1,-333
111511,1,1
111520,-11,-11
111521,-11,-11
111530,-11,-11
111531,1,1
111540,0,1
111541,-11,-11
111550,10,10
111551,1,1
111560,10,10
111561,2,2
111570,0,0
111571,4,11
111580,1,1
111581,-11,-11
111590,1,1
111591,0,0
111600,1,1
111601,-11,-11
111610,-11,-11
111611,0,0
111620,0,0
111621,-11,-11
111630,0,10
111631,2,1
111640,3,2
111641,1,1
111650,1,10
111651,10,10
111660,1,1
111661,1,1
111670,10,10
111671,1,1
111680,-11,1
111681,0,0
111690,3,11
111691,-1,10
111700,0,1
111701,10,10
111710,2,-11
111711,1,1
111720,-13,-13
111721,1,0
111730,1,1
111731,-11,-11
111740,0,0
111741,11,11
111750,1,1
111751,1,1
111760,-11,-11
111761,0,0
111770,1,1
111771,1,0
111780,-13,-13
111781,-11,-11
111790,10,10
111791,-13,-13
111800,10,10
111801,11,11
111810,-11,-11
111811,1,1
111820,2,2
111821,10,10
111830,1,0
111831,1,1
111840,1,2
111841,1,2
111850,-11,-11
111851,2,1
111860,-11,-11
111861,-11,-11
111870,0,0
111871,1,1
111880,-11,-11
111881,-13,-13
111890,11,10
111891,0,10
111900,2,11
111901,2,2
111910,-13,-13
111911,2,2
111920,0,0
111921,10,10
111930,11,10
111931,2,2
111940,-11,-11
111941,11,10
111950,2,1
111951,0,1
111960,1,1
111961,-13,-13
111970,1,1
111971,-13,-13
111980,-11,-11
111981,1,2
111990,1,1
111991,1,1
112000,-11,-11
112001,1,1
112010,-13,-13
112011,-11,-11
112020,-13,-13
112021,-11,-11
112030,-11,-11
112031,1,1
112040,0,0
112041,1,1
112050,-13,-13
112051,0,1
112060,-13,-13
112061,0,0
112070,11,11
112071,1,1
112080,-13,-13
112081,1,1
112090,0,10
112091,-11,-11
112100,10,10
112101,-13,-13
112110,10,10
112111,0,1
112120,-13,-13
112121,1,1
112130,1,1
112131,-13,-13
112140,-11,-11
112141,1,1
112150,-13,-13
112151,1,1
112160,10,11
112161,-13,-13
112170,0,0
112171,-13,-13
112180,-13,-13
112181,2,2
112190,1,1
112191,-11,0
112200,0,-333
112201,11,11
112210,-13,-13
112211,1,1
112220,1,2
112221,-13,-13
112230,0,1
112231,-13,-13
112240,1,1
112241,2,1
112250,11,11
112251,0,0
112260,-11,-11
112261,-13,-13
112270,10,10
112271,2,2
112280,11,1
112281,1,1
112290,-11,-11
112291,1,1
112300,-13,-13
112301,-11,-11
112310,10,10
112311,-11,-11
112320,1,1
112321,2,2
112330,-13,-13
112331,-13,-13
112340,1,1
112341,-13,-13
112350,0,10
112351,-13,-13
112360,1,1
112361,0,1
112370,1,1
112371,-11,-11
112380,-11,-11
112381,2,2
112390,1,1
112391,1,1
112400,1,1
112401,1,1
112410,-11,-11
112411,1,1
112420,0,0
112421,-13,-13
112430,1,1
112431,0,1
112440,1,1
112441,10,1
112450,1,1
112451,-11,-11
112460,2,1
112461,1,1
112470,10,11
112471,2,2
112480,11,11
112481,0,-333
112490,-11,-11
112491,-13,-13
112500,-11,-11
112501,1,1
112510,-11,-11
112511,-11,-11
112520,10,10
112521,1,2
112530,10,10
112531,-13,-13
112540,2,1
112541,1,1
112550,0,0
112551,-11,-11
112560,2,1
112561,11,1
112570,0,0
112571,1,1
112580,10,11
112581,0,0
112590,1,1
112591,-11,-11
112600,-13,-13
112601,1,1
112610,-13,-13
112611,10,10
112620,0,0
112621,1,1
112630,-11,-11
112631,-11,1
112640,-13,-13
112641,1,11
112650,2,1
112651,0,0
112660,-13,-13
112661,-13,-13
112670,2,2
112671,0,1
112680,10,10
112681,11,11
112690,0,1
112691,11,11
112700,10,10
112701,0,0
112710,1,1
112711,1,11
112720,0,0
112721,0,0
112730,-11,-11
112731,-13,-13
112740,0,0
112741,-11,-11
112750,0,0
112751,1,10
112760,11,11
112761,1,1
112770,-13,-13
112771,1,1
112780,1,1
112781,1,1
112790,-11,-11
112791,1,1
112800,-13,-13
112801,-13,-13
112810,-11,-11
112811,-11,-11
112820,-13,-13
112821,0,0
112830,-13,-13
112831,-13,-13
112840,-11,-11
112841,1,2
112850,10,11
112851,11,11
112860,10,10
112861,2,-222
112870,1,0
112871,1,11
112880,-11,-11
112881,11,11
112890,12,11
112891,11,11
112900,10,10
112901,3,11
112910,-13,-13
112911,1,1
112920,10,10
112921,11,10
112930,-13,-13
112931,10,10
112940,11,11
112941,-11,-11
112950,11,11
112951,-11,-11
112960,10,10
112961,1,1
112970,1,-13
112971,-11,-11
112980,1,2
112981,-11,-11
112990,-13,-13
112991,10,11
113000,1,1
113001,11,10
113010,1,2
113011,-11,-11
113020,-13,-13
113021,0,0
113030,-11,-11
113031,-11,1
113040,2,1
113041,11,10
113050,1,11
113051,-11,-11
113060,10,10
113061,2,2
113070,0,0
113071,0,0
113080,1,1
113081,-11,-11
113090,1,2
113091,1,1
113100,1,1
113101,-13,-13
113110,0,0
113111,-13,-13
113120,-11,-11
113121,10,11
113130,-11,-11
113131,10,10
113140,-13,-13
113141,11,11
113150,10,10
113151,-13,-13
113160,-11,-11
113161,0,0
113170,-11,-11
113171,-11,-11
113180,-13,-13
113181,-13,-13
113190,0,1
113191,2,1
113200,2,2
113201,-11,-11
113210,1,1
113211,1,11
113220,2,2
113221,-13,-13
113230,0,0
113231,1,1
113240,10,10
113241,1,1
113250,10,10
113251,-13,-13
113260,-13,-13
113261,2,1
113270,-13,-13
113271,-13,-13
113280,1,1
113281,11,11
113290,1,1
113291,-11,-11
113300,10,0
113301,1,1
113310,0,0
113311,1,1
113320,1,1
113321,1,2
113330,10,10
113331,-11,-11
113340,1,1
113341,0,0
113350,-13,-13
113351,-13,-13
113360,-11,-11
113361,10,10
113370,10,10
113371,2,2
113380,2,2
113381,11,11
113390,11,11
113391,3,2
113400,10,10
113401,1,1
113410,1,11
113411,0,0
113420,10,11
113421,1,1
113430,10,10
113431,10,10
113440,-11,-11
113441,1,1
113450,1,1
113451,0,10
113460,-11,-11
113461,-11,-11
113470,0,1
113471,1,1
113480,-11,-11
113481,0,0
113490,-11,-11
113491,1,0
113500,-11,-11
113501,-11,-11
113510,0,0
113511,-13,-13
113520,2,2
113521,1,1
113530,-13,-13
113531,-13,-13
113540,-11,-11
113541,2,2
113550,0,-333
113551,2,10
113560,-13,-13
113561,-13,-13
113570,-11,-333
113571,3,2
113580,-11,-11
113581,-13,-13
113590,-13,-13
113591,11,10
113600,10,10
113601,-11,-11
113610,11,11
113611,-13,-13
113620,-11,-11
113621,1,1
113630,2,1
113631,1,1
113640,-13,-13
113641,10,11
113650,10,10
113651,-11,-11
113660,1,1
113661,-13,-13
113670,-13,-13
113671,-11,-11
113680,1,1
113681,10,11
113690,1,10
113691,1,-11
113700,-11,-11
113701,-11,-11
113710,1,1
113711,10,10
113720,-13,-13
113721,0,0
113730,-13,-13
113731,-11,-11
113740,1,1
113741,2,11
113750,1,1
113751,-13,-333
113760,1,1
113761,-11,-11
113770,-13,-13
113771,0,2
113780,-13,-13
113781,10,10
113790,10,10
113791,-11,-11
113800,-13,-13
113801,11,11
113810,1,1
113811,-11,-11
113820,1,1
113821,-11,-11
113830,1,1
113831,1,1
113840,0,0
113841,-11,-11
113850,-11,-11
113851,2,1
113860,1,11
113861,0,1
113870,1,-333
113871,10,10
113880,-13,-13
113881,11,11
113890,11,11
113891,-13,-13
113900,0,0
113901,-13,-13
113910,3,11
113911,-13,-13
113920,10,10
113921,-13,-13
113930,0,0
113931,-13,-13
113940,1,1
113941,11,2
113950,0,0
113951,1,1
113960,1,-333
113961,1,1
113970,0,0
113971,-13,-13
113980,10,10
113981,11,11
113990,1,-13
113991,2,2
114000,-11,-11
114001,0,0
114010,-11,-11
114011,1,1
114020,1,1
114021,-11,-11
114030,-11,-11
114031,10,10
114040,-11,-11
114041,11,11
114050,-11,-11
114051,0,-11
114060,-13,-13
114061,2,11
114070,2,1
114071,1,1
114080,-11,-11
114081,0,0
114090,0,0
114091,0,0
114100,10,10
114101,1,1
114110,2,2
114111,-11,-11
114120,1,1
114121,2,1
114130,-11,1
114131,-13,-13
114140,-11,-11
114141,1,1
114150,1,1
114151,11,10
114160,-11,-11
114161,-13,-13
114170,-11,-11
114171,1,1
114180,-13,-13
114181,-11,-11
114190,-11,-11
114191,-11,-11
114200,1,1
114201,-11,-11
114210,-13,-13
114211,11,10
114220,11,11
114221,11,11
114230,0,10
114231,1,1
114240,-13,-13
114241,10,10
114250,-13,-13
114251,-13,-13
114260,-11,-11
114261,1,1
114270,-11,-11
114271,-13,-13
114280,-11,-11
114281,-13,-13
114290,1,0
114291,1,1
114300,-13,-222
114301,1,1
114310,1,1
114311,-11,-11
114320,-11,-11
114321,-11,-11
114330,1,1
114331,-13,-13
114340,10,10
114341,-13,-13
114350,-13,-13
114351,-13,-13
114360,0,0
114361,-11,-11
114370,-13,-13
114371,0,0
114380,-13,-13
114381,10,11
114390,10,10
114391,10,10
114400,-11,-11
114401,1,1
114410,11,11
114411,0,1
114420,-11,-11
114421,0,0
114430,10,10
114431,-11,-11
114440,1,0
114441,-11,-11
114450,-11,-11
114451,1,1
114460,-11,-11
114461,10,10
114470,3,2
114471,0,0
114480,0,10
114481,-13,-13
114490,-13,-13
114491,1,1
114500,0,0
114501,-13,-13
114510,-13,-13
114511,-13,-13
114520,0,11
114521,-11,-11
114530,1,1
114531,1,1
114540,-11,-11
114541,1,1
114550,-11,-11
114551,1,1
114560,1,1
114561,0,0
114570,-13,-13
114571,11,10
114580,0,0
114581,1,1
114590,10,10
114591,-13,-13
114600,0,1
114601,-13,-13
114610,0,0
114611,0,0
114620,-11,-11
114621,-11,-11
114630,1,1
114631,2,11
114640,0,0
114641,-13,-222
114650,-11,-11
114651,-11,-11
114660,1,1
114661,-11,-11
114670,10,10
114671,2,1
114680,10,11
114681,2,1
114690,1,1
114691,2,2
114700,1,1
114701,-11,-11
114710,1,1
114711,2,1
114720,-11,-11
114721,10,10
114730,1,1
114731,-13,-13
114740,-11,-11
114741,2,2
114750,-13,-13
114751,11,11
114760,1,1
114761,10,10
114770,2,2
114771,11,11
114780,-11,-11
114781,0,0
114790,1,1
114791,-13,1
114800,2,2
114801,-13,-13
114810,0,0
114811,2,1
114820,-11,-11
114821,-11,-11
114830,0,1
114831,1,2
114840,0,0
114841,-13,1
114850,-11,-11
114851,11,10
114860,-13,-13
114861,3,11
114870,0,2
114871,1,1
114880,-13,-13
114881,10,10
114890,-13,-13
114891,0,0
114900,1,11
114901,2,1
114910,10,10
114911,11,10
114920,2,1
114921,-11,-11
114930,10,10
114931,10,10
114940,1,1
114941,0,0
114950,1,1
114951,1,1
114960,0,-13
114961,-13,-13
114970,1,1
114971,0,0
114980,1,1
114981,1,1
114990,0,0
114991,0,0
115000,11,11
115001,0,0
115010,2,11
115011,10,11
115020,-13,-13
115021,1,1
115030,0,1
115031,3,2
115040,-11,-11
115041,2,1
115050,-13,-13
115051,-13,-13
115060,1,1
115061,1,2
115070,-11,-11
115071,1,1
115080,-11,-11
115081,-11,-11
115090,10,10
115091,1,1
115100,-13,-13
115101,1,1
115110,2,1
115111,11,11
115120,1,1
115121,-13,-13
115130,-11,-11
115131,11,11
115140,0,1
115141,1,1
115150,0,1
115151,1,1
115160,1,1
115161,10,11
115170,0,0
115171,-11,-11
115180,-13,-13
115181,1,1
115190,10,10
115191,10,10
115200,10,10
115201,11,10
115210,-11,-11
115211,-13,-13
115220,1,1
115221,2,2
115230,0,0
115231,-1,10
115240,-11,-11
115241,0,10
115250,0,0
115251,1,2
115260,1,1
115261,1,1
115270,-13,-13
115271,-11,-11
115280,0,2
115281,0,0
115290,-13,1
115291,10,10
115300,12,11
115301,1,1
115310,-13,-13
115311,1,1
115320,1,1
115321,0,0
115330,12,1
115331,1,1
115340,-11,-11
115341,1,1
115350,2,11
115351,1,1
115360,0,0
115361,0,0
115370,-11,-11
115371,10,10
115380,1,1
115381,1,1
115390,10,10
115391,10,10
115400,-13,-13
115401,-13,-13
115410,3,2
115411,-11,-11
115420,-13,-13
115421,11,11
115430,-13,-13
115431,1,2
115440,10,11
115441,-11,-11
115450,-11,-11
115451,-13,-13
115460,0,0
115461,-13,-13
115470,-13,-13
115471,1,1
115480,1,1
115481,11,11
115490,0,1
115491,-13,0
115500,10,10
115501,1,1
115510,-11,-11
115511,10,10
115520,-11,-11
115521,-13,-13
115530,11,11
115531,-11,1
115540,10,11
115541,10,10
115550,1,1
115551,-13,-333
115560,-13,-13
115561,-11,-11
115570,-11,-333
115571,1,1
115580,1,1
115581,-11,-11
115590,0,0
115591,-11,-11
115600,1,1
115601,-11,-11
115610,-13,-13
115611,-11,-11
115620,1,1
115621,1,10
115630,3,2
115631,1,1
115640,1,1
115641,-11,-11
115650,1,1
115651,-11,-11
115660,10,10
115661,-13,-13
115670,1,1
115671,-11,-11
115680,-11,-11
115681,0,0
115690,1,1
115691,1,1
115700,11,11
115701,-11,1
115710,-11,-11
115711,1,0
115720,10,11
115721,1,10
115730,-13,-13
115731,2,1
115740,-11,-11
115741,1,1
115750,2,1
115751,0,0
115760,11,11
115761,2,2
115770,1,1
115771,11,10
115780,0,0
115781,2,2
115790,-11,-11
115791,11,11
115800,1,1
115801,1,1
115810,11,11
115811,1,1
115820,1,1
115821,0,0
115830,10,10
115831,1,1
115840,0,0
115841,10,10
115850,-11,1
115851,1,1
115860,-11,-11
115861,2,11
115870,1,2
115871,1,1
115880,-11,1
115881,-13,-13
115890,-11,-11
115891,-13,-13
115900,1,1
115901,0,0
115910,1,1
115911,1,1
115920,1,1
115921,0,0
115930,1,1
115931,0,0
115940,2,2
115941,-11,-11
115950,1,1
115951,-11,-11
115960,1,1
115961,-11,-11
115970,3,2
115971,-13,-13
115980,1,1
115981,0,0
115990,12,11
115991,1,-11
116000,1,1
116001,-13,-13
116010,10,11
116011,-11,-11
116020,0,0
116021,1,1
116030,1,1
116031,0,11
116040,-13,-13
116041,-11,-11
116050,11,11
116051,2,11
116060,10,10
116061,2,1
116070,-13,-13
116071,-13,-13
116080,10,10
116081,-13,-13
116090,-11,-11
116091,1,10
116100,-13,-13
116101,-13,-13
116110,-13,-13
116111,-11,1
116120,1,1
116121,10,10
116130,-13,-13
116131,-11,-11
116140,1,-333
116141,0,1
116150,1,1
116151,-13,-13
116160,11,10
116161,-11,0
116170,-13,-13
116171,2,2
116180,1,1
116181,-13,-11
116190,-11,-11
116191,1,1
116200,-11,-11
116201,10,11
116210,11,10
116211,11,11
116220,1,1
116221,12,11
116230,1,11
116231,-13,-13
116240,0,0
116241,-11,-11
116250,0,-13
116251,1,11
116260,-13,-13
116261,-11,-11
116270,1,1
116271,1,1
116280,10,10
116281,1,1
116290,10,10
116291,10,10
116300,0,0
116301,-11,-11
116310,1,1
116311,-13,-13
116320,10,10
116321,1,1
116330,-11,-11
116331,1,1
116340,10,10
116341,1,1
116350,10,10
116351,12,11
116360,1,1
116361,-13,-13
116370,-13,-333
116371,-13,-13
116380,1,1
116381,-11,-11
116390,1,1
116391,1,1
116400,-13,-13
116401,0,2
116410,0,10
116411,1,1
116420,-13,0
116421,-13,-13
116430,-13,-13
116431,10,11
116440,-11,-11
116441,2,1
116450,0,-13
116451,0,0
116460,11,10
116461,-13,-13
116470,1,1
116471,11,11
116480,-11,-11
116481,2,1
116490,-11,-11
116491,-11,-11
116500,1,1
116501,0,-333
116510,11,10
116511,-13,-13
116520,2,2
116521,-11,-11
116530,2,2
116531,-11,-11
116540,-11,-11
116541,-11,-11
116550,1,1
116551,-13,-13
116560,1,1
116561,2,1
116570,-13,-13
116571,0,-11
116580,0,0
116581,2,2
116590,2,1
116591,-11,-11
116600,-11,-11
116601,1,1
116610,3,11
116611,-13,-13
116620,0,1
116621,1,1
116630,1,1
116631,3,2
116640,0,0
116641,0,10
116650,-11,-11
116651,1,1
116660,0,0
116661,-11,-11
116670,10,10
116671,-13,-13
116680,10,11
116681,1,1
116690,-13,-13
116691,1,1
116700,1,1
116701,1,1
116710,10,10
116711,1,1
116720,1,1
116721,1,1
116730,0,0
116731,1,1
116740,-13,-333
116741,12,10
116750,-11,-11
116751,1,1
116760,10,10
116761,0,0
116770,0,0
116771,10,10
116780,-11,-11
116781,2,1
116790,10,11
116791,0,0
116800,10,10
116801,1,1
116810,1,1
116811,1,1
116820,-11,-11
116821,0,10
116830,-11,1
116831,1,1
116840,-11,-11
116841,1,1
116850,2,2
116851,-13,-13
116860,1,2
116861,1,1
116870,11,10
116871,1,1
116880,1,1
116881,1,1
116890,0,0
116891,1,1
116900,1,1
116901,1,1
116910,-11,-11
116911,10,10
116920,11,11
116921,1,1
116930,11,10
116931,-13,-13
116940,0,0
116941,0,0
116950,3,2
116951,-11,-11
116960,-13,-13
116961,1,1
116970,-11,1
116971,-11,-11
116980,-13,-13
116981,-13,-13
116990,-13,-13
116991,0,10
117000,-13,-13
117001,-13,-13
117010,-11,-11
117011,2,2
117020,-13,-13
117021,-11,1
117030,0,0
117031,2,1
117040,3,11
117041,1,1
117050,1,1
117051,-11,-11
117060,1,1
117061,-13,-11
117070,0,1
117071,-11,-11
117080,0,0
117081,10,10
117090,1,-333
117091,1,1
117100,10,10
117101,1,1
117110,10,10
117111,-13,-13
117120,-11,-11
117121,-13,-13
117130,10,11
117131,1,-333
117140,1,2
117141,-13,-11
117150,1,1
117151,2,2
117160,-11,1
117161,0,0
117170,2,2
117171,-13,-13
117180,-13,-13
117181,1,10
117190,11,11
117191,-13,-13
117200,-13,-13
117201,2,1
117210,1,1
117211,1,1
117220,10,11
117221,2,11
117230,-13,-13
117231,-13,-13
117240,-11,1
117241,0,1
117250,1,1
117251,1,1
117260,0,0
117261,0,0
117270,1,1
117271,-11,-11
117280,-13,-13
117281,-13,-13
117290,1,1
117291,-11,-11
117300,2,2
117301,-11,-11
117310,-11,-11
117311,-11,-11
117320,10,11
117321,10,10
117330,1,1
117331,-13,-13
117340,-11,-11
117341,11,2
117350,-11,0
117351,10,10
117360,2,1
117361,-11,-11
117370,-11,-11
117371,1,1
117380,-13,-13
117381,0,0
117390,11,10
117391,1,1
117400,1,1
117401,0,1
117410,1,11
117411,0,0
117420,0,0
117421,11,1
117430,1,1
117431,-13,-13
117440,2,2
117441,10,10
117450,-11,-11
117451,1,2
117460,-13,1
117461,3,11
117470,2,1
117471,1,1
117480,-11,-11
117481,10,10
117490,-13,-13
117491,0,0
117500,-11,-11
117501,-13,-13
117510,1,1
117511,-13,-13
117520,-13,-13
117521,-11,-11
117530,-11,0
117531,11,11
117540,-11,-11
117541,1,1
117550,11,11
117551,-11,-11
117560,-13,-13
117561,0,1
117570,10,10
117571,10,11
117580,1,1
117581,1,1
117590,10,10
117591,1,1
117600,1,2
117601,0,0
117610,-11,-11
117611,11,2
117620,-11,-11
117621,11,11
117630,-11,-11
117631,0,10
117640,-11,-11
117641,-13,-13
117650,-13,1
117651,-13,-13
117660,-11,-11
117661,-13,-13
117670,10,10
117671,1,1
117680,-11,10
117681,1,1
117690,-13,-13
117691,-13,-13
117700,1,1
117701,1,1
117710,1,1
117711,10,10
117720,2,2
117721,-11,-11
117730,1,1
117731,2,2
117740,-13,-13
117741,-13,-13
117750,0,0
117751,11,11
117760,1,2
117761,-13,-13
117770,11,11
117771,-13,-13
117780,2,1
117781,10,10
117790,-13,-13
117791,1,1
117800,1,1
117801,1,1
117810,1,1
117811,0,0
117820,0,0
117821,-13,-13
117830,0,1
117831,0,0
117840,-13,-13
117841,1,-11
117850,2,2
117851,-13,-13
117860,-13,-13
117861,-13,-13
117870,-13,-13
117871,-13,-13
117880,-11,-11
117881,-13,-13
117890,-11,-11
117891,-11,-11
117900,2,1
117901,10,11
117910,1,1
117911,-13,-13
117920,-13,-13
117921,12,11
117930,2,11
117931,3,2
117940,10,10
117941,1,1
117950,-13,-13
117951,-13,-13
117960,11,11
117961,-11,1
117970,10,11
117971,0,0
117980,0,0
117981,10,10
117990,-13,-13
117991,1,1
118000,-13,-13
118001,-11,-11
118010,1,1
118011,1,-333
118020,10,10
118021,-11,-11
118030,10,10
118031,10,11
118040,2,1
118041,-11,-11
118050,1,1
118051,0,0
118060,-11,-11
118061,1,1
118070,1,1
118071,-11,-11
118080,-13,-13
118081,-13,-13
118090,-13,-13
118091,1,1
118100,-11,-11
118101,-13,-13
118110,10,10
118111,-11,1
118120,2,11
118121,2,1
118130,10,10
118131,1,1
118140,-11,-11
118141,1,11
118150,-11,-11
118151,10,10
118160,-11,-11
118161,2,1
118170,1,1
118171,-11,-11
118180,0,10
118181,0,0
118190,1,1
118191,-11,-11
118200,-13,1
118201,-11,-11
118210,-11,-11
118211,1,1
118220,-13,-13
118221,-11,1
118230,-13,-13
118231,-11,-11
118240,11,11
118241,-13,-13
118250,1,1
118251,-11,-11
118260,0,-333
118261,10,10
118270,1,0
118271,-13,-13
118280,-11,-11
118281,-11,-11
118290,1,11
118291,11,11
118300,2,2
118301,1,1
118310,1,1
118311,10,10
118320,-13,-13
118321,-13,-222
118330,-13,-13
118331,-13,-13
118340,-13,-13
118341,11,10
118350,1,1
118351,1,1
118360,2,1
118361,1,1
118370,1,1
118371,-11,-11
118380,-13,-13
118381,10,10
118390,1,1
118391,-13,-13
118400,0,0
118401,1,1
118410,0,0
118411,10,10
118420,-13,-13
118421,-11,-11
118430,10,10
118431,10,10
118440,2,1
118441,10,10
118450,-11,-11
118451,-13,-13
118460,11,11
118461,10,10
118470,1,11
118471,2,11
118480,0,0
118481,1,1
118490,-11,-11
118491,-13,-13
118500,-13,-13
118501,1,1
118510,-13,-333
118511,-11,-333
118520,-13,-13
118521,2,2
118530,11,1
118531,0,0
118540,-11,-11
118541,-13,-13
118550,-13,-13
118551,-13,-13
118560,-11,-11
118561,1,1
118570,-11,-11
118571,2,2
118580,-11,-11
118581,1,1
118590,11,11
118591,1,1
118600,-11,-11
118601,-13,-13
118610,1,1
118611,-13,-13
118620,-11,-11
118621,2,2
118630,0,0
118631,0,0
118640,2,11
118641,10,10
118650,11,11
118651,10,10
118660,0,10
118661,-13,-13
118670,1,1
118671,1,1
118680,1,1
118681,1,2
118690,-11,-11
118691,-11,-11
118700,-11,-11
118701,0,0
118710,0,1
118711,1,1
118720,-13,-13
118721,-11,-11
118730,1,1
118731,-13,-13
118740,-13,-13
118741,-13,-13
118750,3,2
118751,-11,-11
118760,1,1
118761,10,10
118770,1,1
118771,-11,-11
118780,-13,-13
118781,2,2
118790,10,10
118791,-13,-11
118800,-13,-13
118801,-11,-11
118810,10,10
118811,1,1
118820,1,11
118821,2,10
118830,10,11
118831,2,2
118840,0,0
118841,1,1
118850,1,1
118851,1,1
118860,-11,-11
118861,1,1
118870,2,2
118871,10,11
118880,11,1
118881,-11,-11
118890,10,10
118891,10,11
118900,1,1
118901,-11,-11
118910,-11,-11
118911,0,0
118920,2,1
118921,0,0
118930,-11,-11
118931,1,1
118940,-13,-13
118941,0,0
118950,-13,-13
118951,-13,-13
118960,1,1
118961,0,0
118970,1,2
118971,-13,-13
118980,0,0
118981,1,1
118990,10,10
118991,11,11
119000,0,-11
119001,-13,-13
119010,0,0
119011,-13,-13
119020,0,0
119021,11,10
119030,-13,-13
119031,0,1
119040,-13,-13
119041,2,1
119050,0,0
119051,1,1
119060,-13,-13
119061,-11,-333
119070,1,1
119071,0,0
119080,1,1
119081,1,1
119090,-13,-13
119091,10,10
119100,-11,-11
119101,0,1
119110,1,1
119111,-11,1
119120,-13,-222
119121,10,10
119130,1,0
119131,0,0
119140,11,11
119141,12,11
119150,1,1
119151,10,10
119160,-11,-11
119161,10,10
119170,-13,-13
119171,-11,-11
119180,2,1
119181,-13,-13
119190,-11,-11
119191,0,1
119200,-11,-333
119201,1,11
119210,-11,-11
119211,-13,-13
119220,10,10
119221,1,1
119230,1,1
119231,-13,-13
119240,0,0
119241,0,1
119250,10,10
119251,1,1
119260,-13,-13
119261,10,10
119270,1,1
119271,0,-11
119280,1,1
119281,1,1
119290,1,-11
119291,1,0
119300,-11,-11
119301,1,1
119310,-11,-11
119311,10,10
119320,-13,-13
119321,1,1
119330,1,1
119331,1,1
119340,-11,-11
119341,10,10
119350,-11,-11
119351,0,0
119360,10,10
119361,0,0
119370,2,1
119371,2,1
119380,1,2
119381,2,1
119390,-11,-11
119391,1,1
119400,10,10
119401,10,10
119410,2,2
119411,-11,-11
119420,-13,0
119421,1,2
119430,1,11
119431,-11,-11
119440,-11,-11
119441,0,2
119450,11,11
119451,2,2
119460,-13,0
119461,1,1
119470,0,1
119471,2,2
119480,10,10
119481,-13,-13
119490,1,1
119491,11,11
119500,0,1
119501,11,-11
119510,1,1
119511,-13,-13
119520,1,1
119521,2,2
119530,0,0
119531,1,1
119540,0,0
119541,2,2
119550,0,-11
119551,0,0
119560,2,1
119561,-11,-13
119570,1,1
119571,10,10
119580,-13,-13
119581,10,10
119590,2,1
119591,1,1
119600,-13,-13
119601,-13,-13
119610,2,11
119611,-13,-13
119620,-11,-11
119621,1,1
119630,1,1
119631,-11,-13
119640,11,11
119641,1,1
119650,10,11
119651,1,1
119660,0,0
119661,0,0
119670,1,11
119671,-13,-13
119680,-13,-13
119681,1,1
119690,1,1
119691,-11,-13
119700,-11,-11
119701,-13,-13
119710,1,1
119711,10,10
119720,1,11
119721,-13,-13
119730,-11,-11
119731,-11,-11
119740,1,1
119741,11,10
119750,1,1
119751,-13,-13
119760,11,10
119761,-13,-333
119770,1,1
119771,1,1
119780,0,11
119781,1,1
119790,-13,-13
119791,-13,-13
119800,1,1
119801,1,1
119810,10,10
119811,-11,1
119820,1,1
119821,1,1
119830,1,1
119831,2,11
119840,-11,-11
119841,10,10
119850,-13,-13
119851,0,0
119860,-13,-13
119861,-13,-13
119870,0,0
119871,2,1
119880,-13,-13
119881,-11,-11
119890,1,1
119891,0,0
119900,-11,-11
119901,11,11
119910,-13,-13
119911,1,1
119920,1,1
119921,0,0
119930,2,1
119931,1,1
119940,0,1
119941,-11,-11
119950,1,1
119951,10,10
119960,-11,-11
119961,-13,-13
119970,2,1
119971,11,10
119980,-11,1
119981,0,0
119990,10,10
119991,0,0
120000,-13,-13
120001,1,11
120010,-13,-13
120011,2,1
120020,1,1
120021,-13,-13
120030,11,11
120031,10,10
120040,-13,-13
120041,1,1
120050,-13,-13
120051,-11,-11
120060,1,1
120061,-13,-13
120070,-11,-11
120071,-11,-11
120080,-11,-11
120081,10,10
120090,-11,-11
120091,2,1
120100,1,1
120101,1,1
120110,2,0
120111,-13,1
120120,-13,-13
120121,-13,-13
120130,1,0
120131,-11,-11
120140,-11,-11
120141,-13,-13
120150,-11,-11
120151,2,1
120160,1,1
120161,0,0
120170,-13,-13
120171,0,-333
120180,1,1
120181,1,-11
120190,-13,-13
120191,1,1
120200,-13,-13
120201,10,10
120210,10,10
120211,-11,-11
120220,2,1
120221,10,10
120230,1,1
120231,1,1
120240,1,2
120241,3,2
120250,0,0
120251,1,1
120260,0,0
120261,-11,-11
120270,-13,-13
120271,3,2
120280,-11,-11
120281,0,0
120290,1,1
120291,-11,-11
120300,0,10
120301,2,1
120310,2,1
120311,1,1
120320,-11,-11
120321,-13,-13
120330,10,10
120331,1,1
120340,0,0
120341,2,1
120350,0,0
120351,0,0
120360,1,1
120361,1,1
120370,-13,-13
120371,1,1
120380,-11,-11
120381,-11,-11
120390,-13,-333
120391,10,10
120400,-13,1
120401,1,1
120410,0,10
120411,1,1
120420,1,10
120421,-13,-13
120430,2,2
120431,-13,-13
120440,1,1
120441,1,1
120450,2,2
120451,-13,0
120460,11,10
120461,1,1
120470,0,1
120471,0,-11
120480,-13,-13
120481,1,1
120490,1,2
120491,-11,-11
120500,-11,-11
120501,1,2
120510,1,1
120511,1,1
120520,1,1
120521,2,2
120530,2,1
120531,1,1
120540,10,10
120541,10,10
120550,-13,-13
120551,1,2
120560,2,11
120561,10,11
120570,-13,-333
120571,-11,-11
120580,10,10
120581,1,1
120590,-11,-11
120591,10,10
120600,2,1
120601,11,10
120610,-13,-13
120611,-11,-13
120620,-11,-11
120621,-11,-333
120630,-13,0
120631,-13,-13
120640,1,1
120641,1,1
120650,2,1
120651,1,-11
120660,-11,1
120661,1,2
120670,0,10
120671,1,1
120680,-13,-13
120681,-13,-13
120690,11,10
120691,1,1
120700,1,1
120701,-13,-13
120710,11,11
120711,-11,-11
120720,-11,-11
120721,1,1
120730,1,1
120731,2,2
120740,1,1
120741,1,1
120750,2,2
120751,2,1
120760,-11,-11
120761,-13,-13
120770,0,0
120771,0,1
120780,0,0
120781,1,2
120790,-13,-13
120791,2,1
120800,-11,-11
120801,-11,-11
120810,1,1
120811,1,1
120820,-13,-11
120821,1,1
120830,1,1
120831,0,10
120840,1,1
120841,-13,-13
120850,-11,-11
120851,1,1
120860,1,1
120861,0,0
120870,1,1
120871,-11,-11
120880,1,1
120881,1,1
120890,10,10
120891,2,1
120900,0,0
120901,-11,-333
120910,-11,-11
120911,10,11
120920,3,2
120921,-11,-11
120930,-13,-13
120931,-13,-11
120940,-13,-13
120941,1,1
120950,0,1
120951,0,0
120960,-13,-13
120961,11,11
120970,2,2
120971,10,10
120980,-11,-11
120981,1,1
120990,10,10
120991,0,0
121000,1,1
121001,2,2
121010,10,10
121011,1,1
121020,0,0
121021,1,1
121030,-11,-11
121031,1,0
121040,-11,-11
121041,1,1
121050,10,11
121051,2,2
121060,-13,-13
121061,-11,-11
121070,-13,-13
121071,-13,-13
121080,10,10
121081,0,-13
121090,1,1
121091,1,1
121100,1,1
121101,-11,-11
121110,2,1
121111,-11,-11
121120,10,10
121121,11,11
121130,2,2
121131,-13,-13
121140,1,1
121141,0,0
121150,0,0
121151,-11,-11
121160,0,0
121161,11,11
121170,-11,-11
121171,-11,-11
121180,0,0
121181,2,1
121190,10,11
121191,-13,-13
121200,1,2
121201,1,1
121210,1,2
121211,1,1
121220,0,0
121221,-13,-13
121230,0,0
121231,0,0
121240,1,1
121241,12,11
121250,-11,-11
121251,2,1
121260,10,10
121261,1,1
121270,11,0
121271,12,10
121280,10,10
121281,-13,-13
121290,-11,-11
121291,1,1
121300,11,11
121301,2,2
121310,10,10
121311,0,1
121320,10,10
121321,1,1
121330,2,11
121331,1,1
121340,1,1
121341,-11,-11
121350,2,1
121351,-11,-11
121360,2,1
121361,-13,-13
121370,10,10
121371,2,1
121380,1,1
121381,11,11
121390,0,0
121391,0,0
121400,-11,-11
121401,-11,-11
121410,1,1
121411,1,2
121420,-11,-11
121421,0,1
121430,1,2
121431,1,11
121440,0,0
121441,-13,-13
121450,10,11
121451,1,1
121460,-13,-13
121461,-11,-11
121470,2,10
121471,3,10
121480,0,0
121481,0,1
121490,1,1
121491,1,1
121500,-11,-11
121501,-13,-222
121510,10,10
121511,0,0
121520,0,0
121521,-13,-13
121530,-13,-13
121531,10,10
121540,1,1
121541,2,1
121550,11,11
121551,1,1
121560,-13,-13
121561,-13,-13
121570,-13,-13
121571,-11,-11
121580,1,1
121581,-11,-11
121590,-13,-13
121591,-11,-11
121600,11,10
121601,-11,-11
121610,1,1
121611,11,11
121620,1,0
121621,0,0
121630,1,1
121631,-13,-13
121640,1,1
121641,0,0
121650,10,10
121651,2,1
121660,1,1
121661,-11,-11
121670,1,1
121671,-13,-13
121680,-13,-13
121681,2,2
121690,0,0
121691,0,0
121700,-11,-11
121701,-11,-11
121710,11,11
121711,-13,-13
121720,10,11
121721,1,1
121730,-13,-13
121731,1,1
121740,0,1
121741,1,-333
121750,-13,-13
121751,1,1
121760,2,1
121761,-11,-11
121770,1,1
121771,-13,-13
121780,-13,-13
121781,-13,-13
121790,1,1
121791,10,10
121800,-11,-11
121801,2,2
121810,11,11
121811,2,1
121820,-13,-13
121821,2,11
121830,1,1
121831,10,11
121840,1,1
121841,2,2
121850,0,0
121851,-11,-11
121860,1,10
121861,-11,-11
121870,2,2
121871,-13,-13
121880,10,10
121881,11,11
121890,10,10
121891,10,10
121900,1,1
121901,12,11
121910,-13,-13
121911,-13,-13
121920,3,2
121921,1,1
121930,10,10
121931,-13,-13
121940,-13,-13
121941,2,1
121950,1,1
121951,10,10
121960,2,1
121961,0,0
121970,10,10
121971,0,0
121980,-13,-11
121981,1,0
121990,1,1
121991,0,0
122000,-11,-11
122001,-11,-11
122010,10,10
122011,10,10
122020,-11,-11
122021,1,11
122030,0,0
122031,0,1
122040,-13,-13
122041,0,0
122050,1,1
122051,1,1
122060,2,2
122061,3,11
122070,10,10
122071,-13,-13
122080,10,10
122081,0,0
122090,0,1
122091,-13,-13
122100,1,1
122101,1,1
122110,1,1
122111,1,1
122120,10,10
122121,1,1
122130,-11,-11
122131,10,11
122140,1,1
122141,1,1
122150,0,10
122151,11,11
122160,-11,-11
122161,-11,-11
122170,-13,-13
122171,1,1
122180,0,0
122181,2,11
122190,-11,-11
122191,1,1
122200,0,0
122201,-13,-13
122210,-11,-11
122211,0,0
122220,0,0
122221,1,0
122230,-13,-13
122231,-13,-13
122240,2,2
122241,1,11
122250,-11,1
122251,-11,-11
122260,-13,-13
122261,3,11
122270,10,11
122271,1,1
122280,-11,0
122281,1,11
122290,-13,-13
122291,0,0
122300,1,1
122301,1,2
122310,0,0
122311,-11,-11
122320,10,10
122321,-11,-11
122330,11,11
122331,-11,-11
122340,1,1
122341,11,10
122350,-11,-11
122351,-11,-11
122360,-11,-11
122361,2,2
122370,1,-11
122371,-13,-13
122380,-11,-11
122381,10,10
122390,1,1
122391,-11,-11
122400,-13,-13
122401,0,0
122410,1,1
122411,2,11
122420,2,2
122421,-11,-11
122430,10,10
122431,-13,-13
122440,-13,-13
122441,1,-333
122450,10,10
122451,-13,-13
122460,1,1
122461,10,10
122470,0,0
122471,0,0
122480,2,11
122481,-11,-11
122490,-11,-11
122491,0,-13
122500,11,10
122501,1,1
122510,-11,-11
122511,1,1
122520,0,0
122521,10,10
122530,10,10
122531,2,2
122540,0,0
122541,-13,-13
122550,1,10
122551,-13,-13
122560,1,1
122561,-13,-13
122570,1,1
122571,-13,-13
122580,1,1
122581,-11,-11
122590,-11,-11
122591,10,10
122600,1,1
122601,1,1
122610,0,0
122611,1,1
122620,-11,-11
122621,1,1
122630,-11,-11
122631,10,10
122640,-13,-13
122641,2,1
122650,0,0
122651,-13,-13
122660,1,2
122661,-11,-11
122670,1,1
122671,-11,-11
122680,1,1
122681,0,0
122690,-11,-11
122691,-13,-13
122700,1,2
122701,-11,-11
122710,10,11
122711,11,11
122720,-11,0
122721,1,1
122730,1,1
122731,0,0
122740,0,0
122741,-13,-13
122750,-13,-13
122751,-11,-11
122760,11,11
122761,4,2
122770,0,0
122771,10,10
122780,1,1
122781,-11,-11
122790,11,10
122791,-11,-11
122800,-13,-13
122801,2,2
122810,1,1
122811,1,1
122820,-11,-11
122821,-13,-13
122830,-13,-13
122831,10,11
122840,-13,-13
122841,10,11
122850,-13,-13
122851,10,10
122860,-13,-333
122861,1,1
122870,10,10
122871,1,11
122880,-13,-13
122881,-13,-13
122890,1,1
122891,1,1
122900,2,2
122901,-11,-11
122910,-13,-13
122911,-11,-11
122920,-13,-13
122921,2,2
122930,1,1
122931,1,2
122940,-13,-13
122941,-13,-13
122950,-11,-11
122951,-11,-11
122960,-11,-11
122961,-13,-13
122970,1,1
122971,11,11
122980,-11,1
122981,1,11
122990,10,10
122991,10,10
123000,1,1
123001,1,1
123010,-11,-11
123011,-13,-13
123020,2,1
123021,1,1
123030,1,1
123031,0,0
123040,11,11
123041,-11,-11
123050,-13,-13
123051,1,1
123060,2,1
123061,1,1
123070,-11,-11
123071,-13,-13
123080,10,10
123081,2,1
123090,-13,-13
123091,10,10
123100,2,11
123101,-11,-11
123110,1,1
123111,11,10
123120,2,2
123121,-13,-13
123130,0,0
123131,10,10
123140,-11,-11
123141,1,1
123150,0,0
123151,-13,-13
123160,10,10
123161,10,10
123170,-11,-11
123171,10,10
123180,1,1
123181,1,1
123190,2,2
123191,-11,-11
123200,10,11
123201,2,2
123210,-11,1
123211,-13,-13
123220,1,1
123221,-11,-11
123230,1,1
123231,0,0
123240,11,11
123241,1,1
123250,1,-333
123251,-13,-13
123260,11,11
123261,1,1
123270,0,0
123271,-11,-11
123280,10,10
123281,10,10
123290,-13,-13
123291,0,0
123300,2,1
123301,-13,-13
123310,1,1
123311,11,11
123320,1,1
123321,1,11
123330,2,11
123331,-13,-13
123340,1,1
123341,-11,-11
123350,1,1
123351,0,-11
123360,1,1
123361,1,1
123370,0,0
123371,-11,-11
123380,-13,-13
123381,1,1
123390,1,1
123391,-13,-13
123400,-13,-13
123401,-11,-11
123410,10,11
123411,-11,-11
123420,-11,-11
123421,-13,-333
123430,0,0
123431,10,10
123440,0,0
123441,-11,-11
123450,1,1
123451,1,10
123460,1,1
123461,1,1
123470,-11,-11
123471,10,10
123480,2,11
123481,-11,-11
123490,11,-333
123491,10,10
123500,0,0
123501,2,1
123510,2,11
123511,1,1
123520,-13,-13
123521,1,11
123530,0,0
123531,-11,-11
123540,0,0
123541,1,1
123550,0,0
123551,-13,-13
123560,1,-11
123561,1,-11
123570,-13,-13
123571,-11,-11
123580,0,0
123581,1,1
123590,12,1
123591,1,0
123600,0,0
123601,-13,-13
123610,2,1
123611,10,10
123620,2,2
123621,-11,-11
123630,-13,-13
123631,1,1
123640,0,0
123641,10,10
123650,1,2
123651,0,0
123660,-11,-11
123661,-11,-11
123670,0,0
123671,2,2
123680,-11,-333
123681,1,1
123690,1,2
123691,0,0
123700,-11,2
123701,1,1
123710,-11,-11
123711,11,11
123720,-11,-11
123721,-13,-13
123730,1,2
123731,-13,-13
123740,11,11
123741,-11,-11
123750,0,0
123751,2,2
123760,1,1
123761,0,0
123770,2,2
123771,1,1
123780,-13,-13
123781,1,1
123790,-13,-13
123791,10,10
123800,2,2
123801,-11,1
123810,11,10
123811,-11,-11
123820,1,1
123821,-13,-13
123830,2,2
123831,-13,-13
123840,1,1
123841,-13,-13
123850,1,1
123851,0,0
123860,2,1
123861,1,1
123870,-11,-11
123871,0,0
123880,-13,-13
123881,-11,-11
123890,-13,-13
123891,1,1
123900,-11,1
123901,1,-333
123910,1,1
123911,-11,-11
123920,0,-333
123921,1,1
123930,0,0
123931,1,1
123940,11,11
123941,0,-333
123950,-13,-13
123951,0,0
123960,-13,-13
123961,-11,-11
123970,0,0
123971,10,10
123980,2,1
123981,-11,-11
123990,0,0
123991,-13,-13
124000,10,10
124001,-13,-13
124010,-11,-11
124011,0,0
124020,1,11
124021,0,10
124030,-13,-13
124031,1,1
124040,10,10
124041,1,1
124050,-11,-11
124051,1,1
124060,10,1
124061,10,10
124070,1,1
124071,11,11
124080,2,2
124081,-11,-11
124090,0,0
124091,1,1
124100,10,10
124101,-13,-13
124110,-11,-11
124111,0,0
124120,2,1
124121,0,0
124130,-13,-13
124131,-11,-11
124140,0,0
124141,-11,-11
124150,1,1
124151,1,1
124160,1,10
124161,0,0
124170,1,1
124171,0,0
124180,-11,-11
124181,-11,-11
124190,1,1
124191,1,1
124200,0,0
124201,-13,-13
124210,-11,-11
124211,0,10
124220,2,1
124221,-11,-11
124230,0,0
124231,1,1
124240,11,11
124241,-13,-13
124250,1,1
124251,1,1
124260,-11,-11
124261,0,0
124270,-13,0
124271,-13,-13
124280,-13,-13
124281,1,1
124290,0,0
124291,-11,-11
124300,0,-11
124301,2,1
124310,-11,-11
124311,0,0
124320,-13,-13
124321,1,1
124330,1,1
124331,-13,-13
124340,-13,-11
124341,-11,1
124350,0,1
124351,-13,-13
124360,1,2
124361,0,0
124370,0,0
124371,-11,1
124380,10,11
124381,-13,-13
124390,0,1
124391,1,-11
124400,10,1
124401,1,1
124410,11,11
124411,-11,-11
124420,-13,-13
124421,-11,-11
124430,1,1
124431,-11,-11
124440,-13,-13
124441,10,10
124450,2,1
124451,1,1
124460,1,2
124461,1,1
124470,1,1
124471,0,2
124480,0,0
124481,1,1
124490,-13,-13
124491,11,11
124500,-13,-13
124501,-13,-13
124510,-13,-13
124511,-13,-13
124520,1,-333
124521,11,1
124530,-11,-11
124531,-11,-11
124540,0,0
124541,1,1
124550,11,11
124551,1,-11
124560,-11,-11
124561,-11,-11
124570,1,1
124571,1,1
124580,10,10
124581,0,0
124590,-11,-11
124591,1,2
124600,1,1
124601,-13,-13
124610,1,1
124611,-13,-13
124620,1,1
124621,-11,-11
124630,1,1
124631,-13,-13
124640,1,1
124641,1,0
124650,2,1
124651,-11,-11
124660,0,0
124661,0,0
124670,1,1
124671,-11,-11
124680,2,1
124681,-11,-11
124690,1,11
124691,0,0
124700,-13,-13
124701,0,10
124710,2,2
124711,1,1
124720,1,1
124721,-13,-13
124730,0,0
124731,1,1
124740,-11,-11
124741,10,10
124750,10,11
124751,1,0
124760,1,-333
124761,10,10
124770,0,1
124771,1,1
124780,1,1
124781,2,1
124790,11,10
124791,-13,-13
124800,-11,-11
124801,1,1
124810,1,1
124811,-13,-13
124820,0,-13
124821,-11,-11
124830,-11,-11
124831,1,1
124840,10,10
124841,-13,-13
124850,1,1
124851,-11,-11
124860,-13,-13
124861,0,0
124870,-13,-13
124871,-11,-11
124880,10,1
124881,1,1
124890,-13,-13
124891,-11,-11
124900,-13,-13
124901,-13,-13
124910,1,1
124911,1,1
124920,-11,-11
124921,-13,-13
124930,0,0
124931,-11,-11
124940,11,10
124941,0,0
124950,-13,-13
124951,2,-333
124960,2,2
124961,-13,1
124970,3,11
124971,-11,-11
124980,-13,-13
124981,0,0
124990,2,2
124991,2,1
125000,2,2
125001,1,1
125010,2,11
125011,-13,-13
125020,11,11
125021,2,-222
125030,-13,-13
125031,-13,-13
125040,11,10
125041,10,10
125050,-13,-13
125051,-13,-13
125060,2,2
125061,10,10
125070,1,1
125071,-11,-11
125080,11,11
125081,1,1
125090,2,2
125091,-13,-11
125100,-11,-333
125101,2,1
125110,2,1
125111,2,2
125120,-11,-11
125121,10,10
125130,10,10
125131,-11,-11
125140,1,1
125141,-11,-11
125150,2,2
125151,0,0
125160,1,1
125161,2,2
125170,1,1
125171,1,10
125180,2,2
125181,-11,-11
125190,0,0
125191,10,10
125200,0,0
125201,10,10
125210,0,0
125211,-11,-11
125220,1,1
125221,-11,-11
125230,-13,-13
125231,1,1
125240,-13,-13
125241,0,0
125250,-13,-13
125251,1,1
125260,-11,-11
125261,-11,-13
125270,1,1
125271,1,2
125280,-11,1
125281,2,2
125290,-11,-11
125291,2,1
125300,-13,-13
125301,-11,-11
125310,1,1
125311,-11,-11
125320,3,2
125321,1,1
125330,1,1
125331,2,1
125340,-11,-11
125341,10,10
125350,0,0
125351,1,1
125360,3,11
125361,10,11
125370,10,10
125371,11,11
125380,2,2
125381,1,1
125390,2,1
125391,0,10
125400,-11,-11
125401,-13,-13
125410,1,1
125411,10,10
125420,2,1
125421,1,1
125430,11,10
125431,2,1
125440,3,2
125441,-11,-11
125450,-13,-13
125451,-11,-11
125460,-11,-11
125461,-13,-13
125470,-13,-13
125471,2,1
125480,-13,-13
125481,0,0
125490,-13,-13
125491,1,1
125500,-13,-13
125501,-13,-13
125510,11,11
125511,-11,-11
125520,10,11
125521,1,1
125530,-11,-11
125531,1,1
125540,-11,-11
125541,0,0
125550,0,0
125551,1,1
125560,1,1
125561,1,1
125570,-13,-13
125571,-13,-13
125580,1,1
125581,10,10
125590,-11,1
125591,-11,-11
125600,0,0
125601,1,1
125610,1,1
125611,-11,-11
125620,-13,-13
125621,1,1
125630,2,1
125631,10,11
125640,2,2
125641,-11,-11
125650,-13,-13
125651,-11,-13
125660,-13,-13
125661,-11,-11
125670,1,1
125671,0,1
125680,-11,-11
125681,-11,-11
125690,0,1
125691,-11,-11
125700,-11,0
125701,1,-11
125710,1,1
125711,1,10
125720,1,1
125721,0,0
125730,1,1
125731,2,11
125740,1,1
125741,10,10
125750,-13,-13
125751,-13,-13
125760,1,1
125761,2,1
125770,1,1
125771,-11,-11
125780,2,1
125781,-11,-11
125790,-11,-11
125791,10,10
125800,-11,-11
125801,-11,-11
125810,-13,-13
125811,-11,-11
125820,0,0
125821,1,10
125830,1,1
125831,0,0
125840,11,11
125841,-11,-11
125850,1,1
125851,-13,1
125860,1,1
125861,-11,-11
125870,-11,-11
125871,10,10
125880,10,10
125881,0,0
125890,10,10
125891,0,1
125900,-11,-11
125901,-13,-13
125910,1,1
125911,11,11
125920,-11,-11
125921,-13,-13
125930,-13,-13
125931,1,1
125940,2,1
125941,1,1
125950,1,1
125951,11,11
125960,-11,-11
125961,11,11
125970,1,1
125971,1,1
125980,-11,-11
125981,10,10
125990,0,1
125991,1,1
126000,0,0
126001,1,1
126010,-13,-13
126011,1,1
126020,11,11
126021,0,-333
126030,-13,-13
126031,-11,-11
126040,1,11
126041,1,1
126050,1,1
126051,-13,-13
126060,10,10
126061,0,0
126070,1,1
126071,1,2
126080,-11,-11
126081,3,11
126090,2,2
126091,-11,-11
126100,2,2
126101,1,10
126110,1,1
126111,1,1
126120,-11,-11
126121,10,10
126130,1,1
126131,0,2
126140,-11,-222
126141,2,2
126150,1,1
126151,1,1
126160,-11,-11
126161,1,11
126170,-11,-11
126171,2,1
126180,1,1
126181,2,1
126190,-13,-13
126191,-13,-13
126200,1,1
126201,11,11
126210,1,1
126211,-11,-11
126220,1,1
126221,-11,-11
126230,-11,-11
126231,-13,-13
126240,1,1
126241,1,1
126250,1,-11
126251,-11,-11
126260,1,1
126261,11,11
126270,1,0
126271,1,1
126280,10,10
126281,-11,-11
126290,0,-13
126291,-11,-11
126300,0,0
126301,-11,-11
126310,0,1
126311,10,10
126320,2,2
126321,-11,-11
126330,12,11
126331,1,1
126340,-11,-11
126341,-13,-13
126350,1,1
126351,-11,-11
126360,-13,-13
126361,-11,-11
126370,-13,-13
126371,-13,-13
126380,-13,-11
126381,-11,-13
126390,1,1
126391,10,10
126400,2,2
126401,1,1
126410,10,10
126411,0,0
126420,-11,-11
126421,2,1
126430,10,10
126431,-13,-13
126440,11,11
126441,-13,-13
126450,-11,-11
126451,10,10
126460,1,1
126461,1,1
126470,-13,-13
126471,1,1
126480,0,0
126481,0,0
126490,11,11
126491,2,11
126500,-11,-333
126501,-13,-13
126510,1,1
126511,1,1
126520,10,10
126521,2,2
126530,1,1
126531,2,2
126540,0,0
126541,0,0
126550,2,2
126551,-11,-333
126560,-13,-333
126561,-11,-11
126570,11,11
126571,-13,-13
126580,-13,-13
126581,-13,-13
126590,-11,-11
126591,1,-333
126600,1,1
126601,0,0
126610,2,2
126611,1,1
126620,0,0
126621,-11,-11
126630,0,0
126631,-11,1
126640,0,0
126641,-13,-13
126650,1,1
126651,-11,-11
126660,-13,-13
126661,-11,-11
126670,1,1
126671,-13,-13
126680,1,1
126681,-11,-11
126690,1,1
126691,1,1
126700,1,1
126701,2,2
126710,1,1
126711,1,1
126720,0,10
126721,-13,-13
126730,1,11
126731,-13,-13
126740,1,0
126741,0,0
126750,-11,-11
126751,-11,-11
126760,1,1
126761,-13,-13
126770,2,11
126771,2,2
126780,-13,-13
126781,1,1
126790,-11,-13
126791,1,2
126800,12,11
126801,12,11
126810,-11,-11
126811,-11,-11
126820,1,1
126821,1,1
126830,10,10
126831,10,10
126840,3,11
126841,-11,-11
126850,10,11
126851,-11,-11
126860,1,1
126861,1,1
126870,-13,-13
126871,11,11
126880,-13,-13
126881,-13,-13
126890,1,1
126891,1,1
126900,0,0
126901,0,10
126910,3,1
126911,10,10
126920,1,1
126921,2,2
126930,1,1
126931,11,10
126940,-13,-13
126941,1,2
126950,-13,-13
126951,-13,-13
126960,1,1
126961,0,0
126970,0,0
126971,1,1
126980,-11,1
126981,10,10
126990,10,10
126991,0,0
127000,-11,-11
127001,-13,-13
127010,0,0
127011,-11,-11
127020,0,0
127021,-11,-11
127030,0,0
127031,1,2
127040,1,1
127041,-11,-13
127050,2,1
127051,-11,-11
127060,2,2
127061,-11,-11
127070,10,10
127071,2,2
127080,-11,-11
127081,-11,-11
127090,2,1
127091,0,0
127100,2,1
127101,1,1
127110,0,0
127111,-13,-13
127120,0,0
127121,0,0
127130,-11,-11
127131,0,0
127140,11,10
127141,-13,-13
127150,-11,-11
127151,-11,1
127160,-11,-11
127161,-13,-13
127170,12,11
127171,0,10
127180,1,1
127181,1,1
127190,10,1
127191,-11,-11
127200,-11,-11
127201,1,1
127210,-13,-13
127211,-13,1
127220,1,1
127221,-11,-11
127230,-11,-11
127231,-13,-13
127240,-13,-13
127241,10,10
127250,10,10
127251,0,1
127260,1,1
127261,1,1
127270,1,1
127271,0,0
127280,-11,-11
127281,1,1
127290,1,1
127291,-11,-11
127300,0,0
127301,2,2
127310,2,1
127311,1,1
127320,-13,-13
127321,0,-333
127330,-11,-11
127331,1,1
127340,10,10
127341,1,1
127350,-11,-11
127351,0,0
127360,-11,-11
127361,1,1
127370,1,1
127371,4,2
127380,2,-11
127381,2,-333
127390,1,0
127391,11,11
127400,1,2
127401,-13,-13
127410,1,-333
127411,10,11
127420,-11,1
127421,1,1
127430,1,1
127431,-11,-11
127440,-13,-13
127441,-13,-13
127450,-11,-11
127451,-11,-11
127460,10,10
127461,1,1
127470,-13,-13
127471,11,11
127480,10,10
127481,2,2
127490,1,-11
127491,-11,-11
127500,0,-11
127501,2,1
127510,1,1
127511,-11,-11
127520,-13,-13
127521,-11,-11
127530,-11,-11
127531,-11,-11
127540,2,11
127541,-13,-13
127550,2,2
127551,0,0
127560,0,1
127561,0,0
127570,1,1
127571,-11,-11
127580,10,10
127581,11,11
127590,-13,-13
127591,1,1
127600,-11,-11
127601,0,0
127610,0,0
127611,1,1
127620,3,2
127621,0,0
127630,1,11
127631,0,0
127640,0,-13
127641,-13,-13
127650,-11,-11
127651,-11,-11
127660,1,11
127661,-13,-13
127670,-11,-11
127671,-11,-11
127680,-13,-13
127681,-11,-11
127690,-13,-13
127691,10,10
127700,1,1
127701,2,2
127710,1,1
127711,2,1
127720,-11,-11
127721,1,1
127730,10,1
127731,0,0
127740,-13,-13
127741,-11,-11
127750,2,1
127751,1,1
127760,11,10
127761,0,1
127770,0,-11
127771,10,11
127780,1,1
127781,1,1
127790,-13,-13
127791,0,0
127800,10,10
127801,2,1
127810,2,2
127811,1,1
127820,-11,-11
127821,2,1
127830,1,1
127831,-13,-13
127840,0,0
127841,10,10
127850,-13,-13
127851,-13,-13
127860,1,0
127861,10,-11
127870,0,0
127871,-11,-11
127880,-11,-11
127881,1,1
127890,1,1
127891,-11,-11
127900,1,1
127901,11,10
127910,-13,-13
127911,-11,-11
127920,10,11
127921,-11,-11
127930,1,1
127931,-11,-11
127940,0,0
127941,2,1
127950,0,0
127951,0,-11
127960,2,2
127961,1,10
127970,11,10
127971,10,10
127980,2,2
127981,0,10
127990,1,1
127991,-11,-11
128000,11,11
128001,-11,-11
128010,-13,-13
128011,0,0
128020,-13,-13
128021,1,1
128030,-11,-11
128031,0,0
128040,1,1
128041,10,10
128050,-11,-11
128051,10,11
128060,10,11
128061,-13,-13
128070,-13,-13
128071,11,11
128080,10,10
128081,10,10
128090,11,10
128091,10,10
128100,1,1
128101,-11,-11
128110,1,2
128111,0,0
128120,1,1
128121,10,10
128130,11,11
128131,2,2
128140,2,2
128141,-11,-333
128150,-11,-11
128151,0,0
128160,-11,-11
128161,11,11
128170,1,1
128171,-11,-11
128180,1,1
128181,-11,-11
128190,-11,-11
128191,11,11
128200,3,11
128201,1,1
128210,-11,-11
128211,-11,-11
128220,2,1
128221,-13,-13
128230,2,2
128231,-11,-11
128240,-11,-11
128241,-11,-11
128250,1,1
128251,-11,-11
128260,0,0
128261,0,0
128270,-11,1
128271,1,2
128280,10,10
128281,-11,-11
128290,0,0
128291,1,1
128300,-11,1
128301,-13,-13
128310,-11,-11
128311,1,1
128320,1,1
128321,1,1
128330,-13,-13
128331,2,2
128340,0,0
128341,10,10
128350,1,1
128351,-13,-13
128360,1,1
128361,-11,-11
128370,2,11
128371,2,2
128380,0,0
128381,-13,-13
128390,0,0
128391,-11,-11
128400,0,1
128401,10,10
128410,1,1
128411,1,1
128420,0,0
128421,2,1
128430,-13,-13
128431,1,1
128440,0,0
128441,1,1
128450,11,10
128451,-11,1
128460,2,1
128461,-13,-13
128470,2,1
128471,0,0
128480,10,11
128481,-13,-13
128490,-13,-13
128491,1,2
128500,1,1
128501,-11,-11
128510,-13,-13
128511,-11,-11
128520,2,11
128521,10,10
128530,-13,-13
128531,-11,-11
128540,-13,-13
128541,0,1
128550,-11,-11
128551,10,11
128560,-11,-11
128561,0,0
128570,-13,-13
128571,-11,-11
128580,2,1
128581,3,1
128590,1,1
128591,-11,-11
128600,-13,-13
128601,-11,-11
128610,1,1
128611,10,10
128620,1,1
128621,0,1
128630,-13,-13
128631,-11,-11
128640,-13,-13
128641,1,1
128650,-13,-13
128651,-13,-13
128660,1,1
128661,0,0
128670,1,1
128671,-11,-11
128680,-13,-13
128681,1,1
128690,-13,-13
128691,-13,-13
128700,1,1
128701,-13,-13
128710,10,10
128711,1,1
128720,10,11
128721,1,1
128730,-11,-333
128731,1,1
128740,1,1
128741,1,1
128750,1,-333
128751,1,11
128760,1,1
128761,-11,-11
128770,1,1
128771,1,1
128780,10,11
128781,10,10
128790,-13,-13
128791,10,1
128800,0,0
128801,2,1
128810,1,2
128811,-11,-11
128820,11,11
128821,1,1
128830,-11,-11
128831,10,10
128840,11,10
128841,2,2
128850,0,0
128851,0,0
128860,-13,-13
128861,-1,10
128870,10,10
128871,1,1
128880,-11,-11
128881,10,11
128890,-13,-13
128891,-11,-11
128900,12,11
128901,-13,-13
128910,1,1
128911,1,1
128920,-11,-11
128921,0,0
128930,1,1
128931,10,10
128940,2,1
128941,1,1
128950,1,2
128951,12,11
128960,-11,-11
128961,1,1
128970,3,1
128971,-11,-333
128980,1,1
128981,-13,-13
128990,1,1
128991,2,2
129000,1,1
129001,0,0
129010,-13,-13
129011,2,2
129020,10,10
129021,-11,-11
129030,-11,1
129031,12,11
129040,-13,-11
129041,1,1
129050,10,11
129051,0,0
129060,1,1
129061,-11,-333
129070,-11,-11
129071,-11,-11
129080,-11,-11
129081,-13,-13
129090,-11,-11
129091,1,1
129100,0,0
129101,-13,-13
129110,-11,-11
129111,-13,-13
129120,1,1
129121,0,0
129130,1,1
129131,1,0
129140,-11,-11
129141,1,1
129150,1,1
129151,0,0
129160,-13,-13
129161,-11,-11
129170,2,2
129171,-11,-11
129180,1,1
129181,1,1
129190,-11,-11
129191,-13,-13
129200,-13,-13
129201,-11,-11
129210,-13,-13
129211,-11,1
129220,0,0
129221,0,0
129230,1,1
129231,0,0
129240,1,1
129241,11,11
129250,1,1
129251,1,1
129260,0,10
129261,-13,-13
129270,10,10
129271,0,0
129280,-11,-11
129281,10,10
129290,2,1
129291,-13,-13
129300,2,11
129301,0,0
129310,2,1
129311,0,0
129320,2,1
129321,11,10
129330,10,11
129331,-13,-13
129340,0,0
129341,-13,-13
129350,0,0
129351,0,0
129360,-13,-13
129361,0,0
129370,1,1
129371,0,2
129380,10,10
129381,1,1
129390,-13,-13
129391,2,11
129400,-11,-11
129401,-13,1
129410,-11,-11
129411,-11,-11
129420,0,0
129421,-11,-11
129430,2,-222
129431,1,1
129440,-13,-11
129441,0,0
129450,-13,-13
129451,-11,-11
129460,1,1
129461,1,1
129470,1,1
129471,-11,-11
129480,1,1
129481,0,10
129490,1,1
129491,0,0
129500,2,2
129501,0,0
129510,-13,-13
129511,1,1
129520,1,1
129521,-11,-11
129530,1,1
129531,1,1
129540,10,10
129541,11,11
129550,1,1
129551,1,-11
129560,2,2
129561,12,11
129570,-11,-11
129571,1,1
129580,1,10
129581,11,11
129590,1,1
129591,10,10
129600,0,0
129601,1,1
129610,1,1
129611,0,0
129620,1,1
129621,1,1
129630,-13,-13
129631,0,0
129640,10,10
129641,-13,-13
129650,3,2
129651,2,1
129660,0,0
129661,2,1
129670,-13,-13
129671,-11,-11
129680,0,0
129681,0,0
129690,1,1
129691,1,1
129700,11,11
129701,1,1
129710,-11,-13
129711,0,-13
129720,-13,-13
129721,11,11
129730,-13,-13
129731,-13,-13
129740,1,2
129741,-11,-11
129750,-11,-11
129751,1,1
129760,-11,1
129761,-13,-13
129770,-11,-11
129771,1,1
129780,2,11
129781,11,10
129790,-11,-11
129791,-11,-11
129800,-13,-13
129801,11,11
129810,10,10
129811,-13,-13
129820,-13,-13
129821,-11,-11
129830,-11,-11
129831,-13,-13
129840,2,1
129841,-13,0
129850,-11,-11
129851,-11,-11
129860,-11,-11
129861,3,2
129870,10,10
129871,1,1
129880,2,11
129881,1,1
129890,0,0
129891,0,11
129900,-11,-11
129901,1,1
129910,0,0
129911,1,1
129920,2,2
129921,0,0
129930,-13,-13
129931,-13,-13
129940,-11,-11
129941,11,10
129950,-11,-11
129951,-11,-11
129960,0,0
129961,1,1
129970,0,0
129971,-11,-11
129980,10,10
129981,10,11
129990,-13,-13
129991,0,10
130000,1,1
130001,3,2
130010,10,10
130011,0,0
130020,-11,-333
130021,-11,-11
130030,10,10
130031,1,1
130040,-13,-13
130041,-13,-11
130050,-11,-11
130051,2,1
130060,1,1
130061,0,0
130070,2,2
130071,1,1
130080,1,1
130081,-11,-11
130090,11,10
130091,-11,1
130100,2,1
130101,10,10
130110,10,10
130111,1,1
130120,1,1
130121,11,11
130130,1,2
130131,-11,-11
130140,-13,1
130141,0,0
130150,-13,-13
130151,-13,-13
130160,2,2
130161,0,0
130170,-11,-11
130171,2,1
130180,-13,-13
130181,-11,-11
130190,-13,1
130191,1,0
130200,11,11
130201,1,1
130210,1,1
130211,1,11
130220,-11,-11
130221,1,2
130230,-11,-11
130231,2,1
130240,1,1
130241,-13,-13
130250,1,1
130251,1,1
130260,-11,-11
130261,-13,-13
130270,2,2
130271,-13,-13
130280,10,11
130281,-13,-13
130290,-11,-11
130291,-11,-11
130300,11,11
130301,-11,-11
130310,10,10
130311,-11,-11
130320,1,1
130321,-13,-13
130330,0,1
130331,2,2
130340,10,10
130341,10,10
130350,0,0
130351,3,2
130360,-11,-11
130361,-11,-11
130370,1,1
130371,2,1
130380,10,10
130381,-11,-11
130390,-13,-13
130391,11,11
130400,-13,-13
130401,10,11
130410,1,1
130411,1,1
130420,-11,-11
130421,0,0
130430,-11,-11
130431,0,0
130440,10,10
130441,0,11
130450,2,2
130451,11,11
130460,1,1
130461,1,1
130470,0,-13
130471,-13,-13
130480,1,1
130481,-11,-11
130490,10,10
130491,-11,-11
130500,-13,-13
130501,0,0
130510,2,2
130511,1,1
130520,11,10
130521,4,2
130530,1,1
130531,0,0
130540,2,1
130541,10,10
130550,11,11
130551,-11,-11
130560,-13,-13
130561,10,10
130570,0,0
130571,1,0
130580,-11,-11
130581,1,1
130590,0,0
130591,10,10
130600,2,1
130601,-11,-11
130610,-11,0
130611,-11,-11
130620,-11,-11
130621,0,0
130630,-11,-11
130631,1,1
130640,2,2
130641,10,11
130650,1,1
130651,2,11
130660,1,1
130661,10,10
130670,1,1
130671,-13,-13
130680,1,1
130681,0,1
130690,1,1
130691,0,0
130700,-13,-13
130701,-13,-13
130710,-13,-13
130711,2,2
130720,1,1
130721,-13,-333
130730,-11,-11
130731,0,0
130740,-13,-13
130741,1,11
130750,1,1
130751,2,2
130760,2,11
130761,11,11
130770,-11,1
130771,-13,-13
130780,1,1
130781,-11,-11
130790,3,11
130791,2,1
130800,0,11
130801,1,1
130810,1,1
130811,-11,-11
130820,1,10
130821,0,0
130830,1,1
130831,2,2
130840,-13,-13
130841,0,0
130850,-11,-11
130851,1,1
130860,1,1
130861,0,0
130870,1,1
130871,1,1
130880,10,10
130881,-13,-13
130890,-11,-11
130891,2,-222
130900,-11,-11
130901,10,10
130910,-13,-13
130911,-13,-13
130920,-13,-13
130921,2,11
130930,1,1
130931,-13,-13
130940,1,1
130941,10,10
130950,1,1
130951,2,1
130960,2,1
130961,0,0
130970,-11,-11
130971,0,0
130980,-11,1
130981,-11,-11
130990,-11,-11
130991,-11,-11
131000,-11,-11
131001,11,11
131010,1,1
131011,0,-13
131020,0,0
131021,1,1
131030,-13,-13
131031,0,0
131040,2,2
131041,3,2
131050,-13,-13
131051,11,11
131060,-11,-11
131061,-1,10
131070,0,0
131071,11,11
131080,1,1
131081,-13,-13
131090,-13,-13
131091,-13,-13
131100,0,0
131101,11,11
131110,1,1
131111,2,1
131120,-11,0
131121,1,1
131130,1,1
131131,-13,-13
131140,0,1
131141,10,10
131150,1,1
131151,-11,-11
131160,1,1
131161,11,11
131170,-13,-13
131171,-11,-11
131180,1,1
131181,1,1
131190,1,2
131191,1,1
131200,-13,-13
131201,-13,-13
131210,-11,-11
131211,0,1
131220,0,0
131221,0,0
131230,1,1
131231,-11,-11
131240,2,2
131241,0,1
131250,-13,-13
131251,-13,-13
131260,1,1
131261,2,1
131270,2,2
131271,-11,-11
131280,-11,-11
131281,-11,-11
131290,-11,-11
131291,10,10
131300,-13,-13
131301,0,11
131310,-13,-13
131311,-11,-11
131320,1,1
131321,10,10
131330,-11,-11
131331,1,1
131340,-11,-11
131341,1,1
131350,0,0
131351,-13,-13
131360,-11,-11
131361,-11,-11
131370,10,10
131371,1,1
131380,-11,-11
131381,0,0
131390,-11,-11
131391,-11,-11
131400,1,10
131401,-11,-11
131410,-13,-13
131411,1,1
131420,1,1
131421,0,0
131430,-13,-13
131431,0,0
131440,0,1
131441,-13,-333
131450,-11,-11
131451,10,10
131460,-11,-11
131461,1,2
131470,2,2
131471,-11,-11
131480,-13,-13
131481,1,1
131490,-11,-11
131491,1,1
131500,-1,10
131501,-11,-11
131510,1,1
131511,-13,-13
131520,-13,-13
131521,3,11
131530,2,2
131531,0,0
131540,1,1
131541,10,10
131550,1,1
131551,2,2
131560,-13,-13
131561,2,1
131570,1,1
131571,-11,1
131580,-13,-13
131581,1,1
131590,-13,-13
131591,-13,-13
131600,0,0
131601,-11,-13
131610,-11,-11
131611,0,0
131620,2,2
131621,1,1
131630,1,2
131631,1,2
131640,1,10
131641,-11,0
131650,1,1
131651,-13,-13
131660,10,11
131661,10,10
131670,-11,-11
131671,0,0
131680,2,2
131681,1,1
131690,1,1
131691,2,2
131700,-11,-11
131701,-11,-11
131710,10,10
131711,10,10
131720,-13,-13
131721,-11,-11
131730,1,1
131731,1,1
131740,1,1
131741,1,1
131750,11,11
131751,1,1
131760,2,2
131761,2,2
131770,10,10
131771,0,0
131780,0,-13
131781,1,1
131790,-11,-11
131791,-13,-13
131800,-11,1
131801,-13,-13
131810,11,11
131811,10,11
131820,-13,1
131821,2,1
131830,-13,-13
131831,-11,-11
131840,-13,-13
131841,-13,-13
131850,1,1
131851,10,10
131860,-11,-11
131861,-11,-11
131870,-11,-11
131871,-13,-13
131880,-13,-333
131881,1,2
131890,1,1
131891,3,2
131900,10,10
131901,-11,-11
131910,2,1
131911,0,0
131920,11,11
131921,10,11
131930,1,1
131931,-11,-222
131940,-13,-11
131941,0,0
131950,-11,-11
131951,1,1
131960,1,1
131961,11,11
131970,0,0
131971,1,2
131980,1,1
131981,-13,-13
131990,0,0
131991,-13,-13
132000,0,0
132001,-13,-13
132010,-13,-13
132011,0,0
132020,-11,-11
132021,-13,-13
132030,1,2
132031,0,0
132040,-13,-13
132041,1,1
132050,1,1
132051,-13,-13
132060,10,10
132061,-13,-13
132070,1,10
132071,-11,-11
132080,1,1
132081,-13,-13
132090,0,0
132091,0,0
132100,3,11
132101,-13,-13
132110,-11,-11
132111,-11,-11
132120,-13,-13
132121,0,0
132130,2,1
132131,-13,-13
132140,0,1
132141,-13,0
132150,2,11
132151,1,1
132160,-11,-11
132161,0,0
132170,-11,-11
132171,1,1
132180,-11,-11
132181,-11,-11
132190,-11,1
132191,1,1
132200,-13,-13
132201,11,11
132210,0,0
132211,0,10
132220,12,11
132221,-11,-11
132230,1,1
132231,-13,-13
132240,1,2
132241,0,1
132250,11,11
132251,-11,-11
132260,1,1
132261,11,11
132270,10,10
132271,-13,-13
132280,0,0
132281,0,0
132290,-11,-333
132291,1,1
132300,0,11
132301,3,2
132310,-13,-13
132311,-11,-11
132320,11,11
132321,-13,-13
132330,2,2
132331,1,1
132340,-13,-13
132341,2,1
132350,2,11
132351,10,1
132360,-11,-11
132361,10,10
132370,-13,-13
132371,1,1
132380,2,1
132381,10,11
132390,0,0
132391,1,1
132400,0,0
132401,1,1
132410,0,-13
132411,1,1
132420,-11,1
132421,1,11
132430,0,0
132431,1,1
132440,-11,-11
132441,10,10
132450,1,1
132451,2,2
132460,-11,-11
132461,2,11
132470,-13,-13
132471,-13,-13
132480,-13,-13
132481,0,0
132490,2,1
132491,-13,-13
132500,2,2
132501,-11,-11
132510,1,1
132511,10,10
132520,2,2
132521,1,1
132530,-13,0
132531,-11,-11
132540,-13,-13
132541,10,10
132550,-13,-13
132551,2,2
132560,-13,-13
132561,0,0
132570,10,10
132571,1,1
132580,2,2
132581,-13,-13
132590,1,-11
132591,1,1
132600,0,0
132601,10,11
132610,1,1
132611,1,1
132620,1,1
132621,2,2
132630,-11,-11
132631,-13,-13
132640,11,11
132641,10,11
132650,10,10
132651,10,10
132660,-13,-13
132661,10,11
132670,-13,-13
132671,-13,-13
132680,-11,-11
132681,0,0
132690,-13,-13
132691,2,2
132700,1,11
132701,-11,-11
132710,2,2
132711,-13,-13
132720,10,10
132721,-11,-11
132730,-13,-13
132731,-13,-13
132740,-13,-222
132741,0,0
132750,2,2
132751,0,0
132760,1,1
132761,0,0
132770,10,10
132771,1,1
132780,10,10
132781,1,1
132790,-13,-13
132791,10,10
132800,0,0
132801,1,-333
132810,2,2
132811,1,1
132820,1,1
132821,0,0
132830,-13,-333
132831,1,11
132840,-11,-11
132841,-13,-13
132850,1,1
132851,1,11
132860,1,1
132861,0,-13
132870,-13,-13
132871,1,2
132880,-13,-13
132881,2,2
132890,-11,-11
132891,10,11
132900,10,11
132901,-13,-13
132910,0,1
132911,-13,-11
132920,0,0
132921,1,1
132930,1,1
132931,-13,-13
132940,-11,-11
132941,1,1
132950,1,1
132951,-13,-13
132960,-11,-11
132961,1,1
132970,-13,-13
132971,10,11
132980,11,11
132981,3,2
132990,-13,-13
132991,-11,-11
133000,1,-333
133001,0,0
133010,-11,-333
133011,-13,-13
133020,-11,-11
133021,1,1
133030,-13,-13
133031,2,2
133040,2,11
133041,10,10
133050,-11,-11
133051,-13,-13
133060,0,10
133061,2,11
133070,-11,-11
133071,-13,-13
133080,0,0
133081,-13,-13
133090,0,0
133091,-13,-13
133100,0,0
133101,0,0
133110,-11,1
133111,1,1
133120,11,11
133121,-11,-11
133130,1,1
133131,2,11
133140,3,2
133141,0,0
133150,-13,-13
133151,10,10
133160,2,2
133161,-13,-13
133170,1,1
133171,-11,1
133180,-13,-13
133181,-13,-13
133190,1,0
133191,1,1
133200,1,1
133201,-13,-13
133210,1,1
133211,2,2
133220,11,10
133221,-11,-11
133230,-13,-13
133231,-13,-13
133240,-11,-11
133241,1,1
133250,10,11
133251,2,2
133260,2,2
133261,0,1
133270,2,11
133271,11,11
133280,-11,-11
133281,10,11
133290,1,1
133291,1,1
133300,0,0
133301,-11,-11
133310,1,1
133311,2,11
133320,-11,-333
133321,1,1
133330,1,1
133331,-13,-13
133340,11,11
133341,1,1
133350,-11,1
133351,1,1
133360,1,1
133361,-13,-13
133370,1,1
133371,10,10
133380,1,2
133381,0,-333
133390,2,2
133391,2,2
133400,1,-13
133401,-11,-11
133410,10,11
133411,1,1
133420,2,2
133421,1,1
133430,-11,-11
133431,-13,-13
133440,-11,-11
133441,1,1
133450,1,1
133451,12,11
133460,-11,-11
133461,-11,0
133470,-11,-11
133471,1,1
133480,10,10
133481,-11,-11
133490,1,0
133491,-11,-11
133500,10,10
133501,2,2
133510,0,0
133511,1,1
133520,11,10
133521,-13,-13
133530,1,1
133531,1,2
133540,0,0
133541,10,10
133550,2,1
133551,1,1
133560,-13,-13
133561,1,1
133570,10,11
133571,-11,-11
133580,2,2
133581,-13,-13
133590,-11,-11
133591,1,1
133600,1,1
133601,0,1
133610,11,-11
133611,-13,-333
133620,-11,-11
133621,2,1
133630,11,11
133631,1,1
133640,11,11
133641,0,0
133650,-13,-13
133651,1,1
133660,-13,0
133661,-11,-11
133670,-13,-13
133671,-11,-11
133680,0,0
133681,1,1
133690,1,1
133691,-11,-11
133700,2,1
133701,1,1
133710,-11,-11
133711,1,1
133720,1,1
133721,2,2
133730,0,1
133731,-13,-13
133740,0,0
133741,0,0
133750,-13,-13
133751,10,11
133760,1,1
133761,-11,-11
133770,-13,-13
133771,10,10
133780,-11,-11
133781,1,1
133790,2,1
133791,-13,-13
133800,-11,-11
133801,-11,-11
133810,0,0
133811,2,2
133820,-11,-11
133821,-13,-13
133830,-13,-13
133831,10,11
133840,-11,-11
133841,-13,-13
133850,-13,-13
133851,1,1
133860,1,2
133861,1,1
133870,-11,-11
133871,1,1
133880,1,1
133881,1,2
133890,-13,-13
133891,0,0
133900,-13,-13
133901,1,2
133910,0,-333
133911,-11,-11
133920,-11,-11
133921,10,10
133930,-11,-11
133931,1,1
133940,-13,1
133941,1,1
133950,1,1
133951,-13,-13
133960,-11,-11
133961,3,2
133970,-13,-13
133971,-13,-13
133980,11,11
133981,0,0
133990,-11,-11
133991,1,1
134000,1,1
134001,1,11
134010,0,0
134011,-13,-13
134020,0,0
134021,-11,-11
134030,-13,-13
134031,10,10
134040,-13,-13
134041,-11,-11
134050,0,0
134051,-11,-11
134060,1,1
134061,1,1
134070,1,1
134071,1,10
134080,2,2
134081,-13,0
134090,0,1
134091,0,-13
134100,0,0
134101,1,1
134110,2,11
134111,-11,-11
134120,-13,-13
134121,0,0
134130,1,11
134131,-13,-13
134140,0,0
134141,-11,-11
134150,-11,-11
134151,2,1
134160,10,10
134161,0,0
134170,-13,-13
134171,1,1
134180,-11,-11
134181,-11,1
134190,1,1
134191,-11,-11
134200,1,1
134201,-11,-11
134210,-13,-13
134211,-11,-11
134220,1,1
134221,2,11
134230,-13,-13
134231,1,0
134240,10,10
134241,4,11
134250,1,1
134251,1,1
134260,-11,-11
134261,1,2
134270,0,0
134271,-11,-11
134280,2,1
134281,10,10
134290,11,10
134291,3,2
134300,0,1
134301,10,10
134310,0,1
134311,2,2
134320,1,1
134321,11,11
134330,-13,-13
134331,11,10
134340,0,0
134341,-13,-13
134350,-13,-13
134351,10,10
134360,1,1
134361,0,0
134370,1,1
134371,0,0
134380,1,1
134381,-11,-11
134390,-13,-13
134391,-11,-333
134400,1,1
134401,2,2
134410,2,11
134411,2,1
134420,0,1
134421,2,1
134430,1,1
134431,1,1
134440,-13,-13
134441,-13,-13
134450,1,1
134451,-13,-13
134460,0,0
134461,-11,-11
134470,1,1
134471,1,1
134480,1,1
134481,2,1
134490,-13,-13
134491,-13,-13
134500,1,1
134501,1,1
134510,10,10
134511,12,11
134520,2,-11
134521,2,1
134530,-13,-13
134531,-13,-13
134540,-13,-13
134541,1,1
134550,1,10
134551,0,0
134560,2,2
134561,2,1
134570,0,0
134571,0,1
134580,0,0
134581,0,0
134590,10,10
134591,10,10
134600,1,1
134601,0,0
134610,-13,-13
134611,-11,-11
134620,1,11
134621,-11,-11
134630,12,11
134631,-13,-13
134640,10,10
134641,2,1
134650,10,10
134651,1,1
134660,1,0
134661,-13,-11
134670,10,10
134671,10,11
134680,-13,-13
134681,-11,-11
134690,-11,-11
134691,1,2
134700,1,2
134701,-11,-11
134710,1,1
134711,1,1
134720,1,1
134721,3,2
134730,1,1
134731,-13,-13
134740,1,1
134741,-13,-13
134750,0,0
134751,1,1
134760,2,1
134761,1,1
134770,1,1
134771,-11,-11
134780,-11,1
134781,-13,-13
134790,-11,-11
134791,1,1
134800,-11,-11
134801,-13,-13
134810,-13,-13
134811,1,1
134820,2,2
134821,0,0
134830,-13,-13
134831,2,1
134840,-11,-11
134841,1,11
134850,-11,-11
134851,1,1
134860,-11,-11
134861,1,1
134870,-13,-13
134871,1,1
134880,2,1
134881,0,0
134890,1,1
134891,1,1
134900,1,2
134901,0,0
134910,11,11
134911,1,1
134920,-13,-13
134921,1,1
134930,2,2
134931,1,1
134940,2,2
134941,1,1
134950,2,1
134951,0,0
134960,-13,0
134961,0,0
134970,0,1
134971,2,2
134980,-11,-11
134981,-11,-11
134990,2,2
134991,2,2
135000,10,10
135001,-13,-13
135010,0,1
135011,0,-11
135020,-1,11
135021,-13,-13
135030,-13,-13
135031,11,10
135040,3,2
135041,1,1
135050,-11,-11
135051,11,1
135060,-13,-13
135061,1,2
135070,1,1
135071,0,0
135080,10,10
135081,2,2
135090,-13,-13
135091,2,2
135100,-13,-13
135101,2,1
135110,-13,-13
135111,1,2
135120,11,10
135121,0,0
135130,1,2
135131,0,0
135140,10,10
135141,1,1
135150,-11,-11
135151,11,11
135160,11,11
135161,-13,-13
135170,-13,1
135171,11,10
135180,1,-11
135181,2,1
135190,1,1
135191,-11,-11
135200,1,1
135201,-13,-13
135210,11,11
135211,2,2
135220,2,2
135221,-13,-13
135230,-13,-13
135231,1,1
135240,-13,-13
135241,-13,-13
135250,1,1
135251,10,11
135260,10,10
135261,-13,-13
135270,2,2
135271,0,0
135280,2,11
135281,1,1
135290,-11,-11
135291,0,1
135300,1,11
135301,-13,-13
135310,-13,-13
135311,2,1
135320,-11,-11
135321,-13,-13
135330,0,0
135331,2,1
135340,2,2
135341,1,1
135350,0,0
135351,2,2
135360,0,2
135361,-13,-13
135370,1,2
135371,1,1
135380,-11,-11
135381,1,1
135390,2,2
135391,0,0
135400,2,2
135401,-13,-13
135410,-13,-13
135411,-13,-13
135420,-11,-11
135421,1,1
135430,0,0
135431,1,1
135440,2,1
135441,12,11
135450,10,1
135451,-11,-11
135460,0,0
135461,-11,0
135470,2,1
135471,1,1
135480,-13,-13
135481,11,11
135490,0,0
135491,-13,-13
135500,-13,-13
135501,-11,-11
135510,1,1
135511,-13,-13
135520,-11,-11
135521,-13,0
135530,-13,-13
135531,-11,-11
135540,0,0
135541,-11,-11
135550,-13,-13
135551,1,1
135560,-13,-13
135561,11,11
135570,11,11
135571,10,11
135580,0,-333
135581,1,1
135590,-11,-11
135591,-13,-13
135600,1,1
135601,-13,-13
135610,-13,-13
135611,0,0
135620,0,0
135621,2,1
135630,1,1
135631,-13,-13
135640,2,1
135641,-11,-11
135650,-11,-11
135651,-11,-11
135660,3,2
135661,-13,-13
135670,10,10
135671,-11,-11
135680,1,1
135681,1,1
135690,-13,-13
135691,-13,-13
135700,-13,0
135701,-13,-13
135710,-11,-11
135711,1,1
135720,0,-13
135721,-13,-13
135730,0,1
135731,-13,-13
135740,10,10
135741,1,1
135750,-13,-13
135751,0,11
135760,-11,-11
135761,-11,-11
135770,-11,-11
135771,12,11
135780,-11,-11
135781,1,1
135790,1,1
135791,1,1
135800,1,1
135801,0,0
135810,1,1
135811,1,1
135820,-13,-13
135821,-11,-333
135830,10,10
135831,-11,-11
135840,10,10
135841,-13,-13
135850,0,0
135851,10,10
135860,2,1
135861,-11,-11
135870,-11,-11
135871,-11,-11
135880,1,1
135881,10,10
135890,1,1
135891,-11,1
135900,10,10
135901,0,0
135910,-13,-13
135911,-11,-11
135920,0,0
135921,-11,1
135930,-11,-11
135931,0,0
135940,11,11
135941,10,10
135950,-11,-11
135951,11,10
135960,1,1
135961,-13,-13
135970,-13,-13
135971,-13,-13
135980,-11,-11
135981,-13,-13
135990,1,1
135991,0,0
136000,3,2
136001,0,0
136010,0,0
136011,0,0
136020,1,1
136021,-11,-11
136030,11,11
136031,-13,-13
136040,10,11
136041,-13,-13
136050,0,0
136051,-13,-13
136060,2,2
136061,0,0
136070,-11,1
136071,1,1
136080,-13,-13
136081,1,11
136090,-11,-11
136091,10,10
136100,1,1
136101,0,0
136110,0,0
136111,-11,-11
136120,0,0
136121,10,10
136130,-11,-11
136131,11,11
136140,-11,1
136141,1,1
136150,1,1
136151,2,2
136160,10,11
136161,10,10
136170,1,1
136171,-13,-13
136180,-11,-11
136181,0,0
136190,11,10
136191,-13,-13
136200,1,1
136201,-11,-333
136210,-13,-13
136211,1,1
136220,-13,-13
136221,-13,-13
136230,1,11
136231,-11,-11
136240,-11,-11
136241,0,1
136250,1,1
136251,1,1
136260,11,11
136261,11,10
136270,1,1
136271,0,0
136280,-13,-13
136281,1,1
136290,-13,-13
136291,10,10
136300,-13,-13
136301,-11,-11
136310,1,1
136311,-13,-13
136320,-13,-13
136321,0,0
136330,0,0
136331,-11,-333
136340,10,11
136341,0,0
136350,-13,-13
136351,1,1
136360,1,1
136361,0,0
136370,-11,-222
136371,1,2
136380,1,1
136381,-13,-13
136390,-13,-13
136391,-11,-11
136400,-11,-13
136401,10,10
136410,2,1
136411,0,0
136420,-13,-13
136421,-13,-13
136430,1,1
136431,1,1
136440,0,1
136441,-13,-13
136450,1,1
136451,1,1
136460,-11,-11
136461,-13,1
136470,1,1
136471,-13,-13
136480,-13,-13
136481,-13,-13
136490,-11,-13
136491,-11,-11
136500,-11,-11
136501,1,1
136510,-11,-11
136511,-11,-11
136520,1,1
136521,0,0
136530,-13,-13
136531,-13,-13
136540,1,11
136541,1,11
136550,4,2
136551,2,2
136560,1,1
136561,-13,-13
136570,1,1
136571,0,0
136580,10,11
136581,11,10
136590,0,0
136591,3,1
136600,-13,-13
136601,2,2
136610,1,-333
136611,0,0
136620,10,10
136621,10,11
136630,3,1
136631,-13,-13
136640,-11,-11
136641,0,0
136650,-13,-13
136651,-11,-11
136660,2,2
136661,1,1
136670,0,0
136671,-13,-13
136680,0,0
136681,1,1
136690,1,1
136691,0,0
136700,1,1
136701,10,10
136710,-11,-11
136711,-11,-11
136720,10,1
136721,0,0
136730,10,11
136731,1,1
136740,10,11
136741,1,1
136750,1,1
136751,-11,-11
136760,11,11
136761,0,-13
136770,0,0
136771,0,0
136780,11,11
136781,0,0
136790,10,11
136791,10,10
136800,2,2
136801,-13,-13
136810,1,0
136811,-11,-11
136820,-11,-11
136821,0,0
136830,1,1
136831,-13,-13
136840,0,0
136841,1,1
136850,2,1
136851,10,11
136860,-11,-11
136861,1,1
136870,0,1
136871,0,0
136880,-11,-11
136881,-11,1
136890,-11,1
136891,1,1
136900,1,1
136901,1,1
136910,10,10
136911,11,10
136920,10,10
136921,-13,-13
136930,0,1
136931,-13,-222
136940,2,1
136941,-13,-13
136950,2,1
136951,1,1
136960,1,2
136961,-13,-13
136970,1,1
136971,-13,-13
136980,10,10
136981,-11,-11
136990,-13,-13
136991,-11,-11
137000,1,1
137001,1,1
137010,0,0
137011,-13,-13
137020,0,0
137021,-13,-13
137030,-13,-13
137031,-11,-11
137040,1,1
137041,2,1
137050,-11,-11
137051,3,2
137060,-11,-11
137061,1,1
137070,1,1
137071,0,0
137080,-13,-13
137081,0,1
137090,11,1
137091,-13,-13
137100,1,1
137101,0,-333
137110,10,10
137111,1,1
137120,-11,-11
137121,0,0
137130,2,11
137131,0,0
137140,1,1
137141,0,0
137150,-13,-13
137151,0,0
137160,11,10
137161,10,10
137170,0,-13
137171,-11,-11
137180,10,11
137181,1,1
137190,0,1
137191,0,1
137200,2,2
137201,1,1
137210,-13,-13
137211,1,0
137220,-11,-11
137221,10,10
137230,-11,-11
137231,10,10
137240,1,1
137241,1,1
137250,-11,-11
137251,0,0
137260,2,2
137261,10,10
137270,1,1
137271,-11,-11
137280,-13,-13
137281,-1,10
137290,2,2
137291,-11,-11
137300,1,0
137301,-11,-333
137310,0,0
137311,1,1
137320,1,1
137321,-13,-13
137330,-11,-11
137331,-11,-11
137340,-13,-13
137341,1,1
137350,1,1
137351,10,10
137360,1,11
137361,10,10
137370,-11,-11
137371,1,2
137380,10,10
137381,-11,-11
137390,2,1
137391,-13,-13
137400,1,1
137401,-13,-13
137410,0,0
137411,0,0
137420,1,1
137421,2,2
137430,-11,-11
137431,0,0
137440,-11,-11
137441,1,1
137450,1,1
137451,-11,-11
137460,0,1
137461,2,1
137470,-13,-13
137471,-11,-11
137480,-13,-13
137481,11,11
137490,-11,-11
137491,-11,-11
137500,-11,-11
137501,1,1
137510,-13,-13
137511,3,1
137520,-11,-11
137521,0,0
137530,11,11
137531,2,1
137540,0,10
137541,0,1
137550,-11,-11
137551,-11,1
137560,1,1
137561,-11,-11
137570,1,2
137571,1,1
137580,-13,-13
137581,-13,-13
137590,-11,-11
137591,-11,-11
137600,-11,-11
137601,-13,-13
137610,-11,-11
137611,-13,-13
137620,-13,-13
137621,1,1
137630,0,0
137631,1,1
137640,1,1
137641,2,2
137650,-11,-11
137651,1,1
137660,1,1
137661,1,1
137670,0,0
137671,-11,-11
137680,-11,-11
137681,-13,-13
137690,11,11
137691,-13,-13
137700,10,10
137701,-1,10
137710,0,0
137711,11,11
137720,1,2
137721,1,1
137730,-11,-11
137731,-11,-11
137740,-11,-11
137741,-11,-11
137750,1,1
137751,2,2
137760,0,0
137761,-13,1
137770,1,1
137771,1,1
137780,10,11
137781,1,1
137790,0,1
137791,1,1
137800,-11,1
137801,11,10
137810,0,1
137811,1,2
137820,1,0
137821,-11,1
137830,0,0
137831,-13,-13
137840,-11,-11
137841,1,1
137850,-11,-11
137851,-11,-11
137860,10,10
137861,-13,-13
137870,3,11
137871,2,11
137880,1,1
137881,1,1
137890,0,11
137891,10,10
137900,10,10
137901,11,10
137910,1,1
137911,0,-11
137920,11,10
137921,-13,-13
137930,-13,-13
137931,-13,-13
137940,10,10
137941,1,1
137950,1,2
137951,0,0
137960,-13,-13
137961,-13,-13
137970,-13,-13
137971,10,10
137980,1,1
137981,-13,-13
137990,1,1
137991,2,1
138000,1,1
138001,-13,-13
138010,1,1
138011,2,2
138020,11,11
138021,0,0
138030,-11,1
138031,-13,-13
138040,-13,-13
138041,1,1
138050,-13,-13
138051,1,10
138060,-11,-11
138061,-13,-13
138070,-11,-11
138071,1,1
138080,-11,-11
138081,10,10
138090,2,1
138091,-13,-13
138100,10,11
138101,-13,-13
138110,0,0
138111,10,10
138120,-13,-13
138121,-13,-13
138130,0,0
138131,11,10
138140,-11,-11
138141,-13,-333
138150,10,10
138151,-13,-13
138160,-11,-11
138161,0,0
138170,-13,-13
138171,1,10
138180,1,1
138181,2,2
138190,1,1
138191,0,0
138200,2,2
138201,10,10
138210,-13,-13
138211,11,10
138220,2,2
138221,1,1
138230,2,1
138231,-13,1
138240,1,10
138241,10,11
138250,0,1
138251,0,0
138260,-11,-11
138261,2,2
138270,11,11
138271,1,1
138280,3,2
138281,-11,-11
138290,0,-13
138291,1,1
138300,-13,-13
138301,1,1
138310,1,-222
138311,-13,-333
138320,-13,-13
138321,0,0
138330,-13,-13
138331,10,10
138340,-13,0
138341,-11,-11
138350,10,10
138351,2,1
138360,10,10
138361,-13,-13
138370,0,0
138371,-13,-13
138380,0,2
138381,-11,-11
138390,-13,-13
138391,10,11
138400,1,1
138401,0,0
138410,10,11
138411,-13,-13
138420,1,10
138421,-11,-11
138430,-13,-13
138431,10,10
138440,10,11
138441,10,10
138450,0,0
138451,1,1
138460,-11,-11
138461,1,1
138470,1,1
138471,10,10
138480,10,10
138481,-11,-11
138490,1,-333
138491,-13,-333
138500,1,2
138501,-11,-11
138510,10,10
138511,0,0
138520,-11,-11
138521,-11,-11
138530,-11,-11
138531,0,0
138540,-11,-11
138541,3,2
138550,-11,-11
138551,0,10
138560,-11,-11
138561,10,11
138570,11,10
138571,3,11
138580,0,0
138581,0,0
138590,-11,-11
138591,0,1
138600,10,10
138601,-13,-13
138610,1,1
138611,1,1
138620,-13,-13
138621,-11,-11
138630,10,10
138631,0,10
138640,-13,-13
138641,10,10
138650,-11,-11
138651,10,10
138660,-11,0
138661,1,1
138670,0,0
138671,1,2
138680,1,1
138681,10,10
138690,1,1
138691,1,1
138700,0,1
138701,-11,-11
138710,-11,-11
138711,1,1
138720,-11,-11
138721,0,0
138730,10,10
138731,-11,-11
138740,10,10
138741,2,-333
138750,0,10
138751,2,2
138760,-11,-11
138761,1,1
138770,11,10
138771,-11,-11
138780,0,0
138781,-13,-13
138790,2,1
138791,-11,-11
138800,-11,-11
138801,-11,-11
138810,-11,-11
138811,-13,-13
138820,-11,-11
138821,1,2
138830,0,0
138831,2,1
138840,0,0
138841,-13,-13
138850,-11,-11
138851,1,11
138860,-11,-11
138861,1,1
138870,1,1
138871,1,10
138880,-11,-11
138881,2,2
138890,-13,-222
138891,-11,-11
138900,1,1
138901,1,2
138910,2,11
138911,-13,-13
138920,1,1
138921,-11,-11
138930,0,1
138931,-13,-13
138940,-13,-13
138941,1,2
138950,-11,-11
138951,2,2
138960,-13,-13
138961,2,2
138970,2,1
138971,1,1
138980,0,0
138981,-11,-11
138990,1,0
138991,-13,-13
139000,-13,-13
139001,1,1
139010,-13,-13
139011,1,1
139020,0,0
139021,-11,-13
139030,1,1
139031,-13,-13
139040,-13,-13
139041,1,1
139050,-11,-11
139051,-13,-13
139060,1,1
139061,-11,-11
139070,10,10
139071,1,1
139080,1,1
139081,-13,-13
139090,-11,-11
139091,-11,-11
139100,-13,-13
139101,-11,-333
139110,0,1
139111,-11,-11
139120,1,1
139121,1,2
139130,-13,-13
139131,0,0
139140,1,1
139141,10,11
139150,11,11
139151,-13,-13
139160,1,1
139161,-11,-11
139170,-11,-11
139171,-11,-11
139180,-11,-11
139181,-13,-13
139190,0,0
139191,10,10
139200,1,1
139201,0,0
139210,-11,-222
139211,10,10
139220,-13,-13
139221,1,1
139230,1,1
139231,-11,-11
139240,2,2
139241,-13,-13
139250,11,10
139251,-11,-11
139260,-11,-11
139261,2,2
139270,-13,-13
139271,-13,-13
139280,-13,-13
139281,1,2
139290,1,1
139291,-11,-11
139300,11,11
139301,-13,-13
139310,2,2
139311,2,1
139320,-11,-11
139321,1,1
139330,1,1
139331,-13,-13
139340,1,0
139341,2,2
139350,-13,-13
139351,0,-13
139360,1,11
139361,1,1
139370,-11,-11
139371,10,10
139380,-11,-11
139381,1,1
139390,-11,-11
139391,1,1
139400,1,2
139401,-11,-333
139410,1,1
139411,1,1
139420,1,1
139421,-11,-11
139430,10,10
139431,-11,1
139440,10,10
139441,10,10
139450,2,10
139451,1,1
139460,2,2
139461,0,0
139470,-11,-11
139471,-13,-13
139480,-13,-13
139481,10,10
139490,2,1
139491,-11,-11
139500,1,10
139501,10,10
139510,-13,-13
139511,-13,-13
139520,1,0
139521,0,-11
139530,-11,-11
139531,-11,-11
139540,2,-333
139541,1,-333
139550,2,2
139551,1,1
139560,-13,0
139561,1,1
139570,-11,1
139571,-13,-13
139580,2,2
139581,1,1
139590,10,10
139591,-13,-13
139600,-11,-11
139601,1,1
139610,0,-13
139611,1,1
139620,-11,-11
139621,1,1
139630,-11,-11
139631,10,10
139640,1,1
139641,0,0
139650,1,1
139651,-13,-13
139660,10,10
139661,1,1
139670,-11,-11
139671,2,2
139680,-13,-13
139681,-13,-13
139690,-11,-11
139691,-13,-13
139700,10,10
139701,1,1
139710,0,10
139711,10,10
139720,10,11
139721,1,11
139730,10,10
139731,-13,-13
139740,2,1
139741,11,11
139750,10,10
139751,1,1
139760,11,10
139761,3,2
139770,10,10
139771,1,1
139780,1,1
139781,1,1
139790,-11,-11
139791,-11,-11
139800,-11,-333
139801,1,2
139810,-13,-13
139811,-11,-11
139820,10,10
139821,1,1
139830,-13,-13
139831,1,1
139840,11,11
139841,-11,-11
139850,-13,-13
139851,-13,-13
139860,-11,-11
139861,0,0
139870,2,2
139871,1,1
139880,11,11
139881,11,11
139890,0,-222
139891,11,10
139900,0,0
139901,0,-333
139910,2,2
139911,-11,-11
139920,-13,-13
139921,10,10
139930,-11,-11
139931,10,10
139940,1,1
139941,1,1
139950,1,1
139951,12,11
139960,1,1
139961,1,-11
139970,-11,-11
139971,0,0
139980,0,0
139981,1,1
139990,-11,-11
139991,1,1
140000,-11,-11
140001,11,11
140010,-11,-11
140011,1,1
140020,-11,-11
140021,-11,-11
140030,0,1
140031,-13,-13
140040,1,1
140041,1,1
140050,1,11
140051,2,11
140060,11,11
140061,1,1
140070,2,2
140071,-13,11
140080,1,1
140081,-11,-11
140090,1,1
140091,-13,-13
140100,0,-11
140101,-13,-13
140110,0,0
140111,-13,1
140120,-13,-13
140121,2,1
140130,1,1
140131,1,1
140140,1,1
140141,1,1
140150,2,1
140151,-11,-11
140160,1,2
140161,0,0
140170,1,1
140171,-13,-13
140180,10,10
140181,2,1
140190,11,11
140191,0,0
140200,-13,-13
140201,0,1
140210,0,0
140211,1,1
140220,-13,-333
140221,11,11
140230,1,1
140231,11,11
140240,1,1
140241,-11,-11
140250,10,10
140251,1,2
140260,-11,1
140261,-13,-13
140270,0,0
140271,-11,-11
140280,10,10
140281,2,1
140290,10,-13
140291,1,11
140300,1,1
140301,-11,-11
140310,-11,-11
140311,-11,-11
140320,11,11
140321,2,1
140330,-13,-13
140331,10,10
140340,1,1
140341,1,1
140350,10,10
140351,1,1
140360,-13,-13
140361,11,11
140370,0,0
140371,10,11
140380,1,1
140381,2,2
140390,1,1
140391,1,1
140400,-13,-13
140401,-13,-13
140410,0,0
140411,10,10
140420,-13,-13
140421,10,10
140430,-11,-11
140431,2,1
140440,1,2
140441,10,10
140450,1,2
140451,0,0
140460,1,1
140461,2,1
140470,-11,-11
140471,1,1
140480,10,10
140481,1,1
140490,0,0
140491,10,10
140500,2,1
140501,2,2
140510,0,0
140511,3,2
140520,1,-11
140521,1,1
140530,1,1
140531,1,1
140540,1,1
140541,1,1
140550,10,10
140551,-13,-13
140560,-11,-333
140561,-11,-11
140570,4,11
140571,1,1
140580,1,0
140581,1,1
140590,-13,-13
140591,1,1
140600,1,1
140601,1,1
140610,1,1
140611,11,10
140620,10,10
140621,-11,-11
140630,1,1
140631,2,11
140640,-11,-13
140641,-11,-11
140650,2,1
140651,1,1
140660,-11,-11
140661,-11,-11
140670,0,0
140671,1,1
140680,10,10
140681,2,2
140690,-13,-13
140691,1,1
140700,10,10
140701,2,1
140710,10,10
140711,0,0
140720,1,1
140721,10,10
140730,1,1
140731,0,0
140740,10,10
140741,0,0
140750,0,0
140751,10,10
140760,-13,-13
140761,0,11
140770,-13,-13
140771,-13,-13
140780,-13,0
140781,-11,-11
140790,1,1
140791,1,2
140800,1,1
140801,1,2
140810,11,11
140811,2,2
140820,1,1
140821,11,11
140830,1,11
140831,2,2
140840,1,1
140841,-11,-11
140850,1,1
140851,-11,-11
140860,-13,-13
140861,-11,-11
140870,11,2
140871,-11,-11
140880,0,0
140881,1,11
140890,-11,-11
140891,-13,-13
140900,-11,-11
140901,1,1
140910,1,2
140911,1,1
140920,11,11
140921,1,1
140930,-11,-11
140931,0,0
140940,1,1
140941,11,11
140950,-11,-11
140951,2,2
140960,11,11
140961,-11,-11
140970,1,1
140971,1,1
140980,-11,-222
140981,2,2
140990,0,0
140991,-11,-11
141000,1,0
141001,10,10
141010,2,2
141011,-11,-11
141020,-11,-11
141021,1,1
141030,-11,-11
141031,-11,-11
141040,10,10
141041,2,1
141050,1,1
141051,-11,-11
141060,1,1
141061,-11,-11
141070,-11,-11
141071,-13,-11
141080,10,10
141081,-13,-13
141090,0,-13
141091,0,0
141100,1,11
141101,1,1
141110,10,11
141111,1,11
141120,10,11
141121,-13,-13
141130,-11,-11
141131,-11,-11
141140,1,1
141141,0,-11
141150,2,11
141151,-11,-11
141160,-11,-11
141161,-11,-13
141170,1,1
141171,-11,-11
141180,0,0
141181,1,1
141190,-11,-11
141191,-11,-11
141200,-11,-11
141201,2,2
141210,2,11
141211,-11,-11
141220,1,1
141221,2,1
141230,1,1
141231,-13,-13
141240,1,1
141241,-13,-13
141250,10,10
141251,1,1
141260,0,0
141261,1,10
141270,1,1
141271,11,11
141280,10,10
141281,-11,-11
141290,0,0
141291,10,10
141300,10,10
141301,-13,-13
141310,2,2
141311,1,1
141320,-13,-13
141321,1,2
141330,11,11
141331,1,1
141340,-11,-11
141341,-11,1
141350,1,1
141351,11,10
141360,1,1
141361,0,0
141370,2,1
141371,11,-222
141380,10,10
141381,-13,-13
141390,10,10
141391,2,2
141400,2,11
141401,-11,-11
141410,1,2
141411,10,11
141420,-11,-11
141421,2,2
141430,1,1
141431,-11,-11
141440,-13,-13
141441,11,10
141450,1,1
141451,2,2
141460,11,11
141461,10,10
141470,10,10
141471,1,1
141480,10,10
141481,-13,-13
141490,-13,-13
141491,1,1
141500,-13,-13
141501,-11,-11
141510,0,0
141511,-13,-333
141520,-13,-13
141521,-13,-13
141530,0,0
141531,-11,-11
141540,1,1
141541,2,2
141550,10,10
141551,0,0
141560,-11,-11
141561,-11,-11
141570,1,1
141571,2,1
141580,0,0
141581,2,2
141590,1,1
141591,-11,-11
141600,1,1
141601,-13,-13
141610,-11,-11
141611,0,0
141620,1,1
141621,10,10
141630,-13,-13
141631,1,2
141640,10,10
141641,-11,1
141650,2,2
141651,1,1
141660,-11,-11
141661,0,11
141670,1,-333
141671,2,2
141680,2,1
141681,10,10
141690,-11,-333
141691,-11,-11
141700,2,2
141701,2,1
141710,0,0
141711,-13,-13
141720,1,2
141721,0,0
141730,0,0
141731,2,1
141740,-13,-13
141741,11,11
141750,-11,-11
141751,0,0
141760,0,0
141761,12,11
141770,0,0
141771,0,0
141780,-13,1
141781,1,1
141790,-13,-13
141791,2,2
141800,2,11
141801,-13,-13
141810,-11,-11
141811,0,0
141820,1,1
141821,0,0
141830,1,1
141831,0,0
141840,0,0
141841,10,10
141850,-11,-11
141851,-11,-11
141860,-13,-13
141861,1,1
141870,-11,-11
141871,0,1
141880,-11,-11
141881,10,10
141890,-13,-13
141891,1,11
141900,-11,-11
141901,1,1
141910,1,-11
141911,-13,10
141920,-13,-13
141921,10,10
141930,1,1
141931,1,1
141940,1,1
141941,-11,-11
141950,2,1
141951,1,1
141960,0,0
141961,1,1
141970,11,10
141971,1,1
141980,-11,-11
141981,1,1
141990,0,0
141991,-13,-13
142000,1,1
142001,-11,-11
142010,-13,-13
142011,1,1
142020,-13,-13
142021,10,10
142030,10,10
142031,-11,-11
142040,10,10
142041,-11,-11
142050,10,10
142051,-13,-13
142060,10,10
142061,2,2
142070,1,1
142071,-13,-13
142080,-11,-11
142081,11,11
142090,-13,-13
142091,0,0
142100,10,10
142101,-11,-11
142110,-13,-13
142111,-13,-13
142120,1,1
142121,-11,-11
142130,0,0
142131,-13,-13
142140,-13,0
142141,-11,-11
142150,2,1
142151,1,1
142160,0,0
142161,-11,-11
142170,10,11
142171,10,10
142180,-11,-11
142181,0,1
142190,1,1
142191,-11,-11
142200,1,1
142201,1,1
142210,11,11
142211,0,0
142220,11,11
142221,-11,-11
142230,-11,-11
142231,-13,-13
142240,1,1
142241,1,1
142250,10,11
142251,-11,-11
142260,-13,-13
142261,-13,-13
142270,0,0
142271,1,1
142280,1,1
142281,-13,-13
142290,10,10
142291,-13,0
142300,-11,-11
142301,11,10
142310,3,2
142311,-11,-11
142320,10,10
142321,0,0
142330,11,11
142331,-11,-11
142340,0,0
142341,10,10
142350,1,1
142351,0,1
142360,2,1
142361,-11,-11
142370,2,1
142371,1,11
142380,10,10
142381,-13,-13
142390,0,0
142391,12,11
142400,-11,-11
142401,0,0
142410,1,1
142411,1,1
142420,0,0
142421,11,11
142430,1,1
142431,0,0
142440,1,1
142441,1,1
142450,1,1
142451,2,2
142460,1,1
142461,-11,-11
142470,1,1
142471,2,2
142480,-13,-13
142481,-13,-13
142490,0,-13
142491,-13,-13
142500,-11,-11
142501,10,10
142510,-11,-11
142511,1,1
142520,-11,-11
142521,-11,-11
142530,1,1
142531,1,1
142540,1,1
142541,-13,-13
142550,-11,-222
142551,-13,-13
142560,2,11
142561,1,10
142570,2,1
142571,1,1
142580,10,10
142581,2,1
142590,-11,-11
142591,-13,-13
142600,10,-11
142601,-13,10
142610,1,1
142611,0,0
142620,11,11
142621,10,10
142630,2,2
142631,-11,-11
142640,0,0
142641,1,1
142650,1,1
142651,2,11
142660,0,0
142661,2,1
142670,-11,-11
142671,1,1
142680,-13,-13
142681,1,1
142690,-11,-13
142691,2,1
142700,11,2
142701,-13,-11
142710,-11,-11
142711,1,0
142720,-13,-13
142721,-11,-11
142730,-13,-13
142731,1,1
142740,1,1
142741,-13,-13
142750,-13,-13
142751,0,0
142760,-13,-13
142761,-11,-11
142770,-11,-11
142771,1,1
142780,-11,-333
142781,0,0
142790,0,1
142791,10,10
142800,1,1
142801,1,1
142810,-13,-13
142811,1,1
142820,-13,-13
142821,1,1
142830,1,1
142831,-13,-13
142840,-13,-13
142841,-11,-11
142850,1,1
142851,11,10
142860,0,1
142861,10,10
142870,1,1
142871,2,2
142880,1,1
142881,0,0
142890,0,0
142891,1,1
142900,-13,-13
142901,-11,-11
142910,-11,-11
142911,-11,-11
142920,-11,-11
142921,1,1
142930,10,10
142931,-13,-13
142940,0,0
142941,0,-11
142950,10,10
142951,1,1
142960,-11,-11
142961,2,11
142970,-11,-333
142971,-11,-11
142980,1,-333
142981,-11,-333
142990,1,1
142991,-13,-13
143000,-11,-11
143001,11,11
143010,1,1
143011,2,1
143020,0,0
143021,-13,-13
143030,-11,-11
143031,1,11
143040,2,2
143041,1,1
143050,-11,-11
143051,-13,-13
143060,1,2
143061,1,1
143070,0,1
143071,1,1
143080,-11,-11
143081,-11,-11
143090,1,1
143091,1,2
143100,2,2
143101,1,1
143110,-11,-11
143111,1,1
143120,1,1
143121,-13,1
143130,-11,-11
143131,1,1
143140,1,1
143141,0,1
143150,-11,-11
143151,10,11
143160,11,11
143161,-11,-11
143170,10,10
143171,1,1
143180,-13,-13
143181,10,10
143190,-11,-11
143191,-11,-11
143200,-13,-13
143201,-11,-11
143210,1,1
143211,3,2
143220,-13,-13
143221,-13,-13
143230,10,10
143231,2,1
143240,11,11
143241,-13,-13
143250,-11,-11
143251,-13,-13
143260,1,-11
143261,2,11
143270,-11,-11
143271,1,1
143280,11,11
143281,0,1
143290,2,11
143291,10,11
143300,2,-333
143301,-13,-333
143310,-13,-13
143311,-11,-11
143320,-11,-11
143321,11,11
143330,2,2
143331,-11,-11
143340,-11,-11
143341,1,11
143350,1,1
143351,10,1
143360,10,10
143361,10,11
143370,-13,-13
143371,0,0
143380,-13,-13
143381,10,10
143390,-11,-11
143391,0,0
143400,-11,-11
143401,-11,-11
143410,1,1
143411,0,10
143420,11,11
143421,1,-333
143430,1,1
143431,-13,-13
143440,-13,-13
143441,-13,-13
143450,0,0
143451,-11,-11
143460,2,11
143461,-13,-13
143470,0,0
143471,2,1
143480,1,1
143481,1,1
143490,1,1
143491,-11,-11
143500,1,1
143501,1,1
143510,1,10
143511,1,11
143520,-13,-13
143521,11,10
143530,1,1
143531,-13,-13
143540,-13,-13
143541,-13,-13
143550,1,1
143551,1,1
143560,0,0
143561,-11,-11
143570,-11,-11
143571,-13,1
143580,1,1
143581,1,1
143590,1,1
143591,10,10
143600,0,0
143601,2,2
143610,-11,-11
143611,-11,-11
143620,-11,-11
143621,-11,-11
143630,-13,-13
143631,-11,-11
143640,-13,-13
143641,0,0
143650,-13,-13
143651,10,10
143660,1,1
143661,0,0
143670,2,1
143671,0,2
143680,-11,-11
143681,-13,-13
143690,0,0
143691,-13,-13
143700,-13,-13
143701,1,2
143710,1,1
143711,-11,-333
143720,1,1
143721,11,10
143730,1,2
143731,1,1
143740,1,1
143741,-13,-13
143750,1,1
143751,1,1
143760,-13,-13
143761,2,1
143770,-11,-11
143771,1,11
143780,-11,-11
143781,1,11
143790,0,0
143791,2,1
143800,-11,-11
143801,1,1
143810,-13,-13
143811,-11,-11
143820,1,1
143821,0,0
143830,1,1
143831,1,2
143840,1,1
143841,1,1
143850,2,1
143851,-13,-13
143860,-11,-11
143861,-13,-333
143870,0,0
143871,1,1
143880,-13,-13
143881,0,0
143890,0,0
143891,1,1
143900,-13,-13
143901,2,2
143910,1,1
143911,-13,-13
143920,-13,-13
143921,10,11
143930,11,10
143931,0,0
143940,1,1
143941,-11,-11
143950,-11,-11
143951,1,1
143960,12,11
143961,1,1
143970,-13,-13
143971,1,1
143980,-11,-11
143981,0,1
143990,10,10
143991,1,1
144000,-11,-11
144001,-13,-13
144010,1,1
144011,-11,-11
144020,-13,-13
144021,-13,-13
144030,-11,-11
144031,1,1
144040,1,11
144041,1,1
144050,1,1
144051,10,10
144060,-11,-11
144061,2,2
144070,-13,-13
144071,0,0
144080,2,2
144081,3,11
144090,1,1
144091,1,1
144100,-11,-11
144101,0,0
144110,2,2
144111,1,1
144120,-11,-11
144121,0,10
144130,12,10
144131,-13,1
144140,10,10
144141,0,0
144150,-11,-11
144151,-11,-11
144160,0,0
144161,-11,-11
144170,10,10
144171,10,10
144180,2,2
144181,-13,-13
144190,2,11
144191,1,1
144200,11,11
144201,1,1
144210,1,0
144211,10,10
144220,-11,-11
144221,1,0
144230,2,2
144231,1,1
144240,0,0
144241,10,10
144250,-11,-11
144251,0,0
144260,-13,-13
144261,-13,-13
144270,0,0
144271,-13,-13
144280,-11,-11
144281,1,1
144290,2,1
144291,-13,-13
144300,1,1
144301,-11,-11
144310,-11,-11
144311,0,-13
144320,10,10
144321,10,10
144330,1,2
144331,-13,-13
144340,-11,-11
144341,-11,-11
144350,3,1
144351,1,1
144360,10,10
144361,0,0
144370,0,0
144371,0,0
144380,-13,-13
144381,10,10
144390,-13,-13
144391,11,1
144400,-13,-13
144401,1,1
144410,2,1
144411,-13,-13
144420,0,0
144421,-11,-11
144430,11,11
144431,11,11
144440,1,1
144441,-11,-11
144450,2,2
144451,-1,10
144460,-11,-11
144461,-11,-11
144470,1,11
144471,-13,-13
144480,-11,-11
144481,1,1
144490,0,0
144491,10,10
144500,1,1
144501,10,10
144510,1,1
144511,-13,-13
144520,-11,-11
144521,-13,-13
144530,1,1
144531,-11,-11
144540,2,2
144541,0,0
144550,-11,-11
144551,11,11
144560,1,1
144561,-11,-11
144570,-11,-11
144571,0,0
144580,2,2
144581,-11,-11
144590,2,2
144591,1,1
144600,-13,-13
144601,2,1
144610,-11,1
144611,0,0
144620,1,1
144621,1,1
144630,-11,-11
144631,1,1
144640,1,1
144641,11,11
144650,2,11
144651,-11,-11
144660,10,10
144661,-11,-11
144670,10,10
144671,2,2
144680,2,2
144681,-13,-13
144690,0,0
144691,10,11
144700,0,10
144701,1,1
144710,-11,-11
144711,-13,-13
144720,1,1
144721,0,0
144730,0,2
144731,1,-11
144740,-11,-11
144741,-13,-13
144750,11,10
144751,11,11
144760,10,10
144761,-11,-333
144770,-11,0
144771,11,1
144780,0,0
144781,2,-333
144790,11,11
144791,0,0
144800,10,10
144801,10,11
144810,-13,-11
144811,-11,-11
144820,-11,-11
144821,-11,-11
144830,1,11
144831,-13,-13
144840,-11,-11
144841,10,10
144850,-11,-11
144851,-13,-13
144860,0,1
144861,-11,-11
144870,-13,-13
144871,-13,-13
144880,-11,-13
144881,10,10
144890,1,1
144891,2,1
144900,1,1
144901,1,1
144910,1,1
144911,-11,-11
144920,1,1
144921,-13,-13
144930,-11,-11
144931,1,1
144940,-13,-13
144941,1,11
144950,10,10
144951,1,1
144960,2,11
144961,1,1
144970,2,1
144971,-13,-13
144980,10,10
144981,12,11
144990,-11,-11
144991,0,0
145000,-13,-13
145001,1,1
145010,0,0
145011,10,11
145020,2,11
145021,10,10
145030,1,2
145031,0,0
145040,-11,-11
145041,-13,-13
145050,0,0
145051,1,1
145060,-11,-11
145061,10,11
145070,-11,-13
145071,0,0
145080,-13,-13
145081,-11,-11
145090,11,11
145091,-11,-11
145100,1,1
145101,1,1
145110,1,2
145111,0,0
145120,-13,-13
145121,0,0
145130,1,11
145131,0,2
145140,-11,-11
145141,10,10
145150,-13,-13
145151,2,2
145160,-13,-13
145161,1,1
145170,-11,-11
145171,1,1
145180,-11,-11
145181,-11,1
145190,-13,-13
145191,-11,1
145200,0,0
145201,11,11
145210,1,1
145211,-13,-13
145220,1,1
145221,1,10
145230,-11,-11
145231,-13,-13
145240,2,1
145241,10,10
145250,-11,-11
145251,-11,-11
145260,11,10
145261,0,0
145270,1,11
145271,1,1
145280,-11,1
145281,-11,-11
145290,-13,-13
145291,10,10
145300,-13,-13
145301,0,0
145310,10,1
145311,1,0
145320,-11,-11
145321,11,10
145330,10,10
145331,2,1
145340,-11,-11
145341,-11,-11
145350,-11,-11
145351,1,1
145360,-11,-11
145361,-11,-11
145370,10,10
145371,-11,-11
145380,-13,-13
145381,1,1
145390,1,1
145391,2,2
145400,10,2
145401,11,11
145410,10,10
145411,0,1
145420,11,11
145421,-11,-11
145430,-13,-13
145431,11,11
145440,0,0
145441,-11,-11
145450,0,0
145451,0,0
145460,1,1
145461,1,1
145470,1,1
145471,-13,-13
145480,1,1
145481,2,2
145490,1,1
145491,0,1
145500,-11,-11
145501,2,2
145510,1,1
145511,-13,-13
145520,2,2
145521,0,0
145530,0,0
145531,-13,-13
145540,1,2
145541,0,1
145550,10,10
145551,-13,-13
145560,10,10
145561,0,0
145570,1,1
145571,-13,-13
145580,11,10
145581,1,1
145590,11,-333
145591,-11,11
145600,0,0
145601,-13,-13
145610,-13,-13
145611,1,1
145620,1,1
145621,-13,-13
145630,1,1
145631,1,1
145640,1,10
145641,2,1
145650,10,10
145651,-11,-333
145660,10,10
145661,1,1
145670,-11,-11
145671,11,11
145680,11,11
145681,-11,-11
145690,1,1
145691,11,11
145700,-13,-13
145701,10,10
145710,-13,-13
145711,1,1
145720,1,1
145721,0,0
145730,10,10
145731,1,1
145740,-11,1
145741,2,1
145750,-13,-13
145751,-13,-13
145760,-13,-13
145761,-11,-11
145770,1,1
145771,1,1
145780,0,0
145781,0,0
145790,-11,-333
145791,1,1
145800,1,1
145801,1,1
145810,-11,-11
145811,0,0
145820,-13,-13
145821,2,2
145830,1,1
145831,1,1
145840,0,0
145841,-13,-13
145850,-11,-11
145851,10,11
145860,-11,-11
145861,-13,-13
145870,-13,-13
145871,-11,-11
145880,-11,-11
145881,-13,-13
145890,3,1
145891,10,0
145900,-11,-11
145901,1,1
145910,1,1
145911,0,0
145920,2,11
145921,-13,-13
145930,1,1
145931,0,0
145940,2,1
145941,10,10
145950,10,10
145951,2,1
145960,-11,-11
145961,-13,-13
145970,0,0
145971,-11,2
145980,-13,-13
145981,-13,-13
145990,3,2
145991,-13,-13
146000,11,11
146001,4,1
146010,-11,-11
146011,2,2
146020,0,0
146021,-11,-11
146030,1,1
146031,1,1
146040,-11,0
146041,3,2
146050,1,1
146051,-13,-13
146060,-13,-13
146061,1,1
146070,-13,10
146071,-13,-11
146080,2,1
146081,-13,-13
146090,10,10
146091,0,0
146100,0,0
146101,-13,-13
146110,-13,-13
146111,10,10
146120,10,11
146121,0,1
146130,-11,-11
146131,3,2
146140,-11,-11
146141,1,10
146150,-11,-11
146151,1,11
146160,1,1
146161,-11,-11
146170,-11,-11
146171,-11,-11
146180,-11,-11
146181,-11,-11
146190,0,0
146191,11,10
146200,1,1
146201,-11,-11
146210,1,1
146211,0,0
146220,10,10
146221,-11,-11
146230,-11,-11
146231,-11,-11
146240,-11,-11
146241,1,1
146250,1,1
146251,10,10
146260,1,1
146261,0,0
146270,1,1
146271,0,0
146280,2,11
146281,1,1
146290,-13,-13
146291,-13,1
146300,2,2
146301,-11,-11
146310,-11,-11
146311,-13,-13
146320,1,1
146321,-13,-13
146330,0,0
146331,1,1
146340,0,0
146341,0,1
146350,2,2
146351,11,11
146360,1,1
146361,-13,-13
146370,-11,-11
146371,-11,-11
146380,-11,-11
146381,10,10
146390,1,1
146391,0,0
146400,0,1
146401,-13,-13
146410,2,2
146411,0,0
146420,1,1
146421,-13,-13
146430,2,1
146431,0,1
146440,1,1
146441,-11,-11
146450,1,11
146451,2,1
146460,12,10
146461,-13,-13
146470,-13,-13
146471,0,11
146480,-11,-11
146481,11,10
146490,-13,-13
146491,1,1
146500,1,1
146501,1,11
146510,1,1
146511,1,11
146520,1,1
146521,1,1
146530,10,10
146531,0,0
146540,-11,-11
146541,0,0
146550,1,1
146551,0,-13
146560,11,11
146561,10,10
146570,10,10
146571,-13,-13
146580,1,1
146581,2,11
146590,-11,-11
146591,1,2
146600,2,2
146601,11,11
146610,2,1
146611,0,0
146620,-13,-13
146621,-11,-11
146630,-11,-11
146631,0,0
146640,1,1
146641,-11,-11
146650,2,2
146651,1,1
146660,-11,1
146661,10,10
146670,2,1
146671,1,1
146680,1,0
146681,1,11
146690,0,0
146691,10,10
146700,0,0
146701,2,1
146710,10,11
146711,-11,-11
146720,1,1
146721,1,2
146730,0,0
146731,0,0
146740,1,1
146741,1,1
146750,-11,-11
146751,11,11
146760,1,1
146761,1,1
146770,10,10
146771,11,-222
146780,1,1
146781,0,0
146790,0,0
146791,-13,0
146800,1,1
146801,1,0
146810,1,1
146811,0,0
146820,1,1
146821,-11,1
146830,11,10
146831,1,1
146840,10,10
146841,2,-333
146850,2,1
146851,1,1
146860,-13,-13
146861,-11,-11
146870,-13,-13
146871,1,1
146880,-13,-13
146881,-11,-11
146890,-11,-11
146891,-13,-13
146900,1,1
146901,2,11
146910,2,1
146911,-13,-13
146920,1,11
146921,10,1
146930,2,1
146931,10,10
146940,-13,1
146941,-11,-11
146950,1,1
146951,2,1
146960,-11,-11
146961,2,2
146970,1,1
146971,-11,-11
146980,2,2
146981,-13,-13
146990,2,1
146991,1,2
147000,1,1
147001,1,1
147010,1,1
147011,1,1
147020,10,10
147021,2,2
147030,1,1
147031,1,11
147040,1,1
147041,0,1
147050,-13,-13
147051,1,1
147060,2,11
147061,1,1
147070,10,11
147071,1,1
147080,1,11
147081,-13,-13
147090,-13,-13
147091,-13,-13
147100,-11,-11
147101,-11,-11
147110,-13,-13
147111,0,0
147120,1,1
147121,1,1
147130,2,2
147131,1,1
147140,-13,-13
147141,0,0
147150,-11,-11
147151,-13,-13
147160,-13,-13
147161,1,10
147170,10,10
147171,1,1
147180,0,1
147181,10,11
147190,1,1
147191,0,1
147200,10,10
147201,11,10
147210,1,1
147211,1,1
147220,10,10
147221,0,0
147230,-11,-11
147231,1,1
147240,1,11
147241,-13,-13
147250,-13,-13
147251,1,1
147260,2,2
147261,1,1
147270,1,1
147271,0,0
147280,10,10
147281,12,11
147290,-13,-13
147291,0,1
147300,1,1
147301,-13,-13
147310,0,0
147311,0,0
147320,0,0
147321,10,10
147330,1,11
147331,0,10
147340,2,2
147341,-11,-11
147350,10,10
147351,-13,-13
147360,10,10
147361,1,1
147370,1,1
147371,10,10
147380,1,2
147381,-11,-13
147390,-13,-13
147391,1,1
147400,-13,-13
147401,10,10
147410,3,2
147411,0,0
147420,1,1
147421,2,11
147430,1,1
147431,-11,-222
147440,1,1
147441,2,1
147450,1,1
147451,10,10
147460,1,11
147461,1,1
147470,11,11
147471,-11,-11
147480,-11,-11
147481,-13,-13
147490,2,2
147491,-11,-11
147500,-11,-11
147501,-13,-13
147510,1,1
147511,0,0
147520,-13,-13
147521,-11,-11
147530,-11,-11
147531,-11,-11
147540,-13,-13
147541,1,1
147550,1,1
147551,2,2
147560,3,2
147561,-11,-11
147570,2,11
147571,-11,-11
147580,-11,-11
147581,11,11
147590,-11,-11
147591,2,2
147600,1,1
147601,0,0
147610,10,10
147611,1,1
147620,0,0
147621,1,1
147630,10,10
147631,-13,-13
147640,-11,-11
147641,-13,-13
147650,1,2
147651,2,2
147660,-11,-11
147661,-11,-11
147670,-13,-13
147671,1,1
147680,0,0
147681,-11,-11
147690,-13,-13
147691,-11,-11
147700,0,0
147701,1,1
147710,1,11
147711,11,10
147720,1,2
147721,1,-11
147730,-11,-11
147731,-13,-13
147740,2,2
147741,0,1
147750,10,11
147751,-11,-11
147760,-11,-11
147761,11,11
147770,0,0
147771,-11,-11
147780,10,10
147781,2,2
147790,1,2
147791,0,0
147800,1,1
147801,10,11
147810,-11,-11
147811,1,1
147820,-13,-13
147821,1,1
147830,-11,-11
147831,-13,-13
147840,-11,-11
147841,-13,-13
147850,11,11
147851,-13,1
147860,0,-11
147861,-11,-11
147870,10,10
147871,0,0
147880,10,10
147881,0,0
147890,-13,-13
147891,1,1
147900,2,2
147901,1,1
147910,-11,-11
147911,10,10
147920,1,1
147921,0,0
147930,11,10
147931,0,-13
147940,1,1
147941,10,10
147950,1,1
147951,0,10
147960,10,11
147961,-11,-11
147970,0,0
147971,0,1
147980,2,2
147981,0,0
147990,1,11
147991,-11,-11
148000,1,1
148001,-11,-11
148010,-11,-11
148011,-11,1
148020,2,11
148021,0,0
148030,2,1
148031,-13,-13
148040,-13,-11
148041,1,11
148050,-11,-11
148051,11,11
148060,1,1
148061,1,1
148070,-11,-11
148071,10,10
148080,2,1
148081,1,1
148090,11,11
148091,-11,1
148100,-13,-11
148101,-13,-13
148110,11,11
148111,0,0
148120,2,1
148121,0,1
148130,-11,-11
148131,0,0
148140,-13,-13
148141,10,10
148150,1,1
148151,-13,-13
148160,2,2
148161,1,1
148170,-13,-13
148171,-11,-11
148180,10,11
148181,1,1
148190,-13,-13
148191,-11,-11
148200,-13,-13
148201,10,10
148210,-11,-333
148211,1,1
148220,1,1
148221,10,10
148230,10,11
148231,0,1
148240,-13,-13
148241,0,0
148250,-11,-11
148251,-11,-11
148260,-13,-333
148261,10,10
148270,11,11
148271,1,1
148280,-11,-11
148281,-11,-11
148290,10,11
148291,1,1
148300,-11,-11
148301,10,11
148310,-11,-11
148311,-11,-11
148320,10,10
148321,-11,-11
148330,0,-13
148331,1,1
148340,-11,-11
148341,-13,-13
148350,1,1
148351,1,1
148360,2,11
148361,1,1
148370,-13,-13
148371,11,1
148380,-11,-11
148381,0,2
148390,1,0
148391,1,1
148400,2,1
148401,-11,-11
148410,10,10
148411,0,0
148420,2,11
148421,0,10
148430,1,1
148431,-11,-11
148440,-11,-11
148441,2,2
148450,-13,-13
148451,1,0
148460,-13,-13
148461,-11,-11
148470,0,0
148471,-13,-13
148480,1,1
148481,-11,-11
148490,-11,-11
148491,-13,-13
148500,1,1
148501,1,1
148510,-11,-11
148511,-13,-13
148520,2,2
148521,10,10
148530,-13,-13
148531,-11,-11
148540,10,10
148541,1,1
148550,1,1
148551,1,1
148560,2,2
148561,-13,-13
148570,2,2
148571,-11,-11
148580,3,2
148581,-13,-13
148590,-13,-13
148591,1,1
148600,0,-11
148601,1,1
148610,-11,-11
148611,3,11
148620,-13,-13
148621,10,11
148630,0,1
148631,11,11
148640,-11,-11
148641,0,0
148650,1,1
148651,1,1
148660,1,1
148661,-13,-13
148670,2,11
148671,1,1
148680,-13,-13
148681,11,10
148690,10,10
148691,3,2
148700,-13,-13
148701,-11,-11
148710,11,11
148711,1,1
148720,1,2
148721,0,0
148730,1,1
148731,-13,-13
148740,-11,-11
148741,1,1
148750,1,1
148751,10,11
148760,10,11
148761,2,2
148770,-11,1
148771,-11,-11
148780,-13,-13
148781,1,11
148790,1,1
148791,0,0
148800,1,1
148801,1,1
148810,1,-11
148811,0,0
148820,-13,-13
148821,10,10
148830,1,-333
148831,-11,-11
148840,-13,-13
148841,-13,-13
148850,1,1
148851,1,1
148860,10,10
148861,0,0
148870,-13,-13
148871,10,10
148880,0,0
148881,3,2
148890,10,1
148891,-11,-11
148900,0,0
148901,1,1
148910,-13,-13
148911,10,11
148920,-11,-11
148921,-13,-13
148930,1,11
148931,1,1
148940,-13,-13
148941,2,11
148950,-13,-13
148951,10,10
148960,1,1
148961,-13,-13
148970,2,2
148971,2,2
148980,0,0
148981,-13,0
148990,1,1
148991,1,1
149000,-11,-11
149001,1,1
149010,1,1
149011,-13,-13
149020,-11,-11
149021,2,2
149030,-11,-11
149031,-13,-11
149040,1,1
149041,11,11
149050,0,1
149051,1,11
149060,0,0
149061,-11,-11
149070,-13,-13
149071,0,0
149080,-13,-13
149081,1,1
149090,2,11
149091,2,1
149100,-13,-13
149101,1,-11
149110,1,0
149111,10,10
149120,1,11
149121,-13,-13
149130,-13,-13
149131,2,2
149140,-13,-13
149141,0,0
149150,-13,-13
149151,1,1
149160,-11,-11
149161,0,0
149170,-11,-13
149171,1,1
149180,-11,-11
149181,10,10
149190,2,1
149191,-13,-13
149200,-11,-11
149201,0,1
149210,10,10
149211,11,11
149220,-13,-13
149221,0,0
149230,1,1
149231,-11,-11
149240,-13,-13
149241,1,1
149250,2,2
149251,1,1
149260,11,11
149261,-13,-13
149270,-11,-11
149271,-11,-11
149280,1,1
149281,-13,-13
149290,1,1
149291,-11,-11
149300,10,11
149301,1,1
149310,0,1
149311,-11,1
149320,-11,-11
149321,2,11
149330,-13,-13
149331,-11,-11
149340,0,0
149341,1,1
149350,2,2
149351,10,10
149360,2,2
149361,2,1
149370,1,1
149371,-13,-13
149380,-11,-11
149381,1,11
149390,10,10
149391,-13,-13
149400,1,1
149401,-11,-11
149410,1,1
149411,2,1
149420,11,11
149421,10,10
149430,11,11
149431,3,2
149440,-13,-13
149441,0,-13
149450,0,0
149451,-13,-13
149460,1,1
149461,-11,-11
149470,-13,-13
149471,-11,-11
149480,-13,-13
149481,10,10
149490,-13,-13
149491,1,11
149500,2,1
149501,10,10
149510,10,10
149511,0,2
149520,0,0
149521,-11,-11
149530,10,11
149531,0,0
149540,-13,-13
149541,1,1
149550,-13,-13
149551,10,11
149560,1,11
149561,1,1
149570,2,2
149571,2,11
149580,-13,0
149581,1,1
149590,11,10
149591,1,2
149600,10,10
149601,0,0
149610,2,2
149611,-13,-13
149620,-11,-11
149621,2,1
149630,-13,-13
149631,-11,-11
149640,-13,-13
149641,0,0
149650,10,10
149651,10,10
149660,1,1
149661,11,11
149670,0,10
149671,1,1
149680,1,1
149681,-13,-13
149690,1,1
149691,1,1
149700,11,11
149701,-11,-11
149710,10,10
149711,1,1
149720,-11,-11
149721,-13,-13
149730,-13,-13
149731,-13,-13
149740,-11,-11
149741,1,1
149750,-13,-13
149751,10,1
149760,1,1
149761,10,11
149770,-13,-13
149771,-11,-11
149780,0,1
149781,1,1
149790,2,2
149791,-13,-13
149800,-13,-13
149801,-13,-13
149810,-13,-13
149811,-13,-13
149820,2,1
149821,-13,-13
149830,-13,-13
149831,10,11
149840,-11,-11
149841,-11,-11
149850,11,11
149851,2,2
149860,1,1
149861,10,10
149870,0,0
149871,1,1
149880,-11,-333
149881,-13,-13
149890,11,2
149891,-13,-13
149900,0,0
149901,1,1
149910,10,10
149911,-11,-11
149920,10,10
149921,0,0
149930,11,11
149931,0,10
149940,-13,-13
149941,1,1
149950,1,1
149951,2,2
149960,0,0
149961,0,0
149970,1,-333
149971,1,1
149980,1,1
149981,0,0
149990,0,0
149991,-13,-13
150000,1,1
150001,10,11
150010,-11,-11
150011,1,1
150020,-13,-13
150021,2,2
150030,-13,-13
150031,11,11
150040,1,1
150041,-11,-11
150050,0,1
150051,1,1
150060,0,0
150061,11,11
150070,2,2
150071,-13,-13
150080,-11,-11
150081,0,-11
150090,-11,-11
150091,1,1
150100,0,1
150101,-13,-13
150110,0,0
150111,2,1
150120,0,1
150121,2,1
150130,0,0
150131,-11,-11
150140,10,10
150141,2,2
150150,-13,-13
150151,10,11
150160,-11,-11
150161,1,1
150170,-11,-11
150171,0,0
150180,11,11
150181,1,-333
150190,10,10
150191,-13,-13
150200,-11,-11
150201,12,11
150210,0,0
150211,2,1
150220,1,1
150221,10,10
150230,3,2
150231,1,1
150240,-11,-11
150241,1,1
150250,-11,-11
150251,10,10
150260,1,1
150261,10,10
150270,0,1
150271,1,2
150280,-13,-13
150281,0,10
150290,-11,-11
150291,0,0
150300,1,1
150301,11,11
150310,-13,-13
150311,0,0
150320,-11,1
150321,1,1
150330,0,2
150331,0,0
150340,10,10
150341,-13,-13
150350,10,10
150351,-11,-11
150360,0,0
150361,10,11
150370,1,1
150371,-11,-11
150380,2,2
150381,1,1
150390,-13,-13
150391,11,11
150400,2,2
150401,-11,-13
150410,-11,1
150411,1,1
150420,-13,-13
150421,-11,-11
150430,11,11
150431,-13,-13
150440,0,0
150441,1,1
150450,2,1
150451,-11,-11
150460,1,11
150461,1,1
150470,-11,-11
150471,-11,-11
150480,-13,-13
150481,-13,-11
150490,1,1
150491,0,0
150500,-13,-13
150501,11,11
150510,-11,-11
150511,-13,-13
150520,-13,-333
150521,-11,-11
150530,-11,-333
150531,1,2
150540,3,1
150541,2,1
150550,-13,-13
150551,2,1
150560,-13,-13
150561,-13,-13
150570,0,0
150571,1,11
150580,10,10
150581,-13,-13
150590,-11,-11
150591,2,2
150600,10,11
150601,-11,-11
150610,10,10
150611,-13,-333
150620,-11,-11
150621,10,11
150630,2,2
150631,2,2
150640,1,1
150641,1,1
150650,1,1
150651,-13,-13
150660,-13,-13
150661,-11,-11
150670,1,1
150671,0,0
150680,2,2
150681,2,1
150690,-13,-13
150691,2,11
150700,-13,-13
150701,1,1
150710,0,10
150711,10,10
150720,-11,-11
150721,-13,-13
150730,0,0
150731,1,1
150740,1,10
150741,-11,-11
150750,1,1
150751,-13,-13
150760,1,1
150761,0,2
150770,11,11
150771,-11,-11
150780,2,2
150781,1,1
150790,0,0
150791,10,10
150800,-13,-13
150801,1,1
150810,1,1
150811,-11,-11
150820,0,0
150821,1,2
150830,-11,-11
150831,-13,-13
150840,-13,-13
150841,-11,-11
150850,-13,-13
150851,11,11
150860,-13,-13
150861,11,11
150870,-11,-11
150871,10,10
150880,-11,-11
150881,0,0
150890,-11,-11
150891,12,11
150900,1,1
150901,1,1
150910,0,0
150911,2,2
150920,2,1
150921,1,10
150930,1,-333
150931,-11,-11
150940,1,1
150941,11,10
150950,1,1
150951,0,0
150960,1,1
150961,11,10
150970,1,1
150971,-11,-11
150980,2,1
150981,0,-222
150990,-11,-11
150991,-11,-11
151000,2,2
151001,-11,-11
151010,1,1
151011,1,1
151020,1,1
151021,1,1
151030,1,1
151031,0,0
151040,-13,-13
151041,2,2
151050,-11,-11
151051,-11,1
151060,2,1
151061,0,0
151070,-13,0
151071,0,0
151080,1,1
151081,-13,-13
151090,-11,-11
151091,1,1
151100,-11,1
151101,1,1
151110,2,1
151111,0,0
151120,2,2
151121,10,10
151130,1,1
151131,-13,-13
151140,-11,-11
151141,-11,-11
151150,0,0
151151,-11,-11
151160,1,1
151161,2,2
151170,0,1
151171,2,1
151180,1,1
151181,1,1
151190,1,10
151191,-13,-13
151200,1,0
151201,0,10
151210,2,1
151211,2,2
151220,1,1
151221,0,0
151230,1,1
151231,2,1
151240,0,0
151241,1,2
151250,-11,-11
151251,0,0
151260,1,1
151261,1,1
151270,1,1
151271,11,10
151280,11,11
151281,1,1
151290,-11,-11
151291,0,0
151300,10,10
151301,1,2
151310,-11,-11
151311,0,0
151320,0,0
151321,0,0
151330,0,-13
151331,10,11
151340,0,1
151341,-13,0
151350,-11,-11
151351,1,11
151360,-11,-11
151361,2,2
151370,2,2
151371,-13,-13
151380,2,2
151381,10,10
151390,-13,-13
151391,1,1
151400,10,11
151401,-11,-11
151410,1,1
151411,1,1
151420,10,10
151421,0,0
151430,0,0
151431,-11,-11
151440,1,1
151441,-11,-11
151450,1,1
151451,-13,-13
151460,-11,-11
151461,1,2
151470,-13,-13
151471,1,1
151480,-13,-13
151481,1,1
151490,-11,-11
151491,-13,-333
151500,-13,-13
151501,-13,-13
151510,1,1
151511,2,2
151520,10,10
151521,1,0
151530,2,1
151531,-11,-11
151540,2,11
151541,10,1
151550,-11,-333
151551,1,1
151560,-13,-13
151561,-11,-11
151570,11,11
151571,2,1
151580,1,1
151581,10,10
151590,1,1
151591,-13,-13
151600,1,10
151601,1,1
151610,0,0
151611,-13,-13
151620,1,1
151621,1,11
151630,-13,-333
151631,0,0
151640,1,1
151641,-11,-11
151650,-13,-13
151651,-11,-11
151660,12,11
151661,0,0
151670,10,10
151671,12,11
151680,-13,1
151681,10,10
151690,10,10
151691,-11,1
151700,-13,-13
151701,2,1
151710,1,11
151711,1,1
151720,1,11
151721,10,10
151730,1,1
151731,-11,-11
151740,1,1
151741,1,2
151750,1,1
151751,0,0
151760,0,0
151761,-13,-13
151770,-13,-13
151771,2,-333
151780,0,0
151781,1,1
151790,1,-11
151791,0,0
151800,1,11
151801,0,1
151810,-11,-11
151811,0,0
151820,1,1
151821,2,2
151830,2,2
151831,0,0
151840,0,0
151841,1,1
151850,-11,-11
151851,3,2
151860,-11,-11
151861,2,1
151870,10,11
151871,2,1
151880,0,0
151881,1,1
151890,-11,-11
151891,-11,-11
151900,-11,-11
151901,10,10
151910,11,11
151911,-13,-13
151920,10,10
151921,-13,0
151930,0,0
151931,10,10
151940,-13,-333
151941,-11,-11
151950,0,0
151951,2,1
151960,-11,-11
151961,0,0
151970,-13,-13
151971,-11,-11
151980,10,10
151981,1,1
151990,1,2
151991,2,1
152000,0,0
152001,0,0
152010,11,1
152011,10,10
152020,-11,0
152021,-11,-11
152030,10,11
152031,10,10
152040,-11,-11
152041,1,1
152050,-13,-13
152051,1,11
152060,0,1
152061,10,10
152070,0,0
152071,11,10
152080,10,10
152081,1,1
152090,-11,-11
152091,0,0
152100,-11,-11
152101,2,2
152110,1,-222
152111,0,1
152120,2,2
152121,2,2
152130,10,10
152131,1,1
152140,-11,-11
152141,-13,-13
152150,11,11
152151,10,10
152160,-13,-13
152161,1,1
152170,-13,-13
152171,10,10
152180,-13,-13
152181,1,1
152190,1,0
152191,-13,-13
152200,1,1
152201,-11,-13
152210,-11,-11
152211,1,1
152220,-13,-13
152221,-11,-11
152230,1,1
152231,1,1
152240,1,0
152241,-13,-13
152250,2,1
152251,-11,-11
152260,-13,-13
152261,1,1
152270,2,1
152271,1,2
152280,1,1
152281,1,-333
152290,1,1
152291,-11,-11
152300,1,1
152301,2,2
152310,11,11
152311,1,1
152320,1,1
152321,1,1
152330,-11,-11
152331,2,1
152340,1,11
152341,1,1
152350,-11,-11
152351,-13,-13
152360,-11,-11
152361,1,1
152370,-11,-11
152371,1,1
152380,11,11
152381,-13,-13
152390,1,1
152391,10,10
152400,1,1
152401,1,1
152410,-11,-11
152411,-11,-11
152420,1,-11
152421,-11,-11
152430,2,1
152431,10,10
152440,-11,1
152441,1,1
152450,0,0
152451,0,0
152460,2,1
152461,1,-11
152470,-13,-13
152471,-13,-13
152480,-13,-13
152481,-11,-11
152490,-11,-11
152491,1,1
152500,1,1
152501,1,1
152510,-11,0
152511,-11,-333
152520,-13,-13
152521,1,1
152530,1,1
152531,-13,-13
152540,11,10
152541,0,0
152550,1,1
152551,1,1
152560,2,1
152561,2,2
152570,1,1
152571,0,0
152580,1,1
152581,3,2
152590,-13,-13
152591,1,1
152600,-11,-11
152601,3,2
152610,2,11
152611,-11,-11
152620,1,1
152621,-13,-13
152630,0,-13
152631,1,1
152640,-11,-11
152641,10,10
152650,-11,-11
152651,0,0
152660,1,1
152661,-13,-13
152670,-11,-11
152671,-11,-11
152680,-13,-13
152681,1,2
152690,0,0
152691,0,0
152700,1,1
152701,10,10
152710,1,1
152711,10,10
152720,-13,-13
152721,-13,-13
152730,-11,-11
152731,0,0
152740,-13,-13
152741,1,1
152750,-11,-11
152751,-11,1
152760,0,0
152761,-11,-11
152770,-13,-13
152771,2,2
152780,1,1
152781,11,11
152790,2,1
152791,10,11
152800,10,10
152801,10,10
152810,-11,1
152811,-13,-13
152820,0,0
152821,1,1
152830,0,0
152831,2,2
152840,10,10
152841,10,10
152850,-13,-13
152851,1,1
152860,-11,-11
152861,1,1
152870,10,10
152871,-13,-13
152880,0,0
152881,1,1
152890,-11,-11
152891,1,1
152900,1,1
152901,1,1
152910,-13,-13
152911,-11,-11
152920,10,10
152921,-13,-13
152930,2,-11
152931,1,11
152940,-13,-13
152941,0,0
152950,-13,-13
152951,-11,-11
152960,-11,-11
152961,0,0
152970,-11,-11
152971,1,1
152980,0,0
152981,0,2
152990,1,1
152991,-13,-13
153000,10,10
153001,-11,-11
153010,1,1
153011,-11,-11
153020,2,1
153021,11,10
153030,0,-11
153031,0,0
153040,0,0
153041,1,1
153050,10,10
153051,10,10
153060,2,1
153061,-11,-333
153070,2,1
153071,1,1
153080,-11,-11
153081,0,10
153090,1,1
153091,2,2
153100,0,0
153101,-13,-13
153110,2,1
153111,2,1
153120,-11,-11
153121,1,1
153130,10,10
153131,-11,-333
153140,1,1
153141,10,10
153150,0,0
153151,1,1
153160,1,2
153161,10,10
153170,1,11
153171,-11,-11
153180,1,-13
153181,-13,-13
153190,1,1
153191,-13,-13
153200,-11,-11
153201,1,1
153210,-13,-13
153211,-13,-13
153220,0,0
153221,10,10
153230,0,-333
153231,1,1
153240,11,11
153241,1,11
153250,-13,-13
153251,2,1
153260,0,0
153261,11,10
153270,-11,1
153271,1,1
153280,1,1
153281,-11,-11
153290,-11,-11
153291,-11,-11
153300,1,1
153301,-13,-13
153310,2,2
153311,-11,-11
153320,-11,-11
153321,11,1
153330,-13,-13
153331,1,1
153340,-11,-11
153341,1,1
153350,-13,-13
153351,-13,-13
153360,-13,-13
153361,-11,-11
153370,-13,-13
153371,1,1
153380,12,11
153381,-13,-13
153390,-11,-11
153391,10,2
153400,2,1
153401,1,1
153410,-13,-13
153411,1,1
153420,-11,-11
153421,-13,-13
153430,11,11
153431,-13,-13
153440,2,2
153441,10,10
153450,-13,-13
153451,-13,-13
153460,10,10
153461,1,11
153470,2,11
153471,0,1
153480,10,11
153481,1,1
153490,-13,-13
153491,-11,-11
153500,-11,1
153501,0,0
153510,1,1
153511,-13,-13
153520,-13,-13
153521,11,11
153530,2,1
153531,-11,-11
153540,-11,-11
153541,2,11
153550,0,-13
153551,1,1
153560,11,11
153561,-11,-11
153570,1,1
153571,3,2
153580,-13,-13
153581,0,0
153590,1,10
153591,10,11
153600,-11,-13
153601,-11,-11
153610,2,2
153611,1,1
153620,2,11
153621,0,0
153630,1,1
153631,10,10
153640,-11,-11
153641,-13,-13
153650,0,0
153651,1,1
153660,11,11
153661,-13,0
153670,1,1
153671,0,0
153680,1,1
153681,0,0
153690,-11,-11
153691,2,2
153700,-13,-13
153701,1,1
153710,2,2
153711,-11,-11
153720,10,10
153721,1,0
153730,-11,-11
153731,1,1
153740,1,1
153741,2,1
153750,0,0
153751,-13,-13
153760,-13,-13
153761,-13,-13
153770,0,0
153771,0,1
153780,1,1
153781,1,1
153790,2,1
153791,10,10
153800,-13,-13
153801,0,0
153810,-13,-13
153811,-13,-13
153820,1,1
153821,1,1
153830,1,1
153831,2,1
153840,-13,-13
153841,-11,-11
153850,1,1
153851,1,1
153860,10,10
153861,-11,-11
153870,1,1
153871,2,2
153880,-13,-13
153881,2,1
153890,0,0
153891,0,0
153900,2,2
153901,0,0
153910,0,11
153911,-13,-13
153920,-1,10
153921,2,11
153930,-13,-13
153931,10,10
153940,1,1
153941,1,1
153950,11,11
153951,3,2
153960,-13,-13
153961,0,10
153970,2,1
153971,1,1
153980,-13,-13
153981,0,0
153990,10,10
153991,1,11
154000,1,10
154001,1,1
154010,4,2
154011,-11,-11
154020,1,1
154021,3,2
154030,-13,-13
154031,-11,1
154040,-11,-11
154041,1,1
154050,-11,-11
154051,1,1
154060,-11,-11
154061,0,1
154070,-13,-13
154071,10,10
154080,2,1
154081,0,0
154090,0,0
154091,10,10
154100,-13,-13
154101,-13,-13
154110,1,1
154111,-13,-13
154120,1,1
154121,1,2
154130,1,1
154131,-13,-13
154140,11,11
154141,2,2
154150,-13,-13
154151,1,1
154160,0,0
154161,-13,-13
154170,1,1
154171,11,10
154180,0,0
154181,1,1
154190,10,10
154191,-13,-13
154200,11,10
154201,0,0
154210,2,1
154211,10,10
154220,0,0
154221,1,2
154230,-13,-13
154231,1,2
154240,-11,-11
154241,-11,-11
154250,1,2
154251,1,1
154260,3,11
154261,1,1
154270,-11,1
154271,-13,0
154280,1,2
154281,1,1
154290,1,1
154291,10,10
154300,11,1
154301,10,10
154310,-13,-11
154311,10,10
154320,1,11
154321,10,10
154330,-11,-11
154331,0,1
154340,10,10
154341,-13,-13
154350,1,1
154351,2,1
154360,-11,-11
154361,-13,-13
154370,-11,-11
154371,10,10
154380,-13,-13
154381,11,11
154390,0,0
154391,10,10
154400,2,11
154401,10,10
154410,-11,-11
154411,1,1
154420,-13,-13
154421,10,10
154430,1,1
154431,10,10
154440,-11,-11
154441,1,1
154450,11,11
154451,2,1
154460,-13,-13
154461,2,2
154470,0,0
154471,0,0
154480,-13,1
154481,-13,-13
154490,-11,-11
154491,2,2
154500,-11,-11
154501,0,2
154510,-11,-11
154511,2,1
154520,1,1
154521,-13,-13
154530,-11,0
154531,10,10
154540,1,1
154541,-13,-13
154550,2,2
154551,2,11
154560,0,0
154561,-13,-13
154570,1,1
154571,0,-13
154580,-13,-13
154581,2,11
154590,11,11
154591,10,11
154600,1,0
154601,11,10
154610,0,0
154611,-13,-13
154620,-13,-13
154621,11,11
154630,0,11
154631,-11,-11
154640,1,11
154641,1,1
154650,1,1
154651,1,1
154660,1,2
154661,2,1
154670,-13,-13
154671,11,11
154680,-13,-13
154681,-13,-13
154690,2,2
154691,2,2
154700,-11,-11
154701,2,1
154710,-13,-13
154711,-13,-13
154720,1,1
154721,-11,-11
154730,1,1
154731,11,11
154740,-11,-11
154741,-13,-13
154750,-13,-13
154751,10,10
154760,1,1
154761,0,0
154770,11,11
154771,-11,-11
154780,-11,-11
154781,-13,-13
154790,-13,-13
154791,-13,-13
154800,1,11
154801,1,1
154810,3,2
154811,-13,-13
154820,1,1
154821,0,0
154830,-11,-11
154831,1,1
154840,-13,-13
154841,11,11
154850,2,2
154851,-11,-11
154860,-13,-13
154861,0,0
154870,0,1
154871,-11,-11
154880,1,1
154881,2,-333
154890,0,10
154891,0,0
154900,0,0
154901,0,0
154910,-13,-13
154911,1,11
154920,-13,-13
154921,11,1
154930,-11,-11
154931,1,1
154940,-11,-11
154941,-11,-11
154950,1,1
154951,2,-11
154960,10,11
154961,0,2
154970,-11,-11
154971,-13,-13
154980,2,10
154981,-11,1
154990,1,1
154991,-13,-13
155000,-11,-11
155001,-11,-11
155010,-13,-13
155011,2,2
155020,-13,-13
155021,2,1
155030,-11,-11
155031,10,11
155040,2,2
155041,-11,-11
155050,10,11
155051,3,11
155060,-1,10
155061,-11,-11
155070,-13,-13
155071,-13,-13
155080,-13,-13
155081,-11,-13
155090,-11,-11
155091,10,11
155100,-13,-13
155101,10,10
155110,-13,-13
155111,-13,-13
155120,1,11
155121,-13,-13
155130,0,0
155131,-11,1
155140,-13,-13
155141,0,-11
155150,-13,-13
155151,1,10
155160,-11,-11
155161,1,2
155170,1,1
155171,10,11
155180,10,10
155181,-13,-13
155190,1,1
155191,1,2
155200,1,1
155201,-11,-11
155210,2,1
155211,10,10
155220,1,1
155221,-13,-13
155230,-13,-13
155231,1,1
155240,0,0
155241,1,1
155250,10,11
155251,1,1
155260,-13,-13
155261,-11,-13
155270,1,1
155271,2,1
155280,1,1
155281,1,11
155290,-11,-11
155291,2,11
155300,-11,-11
155301,0,0
155310,1,1
155311,2,1
155320,-11,-11
155321,10,11
155330,1,1
155331,-11,-11
155340,1,1
155341,-1,10
155350,2,1
155351,0,0
155360,-11,-11
155361,-13,-13
155370,10,11
155371,0,0
155380,1,1
155381,-11,-11
155390,0,0
155391,-11,-11
155400,-13,-13
155401,-11,-11
155410,2,2
155411,1,1
155420,1,1
155421,1,1
155430,10,11
155431,-13,-13
155440,-11,-11
155441,-13,-13
155450,-13,-13
155451,-11,-11
155460,11,11
155461,-13,-13
155470,0,10
155471,-11,1
155480,-13,-13
155481,-13,-13
155490,0,-333
155491,2,1
155500,10,10
155501,-13,-13
155510,-11,-11
155511,-13,-13
155520,1,1
155521,0,0
155530,11,11
155531,10,10
155540,1,1
155541,11,11
155550,11,10
155551,-11,-11
155560,10,11
155561,-13,-13
155570,-13,-13
155571,-13,-13
155580,-11,-11
155581,1,1
155590,-13,-13
155591,1,1
155600,11,10
155601,3,2
155610,-13,-13
155611,10,10
155620,1,2
155621,-13,-13
155630,2,10
155631,-13,-13
155640,10,10
155641,0,0
155650,-13,-13
155651,-11,-11
155660,-11,-11
155661,-11,-13
155670,1,1
155671,0,0
155680,10,10
155681,1,1
155690,2,1
155691,-13,-13
155700,0,1
155701,-11,-11
155710,-13,-13
155711,-13,-13
155720,0,0
155721,1,1
155730,-13,0
155731,1,2
155740,-13,-13
155741,1,1
155750,-11,-11
155751,10,10
155760,1,2
155761,1,1
155770,1,1
155771,3,11
155780,2,-222
155781,11,10
155790,-13,-13
155791,10,10
155800,1,1
155801,3,2
155810,10,10
155811,-11,-11
155820,-11,-11
155821,2,2
155830,10,10
155831,1,1
155840,-11,-13
155841,-13,-13
155850,-11,-11
155851,1,11
155860,2,1
155861,11,11
155870,-13,-13
155871,-13,-13
155880,-11,-11
155881,1,1
155890,-11,-11
155891,1,1
155900,11,10
155901,2,1
155910,-11,-11
155911,1,1
155920,-13,-13
155921,1,1
155930,10,10
155931,10,10
155940,0,10
155941,1,1
155950,0,0
155951,1,2
155960,10,10
155961,0,0
155970,1,1
155971,1,1
155980,10,10
155981,1,1
155990,1,1
155991,1,1
156000,1,1
156001,1,1
156010,1,1
156011,0,0
156020,2,1
156021,1,1
156030,-13,-13
156031,-13,-13
156040,12,11
156041,1,1
156050,1,1
156051,-13,-13
156060,0,0
156061,-11,-11
156070,-11,-11
156071,-11,-11
156080,0,0
156081,2,2
156090,-11,-11
156091,-11,-11
156100,-13,-13
156101,1,10
156110,1,1
156111,1,1
156120,-11,-11
156121,1,1
156130,1,1
156131,1,1
156140,-13,-13
156141,-13,-13
156150,1,1
156151,2,1
156160,0,0
156161,10,10
156170,-11,-11
156171,1,1
156180,10,10
156181,1,1
156190,1,1
156191,11,10
156200,-11,-11
156201,1,1
156210,-13,-11
156211,-11,-13
156220,1,1
156221,2,1
156230,2,1
156231,1,1
156240,-11,-11
156241,1,1
156250,1,1
156251,1,1
156260,10,10
156261,-13,-13
156270,0,1
156271,1,1
156280,1,1
156281,-13,-13
156290,-13,-13
156291,0,0
156300,-11,-11
156301,12,10
156310,-11,-11
156311,11,2
156320,0,1
156321,-11,-11
156330,1,1
156331,-11,1
156340,11,11
156341,2,2
156350,-13,-222
156351,0,0
156360,11,11
156361,1,1
156370,2,2
156371,1,1
156380,0,0
156381,2,1
156390,1,1
156391,-11,-11
156400,1,1
156401,-13,-13
156410,0,0
156411,1,1
156420,1,1
156421,1,1
156430,10,10
156431,-13,-13
156440,10,10
156441,10,10
156450,-11,-11
156451,1,1
156460,0,0
156461,-13,-13
156470,-13,-13
156471,1,1
156480,1,1
156481,1,1
156490,10,10
156491,-11,-11
156500,-13,-13
156501,-11,-11
156510,-11,-11
156511,1,1
156520,11,10
156521,1,1
156530,1,10
156531,-11,-11
156540,2,2
156541,10,10
156550,10,10
156551,-13,-13
156560,1,2
156561,1,1
156570,-13,-13
156571,-13,-13
156580,-13,-13
156581,0,0
156590,1,1
156591,1,1
156600,10,10
156601,-11,-11
156610,11,11
156611,1,1
156620,10,10
156621,1,1
156630,1,1
156631,0,0
156640,1,1
156641,-11,-11
156650,1,1
156651,0,0
156660,11,10
156661,-11,-11
156670,-11,-11
156671,0,0
156680,-13,-13
156681,10,10
156690,1,1
156691,1,1
156700,10,10
156701,-13,-13
156710,-13,-333
156711,10,10
156720,12,11
156721,-11,-13
156730,0,0
156731,1,1
156740,-13,-13
156741,1,1
156750,-11,-11
156751,-11,-11
156760,-13,-13
156761,0,0
156770,1,1
156771,11,11
156780,-11,-11
156781,1,1
156790,10,10
156791,0,0
156800,1,1
156801,1,1
156810,0,0
156811,-11,1
156820,1,1
156821,10,10
156830,-13,-13
156831,1,1
156840,-13,1
156841,10,10
156850,-11,-11
156851,-11,-11
156860,-13,-13
156861,11,11
156870,1,0
156871,-13,-11
156880,1,1
156881,-11,-11
156890,-13,-13
156891,-11,-11
156900,1,2
156901,1,1
156910,1,1
156911,0,0
156920,2,2
156921,1,11
156930,1,1
156931,1,1
156940,10,10
156941,-13,-13
156950,0,0
156951,-13,-13
156960,1,-333
156961,10,10
156970,10,10
156971,-13,-13
156980,2,1
156981,1,0
156990,1,10
156991,0,10
157000,-11,-11
157001,-13,-13
157010,-11,-11
157011,-11,-11
157020,-13,0
157021,2,11
157030,-11,-11
157031,3,2
157040,-11,-11
157041,2,1
157050,-13,-13
157051,2,2
157060,0,0
157061,-13,-13
157070,-11,-11
157071,1,1
157080,2,11
157081,-13,-13
157090,11,10
157091,-13,-13
157100,1,1
157101,2,2
157110,-13,-11
157111,1,1
157120,1,1
157121,1,0
157130,0,0
157131,1,1
157140,1,1
157141,-11,1
157150,11,10
157151,2,2
157160,0,0
157161,-13,-13
157170,1,1
157171,11,10
157180,11,11
157181,1,1
157190,-13,-11
157191,1,1
157200,-13,1
157201,0,10
157210,-11,1
157211,-11,-11
157220,10,10
157221,-11,-11
157230,0,0
157231,0,1
157240,-11,-11
157241,2,1
157250,1,10
157251,-13,-13
157260,-13,-333
157261,3,2
157270,-13,-13
157271,0,1
157280,1,1
157281,-13,-13
157290,0,1
157291,-13,-13
157300,2,10
157301,-11,-11
157310,-11,-11
157311,10,11
157320,-11,-11
157321,11,11
157330,0,0
157331,1,1
157340,-13,-333
157341,-11,-11
157350,0,0
157351,1,1
157360,-11,-11
157361,-13,-13
157370,0,10
157371,-11,-11
157380,1,10
157381,-13,0
157390,-13,-13
157391,-13,-13
157400,-13,-13
157401,2,1
157410,-13,-13
157411,2,1
157420,10,10
157421,1,1
157430,2,11
157431,1,11
157440,-11,1
157441,1,1
157450,10,10
157451,-13,-13
157460,-13,-13
157461,2,2
157470,2,1
157471,1,2
157480,-13,-13
157481,11,11
157490,-11,-11
157491,2,1
157500,1,1
157501,1,1
157510,1,1
157511,11,11
157520,-13,-13
157521,-11,-11
157530,0,0
157531,0,0
157540,10,10
157541,1,1
157550,10,10
157551,1,1
157560,-13,-13
157561,2,1
157570,0,0
157571,0,1
157580,1,11
157581,-11,-11
157590,1,1
157591,1,1
157600,-11,-11
157601,10,11
157610,-13,2
157611,1,1
157620,2,2
157621,1,11
157630,2,1
157631,11,11
157640,-11,-11
157641,10,11
157650,10,10
157651,-13,-13
157660,-11,-11
157661,1,11
157670,-11,-11
157671,-11,-11
157680,10,10
157681,10,10
157690,2,1
157691,-11,-11
157700,-11,-11
157701,-13,-13
157710,-11,-11
157711,-13,-13
157720,10,11
157721,1,1
157730,10,10
157731,2,1
157740,-11,-11
157741,0,0
157750,1,1
157751,10,10
157760,2,2
157761,-11,-11
157770,0,0
157771,11,10
157780,-11,-11
157781,-11,-11
157790,-11,-11
157791,1,11
157800,2,2
157801,-11,-11
157810,1,1
157811,1,-11
157820,-13,-13
157821,-13,-13
157830,0,2
157831,11,11
157840,-11,-11
157841,1,1
157850,-13,-13
157851,11,10
157860,-11,-11
157861,1,1
157870,11,11
157871,10,10
157880,1,1
157881,0,0
157890,-13,-13
157891,3,2
157900,1,1
157901,-13,-13
157910,-13,-13
157911,-13,-333
157920,1,1
157921,-11,-11
157930,1,0
157931,0,0
157940,1,1
157941,0,-11
157950,-13,-13
157951,1,1
157960,1,11
157961,-11,-11
157970,-13,-13
157971,-13,-13
157980,-13,-13
157981,11,11
157990,0,0
157991,-11,-11
158000,0,0
158001,-13,-13
158010,1,1
158011,-11,-11
158020,1,1
158021,10,10
158030,0,0
158031,0,-333
158040,0,0
158041,-13,-13
158050,1,11
158051,10,11
158060,0,0
158061,10,10
158070,1,1
158071,10,10
158080,2,1
158081,2,1
158090,1,1
158091,-11,-11
158100,1,1
158101,0,2
158110,-13,-13
158111,-11,-11
158120,-13,-13
158121,0,0
158130,-13,-13
158131,-13,-13
158140,-13,1
158141,-13,-13
158150,10,10
158151,1,1
158160,-13,-13
158161,-11,-11
158170,11,11
158171,0,0
158180,1,1
158181,0,0
158190,-13,-13
158191,1,1
158200,-13,-13
158201,1,1
158210,-13,-13
158211,-13,-13
158220,-11,-11
158221,11,10
158230,1,1
158231,-13,-13
158240,2,1
158241,1,1
158250,-11,-11
158251,0,11
158260,-11,-11
158261,1,1
158270,-11,-11
158271,1,1
158280,1,1
158281,10,1
158290,2,1
158291,-11,-11
158300,-11,-11
158301,-11,-11
158310,-11,-11
158311,0,11
158320,1,1
158321,1,1
158330,-11,1
158331,2,1
158340,1,1
158341,10,10
158350,10,11
158351,1,1
158360,1,1
158361,-11,-11
158370,1,1
158371,10,11
158380,10,10
158381,3,2
158390,-11,-11
158391,-13,-13
158400,-13,-13
158401,-13,-13
158410,-13,-13
158411,-11,-11
158420,-13,-13
158421,2,11
158430,1,1
158431,10,10
158440,-11,-11
158441,-13,-13
158450,-11,-11
158451,2,2
158460,1,1
158461,1,2
158470,2,2
158471,0,0
158480,1,2
158481,1,1
158490,2,1
158491,0,0
158500,2,2
158501,10,10
158510,11,10
158511,1,1
158520,1,1
158521,1,1
158530,2,1
158531,0,0
158540,-13,-13
158541,-13,-13
158550,1,1
158551,10,10
158560,0,0
158561,1,1
158570,1,1
158571,-13,-13
158580,2,11
158581,-11,-11
158590,-13,-13
158591,1,1
158600,-11,-11
158601,10,10
158610,0,0
158611,-11,-11
158620,1,1
158621,0,0
158630,1,-333
158631,1,1
158640,-11,-11
158641,-11,-11
158650,1,1
158651,2,11
158660,1,1
158661,0,0
158670,2,1
158671,-13,-13
158680,-13,-13
158681,1,1
158690,-13,-13
158691,-13,-13
158700,10,10
158701,-11,-11
158710,1,1
158711,2,1
158720,2,1
158721,2,2
158730,-11,-11
158731,1,1
158740,-11,-11
158741,2,2
158750,10,10
158751,2,2
158760,-13,-13
158761,-13,-13
158770,-11,1
158771,2,1
158780,-13,-13
158781,-13,-13
158790,10,10
158791,11,10
158800,2,1
158801,0,0
158810,10,10
158811,-11,-11
158820,-11,-11
158821,1,2
158830,2,1
158831,-13,-13
158840,-11,-11
158841,2,2
158850,2,1
158851,-11,-11
158860,10,10
158861,-13,-13
158870,-11,-11
158871,-13,-13
158880,-13,-13
158881,-11,-11
158890,10,10
158891,0,11
158900,0,0
158901,0,0
158910,0,0
158911,-13,-13
158920,-13,-13
158921,10,10
158930,-13,-13
158931,1,1
158940,2,2
158941,0,0
158950,1,11
158951,-11,-11
158960,-11,-11
158961,-11,-333
158970,0,0
158971,-13,0
158980,0,0
158981,-13,-13
158990,1,1
158991,1,0
159000,-11,-11
159001,0,0
159010,3,2
159011,-11,-11
159020,1,1
159021,-11,-11
159030,-13,-13
159031,-11,-11
159040,2,1
159041,2,2
159050,1,1
159051,-13,-13
159060,1,1
159061,1,1
159070,1,1
159071,0,0
159080,2,2
159081,1,1
159090,11,10
159091,10,10
159100,0,0
159101,11,11
159110,10,10
159111,-13,-13
159120,3,2
159121,1,1
159130,1,1
159131,2,2
159140,2,1
159141,1,2
159150,2,11
159151,1,0
159160,1,11
159161,-13,-13
159170,10,10
159171,1,1
159180,2,2
159181,0,0
159190,1,1
159191,2,1
159200,0,0
159201,0,0
159210,1,2
159211,-13,-13
159220,-11,-11
159221,1,1
159230,-11,-11
159231,11,11
159240,-13,-13
159241,-11,-11
159250,1,1
159251,1,1
159260,2,2
159261,1,1
159270,-13,-11
159271,-13,-13
159280,-11,-11
159281,-13,-13
159290,0,0
159291,10,10
159300,2,1
159301,12,11
159310,0,0
159311,2,1
159320,1,1
159321,11,11
159330,2,11
159331,1,1
159340,-11,-11
159341,1,1
159350,-11,-11
159351,1,1
159360,2,11
159361,1,1
159370,2,2
159371,1,-11
159380,-11,-11
159381,0,10
159390,1,2
159391,1,1
159400,-11,-11
159401,0,0
159410,-11,-11
159411,0,-11
159420,10,11
159421,1,1
159430,12,11
159431,2,11
159440,1,1
159441,10,10
159450,-11,-11
159451,1,1
159460,-11,1
159461,10,11
159470,-13,-13
159471,-11,-11
159480,0,0
159481,-11,-11
159490,0,0
159491,-13,-13
159500,-13,-13
159501,0,0
159510,10,10
159511,1,1
159520,11,10
159521,-13,-13
159530,1,1
159531,-13,-13
159540,10,10
159541,2,2
159550,1,1
159551,-11,-333
159560,-13,-13
159561,0,0
159570,10,11
159571,1,1
159580,10,10
159581,2,2
159590,10,11
159591,3,2
159600,1,1
159601,-13,-13
159610,11,11
159611,0,1
159620,10,10
159621,1,1
159630,-13,-13
159631,10,10
159640,-13,-13
159641,-13,-13
159650,-11,-11
159651,10,11
159660,10,10
159661,-11,-11
159670,-11,-11
159671,0,0
159680,-11,-11
159681,-13,-13
159690,1,-333
159691,1,-11
159700,-11,-11
159701,10,10
159710,-13,-13
159711,2,2
159720,11,11
159721,1,10
159730,0,1
159731,1,1
159740,1,2
159741,1,1
159750,2,2
159751,1,1
159760,0,0
159761,1,11
159770,1,1
159771,-11,-11
159780,-11,-11
159781,2,1
159790,0,1
159791,1,1
159800,-11,-11
159801,-13,-13
159810,0,1
159811,-13,-13
159820,0,0
159821,-11,-11
159830,1,0
159831,0,0
159840,11,11
159841,-11,1
159850,1,11
159851,1,1
159860,1,1
159861,1,1
159870,1,1
159871,-13,-13
159880,-11,-11
159881,0,-13
159890,0,0
159891,1,1
159900,-11,-11
159901,10,10
159910,1,1
159911,0,0
159920,1,1
159921,2,2
159930,-11,-11
159931,-13,-13
159940,1,1
159941,-13,-13
159950,2,1
159951,0,0
159960,-11,-11
159961,0,1
159970,-11,-11
159971,1,1
159980,-11,-11
159981,-11,-11
159990,-13,-13
159991,-11,-11
160000,10,10
160001,1,1
160010,1,1
160011,-11,-11
160020,10,10
160021,-11,-13
160030,1,1
160031,2,0
160040,-13,-13
160041,-11,1
160050,-13,-13
160051,-11,-11
160060,10,10
160061,0,0
160070,-13,-13
160071,10,10
160080,11,11
160081,1,1
160090,2,2
160091,-13,-13
160100,0,1
160101,1,1
160110,1,10
160111,1,-333
160120,-11,1
160121,-13,-13
160130,1,1
160131,11,11
160140,2,2
160141,10,10
160150,1,1
160151,-11,-11
160160,1,1
160161,3,2
160170,2,1
160171,11,11
160180,10,10
160181,0,0
160190,1,1
160191,1,1
160200,-11,-11
160201,1,-333
160210,-13,-13
160211,1,1
160220,10,10
160221,-13,-13
160230,0,0
160231,1,1
160240,1,1
160241,1,1
160250,1,-333
160251,2,2
160260,1,1
160261,1,1
160270,11,10
160271,-13,-13
160280,1,1
160281,1,1
160290,-13,-13
160291,-13,-13
160300,2,1
160301,-11,-11
160310,11,11
160311,-13,-13
160320,1,1
160321,1,1
160330,-11,-11
160331,-13,-13
160340,-13,-13
160341,1,0
160350,-11,-11
160351,1,1
160360,1,2
160361,-11,-11
160370,1,11
160371,2,2
160380,2,2
160381,-11,-11
160390,-11,-11
160391,-13,-13
160400,11,11
160401,-11,1
160410,-11,-11
160411,-13,-13
160420,1,1
160421,1,1
160430,1,2
160431,-11,-11
160440,1,1
160441,-13,-13
160450,-11,-13
160451,-11,-11
160460,-11,-11
160461,-13,-13
160470,2,11
160471,-11,-11
160480,2,1
160481,3,2
160490,0,0
160491,1,1
160500,-11,-11
160501,1,1
160510,0,11
160511,0,0
160520,-11,1
160521,11,10
160530,2,1
160531,10,10
160540,-13,-13
160541,11,1
160550,0,0
160551,-13,-13
160560,2,1
160561,2,1
160570,-11,-11
160571,1,2
160580,0,0
160581,1,1
160590,11,0
160591,1,1
160600,11,11
160601,-13,-13
160610,0,0
160611,1,1
160620,10,11
160621,2,1
160630,-13,-13
160631,0,0
160640,2,2
160641,1,1
160650,0,0
160651,11,11
160660,2,1
160661,1,1
160670,1,1
160671,-11,-11
160680,12,11
160681,-11,-11
160690,10,10
160691,-13,-13
160700,-13,-13
160701,10,11
160710,10,10
160711,-11,-11
160720,-13,1
160721,-11,-11
160730,-11,-11
160731,-11,-11
160740,1,1
160741,10,10
160750,10,10
160751,-13,1
160760,-13,-13
160761,-13,-13
160770,0,0
160771,1,1
160780,-11,-11
160781,10,10
160790,-13,-13
160791,2,1
160800,10,10
160801,10,10
160810,1,2
160811,1,1
160820,1,1
160821,-11,-11
160830,-11,-11
160831,1,1
160840,1,11
160841,2,11
160850,-11,-11
160851,0,0
160860,-11,-11
160861,10,11
160870,2,11
160871,-11,-11
160880,1,1
160881,2,2
160890,1,2
160891,0,0
160900,-13,-13
160901,-13,-11
160910,1,1
160911,0,1
160920,-13,-13
160921,11,11
160930,-13,-13
160931,11,11
160940,2,2
160941,10,10
160950,1,1
160951,-13,-13
160960,1,1
160961,-13,0
160970,1,1
160971,0,0
160980,1,2
160981,1,-333
160990,1,1
160991,-11,-11
161000,-11,-11
161001,-13,-13
161010,1,2
161011,0,0
161020,1,1
161021,-11,-11
161030,1,1
161031,1,1
161040,-13,-13
161041,-13,-13
161050,-13,-13
161051,10,10
161060,1,1
161061,-13,-13
161070,-13,-13
161071,1,2
161080,2,1
161081,-13,-13
161090,0,0
161091,1,1
161100,-13,-13
161101,-11,1
161110,-11,0
161111,1,1
161120,-13,-13
161121,0,-11
161130,1,1
161131,-11,-11
161140,2,1
161141,1,1
161150,1,1
161151,-11,-11
161160,-11,-11
161161,-13,-13
161170,-11,-11
161171,-11,-11
161180,2,2
161181,2,1
161190,-11,-11
161191,1,1
161200,0,0
161201,2,1
161210,-11,-11
161211,1,1
161220,1,1
161221,-13,-13
161230,0,10
161231,1,1
161240,10,11
161241,1,1
161250,10,10
161251,1,1
161260,-11,-11
161261,-13,-13
161270,1,1
161271,12,2
161280,11,11
161281,1,11
161290,-11,-11
161291,-11,-11
161300,2,1
161301,1,-11
161310,10,10
161311,0,0
161320,-13,0
161321,0,0
161330,-13,-13
161331,-13,-13
161340,1,1
161341,0,0
161350,2,2
161351,1,1
161360,1,1
161361,1,1
161370,0,0
161371,11,11
161380,0,0
161381,-11,-11
161390,10,10
161391,-11,0
161400,-1,10
161401,-13,-13
161410,1,1
161411,1,1
161420,10,10
161421,0,11
161430,1,1
161431,-13,-13
161440,-11,-11
161441,10,11
161450,1,1
161451,-11,-11
161460,-11,-13
161461,0,0
161470,-13,-333
161471,-13,-13
161480,0,0
161481,10,10
161490,3,2
161491,2,2
161500,10,10
161501,0,0
161510,-11,-11
161511,0,0
161520,-13,-13
161521,-11,-11
161530,2,2
161531,-13,-13
161540,2,2
161541,0,0
161550,11,10
161551,1,11
161560,0,0
161561,1,1
161570,10,11
161571,0,0
161580,-11,-11
161581,-13,-13
161590,1,1
161591,-13,-13
161600,2,2
161601,1,1
161610,-13,-13
161611,-13,-13
161620,0,0
161621,2,1
161630,10,11
161631,2,2
161640,-13,-13
161641,1,1
161650,0,1
161651,1,1
161660,1,1
161661,1,1
161670,-11,1
161671,-11,1
161680,0,0
161681,4,11
161690,10,11
161691,2,1
161700,2,2
161701,-13,-13
161710,2,2
161711,1,1
161720,10,10
161721,11,1
161730,2,1
161731,-11,-11
161740,2,1
161741,-11,-11
161750,1,11
161751,1,11
161760,1,1
161761,1,1
161770,1,-11
161771,0,0
161780,2,11
161781,1,1
161790,1,1
161791,-13,-13
161800,-11,-11
161801,0,0
161810,0,0
161811,2,2
161820,-13,-13
161821,-13,1
161830,1,2
161831,1,1
161840,-13,-13
161841,-11,-11
161850,0,10
161851,2,-13
161860,0,0
161861,-13,-13
161870,11,11
161871,10,10
161880,-13,-13
161881,0,0
161890,1,2
161891,11,11
161900,1,11
161901,1,11
161910,10,11
161911,1,1
161920,2,2
161921,-11,-11
161930,10,10
161931,1,1
161940,1,11
161941,0,0
161950,1,1
161951,1,1
161960,11,10
161961,2,11
161970,0,0
161971,-11,-11
161980,11,10
161981,-13,1
161990,1,-333
161991,2,2
162000,-13,-13
162001,1,1
162010,10,11
162011,10,10
162020,-11,-11
162021,0,0
162030,-13,-13
162031,2,2
162040,1,1
162041,10,10
162050,1,1
162051,2,2
162060,-13,-13
162061,10,10
162070,2,2
162071,10,10
162080,10,10
162081,1,1
162090,2,1
162091,10,10
162100,-11,-13
162101,1,1
162110,10,10
162111,2,1
162120,1,1
162121,1,1
162130,-13,-13
162131,1,1
162140,-11,-11
162141,1,1
162150,-13,-13
162151,2,2
162160,-13,-13
162161,2,2
162170,-11,-13
162171,-13,-13
162180,1,1
162181,-11,-11
162190,1,-333
162191,0,1
162200,-11,-11
162201,11,11
162210,-11,-11
162211,11,11
162220,10,10
162221,-13,-13
162230,-13,-13
162231,1,-11
162240,10,10
162241,0,11
162250,1,1
162251,-13,-13
162260,2,11
162261,10,10
162270,2,1
162271,1,0
162280,1,1
162281,0,0
162290,-13,-13
162291,0,1
162300,-13,-13
162301,11,10
162310,0,1
162311,1,1
162320,0,0
162321,0,0
162330,-13,-13
162331,10,10
162340,10,11
162341,1,1
162350,-13,-13
162351,-13,-333
162360,1,1
162361,1,1
162370,1,1
162371,-13,-13
162380,-11,-11
162381,2,1
162390,1,-11
162391,2,1
162400,10,10
162401,2,11
162410,1,1
162411,10,10
162420,0,0
162421,0,0
162430,11,11
162431,-13,-13
162440,10,10
162441,0,0
162450,1,1
162451,0,10
162460,0,0
162461,1,11
162470,-11,-11
162471,1,1
162480,-13,-13
162481,2,1
162490,-11,1
162491,-11,0
162500,10,10
162501,10,10
162510,-13,-13
162511,-11,-11
162520,1,1
162521,2,1
162530,0,1
162531,-13,-13
162540,-11,-11
162541,-13,-13
162550,0,10
162551,0,0
162560,-11,-11
162561,-13,-13
162570,-11,-11
162571,-13,-13
162580,-13,-13
162581,-11,-11
162590,-13,-13
162591,3,2
162600,-11,1
162601,2,1
162610,1,1
162611,10,10
162620,1,2
162621,12,11
162630,-11,-11
162631,-13,-13
162640,-11,-11
162641,-11,-11
162650,-11,-11
162651,0,0
162660,10,11
162661,11,11
162670,2,1
162671,1,1
162680,-13,-13
162681,1,1
162690,-13,-13
162691,0,1
162700,1,1
162701,10,10
162710,-13,-13
162711,0,0
162720,1,1
162721,1,1
162730,-11,-11
162731,10,10
162740,-11,-11
162741,1,1
162750,1,1
162751,10,11
162760,-13,-13
162761,0,0
162770,1,2
162771,-13,-13
162780,-13,-13
162781,0,0
162790,-13,-13
162791,-13,-13
162800,1,1
162801,2,1
162810,1,1
162811,1,10
162820,1,1
162821,2,1
162830,0,0
162831,-13,-13
162840,11,11
162841,-11,-11
162850,1,1
162851,0,0
162860,1,1
162861,0,1
162870,-11,-11
162871,0,0
162880,0,0
162881,-13,-13
162890,1,1
162891,-11,-11
162900,11,11
162901,-11,-11
162910,1,1
162911,2,11
162920,2,2
162921,-11,-11
162930,-13,-13
162931,-13,-13
162940,2,2
162941,-11,-11
162950,1,1
162951,-13,-13
162960,1,1
162961,1,1
162970,1,1
162971,-11,-11
162980,1,1
162981,1,1
162990,10,10
162991,0,0
163000,-11,-11
163001,-11,-11
163010,1,1
163011,1,1
163020,-11,-11
163021,1,2
163030,1,1
163031,1,1
163040,1,1
163041,-11,-11
163050,1,1
163051,2,11
163060,1,1
163061,-13,-13
163070,-11,-11
163071,-13,-13
163080,2,1
163081,-11,-11
163090,10,10
163091,10,10
163100,2,2
163101,0,1
163110,1,1
163111,-13,-13
163120,1,1
163121,-13,-13
163130,10,10
163131,-11,-11
163140,-11,-11
163141,2,1
163150,1,2
163151,-13,-13
163160,-13,-13
163161,-11,-11
163170,1,1
163171,-13,-11
163180,0,0
163181,11,10
163190,-11,-11
163191,2,11
163200,11,11
163201,2,1
163210,-13,-13
163211,1,1
163220,10,10
163221,-11,-11
163230,-13,-13
163231,-11,-11
163240,-11,-11
163241,2,1
163250,2,1
163251,4,2
163260,-11,-11
163261,10,10
163270,-11,-11
163271,1,1
163280,1,1
163281,2,2
163290,1,0
163291,2,0
163300,1,1
163301,-11,-11
163310,-13,-13
163311,2,1
163320,1,1
163321,1,1
163330,-11,-11
163331,1,1
163340,1,10
163341,0,0
163350,1,1
163351,3,11
163360,0,1
163361,-13,-13
163370,10,11
163371,-11,-11
163380,-11,-11
163381,-11,-11
163390,-11,1
163391,-11,-11
163400,-13,-13
163401,2,1
163410,1,1
163411,-11,-11
163420,-11,-11
163421,-13,-13
163430,1,1
163431,-11,-11
163440,-13,-13
163441,1,2
163450,1,1
163451,1,1
163460,-11,-11
163461,-11,-13
163470,0,2
163471,0,1
163480,10,10
163481,1,1
163490,10,10
163491,10,11
163500,1,11
163501,2,2
163510,0,0
163511,-13,-13
163520,1,2
163521,-13,-13
163530,-13,-13
163531,-13,-13
163540,1,1
163541,1,1
163550,-13,-13
163551,0,0
163560,-11,1
163561,0,-11
163570,10,11
163571,1,1
163580,10,10
163581,1,1
163590,2,2
163591,-13,-13
163600,1,-333
163601,2,1
163610,0,0
163611,11,10
163620,1,2
163621,-11,-11
163630,1,1
163631,-11,-11
163640,-11,-11
163641,1,1
163650,-11,-11
163651,0,0
163660,10,11
163661,1,1
163670,1,1
163671,0,0
163680,1,11
163681,-11,-11
163690,1,0
163691,1,11
163700,-13,-13
163701,-11,-11
163710,0,0
163711,0,0
163720,1,1
163721,1,1
163730,2,11
163731,11,11
163740,0,0
163741,-13,-13
163750,0,0
163751,0,0
163760,1,1
163761,-13,-13
163770,2,1
163771,10,11
163780,-13,-13
163781,1,1
163790,10,10
163791,2,1
163800,2,1
163801,2,1
163810,1,1
163811,0,0
163820,-13,-13
163821,0,0
163830,1,1
163831,-11,-11
163840,0,1
163841,10,10
163850,1,1
163851,-11,-13
163860,-13,-13
163861,-11,-11
163870,0,0
163871,-13,-13
163880,2,2
163881,1,1
163890,0,0
163891,1,1
163900,1,1
163901,-11,-11
163910,0,0
163911,-13,0
163920,0,0
163921,-11,-11
163930,-11,-11
163931,-11,-11
163940,0,11
163941,-11,1
163950,1,1
163951,-13,-13
163960,-11,-11
163961,1,10
163970,0,0
163971,1,1
163980,-13,-13
163981,-11,-11
163990,-11,-11
163991,1,1
164000,1,1
164001,1,1
164010,-11,-11
164011,-11,-11
164020,1,1
164021,-11,-11
164030,1,11
164031,-11,-13
164040,1,1
164041,-13,-13
164050,0,0
164051,0,0
164060,0,0
164061,-13,-13
164070,1,1
164071,0,0
164080,-11,-11
164081,10,10
164090,-13,-13
164091,-11,-11
164100,10,10
164101,1,1
164110,1,1
164111,11,11
164120,1,1
164121,-11,-11
164130,2,1
164131,2,2
164140,10,11
164141,0,0
164150,0,0
164151,1,11
164160,-13,-13
164161,-13,-11
164170,-13,-13
164171,-13,-13
164180,-11,-11
164181,0,-13
164190,-13,-13
164191,-11,-11
164200,-11,-11
164201,0,0
164210,-11,-11
164211,1,1
164220,1,2
164221,-13,-13
164230,-11,-11
164231,-13,-13
164240,11,11
164241,-13,-13
164250,-13,-13
164251,10,10
164260,10,10
164261,-13,-11
164270,0,0
164271,-11,-11
164280,2,2
164281,0,-13
164290,-13,-13
164291,1,1
164300,2,11
164301,1,1
164310,11,11
164311,2,2
164320,10,10
164321,-1,10
164330,-11,-11
164331,1,1
164340,-13,-13
164341,10,10
164350,-13,-13
164351,1,1
164360,1,1
164361,-13,-13
164370,-13,-13
164371,0,0
164380,0,0
164381,1,1
164390,11,10
164391,11,11
164400,10,10
164401,1,11
164410,10,10
164411,10,10
164420,-13,1
164421,-11,-11
164430,11,11
164431,-11,-11
164440,-11,-11
164441,-11,1
164450,0,0
164451,1,1
164460,10,11
164461,1,1
164470,2,1
164471,-13,-13
164480,0,0
164481,1,2
164490,1,1
164491,0,0
164500,1,1
164501,2,2
164510,-11,-11
164511,1,1
164520,1,1
164521,-11,-11
164530,-11,-11
164531,-11,0
164540,-11,1
164541,1,1
164550,1,1
164551,-11,-11
164560,10,11
164561,10,10
164570,-11,-11
164571,0,0
164580,-13,-13
164581,0,0
164590,-13,-13
164591,11,10
164600,10,10
164601,10,10
164610,-11,1
164611,2,2
164620,1,1
164621,-13,-13
164630,10,11
164631,-11,-11
164640,-13,-13
164641,1,1
164650,2,2
164651,11,10
164660,3,2
164661,11,11
164670,2,1
164671,-13,-13
164680,1,1
164681,10,10
164690,1,1
164691,1,1
164700,-11,-11
164701,1,1
164710,11,2
164711,1,1
164720,1,1
164721,-11,-11
164730,11,11
164731,-11,-11
164740,0,11
164741,2,2
164750,2,2
164751,-11,-11
164760,1,2
164761,2,1
164770,10,10
164771,2,2
164780,-13,-13
164781,2,1
164790,12,11
164791,1,1
164800,1,1
164801,10,10
164810,-13,-222
164811,2,2
164820,10,10
164821,0,1
164830,1,1
164831,1,1
164840,2,1
164841,1,10
164850,10,10
164851,-13,-13
164860,-13,-13
164861,-13,-13
164870,1,1
164871,-13,-13
164880,-11,-11
164881,0,0
164890,-13,-13
164891,-11,-11
164900,2,2
164901,-13,-13
164910,1,1
164911,10,10
164920,-11,-11
164921,1,1
164930,-11,1
164931,1,1
164940,-11,-11
164941,1,11
164950,1,1
164951,1,10
164960,1,1
164961,11,11
164970,-13,-13
164971,1,1
164980,0,10
164981,1,10
164990,1,1
164991,1,1
165000,1,1
165001,-11,-11
165010,-11,-11
165011,1,1
165020,0,-13
165021,0,0
165030,1,1
165031,1,1
165040,1,1
165041,1,1
165050,1,1
165051,10,10
165060,0,0
165061,3,2
165070,0,0
165071,-11,-11
165080,0,0
165081,-13,-13
165090,-13,-13
165091,10,11
165100,1,1
165101,1,1
165110,-13,-13
165111,10,10
165120,1,1
165121,1,1
165130,1,1
165131,2,2
165140,-11,-11
165141,1,10
165150,-11,-11
165151,0,0
165160,0,0
165161,0,1
165170,-13,-13
165171,-11,-11
165180,2,11
165181,1,1
165190,1,1
165191,1,11
165200,0,0
165201,1,1
165210,2,1
165211,1,1
165220,0,0
165221,10,10
165230,-13,-13
165231,-11,-11
165240,1,1
165241,2,1
165250,-13,-13
165251,-11,-11
165260,0,0
165261,1,10
165270,0,0
165271,3,2
165280,-11,-11
165281,-11,-11
165290,1,1
165291,-11,-11
165300,1,1
165301,1,1
165310,1,1
165311,10,10
165320,1,11
165321,10,11
165330,1,1
165331,1,1
165340,1,1
165341,1,1
165350,10,10
165351,10,10
165360,-13,-13
165361,0,0
165370,11,11
165371,1,1
165380,1,1
165381,2,2
165390,1,1
165391,-11,1
165400,1,1
165401,0,0
165410,-13,-13
165411,2,2
165420,1,2
165421,1,1
165430,2,2
165431,0,0
165440,1,1
165441,10,10
165450,2,2
165451,1,1
165460,-13,-333
165461,-13,-13
165470,-13,-13
165471,12,11
165480,0,0
165481,1,1
165490,-11,-11
165491,2,2
165500,-11,-11
165501,-11,-11
165510,-11,1
165511,0,-13
165520,10,10
165521,0,10
165530,1,1
165531,2,2
165540,-11,-11
165541,1,1
165550,1,1
165551,-11,-333
165560,-13,0
165561,1,0
165570,-11,-11
165571,3,2
165580,-11,-11
165581,10,10
165590,1,1
165591,10,1
165600,-13,-13
165601,1,1
165610,-13,-13
165611,2,11
165620,-11,-11
165621,2,2
165630,1,2
165631,1,1
165640,1,2
165641,10,10
165650,-13,-13
165651,1,1
165660,1,1
165661,1,1
165670,-11,-11
165671,0,10
165680,0,0
165681,-13,-13
165690,-11,-11
165691,0,1
165700,2,2
165701,2,2
165710,0,0
165711,0,0
165720,1,1
165721,-11,-11
165730,0,10
165731,-11,-11
165740,1,1
165741,0,0
165750,11,11
165751,1,1
165760,2,2
165761,-11,-11
165770,10,10
165771,10,0
165780,2,2
165781,-11,-11
165790,0,0
165791,1,1
165800,0,1
165801,2,2
165810,0,0
165811,-11,-11
165820,1,1
165821,-11,-11
165830,0,-13
165831,2,1
165840,0,1
165841,1,1
165850,3,11
165851,-11,-11
165860,1,1
165861,10,10
165870,1,1
165871,1,10
165880,1,0
165881,1,1
165890,-13,0
165891,1,1
165900,2,11
165901,1,1
165910,11,11
165911,-11,-11
165920,1,1
165921,1,10
165930,10,10
165931,-13,-13
165940,1,1
165941,11,10
165950,-13,-13
165951,-11,-11
165960,-13,-13
165961,-11,-11
165970,0,0
165971,-13,-13
165980,1,1
165981,2,1
165990,10,11
165991,11,11
166000,0,0
166001,-13,1
166010,-13,-13
166011,10,10
166020,-11,-333
166021,1,1
166030,2,1
166031,0,0
166040,-11,-11
166041,1,1
166050,-13,-13
166051,0,1
166060,4,11
166061,10,11
166070,1,1
166071,-1,10
166080,3,2
166081,1,1
166090,-11,-11
166091,1,1
166100,0,10
166101,-13,-13
166110,-13,-13
166111,1,1
166120,-13,-13
166121,1,1
166130,-11,-11
166131,0,0
166140,1,1
166141,-11,-13
166150,0,0
166151,0,0
166160,2,2
166161,-13,-13
166170,-13,-13
166171,1,1
166180,-13,-333
166181,0,0
166190,0,0
166191,-13,-13
166200,-11,-11
166201,-11,-11
166210,1,2
166211,1,1
166220,0,-333
166221,1,1
166230,0,11
166231,10,10
166240,1,1
166241,10,10
166250,0,0
166251,1,1
166260,-11,-11
166261,-11,-11
166270,1,1
166271,1,1
166280,-11,-11
166281,0,0
166290,-11,1
166291,0,0
166300,-11,-11
166301,1,1
166310,10,10
166311,1,1
166320,10,10
166321,1,1
166330,-13,-13
166331,0,1
166340,-11,-11
166341,0,1
166350,-11,-11
166351,1,1
166360,-11,-11
166361,-13,-13
166370,1,2
166371,3,11
166380,1,2
166381,0,0
166390,10,10
166391,10,10
166400,-11,-11
166401,1,1
166410,-11,-11
166411,11,11
166420,-13,-13
166421,10,11
166430,-11,-11
166431,1,1
166440,1,1
166441,-11,-11
166450,-11,1
166451,2,2
166460,-13,-13
166461,1,1
166470,1,1
166471,11,11
166480,0,-11
166481,11,11
166490,10,10
166491,-11,-11
166500,10,10
166501,-13,1
166510,-11,-11
166511,2,11
166520,1,11
166521,1,1
166530,-11,-11
166531,0,0
166540,1,1
166541,-13,-333
166550,10,10
166551,1,1
166560,-11,-11
166561,11,11
166570,1,1
166571,0,0
166580,2,2
166581,0,0
166590,-13,-13
166591,-13,-13
166600,-13,-13
166601,0,0
166610,1,2
166611,-13,-13
166620,-11,-11
166621,2,2
166630,2,1
166631,1,1
166640,-13,-13
166641,2,2
166650,-11,-333
166651,-13,-13
166660,1,1
166661,0,0
166670,2,1
166671,0,0
166680,1,0
166681,10,10
166690,0,0
166691,1,1
166700,0,1
166701,1,1
166710,11,10
166711,2,2
166720,-13,-13
166721,-13,-13
166730,1,1
166731,1,0
166740,1,1
166741,0,0
166750,1,1
166751,-11,-11
166760,-11,-11
166761,1,1
166770,-13,0
166771,1,1
166780,1,1
166781,1,1
166790,-11,-11
166791,11,11
166800,2,2
166801,-11,-11
166810,-11,0
166811,2,1
166820,1,1
166821,1,1
166830,11,11
166831,2,2
166840,-11,-222
166841,0,10
166850,-11,-11
166851,1,1
166860,-13,-13
166861,1,1
166870,10,10
166871,1,1
166880,0,0
166881,0,0
166890,2,1
166891,-11,-11
166900,1,2
166901,-11,-11
166910,-11,-11
166911,2,1
166920,-13,-13
166921,-1,11
166930,0,0
166931,-13,-13
166940,0,0
166941,10,10
166950,1,1
166951,1,1
166960,-13,-13
166961,10,11
166970,0,0
166971,-11,-11
166980,10,10
166981,10,10
166990,-11,-11
166991,-11,-11
167000,-11,-11
167001,10,10
167010,1,2
167011,0,-13
167020,1,1
167021,-13,-13
167030,11,10
167031,3,2
167040,-13,-13
167041,1,1
167050,1,1
167051,-11,-11
167060,1,1
167061,-13,-13
167070,10,1
167071,-13,-13
167080,1,0
167081,1,1
167090,2,2
167091,3,11
167100,12,11
167101,-11,-11
167110,-11,-11
167111,0,0
167120,1,1
167121,2,2
167130,2,1
167131,1,1
167140,-13,-13
167141,2,2
167150,10,10
167151,-13,-13
167160,0,0
167161,-11,-11
167170,2,11
167171,10,10
167180,-13,-13
167181,-11,-11
167190,10,1
167191,-13,-13
167200,-11,-11
167201,10,10
167210,1,1
167211,-13,-13
167220,2,2
167221,1,1
167230,3,11
167231,-13,-13
167240,10,11
167241,10,10
167250,1,1
167251,0,0
167260,1,1
167261,-11,-11
167270,4,11
167271,2,1
167280,-13,-13
167281,0,0
167290,-11,1
167291,-11,-11
167300,10,10
167301,2,2
167310,-11,-11
167311,-11,-11
167320,-11,-11
167321,0,1
167330,1,1
167331,-13,-13
167340,1,1
167341,-13,-13
167350,1,11
167351,0,10
167360,1,1
167361,2,11
167370,-11,-11
167371,-13,-13
167380,-13,-13
167381,10,10
167390,1,1
167391,2,-333
167400,-11,-11
167401,-13,-13
167410,10,10
167411,2,1
167420,10,11
167421,10,1
167430,1,2
167431,-13,-13
167440,1,1
167441,1,1
167450,1,-333
167451,2,1
167460,-13,-13
167461,10,10
167470,1,1
167471,-13,0
167480,-13,-13
167481,1,1
167490,-11,-11
167491,10,10
167500,11,10
167501,1,2
167510,0,-333
167511,-11,0
167520,-11,-11
167521,1,1
167530,0,0
167531,1,1
167540,1,11
167541,1,2
167550,0,0
167551,1,1
167560,-11,-11
167561,1,1
167570,11,10
167571,0,1
167580,-13,-13
167581,-13,-13
167590,-13,-13
167591,0,1
167600,10,10
167601,-13,1
167610,1,1
167611,0,0
167620,-11,-11
167621,11,10
167630,2,1
167631,-13,-13
167640,0,-11
167641,-13,-13
167650,11,11
167651,10,10
167660,-11,-11
167661,2,2
167670,-1,10
167671,-13,-13
167680,2,11
167681,0,0
167690,1,1
167691,0,0
167700,0,0
167701,-11,-11
167710,10,10
167711,-11,-11
167720,-11,-11
167721,0,1
167730,-13,-13
167731,1,1
167740,0,0
167741,-11,-11
167750,-11,-11
167751,10,10
167760,1,1
167761,1,1
167770,-11,-11
167771,2,2
167780,2,2
167781,2,2
167790,-13,-13
167791,-11,1
167800,-11,-11
167801,0,0
167810,1,-222
167811,1,1
167820,11,11
167821,1,10
167830,-13,-13
167831,1,1
167840,10,10
167841,0,0
167850,-13,-13
167851,2,2
167860,10,10
167861,0,1
167870,-13,-13
167871,1,1
167880,3,2
167881,0,0
167890,-11,-11
167891,-11,-11
167900,0,1
167901,11,11
167910,2,2
167911,1,1
167920,-13,-13
167921,1,1
167930,-13,-13
167931,-13,-13
167940,2,11
167941,0,0
167950,0,0
167951,-13,-13
167960,-11,-11
167961,1,1
167970,-11,-11
167971,0,1
167980,2,2
167981,1,1
167990,-13,0
167991,-11,-11
168000,-13,-13
168001,-11,1
168010,1,1
168011,-13,-13
168020,-13,-13
168021,-13,-13
168030,10,11
168031,2,2
168040,10,10
168041,1,1
168050,0,1
168051,1,1
168060,11,11
168061,0,0
168070,0,0
168071,-11,-11
168080,2,1
168081,1,1
168090,1,1
168091,1,1
168100,0,0
168101,2,1
168110,1,1
168111,2,2
168120,10,10
168121,1,1
168130,10,10
168131,10,11
168140,1,1
168141,1,1
168150,-13,-13
168151,-11,-11
168160,1,11
168161,-11,-11
168170,0,0
168171,1,1
168180,-13,-13
168181,10,10
168190,0,0
168191,1,2
168200,0,10
168201,1,1
168210,-13,0
168211,1,-11
168220,-13,-11
168221,0,0
168230,1,1
168231,10,10
168240,1,11
168241,2,2
168250,11,10
168251,1,10
168260,1,1
168261,-11,-11
168270,0,1
168271,-11,-11
168280,1,11
168281,1,1
168290,10,11
168291,-11,-11
168300,1,1
168301,1,1
168310,1,1
168311,11,11
168320,-11,-11
168321,-11,-11
168330,11,11
168331,1,1
168340,1,1
168341,10,11
168350,1,10
168351,1,1
168360,0,0
168361,0,1
168370,4,11
168371,2,2
168380,0,0
168381,1,1
168390,2,2
168391,-13,-13
168400,-11,-11
168401,11,10
168410,0,-11
168411,-11,-11
168420,0,0
168421,0,0
168430,0,0
168431,1,1
168440,-13,-13
168441,11,10
168450,10,11
168451,-11,-11
168460,12,11
168461,11,10
168470,1,1
168471,1,1
168480,-11,-11
168481,1,1
168490,1,1
168491,2,2
168500,0,0
168501,11,11
168510,-13,-13
168511,-13,-13
168520,10,10
168521,-11,-11
168530,11,11
168531,-11,-11
168540,1,1
168541,-13,-13
168550,-13,-13
168551,1,1
168560,-11,-11
168561,1,1
168570,10,10
168571,1,2
168580,2,1
168581,1,1
168590,0,0
168591,0,0
168600,2,1
168601,-13,-13
168610,1,1
168611,-11,-11
168620,-11,-11
168621,1,1
168630,-11,-11
168631,-11,-11
168640,2,-333
168641,-11,-333
168650,1,1
168651,3,2
168660,1,1
168661,-11,-11
168670,-13,1
168671,2,2
168680,0,0
168681,-13,-13
168690,-11,-11
168691,-11,-11
168700,1,1
168701,1,1
168710,-13,-13
168711,1,1
168720,11,11
168721,0,0
168730,10,10
168731,-11,-11
168740,1,1
168741,2,2
168750,-13,1
168751,-11,-11
168760,10,10
168761,-11,-11
168770,-11,-11
168771,0,11
168780,0,2
168781,1,1
168790,1,1
168791,-13,-13
168800,-11,-11
168801,-13,-13
168810,1,1
168811,1,2
168820,2,1
168821,0,0
168830,0,1
168831,-13,-13
168840,-11,-11
168841,1,1
168850,0,0
168851,0,0
168860,2,1
168861,0,1
168870,0,0
168871,2,1
168880,-11,-11
168881,1,1
168890,-13,-13
168891,10,10
168900,-13,-13
168901,-13,-13
168910,1,1
168911,-11,-11
168920,-11,-11
168921,2,1
168930,10,10
168931,1,1
168940,2,11
168941,0,0
168950,0,0
168951,11,10
168960,-11,-222
168961,0,10
168970,1,1
168971,1,1
168980,1,10
168981,-11,-11
168990,2,2
168991,0,-11
169000,1,1
169001,1,1
169010,-11,-11
169011,1,1
169020,1,1
169021,3,11
169030,1,1
169031,1,1
169040,11,11
169041,0,1
169050,-11,-11
169051,-13,-13
169060,0,0
169061,1,1
169070,-11,-11
169071,1,1
169080,-13,-13
169081,-11,-11
169090,-11,-11
169091,-11,-11
169100,2,1
169101,-13,-13
169110,0,11
169111,10,10
169120,0,0
169121,-11,-11
169130,2,1
169131,4,2
169140,10,10
169141,-13,-13
169150,1,1
169151,2,-333
169160,2,2
169161,12,11
169170,1,11
169171,-11,-11
169180,1,1
169181,-11,-11
169190,0,0
169191,-13,-13
169200,-11,-11
169201,0,0
169210,-11,-11
169211,-13,-13
169220,1,1
169221,-11,-13
169230,-13,-13
169231,10,10
169240,-11,-11
169241,0,0
169250,10,10
169251,11,10
169260,1,1
169261,1,0
169270,1,1
169271,10,10
169280,-13,-222
169281,1,-222
169290,1,2
169291,2,1
169300,1,1
169301,0,1
169310,-13,-13
169311,1,1
169320,-11,0
169321,1,1
169330,10,10
169331,10,10
169340,1,1
169341,-11,-11
169350,-13,-13
169351,-13,-13
169360,-13,-13
169361,-13,-13
169370,0,1
169371,0,-222
169380,11,1
169381,10,10
169390,11,10
169391,1,1
169400,2,11
169401,10,11
169410,1,1
169411,-11,-11
169420,2,1
169421,-11,-11
169430,1,1
169431,-13,-13
169440,1,1
169441,-13,-13
169450,2,2
169451,2,1
169460,10,10
169461,-13,-13
169470,0,0
169471,1,1
169480,2,1
169481,-11,-11
169490,1,1
169491,3,2
169500,-13,-13
169501,1,1
169510,11,11
169511,0,0
169520,1,1
169521,11,11
169530,2,2
169531,11,11
169540,0,0
169541,0,0
169550,-13,-13
169551,10,10
169560,1,1
169561,-13,-13
169570,1,-13
169571,-13,-13
169580,2,1
169581,0,0
169590,2,2
169591,-11,-11
169600,0,-11
169601,-11,-11
169610,0,0
169611,0,10
169620,1,1
169621,1,1
169630,11,11
169631,-11,-11
169640,-13,-13
169641,0,10
169650,1,1
169651,1,2
169660,1,0
169661,10,10
169670,1,1
169671,-11,-11
169680,0,0
169681,1,1
169690,1,-11
169691,10,1
169700,0,0
169701,2,1
169710,-13,-13
169711,-11,-11
169720,1,1
169721,-11,-11
169730,10,11
169731,1,1
169740,1,1
169741,-13,-13
169750,1,1
169751,1,1
169760,10,10
169761,-13,-13
169770,-13,10
169771,10,1
169780,10,10
169781,10,10
169790,1,1
169791,-11,-11
169800,-13,-13
169801,-13,-13
169810,-13,11
169811,10,-333
169820,1,1
169821,-11,-11
169830,-13,-13
169831,1,1
169840,1,1
169841,2,1
169850,-13,-13
169851,-11,-11
169860,1,1
169861,0,1
169870,0,0
169871,1,1
169880,10,10
169881,10,10
169890,10,10
169891,0,0
169900,-13,-13
169901,1,0
169910,1,1
169911,1,1
169920,0,0
169921,1,1
169930,-13,-13
169931,-13,-13
169940,10,10
169941,10,10
169950,2,1
169951,-11,-11
169960,10,10
169961,-11,-11
169970,1,1
169971,1,2
169980,1,1
169981,12,11
169990,2,1
169991,1,1
170000,1,1
170001,2,1
170010,2,2
170011,1,2
170020,-11,-11
170021,-13,-13
170030,0,10
170031,2,2
170040,-11,-11
170041,2,1
170050,0,10
170051,0,-333
170060,10,10
170061,1,2
170070,-11,-11
170071,-13,-13
170080,2,1
170081,1,2
170090,-13,-13
170091,-11,-333
170100,-13,-13
170101,-11,-11
170110,-13,-13
170111,2,-333
170120,1,1
170121,-11,-11
170130,-11,-11
170131,-11,-11
170140,-11,-11
170141,-11,-11
170150,-11,-11
170151,1,1
170160,0,0
170161,1,1
170170,0,0
170171,-13,-13
170180,2,1
170181,-13,-13
170190,2,2
170191,2,2
170200,-11,-11
170201,1,1
170210,11,11
170211,1,1
170220,1,1
170221,2,1
170230,0,0
170231,2,1
170240,1,2
170241,3,2
170250,2,1
170251,2,11
170260,1,1
170261,0,0
170270,-11,-11
170271,11,11
170280,11,11
170281,-13,-13
170290,1,2
170291,-11,-11
170300,10,10
170301,-13,-13
170310,-11,-11
170311,-13,-13
170320,-13,-13
170321,-11,-11
170330,1,1
170331,11,10
170340,2,2
170341,11,11
170350,1,11
170351,-13,-333
170360,1,1
170361,0,0
170370,0,0
170371,0,0
170380,2,1
170381,-11,-11
170390,-11,-11
170391,-11,-333
170400,10,10
170401,1,1
170410,1,1
170411,10,10
170420,0,0
170421,1,1
170430,-13,-222
170431,-11,-11
170440,1,1
170441,0,0
170450,1,1
170451,0,0
170460,-13,-13
170461,11,11
170470,10,10
170471,0,0
170480,1,1
170481,-13,-13
170490,-11,-11
170491,-13,-13
170500,-13,-13
170501,1,1
170510,1,1
170511,-11,-11
170520,-13,-13
170521,-11,-11
170530,0,0
170531,0,10
170540,-13,-13
170541,1,1
170550,0,0
170551,-13,-11
170560,1,1
170561,-13,-13
170570,-11,-11
170571,1,1
170580,-13,-13
170581,-13,-13
170590,1,1
170591,11,11
170600,10,11
170601,2,1
170610,2,2
170611,0,0
170620,1,2
170621,2,2
170630,1,1
170631,-13,-13
170640,-11,-11
170641,12,11
170650,-13,-13
170651,10,10
170660,10,10
170661,1,1
170670,-13,-13
170671,10,11
170680,-13,-13
170681,-13,-13
170690,0,0
170691,10,10
170700,1,2
170701,1,1
170710,10,10
170711,-13,-13
170720,2,10
170721,1,1
170730,2,1
170731,-13,-13
170740,11,11
170741,11,10
170750,1,1
170751,-11,-11
170760,-11,-11
170761,-11,-11
170770,2,2
170771,11,11
170780,-11,1
170781,0,0
170790,2,2
170791,0,0
170800,1,1
170801,10,10
170810,2,1
170811,-13,-13
170820,-11,-11
170821,0,0
170830,-11,-11
170831,0,0
170840,-11,-11
170841,0,0
170850,-13,-13
170851,10,10
170860,1,1
170861,-11,1
170870,-13,-13
170871,-11,-11
170880,1,1
170881,10,10
170890,0,0
170891,10,10
170900,0,0
170901,-11,-11
170910,-11,-11
170911,10,10
170920,-11,-11
170921,1,1
170930,-11,-11
170931,10,10
170940,0,10
170941,1,2
170950,-11,-11
170951,11,2
170960,-11,-11
170961,-11,-11
170970,0,0
170971,0,0
170980,1,1
170981,1,1
170990,1,1
170991,10,10
171000,1,1
171001,1,1
171010,10,10
171011,0,0
171020,1,0
171021,1,1
171030,10,10
171031,2,1
171040,2,1
171041,2,2
171050,0,10
171051,-11,-11
171060,1,11
171061,1,1
171070,-11,-11
171071,10,10
171080,11,11
171081,-11,-11
171090,1,1
171091,1,1
171100,-13,-13
171101,1,1
171110,0,0
171111,-13,-13
171120,-13,-13
171121,1,1
171130,0,0
171131,-11,-11
171140,-13,-13
171141,1,1
171150,0,0
171151,2,2
171160,-11,-11
171161,-13,-13
171170,1,1
171171,2,2
171180,-13,-13
171181,0,0
171190,-11,-11
171191,10,10
171200,1,1
171201,11,11
171210,1,1
171211,0,0
171220,-11,-11
171221,-13,-13
171230,1,1
171231,-13,-13
171240,10,10
171241,0,2
171250,0,0
171251,-13,-13
171260,1,1
171261,-13,-13
171270,0,0
171271,1,2
171280,0,0
171281,2,2
171290,1,1
171291,1,1
171300,1,1
171301,10,10
171310,12,11
171311,0,0
171320,2,1
171321,1,1
171330,-11,-11
171331,2,2
171340,2,2
171341,2,2
171350,1,1
171351,-11,-11
171360,2,1
171361,-11,-11
171370,1,1
171371,2,1
171380,0,10
171381,10,10
171390,2,11
171391,-11,-11
171400,1,1
171401,0,1
171410,1,1
171411,-13,-13
171420,2,1
171421,-13,-13
171430,0,0
171431,-11,-11
171440,1,1
171441,-13,-13
171450,1,1
171451,1,0
171460,-13,-13
171461,11,11
171470,-13,-13
171471,-13,-13
171480,-13,-13
171481,1,1
171490,1,1
171491,-13,-13
171500,-11,-11
171501,0,0
171510,1,1
171511,1,1
171520,2,1
171521,-13,-13
171530,0,0
171531,-11,1
171540,1,1
171541,0,11
171550,1,1
171551,1,1
171560,-13,-13
171561,11,10
171570,10,10
171571,10,10
171580,-11,-11
171581,2,1
171590,0,1
171591,1,1
171600,1,1
171601,11,11
171610,2,11
171611,2,2
171620,1,1
171621,10,10
171630,1,1
171631,1,1
171640,12,11
171641,-13,-13
171650,1,0
171651,1,1
171660,-11,-11
171661,2,1
171670,-13,-13
171671,1,1
171680,1,1
171681,10,11
171690,2,2
171691,10,10
171700,2,2
171701,2,1
171710,10,10
171711,1,1
171720,1,1
171721,1,1
171730,0,1
171731,1,-11
171740,0,1
171741,1,1
171750,2,2
171751,-11,-11
171760,0,0
171761,0,11
171770,10,10
171771,1,1
171780,1,1
171781,0,0
171790,-13,-13
171791,-11,-11
171800,-13,-13
171801,1,1
171810,0,0
171811,10,10
171820,1,1
171821,-11,-11
171830,-13,-13
171831,-11,-11
171840,1,1
171841,2,2
171850,1,1
171851,1,1
171860,2,1
171861,-11,-11
171870,-13,-13
171871,1,1
171880,-13,-13
171881,1,1
171890,-11,-11
171891,1,1
171900,10,10
171901,1,2
171910,2,2
171911,-11,-11
171920,1,1
171921,0,0
171930,-13,-13
171931,1,1
171940,1,1
171941,-13,-13
171950,12,10
171951,0,0
171960,-13,-13
171961,0,0
171970,11,10
171971,2,2
171980,11,10
171981,-13,-13
171990,11,11
171991,10,10
172000,10,10
172001,1,1
172010,10,10
172011,-11,-11
172020,-11,-11
172021,-13,-13
172030,-11,-11
172031,0,10
172040,1,1
172041,2,1
172050,-11,-11
172051,2,1
172060,1,1
172061,-11,-11
172070,1,1
172071,2,1
172080,10,10
172081,1,1
172090,0,0
172091,-13,-13
172100,-13,-13
172101,-13,-13
172110,-11,1
172111,-13,-222
172120,2,1
172121,-13,-13
172130,-11,-11
172131,-11,-11
172140,0,0
172141,-11,-11
172150,0,-13
172151,2,1
172160,1,1
172161,2,1
172170,-13,-13
172171,-11,-11
172180,1,1
172181,1,11
172190,11,2
172191,11,10
172200,-11,-11
172201,11,10
172210,0,1
172211,2,2
172220,-11,-11
172221,1,1
172230,-13,-333
172231,10,10
172240,2,1
172241,2,2
172250,10,10
172251,-11,-11
172260,-13,-13
172261,1,1
172270,2,2
172271,-11,-11
172280,2,2
172281,0,1
172290,-13,-13
172291,1,1
172300,10,10
172301,0,0
172310,10,10
172311,-11,-11
172320,2,1
172321,1,1
172330,11,11
172331,1,1
172340,-13,-13
172341,-13,-13
172350,-13,-13
172351,0,-11
172360,1,1
172361,-11,-11
172370,1,1
172371,0,0
172380,-13,-13
172381,10,10
172390,10,10
172391,0,0
172400,-11,-11
172401,1,0
172410,-11,-11
172411,-13,-13
172420,-13,-13
172421,-11,-333
172430,0,0
172431,1,1
172440,1,1
172441,11,10
172450,-13,-13
172451,1,1
172460,2,1
172461,1,1
172470,0,0
172471,-11,-11
172480,-13,-13
172481,1,1
172490,-13,-13
172491,1,2
172500,0,0
172501,0,0
172510,0,1
172511,-11,-11
172520,1,1
172521,11,11
172530,0,0
172531,1,1
172540,-13,-13
172541,1,1
172550,-13,-13
172551,11,10
172560,0,1
172561,10,11
172570,1,10
172571,1,1
172580,1,1
172581,1,1
172590,1,1
172591,-13,-13
172600,-11,-11
172601,11,10
172610,1,1
172611,-13,-13
172620,0,10
172621,-11,-11
172630,1,1
172631,11,11
172640,0,0
172641,10,10
172650,10,10
172651,2,11
172660,1,1
172661,-11,1
172670,-11,-11
172671,1,1
172680,-13,-13
172681,11,11
172690,1,1
172691,-13,-13
172700,2,2
172701,0,1
172710,2,2
172711,1,1
172720,-11,-11
172721,10,11
172730,1,1
172731,1,1
172740,10,10
172741,1,1
172750,-11,-11
172751,1,1
172760,-13,-13
172761,1,1
172770,-11,-11
172771,-13,-13
172780,1,2
172781,-11,-11
172790,10,11
172791,1,1
172800,1,1
172801,0,0
172810,10,10
172811,2,2
172820,1,1
172821,0,0
172830,12,11
172831,2,1
172840,-11,-11
172841,2,1
172850,-11,-11
172851,2,2
172860,11,11
172861,-13,-13
172870,-13,-13
172871,1,1
172880,2,1
172881,10,10
172890,1,1
172891,1,1
172900,0,11
172901,-11,-11
172910,1,1
172911,1,1
172920,-13,-13
172921,1,1
172930,10,10
172931,2,2
172940,-13,-13
172941,1,2
172950,1,11
172951,1,1
172960,1,1
172961,2,2
172970,1,1
172971,0,0
172980,-13,-13
172981,-13,-13
172990,2,1
172991,-13,-13
173000,-13,-13
173001,10,11
173010,1,1
173011,1,1
173020,12,10
173021,-11,-11
173030,1,1
173031,0,0
173040,10,10
173041,-13,-13
173050,1,-222
173051,0,1
173060,-11,-11
173061,1,1
173070,10,10
173071,1,1
173080,11,10
173081,-11,-11
173090,-11,-11
173091,-11,-11
173100,1,1
173101,2,1
173110,1,1
173111,-13,-13
173120,-11,-11
173121,-13,-11
173130,1,10
173131,-13,-13
173140,1,1
173141,-11,-11
173150,1,1
173151,10,11
173160,1,1
173161,1,1
173170,-13,-13
173171,10,10
173180,-13,-13
173181,3,11
173190,0,1
173191,2,2
173200,10,10
173201,1,1
173210,-13,-13
173211,-11,-11
173220,10,10
173221,10,10
173230,-11,-11
173231,1,1
173240,-13,1
173241,-11,-11
173250,-11,-333
173251,1,1
173260,1,2
173261,-13,-13
173270,-11,-11
173271,0,0
173280,10,10
173281,-13,-13
173290,-13,-13
173291,1,1
173300,2,2
173301,-11,-11
173310,-13,-13
173311,-13,-13
173320,1,1
173321,1,1
173330,2,2
173331,0,0
173340,0,0
173341,-11,-11
173350,-11,-11
173351,1,1
173360,0,0
173361,1,1
173370,1,1
173371,1,1
173380,10,10
173381,1,1
173390,-11,-11
173391,1,1
173400,1,1
173401,-13,-13
173410,1,1
173411,-13,-13
173420,-13,-333
173421,-13,-13
173430,1,-333
173431,1,1
173440,-13,-13
173441,1,1
173450,-11,-11
173451,-13,-13
173460,0,0
173461,0,0
173470,1,2
173471,1,1
173480,1,1
173481,-11,-11
173490,-13,-13
173491,1,1
173500,1,1
173501,1,0
173510,1,1
173511,1,1
173520,2,1
173521,1,2
173530,-13,-13
173531,11,11
173540,0,0
173541,-13,-13
173550,2,10
173551,-13,-13
173560,1,1
173561,10,11
173570,-13,-13
173571,-13,-13
173580,1,2
173581,1,11
173590,1,1
173591,1,1
173600,1,10
173601,1,1
173610,1,1
173611,0,0
173620,11,10
173621,2,2
173630,-11,1
173631,-11,-11
173640,1,1
173641,2,2
173650,-11,-11
173651,-11,-11
173660,1,1
173661,2,2
173670,2,2
173671,0,0
173680,1,2
173681,0,0
173690,0,1
173691,10,10
173700,2,2
173701,1,1
173710,0,1
173711,-13,-13
173720,-11,-11
173721,-11,-11
173730,-13,-13
173731,1,1
173740,-13,-13
173741,1,1
173750,1,1
173751,0,2
173760,1,1
173761,2,1
173770,0,0
173771,-13,-13
173780,1,1
173781,0,1
173790,10,10
173791,1,11
173800,-13,-13
173801,1,1
173810,1,1
173811,-13,-13
173820,-11,-11
173821,11,10
173830,1,1
173831,1,11
173840,-13,-13
173841,1,0
173850,1,-333
173851,1,1
173860,10,10
173861,1,11
173870,10,10
173871,1,2
173880,1,1
173881,12,11
173890,0,0
173891,-11,-11
173900,1,11
173901,10,10
173910,1,1
173911,-13,-333
173920,2,1
173921,1,1
173930,3,2
173931,0,0
173940,1,1
173941,1,1
173950,2,2
173951,0,0
173960,-13,-13
173961,1,1
173970,1,1
173971,2,1
173980,-13,-13
173981,11,10
173990,11,11
173991,0,0
174000,1,1
174001,3,11
174010,2,2
174011,1,1
174020,0,0
174021,-13,-13
174030,-13,-13
174031,-13,-13
174040,1,1
174041,2,2
174050,2,1
174051,1,1
174060,-13,-13
174061,10,10
174070,10,10
174071,-13,-13
174080,2,1
174081,-11,-11
174090,1,1
174091,10,11
174100,0,0
174101,-11,-11
174110,1,1
174111,1,1
174120,10,10
174121,-11,-11
174130,1,0
174131,-11,-333
174140,10,11
174141,2,1
174150,0,0
174151,-13,-13
174160,10,11
174161,-13,-333
174170,-11,-11
174171,0,0
174180,-11,-11
174181,0,0
174190,-11,-11
174191,0,0
174200,3,2
174201,3,2
174210,-11,-11
174211,1,1
174220,-11,1
174221,2,1
174230,1,1
174231,-11,-11
174240,10,10
174241,1,1
174250,1,2
174251,-11,-11
174260,10,10
174261,11,10
174270,1,1
174271,-11,1
174280,-11,-11
174281,-13,-13
174290,-11,-11
174291,1,1
174300,1,1
174301,0,-13
174310,1,2
174311,1,1
174320,-13,-13
174321,2,2
174330,-11,-11
174331,1,11
174340,1,1
174341,1,1
174350,0,0
174351,1,1
174360,-13,-13
174361,-13,-13
174370,0,11
174371,10,10
174380,1,1
174381,0,-13
174390,2,1
174391,-11,-11
174400,-11,-11
174401,10,11
174410,2,1
174411,-11,-11
174420,-11,-11
174421,0,0
174430,0,0
174431,1,1
174440,1,1
174441,1,1
174450,0,-13
174451,0,0
174460,1,1
174461,0,0
174470,2,2
174471,10,10
174480,0,0
174481,-11,-11
174490,1,1
174491,0,-13
174500,0,0
174501,-13,-13
174510,1,1
174511,10,10
174520,-11,-11
174521,-13,-13
174530,10,1
174531,-11,-11
174540,1,2
174541,1,1
174550,-11,-11
174551,-13,-13
174560,-13,-13
174561,-13,-13
174570,1,1
174571,0,1
174580,1,1
174581,1,1
174590,10,10
174591,1,1
174600,2,2
174601,0,0
174610,10,10
174611,0,0
174620,-11,-11
174621,0,0
174630,-11,-333
174631,2,10
174640,0,0
174641,0,0
174650,1,1
174651,1,1
174660,-11,-11
174661,-11,-11
174670,-11,-11
174671,-11,-11
174680,1,1
174681,11,11
174690,-13,-13
174691,1,10
174700,-11,-11
174701,0,1
174710,2,2
174711,1,1
174720,11,11
174721,1,1
174730,1,1
174731,-13,-13
174740,0,-13
174741,-11,10
174750,-13,-13
174751,0,-13
174760,1,1
174761,0,0
174770,1,1
174771,1,1
174780,-11,-11
174781,-11,-11
174790,1,1
174791,-13,-13
174800,-13,-13
174801,-13,-13
174810,11,10
174811,-13,-13
174820,0,1
174821,-13,-13
174830,1,1
174831,0,0
174840,11,11
174841,0,0
174850,-13,-13
174851,10,11
174860,1,1
174861,0,0
174870,-13,-13
174871,0,0
174880,1,2
174881,10,11
174890,1,1
174891,-11,-11
174900,1,1
174901,0,0
174910,1,1
174911,-11,-11
174920,-13,-13
174921,-11,1
174930,10,10
174931,-13,0
174940,1,11
174941,-13,-13
174950,0,1
174951,1,1
174960,-11,-11
174961,1,1
174970,2,2
174971,-11,-333
174980,11,11
174981,10,10
174990,1,1
174991,0,0
175000,0,0
175001,0,0
175010,2,1
175011,-13,-13
175020,1,2
175021,-13,-13
175030,0,0
175031,-11,-11
175040,0,1
175041,1,1
175050,10,10
175051,-11,2
175060,3,2
175061,-13,-13
175070,11,11
175071,2,11
175080,-13,-13
175081,1,1
175090,1,1
175091,3,2
175100,-11,-11
175101,2,1
175110,0,0
175111,11,11
175120,-11,1
175121,-11,-11
175130,1,1
175131,1,1
175140,0,0
175141,11,11
175150,2,2
175151,11,11
175160,1,1
175161,1,1
175170,-11,-11
175171,1,1
175180,10,10
175181,1,1
175190,10,11
175191,11,11
175200,-13,-13
175201,0,1
175210,-13,-13
175211,-13,-13
175220,-11,-11
175221,1,1
175230,-13,-13
175231,-11,-11
175240,2,10
175241,11,-222
175250,-11,-11
175251,10,10
175260,3,2
175261,2,1
175270,-11,-11
175271,1,1
175280,-11,-11
175281,-11,-11
175290,-11,-11
175291,1,1
175300,1,1
175301,1,1
175310,-11,-11
175311,-13,-13
175320,2,2
175321,11,11
175330,12,10
175331,10,11
175340,1,2
175341,-13,-13
175350,11,10
175351,10,10
175360,-11,1
175361,2,2
175370,2,1
175371,0,1
175380,11,1
175381,-13,-13
175390,2,2
175391,-11,-11
175400,1,1
175401,-11,-11
175410,1,1
175411,2,1
175420,-13,-13
175421,10,10
175430,1,1
175431,-13,-13
175440,-11,-11
175441,1,1
175450,2,2
175451,10,11
175460,-11,-11
175461,0,0
175470,1,-333
175471,-13,-333
175480,2,11
175481,-13,-13
175490,-13,-13
175491,10,10
175500,-13,-13
175501,-13,-13
175510,-13,-13
175511,0,0
175520,2,2
175521,2,2
175530,1,1
175531,-11,1
175540,0,0
175541,1,1
175550,1,2
175551,-13,-13
175560,0,10
175561,11,11
175570,1,1
175571,2,1
175580,1,1
175581,1,1
175590,0,1
175591,1,1
175600,11,11
175601,1,1
175610,1,1
175611,2,2
175620,11,1
175621,1,10
175630,0,10
175631,1,1
175640,-13,-13
175641,-11,-11
175650,3,1
175651,-11,-11
175660,-11,-11
175661,10,10
175670,1,1
175671,-13,-13
175680,-11,-11
175681,-13,-13
175690,0,0
175691,-11,-11
175700,11,11
175701,-11,-11
175710,1,1
175711,-11,-11
175720,1,1
175721,-11,-11
175730,2,1
175731,1,1
175740,1,11
175741,-13,-13
175750,0,1
175751,1,1
175760,1,1
175761,10,10
175770,0,0
175771,2,1
175780,1,1
175781,-11,-11
175790,10,10
175791,-11,-11
175800,1,1
175801,1,1
175810,1,1
175811,2,1
175820,-13,0
175821,1,1
175830,1,1
175831,0,-13
175840,0,-13
175841,-13,-13
175850,-13,-13
175851,-11,-11
175860,1,1
175861,-11,-11
175870,1,0
175871,-11,-11
175880,1,1
175881,-11,-11
175890,0,0
175891,1,1
175900,2,1
175901,1,11
175910,-13,-13
175911,-11,-11
175920,-13,-13
175921,0,0
175930,-13,-13
175931,0,10
175940,1,1
175941,1,10
175950,2,2
175951,10,10
175960,1,1
175961,1,1
175970,2,1
175971,1,1
175980,2,2
175981,-11,-11
175990,1,1
175991,1,1
176000,-13,-13
176001,0,0
176010,10,10
176011,2,11
176020,-11,-11
176021,0,-11
176030,2,2
176031,1,1
176040,2,2
176041,0,0
176050,-11,-11
176051,-11,-11
176060,1,1
176061,-13,-13
176070,-11,-11
176071,1,1
176080,-13,1
176081,1,1
176090,-11,-13
176091,-11,-11
176100,0,0
176101,2,1
176110,0,0
176111,-11,-11
176120,-11,-11
176121,1,1
176130,2,1
176131,-11,-333
176140,-11,-11
176141,1,1
176150,0,0
176151,-11,-11
176160,0,0
176161,10,10
176170,1,1
176171,-11,-11
176180,2,2
176181,2,2
176190,1,2
176191,1,1
176200,-13,-13
176201,0,2
176210,11,11
176211,-13,-13
176220,10,10
176221,1,2
176230,11,11
176231,11,10
176240,-11,-11
176241,-13,-13
176250,1,1
176251,1,1
176260,10,10
176261,2,1
176270,-13,-13
176271,11,11
176280,-11,-11
176281,2,1
176290,1,1
176291,1,1
176300,-13,-13
176301,2,2
176310,-13,-13
176311,-13,-13
176320,1,1
176321,2,2
176330,-11,-11
176331,1,11
176340,-11,-11
176341,-11,-11
176350,-11,-11
176351,-13,-13
176360,2,2
176361,-11,-11
176370,1,-333
176371,-11,-11
176380,-11,-11
176381,0,0
176390,0,0
176391,0,0
176400,10,11
176401,0,2
176410,-11,-11
176411,-11,-11
176420,-13,-13
176421,1,1
176430,11,11
176431,2,2
176440,1,1
176441,-13,-13
176450,10,10
176451,-13,-13
176460,-11,-11
176461,-11,-11
176470,0,0
176471,3,11
176480,-13,-13
176481,-13,-13
176490,-11,-11
176491,-11,-11
176500,0,0
176501,-11,-11
176510,11,11
176511,1,0
176520,1,1
176521,1,1
176530,10,10
176531,0,0
176540,0,0
176541,1,2
176550,-11,-11
176551,-11,-11
176560,1,1
176561,1,1
176570,10,10
176571,-11,-11
176580,-13,-13
176581,-13,-13
176590,-11,-11
176591,-13,-333
176600,1,1
176601,-11,-11
176610,1,1
176611,-13,-13
176620,2,1
176621,2,1
176630,1,1
176631,1,1
176640,10,10
176641,-13,-13
176650,1,1
176651,11,11
176660,1,2
176661,10,11
176670,10,10
176671,10,10
176680,0,10
176681,1,1
176690,0,0
176691,-13,-13
176700,12,11
176701,0,-11
176710,0,10
176711,2,10
176720,11,11
176721,2,11
176730,1,1
176731,2,2
176740,-11,-11
176741,1,1
176750,1,1
176751,1,1
176760,12,11
176761,-13,-13
176770,-13,-13
176771,11,11
176780,-11,-11
176781,0,0
176790,11,11
176791,10,11
176800,1,-333
176801,0,0
176810,0,0
176811,1,1
176820,-11,-11
176821,0,0
176830,-11,-11
176831,1,2
176840,-11,-11
176841,0,0
176850,1,1
176851,0,0
176860,-11,-11
176861,1,11
176870,-11,-11
176871,2,2
176880,11,11
176881,0,0
176890,1,1
176891,-13,-13
176900,1,1
176901,1,1
176910,11,11
176911,10,10
176920,-13,-13
176921,1,1
176930,1,1
176931,-13,-13
176940,1,1
176941,1,1
176950,-13,-13
176951,10,10
176960,-13,-13
176961,0,-13
176970,0,10
176971,1,1
176980,12,11
176981,0,0
176990,0,0
176991,-11,-11
177000,-13,-13
177001,10,11
177010,-11,-11
177011,-11,-11
177020,-13,-13
177021,-13,-13
177030,-11,-11
177031,-13,-13
177040,-13,-13
177041,10,11
177050,-13,-13
177051,0,0
177060,-11,-11
177061,-13,-13
177070,1,1
177071,-11,-11
177080,1,11
177081,10,10
177090,1,1
177091,2,2
177100,11,11
177101,0,0
177110,1,1
177111,11,11
177120,1,1
177121,11,11
177130,1,1
177131,-11,-11
177140,1,1
177141,0,-11
177150,11,10
177151,0,0
177160,1,1
177161,12,11
177170,-11,-11
177171,10,10
177180,1,1
177181,2,1
177190,1,-333
177191,11,1
177200,0,0
177201,10,10
177210,11,11
177211,1,1
177220,-11,-11
177221,1,1
177230,-11,-11
177231,2,1
177240,3,11
177241,10,10
177250,-13,-13
177251,1,1
177260,-11,-11
177261,2,2
177270,1,1
177271,1,0
177280,-11,-11
177281,2,1
177290,1,-11
177291,1,1
177300,2,1
177301,-11,-11
177310,0,0
177311,0,0
177320,-13,-13
177321,-11,-11
177330,1,1
177331,11,11
177340,0,0
177341,0,-11
177350,-13,-13
177351,1,1
177360,10,-333
177361,-13,1
177370,-13,-13
177371,0,0
177380,-13,-13
177381,-13,-13
177390,-11,-11
177391,11,10
177400,1,1
177401,11,10
177410,11,1
177411,11,10
177420,1,1
177421,2,2
177430,11,11
177431,2,1
177440,-13,-13
177441,10,11
177450,-11,-11
177451,1,1
177460,-13,-13
177461,2,1
177470,10,10
177471,10,11
177480,-11,-11
177481,-13,-13
177490,2,2
177491,-11,-11
177500,10,10
177501,1,1
177510,0,-11
177511,11,10
177520,2,2
177521,0,1
177530,1,11
177531,1,1
177540,-13,-13
177541,1,1
177550,1,1
177551,-13,-13
177560,10,10
177561,-13,-13
177570,-13,-13
177571,1,1
177580,1,1
177581,-13,-13
177590,10,10
177591,-13,-13
177600,1,2
177601,1,1
177610,1,1
177611,1,1
177620,-11,-11
177621,1,1
177630,0,0
177631,-13,-13
177640,0,0
177641,0,0
177650,-11,-11
177651,-11,-11
177660,-13,-13
177661,-13,0
177670,1,1
177671,2,1
177680,-11,1
177681,-13,-13
177690,10,10
177691,-11,-11
177700,-13,-13
177701,1,1
177710,-13,-13
177711,11,11
177720,-11,-11
177721,-11,-11
177730,1,1
177731,10,1
177740,-13,-13
177741,1,1
177750,1,1
177751,-11,-11
177760,2,11
177761,2,2
177770,1,1
177771,10,10
177780,0,-13
177781,10,11
177790,10,11
177791,-13,-13
177800,1,1
177801,-13,-13
177810,1,1
177811,12,2
177820,10,10
177821,0,0
177830,10,11
177831,-11,-11
177840,10,10
177841,-13,-13
177850,2,2
177851,-11,-11
177860,1,1
177861,-13,-13
177870,2,10
177871,-11,-11
177880,10,10
177881,0,0
177890,1,1
177891,2,2
177900,1,1
177901,-13,-13
177910,10,10
177911,1,0
177920,-13,-13
177921,1,1
177930,-13,-13
177931,1,11
177940,1,1
177941,-13,-13
177950,11,11
177951,-13,-13
177960,1,1
177961,0,11
177970,1,1
177971,-11,-11
177980,1,1
177981,10,10
177990,1,1
177991,2,2
178000,1,0
178001,1,1
178010,1,11
178011,1,2
178020,-13,-13
178021,-13,-13
178030,-13,-13
178031,-11,-11
178040,11,1
178041,-11,-11
178050,-13,-13
178051,-13,-13
178060,1,1
178061,1,1
178070,10,10
178071,-13,-13
178080,2,2
178081,-13,-13
178090,-13,-13
178091,1,1
178100,-11,-11
178101,1,1
178110,-13,-13
178111,-11,1
178120,1,1
178121,2,10
178130,-11,-11
178131,1,0
178140,0,0
178141,2,2
178150,0,0
178151,1,1
178160,-11,-11
178161,2,2
178170,10,10
178171,1,1
178180,-11,-333
178181,-13,-13
178190,1,2
178191,-11,-11
178200,0,0
178201,0,0
178210,-13,-13
178211,10,10
178220,-11,-11
178221,2,2
178230,-11,-11
178231,1,2
178240,-11,-11
178241,1,1
178250,1,0
178251,1,1
178260,0,1
178261,2,1
178270,2,2
178271,0,0
178280,-11,-11
178281,-13,-13
178290,12,11
178291,11,11
178300,2,1
178301,2,2
178310,-13,-13
178311,1,2
178320,1,1
178321,1,1
178330,-13,-13
178331,-13,-13
178340,2,11
178341,11,11
178350,10,10
178351,-11,-11
178360,-11,-11
178361,2,11
178370,-13,-13
178371,10,1
178380,-13,-13
178381,-11,-11
178390,2,2
178391,0,0
178400,-11,-11
178401,-11,-11
178410,0,0
178411,2,11
178420,1,1
178421,10,10
178430,1,1
178431,0,0
178440,-13,-11
178441,1,-333
178450,1,1
178451,10,11
178460,10,10
178461,10,10
178470,2,2
178471,1,1
178480,2,1
178481,-13,-13
178490,-11,-11
178491,2,2
178500,-11,-11
178501,10,10
178510,-13,-13
178511,-11,1
178520,0,0
178521,1,1
178530,-11,1
178531,0,-13
178540,10,10
178541,3,2
178550,-11,-11
178551,-13,-13
178560,1,1
178561,-11,-11
178570,-11,-11
178571,2,2
178580,11,10
178581,-11,-11
178590,1,1
178591,-11,-11
178600,2,2
178601,11,11
178610,2,11
178611,-11,-11
178620,10,10
178621,1,1
178630,0,0
178631,-11,-11
178640,0,0
178641,0,0
178650,-11,-11
178651,0,11
178660,0,0
178661,1,1
178670,-11,-333
178671,0,0
178680,0,0
178681,-13,-13
178690,-11,-11
178691,0,0
178700,0,0
178701,1,1
178710,0,0
178711,-13,-13
178720,-13,-13
178721,2,2
178730,-11,-11
178731,-11,-11
178740,-11,1
178741,11,11
178750,-11,-11
178751,0,1
178760,1,1
178761,-11,-11
178770,2,11
178771,-13,-13
178780,2,1
178781,2,2
178790,-11,-11
178791,10,10
178800,-13,-13
178801,-11,-11
178810,1,1
178811,0,1
178820,0,1
178821,0,0
178830,-11,-13
178831,0,1
178840,-11,-11
178841,2,2
178850,0,0
178851,0,1
178860,1,-333
178861,-13,-13
178870,1,1
178871,10,10
178880,2,1
178881,1,10
178890,0,0
178891,1,0
178900,1,2
178901,10,10
178910,1,1
178911,-11,-11
178920,11,11
178921,-11,1
178930,10,10
178931,2,1
178940,1,1
178941,0,0
178950,-13,-13
178951,10,10
178960,-11,-11
178961,10,10
178970,-11,-11
178971,1,1
178980,-13,-13
178981,-13,-333
178990,1,1
178991,0,0
179000,3,2
179001,1,1
179010,-11,1
179011,1,-11
179020,-13,-13
179021,-13,-13
179030,1,1
179031,-13,-13
179040,0,0
179041,0,0
179050,11,10
179051,1,1
179060,2,1
179061,1,10
179070,-11,-11
179071,-11,-11
179080,2,2
179081,1,1
179090,-11,-11
179091,-13,0
179100,11,1
179101,-13,-13
179110,1,1
179111,10,10
179120,11,10
179121,-11,-11
179130,1,1
179131,0,0
179140,1,1
179141,-13,-13
179150,0,0
179151,1,1
179160,1,1
179161,-11,-11
179170,-11,-11
179171,0,0
179180,-13,-13
179181,2,2
179190,-11,1
179191,10,10
179200,10,10
179201,3,2
179210,1,1
179211,3,2
179220,10,11
179221,-11,-11
179230,-13,-13
179231,1,1
179240,-11,-11
179241,-13,-13
179250,0,0
179251,-13,-13
179260,-11,-11
179261,-13,-13
179270,0,0
179271,-13,-13
179280,-11,-11
179281,1,1
179290,-11,-11
179291,1,1
179300,0,0
179301,2,11
179310,-13,-13
179311,-13,-13
179320,-13,-13
179321,1,2
179330,1,1
179331,-13,-13
179340,0,0
179341,10,10
179350,0,1
179351,0,0
179360,1,2
179361,10,11
179370,1,1
179371,1,1
179380,10,11
179381,-11,-11
179390,-11,-11
179391,1,1
179400,1,1
179401,1,1
179410,-11,-11
179411,-11,-11
179420,-13,-13
179421,-11,-11
179430,-13,-13
179431,-13,-13
179440,1,1
179441,1,1
179450,1,1
179451,2,1
179460,2,1
179461,11,10
179470,1,1
179471,1,2
179480,2,11
179481,1,1
179490,10,11
179491,1,1
179500,11,11
179501,1,1
179510,0,0
179511,1,1
179520,0,0
179521,-13,-13
179530,-11,-11
179531,-13,-13
179540,1,1
179541,-11,-11
179550,1,1
179551,1,1
179560,1,1
179561,-13,-13
179570,0,0
179571,-13,0
179580,-13,-13
179581,-13,-13
179590,-13,-13
179591,1,1
179600,-13,-13
179601,0,0
179610,10,10
179611,11,11
179620,1,1
179621,2,1
179630,1,1
179631,1,1
179640,0,-13
179641,2,1
179650,-13,-13
179651,1,1
179660,0,1
179661,10,10
179670,-13,-13
179671,10,11
179680,10,10
179681,12,11
179690,10,10
179691,11,11
179700,1,1
179701,10,10
179710,-11,-11
179711,-11,-11
179720,1,1
179721,0,1
179730,10,10
179731,10,10
179740,-11,-11
179741,10,10
179750,0,0
179751,-11,-11
179760,0,1
179761,1,2
179770,1,1
179771,2,2
179780,1,1
179781,1,1
179790,2,11
179791,-11,-11
179800,-11,-11
179801,1,1
179810,-13,-13
179811,10,10
179820,1,1
179821,-13,-11
179830,10,11
179831,-13,-13
179840,-11,-11
179841,2,2
179850,0,0
179851,1,1
179860,1,-11
179861,-11,-333
179870,10,10
179871,-13,-13
179880,1,1
179881,1,1
179890,1,1
179891,-11,-11
179900,-13,-13
179901,1,1
179910,11,11
179911,-13,-13
179920,-11,-11
179921,-13,-13
179930,1,2
179931,1,1
179940,-11,-11
179941,1,1
179950,10,10
179951,-11,-11
179960,0,0
179961,-11,-11
179970,11,1
179971,-11,-11
179980,-11,-11
179981,-13,-13
179990,-11,-11
179991,0,0
180000,-13,-13
180001,-11,-11
180010,-13,-13
180011,10,11
180020,10,10
180021,11,10
180030,1,1
180031,1,1
180040,10,10
180041,1,1
180050,-13,-13
180051,1,1
180060,-11,-11
180061,-13,-13
180070,10,10
180071,0,0
180080,-13,-13
180081,0,0
180090,10,10
180091,0,0
180100,-11,-11
180101,2,11
180110,10,10
180111,0,0
180120,0,0
180121,0,-11
180130,10,10
180131,-13,-13
180140,1,1
180141,1,1
180150,0,11
180151,10,10
180160,0,0
180161,11,10
180170,-11,1
180171,-13,-13
180180,-13,-13
180181,1,1
180190,1,2
180191,10,10
180200,1,1
180201,-13,-13
180210,1,1
180211,-11,-11
180220,1,1
180221,0,0
180230,0,0
180231,-13,-13
180240,10,10
180241,-13,-13
180250,-11,-11
180251,-13,-13
180260,-13,-13
180261,1,1
180270,1,1
180271,1,1
180280,-11,-11
180281,1,1
180290,1,1
180291,-13,-13
180300,-13,-13
180301,10,10
180310,2,1
180311,2,1
180320,-13,-13
180321,1,1
180330,0,0
180331,1,1
180340,-13,-13
180341,-11,-11
180350,2,11
180351,2,2
180360,-13,-13
180361,2,1
180370,1,1
180371,1,1
180380,4,11
180381,0,0
180390,1,1
180391,10,10
180400,0,0
180401,1,2
180410,0,1
180411,0,0
180420,1,1
180421,0,-13
180430,1,10
180431,-13,-13
180440,0,1
180441,-11,-11
180450,0,11
180451,0,0
180460,1,1
180461,1,1
180470,1,1
180471,-13,-13
180480,10,10
180481,2,2
180490,1,1
180491,-11,-11
180500,-13,-13
180501,-11,-11
180510,0,0
180511,-13,-13
180520,1,1
180521,-11,-11
180530,0,0
180531,1,1
180540,1,1
180541,-11,-11
180550,2,1
180551,2,2
180560,2,2
180561,3,2
180570,10,10
180571,-11,-11
180580,11,11
180581,2,1
180590,3,2
180591,-13,-13
180600,2,2
180601,1,1
180610,-11,-11
180611,-11,-11
180620,-11,-11
180621,-11,-11
180630,10,10
180631,2,1
180640,-13,-13
180641,-11,-11
180650,-13,-11
180651,0,0
180660,1,2
180661,1,1
180670,10,10
180671,10,10
180680,1,1
180681,2,11
180690,-11,-11
180691,-11,-11
180700,1,1
180701,0,0
180710,-13,-13
180711,0,0
180720,2,2
180721,-11,-11
180730,-11,-11
180731,-13,-13
180740,11,11
180741,1,1
180750,-13,-13
180751,-11,-11
180760,-13,-13
180761,11,11
180770,10,11
180771,-11,-11
180780,-11,-11
180781,-11,-11
180790,0,0
180791,-13,-13
180800,-11,-11
180801,-11,-11
180810,1,1
180811,10,10
180820,1,10
180821,-11,-333
180830,-13,-13
180831,2,1
180840,-13,-13
180841,1,11
180850,1,1
180851,-11,-11
180860,-13,-13
180861,0,-11
180870,-11,-11
180871,1,1
180880,-11,-11
180881,10,10
180890,-13,-13
180891,0,0
180900,10,11
180901,-11,-11
180910,3,2
180911,2,11
180920,1,1
180921,10,10
180930,-13,-13
180931,1,1
180940,-13,-13
180941,-11,-11
180950,-11,-11
180951,-11,-11
180960,2,1
180961,-13,-13
180970,0,0
180971,1,2
180980,-11,-11
180981,10,10
180990,10,1
180991,1,1
181000,0,0
181001,11,10
181010,1,1
181011,0,0
181020,2,1
181021,11,11
181030,1,1
181031,1,1
181040,0,10
181041,0,0
181050,2,2
181051,2,1
181060,1,1
181061,-11,1
181070,1,1
181071,1,10
181080,-11,-11
181081,-11,-11
181090,10,10
181091,1,1
181100,-11,-11
181101,3,11
181110,-13,-13
181111,-11,-11
181120,2,11
181121,10,10
181130,-13,-333
181131,-11,-11
181140,1,1
181141,0,0
181150,0,0
181151,2,1
181160,1,1
181161,-13,-13
181170,0,0
181171,2,1
181180,0,0
181181,0,1
181190,-11,-11
181191,1,1
181200,-11,-11
181201,0,0
181210,1,1
181211,0,0
181220,1,1
181221,-11,1
181230,1,11
181231,-11,-11
181240,-11,-11
181241,-13,-13
181250,10,10
181251,0,2
181260,10,11
181261,1,1
181270,11,10
181271,1,1
181280,-13,-13
181281,0,1
181290,2,1
181291,11,11
181300,10,10
181301,-11,-11
181310,10,10
181311,1,1
181320,2,1
181321,-11,-11
181330,-13,-13
181331,10,11
181340,1,1
181341,-13,-13
181350,1,1
181351,2,2
181360,-13,-13
181361,1,1
181370,1,1
181371,-1,10
181380,-11,-11
181381,1,1
181390,-11,-11
181391,-13,-13
181400,1,1
181401,2,11
181410,1,1
181411,-11,-11
181420,10,10
181421,10,10
181430,-11,-11
181431,1,1
181440,1,1
181441,-13,1
181450,2,2
181451,11,10
181460,1,1
181461,10,10
181470,1,11
181471,-11,-11
181480,-11,-11
181481,-13,-13
181490,1,1
181491,1,1
181500,0,0
181501,10,10
181510,2,2
181511,0,0
181520,-13,-13
181521,1,11
181530,2,10
181531,1,1
181540,-13,-13
181541,1,1
181550,2,2
181551,-11,-11
181560,0,0
181561,-11,-11
181570,1,1
181571,1,1
181580,0,0
181581,3,1
181590,-13,-13
181591,1,1
181600,1,1
181601,-11,-11
181610,10,10
181611,1,1
181620,-11,-11
181621,-13,-13
181630,3,2
181631,1,1
181640,1,1
181641,2,1
181650,0,1
181651,-11,-11
181660,1,1
181661,-13,-13
181670,-11,-11
181671,1,1
181680,1,1
181681,-11,-11
181690,1,1
181691,-13,-13
181700,-11,-11
181701,1,1
181710,-13,-13
181711,-13,-13
181720,-11,1
181721,1,1
181730,0,0
181731,-13,-333
181740,2,1
181741,1,1
181750,-13,-13
181751,11,11
181760,2,11
181761,1,1
181770,-11,-11
181771,10,10
181780,-13,-13
181781,-13,-13
181790,11,11
181791,-13,-13
181800,2,1
181801,-11,-11
181810,-11,-11
181811,1,11
181820,-13,-13
181821,1,2
181830,-11,1
181831,-11,-11
181840,0,1
181841,1,1
181850,-13,-13
181851,11,11
181860,-11,-11
181861,-11,-11
181870,1,1
181871,1,2
181880,-11,-11
181881,0,0
181890,-11,-11
181891,11,11
181900,-11,-11
181901,-11,-13
181910,10,10
181911,2,1
181920,-13,-13
181921,0,0
181930,10,10
181931,-13,-13
181940,-13,-13
181941,1,1
181950,0,1
181951,-11,-11
181960,-11,0
181961,-13,-13
181970,1,2
181971,-13,-13
181980,1,1
181981,1,1
181990,-11,-11
181991,12,11
182000,1,1
182001,1,1
182010,0,1
182011,-11,-11
182020,2,1
182021,-13,1
182030,11,11
182031,-13,-13
182040,-11,-11
182041,0,0
182050,2,2
182051,-13,-13
182060,-13,-13
182061,1,1
182070,-13,-13
182071,0,0
182080,0,0
182081,-11,-11
182090,1,1
182091,1,1
182100,10,10
182101,11,11
182110,10,10
182111,10,10
182120,1,1
182121,10,10
182130,-11,-11
182131,10,10
182140,2,1
182141,1,1
182150,2,2
182151,-13,-13
182160,1,0
182161,-13,-13
182170,-13,-13
182171,-11,-11
182180,2,1
182181,10,10
182190,1,1
182191,1,1
182200,-13,-13
182201,2,2
182210,-11,-11
182211,3,11
182220,1,1
182221,0,0
182230,-11,-11
182231,-11,-11
182240,2,-333
182241,10,10
182250,10,10
182251,-13,-13
182260,0,0
182261,10,10
182270,1,1
182271,10,10
182280,-11,-13
182281,10,10
182290,3,2
182291,-11,-11
182300,-13,-13
182301,1,2
182310,2,2
182311,0,0
182320,2,2
182321,0,0
182330,-11,-11
182331,1,1
182340,-11,-11
182341,1,1
182350,-13,1
182351,-11,-11
182360,0,0
182361,-11,-11
182370,2,2
182371,0,0
182380,2,2
182381,-11,-11
182390,11,11
182391,0,0
182400,-11,-11
182401,2,2
182410,-11,-11
182411,0,1
182420,0,0
182421,-13,-13
182430,-13,-13
182431,-11,-11
182440,0,0
182441,2,2
182450,1,1
182451,-13,-13
182460,0,10
182461,2,2
182470,0,0
182471,11,11
182480,1,1
182481,0,0
182490,-13,-13
182491,1,1
182500,-13,-13
182501,2,2
182510,-13,-13
182511,2,2
182520,10,10
182521,10,10
182530,0,0
182531,-11,-11
182540,1,1
182541,-13,-13
182550,2,1
182551,10,10
182560,2,1
182561,-13,-13
182570,-13,-13
182571,10,10
182580,0,0
182581,1,1
182590,-11,-11
182591,-13,-13
182600,-13,-13
182601,3,2
182610,1,1
182611,2,11
182620,2,2
182621,2,2
182630,11,11
182631,-11,-11
182640,1,1
182641,2,2
182650,-11,-11
182651,1,1
182660,10,10
182661,10,10
182670,11,-333
182671,0,0
182680,1,1
182681,-13,-13
182690,1,1
182691,11,11
182700,3,11
182701,0,1
182710,0,0
182711,1,1
182720,1,2
182721,-13,-13
182730,1,11
182731,10,11
182740,1,1
182741,1,1
182750,1,1
182751,-13,-13
182760,1,1
182761,2,2
182770,-11,1
182771,1,1
182780,1,1
182781,-11,-11
182790,1,1
182791,1,11
182800,-13,-13
182801,10,10
182810,-13,-13
182811,-13,-13
182820,0,1
182821,1,1
182830,-13,-13
182831,10,11
182840,1,2
182841,-11,-11
182850,-13,-13
182851,1,1
182860,1,1
182861,11,11
182870,-11,-11
182871,1,11
182880,1,-333
182881,1,10
182890,1,1
182891,-13,-13
182900,2,11
182901,-11,-11
182910,0,0
182911,3,2
182920,1,1
182921,2,1
182930,-13,11
182931,11,11
182940,-13,-13
182941,-11,-11
182950,-13,-13
182951,1,1
182960,0,0
182961,0,1
182970,-13,-13
182971,-13,-13
182980,-13,-13
182981,1,1
182990,1,1
182991,1,1
183000,1,0
183001,1,1
183010,-11,-11
183011,10,10
183020,-13,-13
183021,2,2
183030,1,1
183031,-13,-13
183040,1,1
183041,1,1
183050,-11,-11
183051,10,10
183060,10,10
183061,10,1
183070,0,1
183071,-13,1
183080,10,10
183081,-13,-13
183090,0,0
183091,-11,-11
183100,1,1
183101,1,1
183110,0,0
183111,1,10
183120,10,10
183121,10,10
183130,11,10
183131,1,1
183140,1,1
183141,2,2
183150,0,-11
183151,0,0
183160,-11,-11
183161,1,11
183170,1,1
183171,0,0
183180,10,10
183181,0,0
183190,11,11
183191,1,1
183200,0,0
183201,-13,-13
183210,1,1
183211,-13,-13
183220,10,11
183221,-13,-13
183230,10,10
183231,0,0
183240,1,1
183241,0,1
183250,2,-333
183251,1,1
183260,1,1
183261,0,0
183270,-13,-13
183271,-11,-11
183280,1,1
183281,-13,-13
183290,1,1
183291,-11,-11
183300,2,1
183301,-11,-11
183310,2,2
183311,-13,-13
183320,0,0
183321,-13,-13
183330,-11,-11
183331,-11,-11
183340,2,2
183341,-13,-13
183350,10,10
183351,11,11
183360,1,1
183361,-13,-13
183370,10,10
183371,1,1
183380,0,0
183381,2,2
183390,10,10
183391,-13,-13
183400,-11,-333
183401,-13,-13
183410,-11,1
183411,10,10
183420,-11,-11
183421,1,-11
183430,-13,-13
183431,1,1
183440,1,1
183441,1,1
183450,1,1
183451,1,1
183460,-13,-13
183461,-11,-11
183470,1,1
183471,-13,-13
183480,-13,-13
183481,10,10
183490,0,-11
183491,-13,-13
183500,1,1
183501,10,10
183510,10,10
183511,1,1
183520,1,10
183521,-11,-11
183530,1,1
183531,1,2
183540,1,1
183541,-11,-11
183550,1,1
183551,1,1
183560,1,1
183561,2,1
183570,-13,-13
183571,0,10
183580,-13,-13
183581,10,10
183590,1,1
183591,10,10
183600,-11,1
183601,1,1
183610,0,0
183611,1,1
183620,1,1
183621,1,1
183630,-11,-11
183631,1,1
183640,-13,-13
183641,2,2
183650,2,1
183651,3,2
183660,10,10
183661,-11,-11
183670,1,1
183671,-11,-11
183680,11,11
183681,0,1
183690,-13,-13
183691,10,10
183700,-11,-11
183701,1,1
183710,0,0
183711,-11,-11
183720,1,1
183721,-13,-13
183730,-13,-13
183731,-13,-13
183740,3,2
183741,1,1
183750,1,1
183751,-11,-11
183760,-13,-13
183761,1,1
183770,10,10
183771,2,2
183780,1,1
183781,1,1
183790,1,1
183791,11,10
183800,1,-11
183801,2,-333
183810,2,2
183811,1,1
183820,2,2
183821,-11,-11
183830,-13,-13
183831,-11,-11
183840,1,1
183841,-13,0
183850,-11,-13
183851,1,1
183860,-13,-13
183861,0,0
183870,10,10
183871,-11,-11
183880,2,1
183881,1,10
183890,10,10
183891,-11,-11
183900,2,11
183901,1,1
183910,1,1
183911,0,0
183920,-13,-13
183921,-13,-13
183930,10,10
183931,3,11
183940,2,1
183941,-11,-11
183950,2,11
183951,-11,-11
183960,1,11
183961,10,2
183970,1,1
183971,-13,-13
183980,12,11
183981,12,11
183990,0,0
183991,2,1
184000,12,11
184001,-11,-11
184010,-11,-11
184011,0,1
184020,-11,-11
184021,1,2
184030,1,1
184031,11,11
184040,2,11
184041,-13,-13
184050,3,11
184051,1,1
184060,-13,-13
184061,-13,-13
184070,-11,-11
184071,-13,-13
184080,10,10
184081,1,1
184090,2,1
184091,1,0
184100,2,2
184101,1,1
184110,0,0
184111,1,1
184120,1,1
184121,-11,1
184130,2,1
184131,1,1
184140,2,1
184141,1,-333
184150,-13,-13
184151,2,1
184160,1,1
184161,-13,-13
184170,10,11
184171,12,11
184180,1,10
184181,1,1
184190,-11,-11
184191,0,0
184200,-11,-11
184201,1,1
184210,-13,-13
184211,-11,-11
184220,1,1
184221,11,10
184230,1,1
184231,11,10
184240,1,1
184241,1,1
184250,0,0
184251,1,1
184260,1,1
184261,10,10
184270,2,11
184271,-13,-13
184280,-13,-13
184281,10,10
184290,-13,-13
184291,1,10
184300,10,10
184301,0,0
184310,1,1
184311,2,2
184320,0,0
184321,1,1
184330,1,1
184331,1,11
184340,11,10
184341,11,11
184350,12,11
184351,10,10
184360,11,11
184361,1,1
184370,-11,1
184371,0,0
184380,-13,-13
184381,1,1
184390,-13,-13
184391,11,11
184400,-11,-11
184401,11,10
184410,0,-13
184411,2,11
184420,1,1
184421,1,1
184430,1,1
184431,-11,-11
184440,1,2
184441,1,1
184450,1,1
184451,10,11
184460,-13,-13
184461,-13,-13
184470,1,1
184471,10,10
184480,-13,-13
184481,0,0
184490,-11,-11
184491,0,0
184500,0,0
184501,11,11
184510,-11,-11
184511,2,2
184520,-11,-11
184521,-13,-13
184530,1,1
184531,-11,-11
184540,2,2
184541,1,1
184550,-13,-13
184551,1,1
184560,10,10
184561,1,1
184570,-13,0
184571,3,2
184580,1,1
184581,12,11
184590,-11,-11
184591,1,1
184600,1,2
184601,0,10
184610,11,11
184611,2,1
184620,2,2
184621,-11,-11
184630,-13,-13
184631,-13,-13
184640,0,11
184641,2,11
184650,11,11
184651,-11,-11
184660,1,11
184661,10,1
184670,11,11
184671,1,1
184680,10,10
184681,1,10
184690,-11,-11
184691,0,0
184700,0,11
184701,1,1
184710,1,1
184711,-11,-11
184720,1,1
184721,1,1
184730,-11,-11
184731,0,0
184740,2,1
184741,-11,-11
184750,0,0
184751,1,1
184760,-13,-13
184761,-11,-11
184770,-13,-13
184771,0,0
184780,0,0
184781,1,1
184790,1,1
184791,1,1
184800,1,1
184801,10,10
184810,2,2
184811,-13,-13
184820,0,0
184821,2,2
184830,10,10
184831,10,10
184840,-11,-11
184841,1,1
184850,-13,-13
184851,-11,-11
184860,10,10
184861,-11,-11
184870,-13,-13
184871,1,1
184880,1,1
184881,2,2
184890,1,1
184891,-11,-11
184900,-11,-11
184901,1,1
184910,2,2
184911,-11,-11
184920,11,11
184921,12,11
184930,2,2
184931,-11,-11
184940,1,1
184941,0,0
184950,10,10
184951,10,10
184960,1,1
184961,0,0
184970,-11,-11
184971,1,1
184980,11,10
184981,-13,-13
184990,10,10
184991,0,0
185000,1,1
185001,1,1
185010,-13,-13
185011,-11,-11
185020,2,2
185021,-11,1
185030,2,1
185031,1,1
185040,10,10
185041,-13,-13
185050,11,11
185051,-13,-13
185060,1,1
185061,1,1
185070,-13,-13
185071,-11,-11
185080,1,1
185081,1,1
185090,2,2
185091,1,1
185100,11,10
185101,-11,-11
185110,-13,-13
185111,0,-13
185120,-11,-11
185121,2,2
185130,2,0
185131,-13,-13
185140,1,1
185141,0,1
185150,-13,-13
185151,10,11
185160,-13,-13
185161,11,11
185170,2,1
185171,-11,-11
185180,-13,10
185181,10,0
185190,1,1
185191,10,10
185200,0,-13
185201,1,1
185210,0,0
185211,-13,-13
185220,2,2
185221,3,2
185230,-13,-13
185231,1,2
185240,0,1
185241,1,1
185250,1,1
185251,2,1
185260,11,10
185261,-13,-13
185270,-13,-13
185271,-13,-13
185280,0,1
185281,1,1
185290,1,0
185291,2,1
185300,1,2
185301,-13,-13
185310,-11,-11
185311,1,2
185320,10,10
185321,-11,0
185330,0,0
185331,11,11
185340,1,1
185341,1,1
185350,10,10
185351,1,1
185360,0,10
185361,-13,-13
185370,1,11
185371,1,1
185380,0,0
185381,-13,-13
185390,11,11
185391,-13,-13
185400,-11,-11
185401,2,2
185410,1,1
185411,10,10
185420,-13,-13
185421,1,1
185430,-13,-13
185431,-13,-13
185440,1,10
185441,1,1
185450,0,0
185451,11,10
185460,10,11
185461,1,1
185470,0,0
185471,1,1
185480,1,1
185481,1,1
185490,1,1
185491,1,0
185500,-13,1
185501,0,0
185510,1,1
185511,2,2
185520,-13,-13
185521,1,1
185530,10,10
185531,1,1
185540,11,11
185541,10,10
185550,1,1
185551,-13,-13
185560,0,0
185561,2,2
185570,2,1
185571,-13,-13
185580,-13,0
185581,1,2
185590,0,0
185591,10,0
185600,-13,-13
185601,2,1
185610,10,10
185611,1,1
185620,-11,-11
185621,1,1
185630,0,0
185631,-13,-13
185640,2,2
185641,-11,-11
185650,1,1
185651,-11,-11
185660,2,2
185661,2,1
185670,0,0
185671,1,1
185680,1,10
185681,0,0
185690,-13,-13
185691,-11,1
185700,-13,-13
185701,-11,-11
185710,2,1
185711,-11,-11
185720,0,0
185721,0,1
185730,-13,-13
185731,10,10
185740,0,0
185741,-13,-13
185750,10,10
185751,1,1
185760,10,11
185761,10,10
185770,1,1
185771,-13,-13
185780,-13,-13
185781,1,11
185790,-13,-13
185791,1,1
185800,-13,-13
185801,10,10
185810,0,10
185811,-13,-13
185820,-11,-333
185821,-13,-13
185830,-11,-11
185831,3,2
185840,2,1
185841,-13,-13
185850,0,0
185851,10,10
185860,0,0
185861,10,10
185870,0,0
185871,-11,-11
185880,1,1
185881,-11,1
185890,-13,-13
185891,-13,1
185900,-13,-13
185901,2,1
185910,2,-333
185911,11,10
185920,0,0
185921,10,11
185930,11,11
185931,1,1
185940,-11,-11
185941,1,1
185950,-13,-13
185951,1,1
185960,-13,-13
185961,-13,-13
185970,-11,-11
185971,1,1
185980,1,1
185981,-13,-13
185990,1,1
185991,11,11
186000,2,11
186001,10,10
186010,2,1
186011,-13,-13
186020,10,10
186021,1,2
186030,0,-11
186031,-13,-13
186040,-13,-11
186041,1,0
186050,2,2
186051,1,1
186060,1,1
186061,-11,-11
186070,2,1
186071,1,1
186080,2,1
186081,-13,-13
186090,2,2
186091,0,1
186100,1,1
186101,0,1
186110,10,10
186111,2,1
186120,0,0
186121,10,10
186130,10,10
186131,-13,-13
186140,1,1
186141,11,10
186150,1,1
186151,-13,-13
186160,-13,-13
186161,1,1
186170,2,2
186171,11,11
186180,0,0
186181,-11,-333
186190,0,0
186191,-13,-13
186200,-13,-13
186201,-13,-13
186210,1,1
186211,-11,-11
186220,-11,-11
186221,2,2
186230,11,11
186231,-11,-11
186240,1,1
186241,-13,-13
186250,1,1
186251,-11,1
186260,-11,-11
186261,-11,-11
186270,1,1
186271,1,1
186280,1,11
186281,-13,-13
186290,2,11
186291,12,10
186300,-11,-11
186301,10,10
186310,0,0
186311,0,0
186320,-13,-13
186321,1,2
186330,-13,-13
186331,-11,1
186340,1,0
186341,-13,-333
186350,-13,0
186351,10,10
186360,1,2
186361,1,1
186370,2,2
186371,-11,-11
186380,1,1
186381,-11,-11
186390,0,0
186391,-11,-11
186400,1,1
186401,-13,-13
186410,-11,-11
186411,1,1
186420,10,10
186421,10,10
186430,1,1
186431,0,0
186440,-11,-11
186441,1,1
186450,10,10
186451,1,2
186460,1,2
186461,-11,-11
186470,1,1
186471,1,1
186480,11,10
186481,-11,-11
186490,11,11
186491,1,1
186500,-11,-11
186501,-13,-13
186510,0,0
186511,1,1
186520,3,11
186521,2,1
186530,-13,-13
186531,1,1
186540,1,1
186541,2,2
186550,1,1
186551,10,10
186560,1,2
186561,-13,-13
186570,0,0
186571,11,10
186580,1,2
186581,0,0
186590,1,1
186591,1,1
186600,-13,-13
186601,1,1
186610,-13,-13
186611,10,10
186620,-13,-13
186621,1,1
186630,0,0
186631,1,1
186640,1,1
186641,-13,-13
186650,-13,-13
186651,-11,-11
186660,1,1
186661,-11,-11
186670,0,0
186671,-13,-13
186680,0,1
186681,-11,-11
186690,0,0
186691,1,1
186700,-11,-11
186701,1,1
186710,10,10
186711,-11,-11
186720,2,1
186721,-11,-333
186730,-13,-13
186731,1,2
186740,1,1
186741,1,1
186750,1,1
186751,0,0
186760,-11,-11
186761,1,1
186770,0,10
186771,-13,-13
186780,1,1
186781,3,2
186790,2,1
186791,-13,-13
186800,0,1
186801,11,10
186810,1,1
186811,0,0
186820,-13,-13
186821,-11,-11
186830,-11,-11
186831,-13,-13
186840,10,11
186841,2,2
186850,12,11
186851,11,10
186860,-13,1
186861,-11,-11
186870,-11,-11
186871,-13,-13
186880,-11,-11
186881,0,0
186890,10,10
186891,0,0
186900,1,1
186901,1,1
186910,-13,-13
186911,1,1
186920,11,11
186921,0,0
186930,0,0
186931,3,1
186940,0,1
186941,0,0
186950,1,1
186951,2,2
186960,-13,-999
186961,-13,-999
186970,0,0
186971,-13,-13
186980,1,-11
186981,1,10
186990,3,11
186991,-11,-11
187000,-11,-11
187001,-13,-13
187010,0,0
187011,-13,-13
187020,1,1
187021,10,11
187030,-13,-13
187031,-11,-11
187040,1,1
187041,1,1
187050,1,1
187051,2,1
187060,1,1
187061,1,1
187070,10,10
187071,10,10
187080,12,11
187081,-13,-13
187090,-11,-11
187091,1,1
187100,11,11
187101,2,2
187110,11,10
187111,1,1
187120,-13,-999
187121,-13,-999
187130,-11,-11
187131,1,1
187140,10,10
187141,0,0
187150,1,1
187151,1,1
187160,1,1
187161,1,1
187170,0,0
187171,1,1
187180,1,1
187181,-13,0
187190,0,1
187191,-11,-11
187200,-13,-13
187201,-13,-13
187210,10,10
187211,1,1
187220,-13,-13
187221,2,2
187230,-11,-11
187231,1,11
187240,-13,-13
187241,1,1
187250,1,1
187251,-11,-11
187260,1,1
187261,1,1
187270,1,1
187271,2,1
187280,-11,-11
187281,-11,-11
187290,2,2
187291,1,1
187300,10,10
187301,1,11
187310,-11,-11
187311,1,1
187320,1,0
187321,10,0
187330,-11,-11
187331,1,1
187340,2,1
187341,-11,-11
187350,10,10
187351,0,0
187360,-13,-13
187361,11,11
187370,-13,-13
187371,0,0
187380,0,0
187381,1,1
187390,-11,-11
187391,1,1
187400,1,1
187401,1,1
187410,1,2
187411,-13,-13
187420,2,2
187421,1,-222
187430,-13,-13
187431,1,0
187440,10,10
187441,0,1
187450,1,1
187451,1,1
187460,-11,-11
187461,1,10
187470,2,2
187471,2,2
187480,1,1
187481,-11,1
187490,0,10
187491,1,10
187500,-11,-11
187501,-11,0
187510,-13,-13
187511,1,1
187520,-11,-11
187521,2,1
187530,-11,-11
187531,10,10
187540,-13,-13
187541,0,0
187550,0,0
187551,0,0
187560,2,11
187561,1,1
187570,10,10
187571,2,11
187580,1,1
187581,1,1
187590,2,1
187591,2,2
187600,1,1
187601,-13,-13
187610,2,1
187611,1,1
187620,-13,-13
187621,0,0
187630,3,-11
187631,1,1
187640,0,0
187641,-11,-11
187650,-11,-11
187651,-11,-11
187660,1,1
187661,-11,-11
187670,11,10
187671,0,0
187680,-13,-13
187681,11,11
187690,-11,-333
187691,-11,-11
187700,10,10
187701,-13,-13
187710,-13,-13
187711,0,0
187720,1,10
187721,10,1
187730,1,1
187731,-11,-11
187740,2,1
187741,-13,-13
187750,1,1
187751,-13,-13
187760,2,1
187761,1,1
187770,-11,0
187771,-11,-11
187780,1,11
187781,0,1
187790,2,11
187791,2,2
187800,1,1
187801,1,1
187810,-13,-13
187811,1,1
187820,-11,-11
187821,10,10
187830,2,1
187831,0,0
187840,-13,-13
187841,1,1
187850,10,10
187851,1,1
187860,2,2
187861,0,0
187870,-11,-11
187871,0,0
187880,10,10
187881,1,1
187890,1,1
187891,11,11
187900,0,0
187901,-13,-13
187910,-13,0
187911,-11,1
187920,-11,-11
187921,11,11
187930,-11,-11
187931,1,1
187940,10,10
187941,11,11
187950,0,10
187951,-13,-13
187960,1,1
187961,0,0
187970,10,11
187971,2,1
187980,-11,-11
187981,2,2
187990,1,1
187991,-13,-13
188000,1,1
188001,2,2
188010,10,10
188011,1,1
188020,2,1
188021,10,11
188030,-13,-13
188031,10,10
188040,0,1
188041,10,11
188050,1,1
188051,2,2
188060,-13,-13
188061,1,2
188070,-11,-11
188071,1,1
188080,11,11
188081,-11,-11
188090,1,1
188091,10,10
188100,10,10
188101,-13,-13
188110,2,2
188111,2,2
188120,10,11
188121,-11,-11
188130,-11,-11
188131,1,11
188140,-11,-11
188141,3,2
188150,0,1
188151,0,0
188160,-13,-13
188161,1,1
188170,2,11
188171,-11,-11
188180,-11,-11
188181,-13,-13
188190,-13,0
188191,-11,-11
188200,1,1
188201,1,1
188210,0,0
188211,-13,-13
188220,-13,-13
188221,0,0
188230,0,11
188231,-11,-11
188240,1,1
188241,1,1
188250,-13,-13
188251,-11,-11
188260,-13,-13
188261,1,1
188270,1,2
188271,0,0
188280,1,1
188281,1,1
188290,11,11
188291,1,1
188300,1,1
188301,1,1
188310,-11,-11
188311,1,1
188320,1,1
188321,10,10
188330,1,1
188331,-11,-11
188340,-11,-11
188341,0,10
188350,1,1
188351,-13,-13
188360,-13,-13
188361,1,1
188370,-11,-11
188371,1,1
188380,0,0
188381,-13,-13
188390,-11,-11
188391,-11,-11
188400,-13,-13
188401,11,11
188410,11,11
188411,1,1
188420,10,10
188421,-11,-13
188430,-11,-11
188431,-13,-13
188440,1,1
188441,11,11
188450,0,0
188451,1,1
188460,10,11
188461,-11,-11
188470,10,11
188471,1,1
188480,2,2
188481,1,1
188490,1,1
188491,-11,-11
188500,0,0
188501,-11,-11
188510,-13,-13
188511,1,1
188520,2,1
188521,1,1
188530,1,-222
188531,1,1
188540,10,10
188541,11,10
188550,-13,-13
188551,0,0
188560,0,0
188561,1,2
188570,1,1
188571,2,2
188580,1,1
188581,-13,-13
188590,0,-13
188591,1,1
188600,-11,-11
188601,0,1
188610,2,1
188611,10,10
188620,-13,-13
188621,1,1
188630,1,1
188631,12,11
188640,-11,-11
188641,10,10
188650,-13,-13
188651,-13,-13
188660,-1,11
188661,1,1
188670,0,0
188671,-11,-11
188680,1,10
188681,1,1
188690,10,10
188691,0,0
188700,-11,-11
188701,11,10
188710,1,1
188711,2,2
188720,10,10
188721,-11,-11
188730,-13,-13
188731,-13,-13
188740,-13,-13
188741,-11,-11
188750,1,1
188751,2,10
188760,-13,-13
188761,1,1
188770,-13,-13
188771,-11,-11
188780,11,11
188781,0,0
188790,1,1
188791,-13,-13
188800,-11,-11
188801,2,2
188810,1,1
188811,3,2
188820,0,0
188821,1,1
188830,2,2
188831,1,1
188840,-11,-11
188841,-11,-11
188850,-13,-13
188851,-13,-333
188860,-11,-11
188861,3,2
188870,2,11
188871,-13,-13
188880,1,1
188881,10,11
188890,10,10
188891,1,-333
188900,10,10
188901,1,1
188910,-13,-13
188911,0,0
188920,2,1
188921,1,1
188930,-13,-11
188931,-13,-13
188940,-11,1
188941,1,1
188950,1,2
188951,2,1
188960,-11,-11
188961,2,2
188970,-13,-13
188971,1,1
188980,1,1
188981,1,1
188990,-13,-13
188991,11,11
189000,0,0
189001,1,1
189010,11,10
189011,-13,-13
189020,-13,-13
189021,-13,-13
189030,0,0
189031,-13,-13
189040,1,-222
189041,-11,-11
189050,1,1
189051,10,10
189060,0,10
189061,10,1
189070,1,1
189071,2,1
189080,10,10
189081,0,0
189090,0,0
189091,11,11
189100,2,1
189101,-11,-11
189110,0,0
189111,-13,-13
189120,0,0
189121,-11,-11
189130,2,1
189131,0,0
189140,1,1
189141,-11,-11
189150,10,10
189151,-11,0
189160,1,1
189161,-11,-11
189170,1,1
189171,1,1
189180,1,1
189181,1,1
189190,10,10
189191,-13,-13
189200,-11,-11
189201,-13,-13
189210,10,10
189211,0,0
189220,1,1
189221,2,2
189230,11,11
189231,-11,1
189240,0,0
189241,1,1
189250,1,1
189251,-13,-13
189260,-11,-11
189261,-11,-11
189270,1,1
189271,10,10
189280,-13,-13
189281,-13,-13
189290,1,1
189291,-13,-13
189300,1,1
189301,2,2
189310,-11,-11
189311,1,1
189320,-13,-13
189321,-11,-11
189330,-11,-11
189331,-11,-11
189340,0,0
189341,1,1
189350,-13,0
189351,0,0
189360,-13,-13
189361,1,1
189370,1,11
189371,-13,-13
189380,1,1
189381,1,1
189390,0,-11
189391,10,10
189400,-13,-13
189401,11,11
189410,1,1
189411,-13,-13
189420,-11,-11
189421,1,1
189430,1,1
189431,-11,-11
189440,3,11
189441,0,0
189450,11,10
189451,-11,-11
189460,1,11
189461,1,1
189470,-13,-13
189471,-13,-13
189480,2,11
189481,10,10
189490,11,11
189491,11,10
189500,-11,-11
189501,-13,-13
189510,-13,-11
189511,-13,-13
189520,-11,-11
189521,0,1
189530,-13,-13
189531,1,1
189540,0,0
189541,-11,-11
189550,2,2
189551,0,0
189560,0,0
189561,0,2
189570,0,0
189571,1,1
189580,1,2
189581,1,1
189590,10,10
189591,1,1
189600,-13,-13
189601,10,10
189610,-13,-13
189611,10,10
189620,2,2
189621,11,11
189630,10,10
189631,10,10
189640,1,1
189641,11,10
189650,1,1
189651,1,2
189660,1,10
189661,0,0
189670,-13,-13
189671,-11,-11
189680,1,1
189681,1,1
189690,0,1
189691,1,1
189700,2,1
189701,1,-13
189710,-13,-13
189711,1,1
189720,0,0
189721,-11,-11
189730,1,1
189731,0,0
189740,-13,-13
189741,-11,-11
189750,-11,-11
189751,0,0
189760,-11,-11
189761,0,0
189770,-11,-11
189771,1,1
189780,10,10
189781,-11,-11
189790,11,11
189791,10,10
189800,0,0
189801,10,11
189810,0,0
189811,-11,-11
189820,-11,-11
189821,1,10
189830,1,1
189831,-13,-13
189840,-11,-11
189841,-11,-11
189850,10,10
189851,-13,-13
189860,1,1
189861,-13,-13
189870,-11,1
189871,3,11
189880,-13,-13
189881,0,1
189890,2,1
189891,-11,-11
189900,2,2
189901,1,1
189910,1,1
189911,10,10
189920,-13,-13
189921,1,-11
189930,10,10
189931,2,2
189940,-11,-11
189941,-11,-333
189950,0,0
189951,1,1
189960,-13,-13
189961,-13,-13
189970,-13,1
189971,-11,-222
189980,1,1
189981,2,1
189990,1,1
189991,-11,-11
190000,1,1
190001,-13,-13
190010,-11,-11
190011,10,11
190020,10,11
190021,1,1
190030,0,0
190031,1,-222
190040,2,2
190041,1,1
190050,10,10
190051,-13,-13
190060,1,1
190061,-13,-13
190070,1,1
190071,1,1
190080,2,1
190081,-13,-13
190090,1,1
190091,2,-333
190100,-11,-11
190101,2,1
190110,-13,-13
190111,1,1
190120,10,10
190121,1,1
190130,-13,-13
190131,-11,-11
190140,-11,-11
190141,-11,-11
190150,2,1
190151,1,1
190160,-13,-13
190161,-11,-11
190170,-13,-13
190171,-13,-13
190180,-11,-11
190181,1,1
190190,10,10
190191,-11,-11
190200,1,1
190201,-11,-11
190210,1,1
190211,-13,-13
190220,-11,-13
190221,1,1
190230,10,11
190231,11,11
190240,1,11
190241,-11,-11
190250,11,11
190251,0,0
190260,-11,-11
190261,1,1
190270,1,1
190271,2,2
190280,11,11
190281,1,1
190290,3,2
190291,1,1
190300,2,2
190301,-11,-11
190310,-13,-13
190311,-11,-11
190320,11,11
190321,1,1
190330,1,1
190331,-11,-11
190340,1,2
190341,-11,-11
190350,0,0
190351,-11,-11
190360,1,1
190361,1,1
190370,1,1
190371,1,1
190380,1,2
190381,1,1
190390,-11,-11
190391,10,10
190400,-13,-13
190401,2,2
190410,11,11
190411,1,11
190420,0,0
190421,1,1
190430,0,0
190431,-13,-13
190440,1,1
190441,-13,-13
190450,-11,-11
190451,10,11
190460,10,10
190461,1,1
190470,-13,-13
190471,-13,-13
190480,10,10
190481,-13,-13
190490,2,2
190491,0,0
190500,11,11
190501,1,1
190510,1,1
190511,1,1
190520,1,1
190521,-13,-13
190530,0,0
190531,10,10
190540,10,10
190541,3,2
190550,10,10
190551,1,1
190560,1,1
190561,-11,0
190570,1,1
190571,2,1
190580,-11,-11
190581,1,1
190590,12,11
190591,10,10
190600,-13,-13
190601,2,1
190610,1,1
190611,-11,-11
190620,11,11
190621,1,10
190630,-13,-13
190631,1,1
190640,-11,-11
190641,0,1
190650,10,10
190651,-13,1
190660,1,1
190661,-13,-13
190670,0,0
190671,1,1
190680,-11,-11
190681,1,1
190690,-11,-11
190691,-13,-13
190700,-11,-11
190701,10,11
190710,1,1
190711,1,1
190720,1,1
190721,1,1
190730,0,0
190731,1,0
190740,2,2
190741,-13,-13
190750,-13,-13
190751,-13,-13
190760,11,11
190761,1,1
190770,-11,-11
190771,1,1
190780,1,1
190781,-13,-13
190790,2,2
190791,-11,-11
190800,0,0
190801,2,1
190810,-13,-13
190811,-11,-11
190820,2,11
190821,-13,-13
190830,2,1
190831,11,1
190840,-11,-11
190841,0,0
190850,1,1
190851,-13,-13
190860,1,1
190861,-13,-13
190870,10,10
190871,2,2
190880,10,10
190881,10,10
190890,2,1
190891,-13,-13
190900,1,1
190901,12,2
190910,-13,-13
190911,0,0
190920,-13,-13
190921,1,1
190930,1,1
190931,2,1
190940,-11,-11
190941,-13,-13
190950,-11,-11
190951,1,1
190960,-13,-13
190961,1,1
190970,-11,0
190971,-11,-11
190980,2,1
190981,11,10
190990,-11,-11
190991,1,1
191000,-13,-13
191001,1,1
191010,-13,-13
191011,10,10
191020,-13,-13
191021,1,1
191030,-11,-11
191031,-11,-11
191040,10,10
191041,1,1
191050,11,11
191051,-11,-11
191060,1,1
191061,-11,-11
191070,1,1
191071,11,11
191080,-11,-11
191081,1,1
191090,-13,-13
191091,-11,-11
191100,-13,-13
191101,-13,-13
191110,2,2
191111,-11,-11
191120,0,1
191121,1,1
191130,1,11
191131,1,1
191140,2,2
191141,10,10
191150,2,2
191151,3,2
191160,1,1
191161,0,0
191170,1,1
191171,1,0
191180,1,1
191181,-13,-13
191190,-13,-13
191191,1,1
191200,-13,-13
191201,-11,-11
191210,-11,-11
191211,0,0
191220,0,0
191221,-11,-11
191230,-13,1
191231,-13,-13
191240,2,2
191241,1,1
191250,0,0
191251,2,2
191260,2,2
191261,-13,-13
191270,-13,-13
191271,-11,1
191280,0,2
191281,1,1
191290,2,2
191291,1,11
191300,-11,-11
191301,2,1
191310,-13,-13
191311,-13,-13
191320,1,1
191321,-13,-13
191330,-13,-13
191331,-13,-13
191340,2,2
191341,1,1
191350,11,11
191351,10,10
191360,10,10
191361,1,1
191370,-13,-13
191371,-11,-11
191380,-11,-11
191381,1,1
191390,1,1
191391,0,1
191400,-11,-11
191401,2,11
191410,0,10
191411,-11,-11
191420,-11,-333
191421,1,1
191430,0,0
191431,1,11
191440,0,0
191441,-13,-13
191450,-11,-11
191451,1,1
191460,0,0
191461,-13,-13
191470,10,10
191471,10,10
191480,-11,-11
191481,-11,-11
191490,10,10
191491,10,10
191500,-13,-13
191501,1,1
191510,2,1
191511,-11,-11
191520,10,10
191521,1,1
191530,11,10
191531,11,11
191540,-13,-13
191541,10,10
191550,0,0
191551,0,0
191560,0,0
191561,-13,-13
191570,-11,-11
191571,2,11
191580,1,1
191581,-11,-11
191590,0,10
191591,2,2
191600,2,1
191601,2,2
191610,1,-222
191611,1,-333
191620,10,11
191621,1,2
191630,2,2
191631,0,0
191640,-11,-11
191641,0,11
191650,3,2
191651,0,0
191660,2,2
191661,1,1
191670,1,1
191671,-13,-13
191680,-13,-13
191681,-13,-13
191690,11,10
191691,2,1
191700,-13,-13
191701,1,11
191710,12,11
191711,1,1
191720,0,1
191721,1,1
191730,-11,-11
191731,-13,-13
191740,1,1
191741,10,10
191750,1,1
191751,-13,-13
191760,1,1
191761,-11,-333
191770,-11,-11
191771,0,0
191780,11,11
191781,2,1
191790,10,10
191791,0,0
191800,1,1
191801,2,1
191810,0,10
191811,0,0
191820,1,1
191821,-13,-13
191830,11,11
191831,10,10
191840,-11,-11
191841,0,0
191850,10,11
191851,10,10
191860,2,1
191861,0,0
191870,1,1
191871,-13,-333
191880,0,0
191881,-11,-11
191890,1,1
191891,-11,-11
191900,0,0
191901,-11,1
191910,-13,-13
191911,1,1
191920,-13,-13
191921,-13,-13
191930,2,1
191931,-11,-11
191940,-11,-11
191941,0,0
191950,-13,-13
191951,1,1
191960,-13,-13
191961,0,1
191970,1,1
191971,-13,-13
191980,0,0
191981,-13,-13
191990,1,1
191991,-11,-11
192000,2,11
192001,1,1
192010,-13,-13
192011,0,0
192020,2,1
192021,-11,-11
192030,2,1
192031,-13,-13
192040,-13,-13
192041,10,10
192050,2,2
192051,1,1
192060,1,1
192061,0,10
192070,10,10
192071,1,1
192080,1,1
192081,0,-333
192090,-13,-13
192091,1,1
192100,2,1
192101,-13,1
192110,-13,-13
192111,-11,-11
192120,-13,-13
192121,-11,-11
192130,2,1
192131,1,1
192140,-11,-11
192141,1,1
192150,11,11
192151,-11,-11
192160,-11,-11
192161,10,10
192170,-13,-333
192171,-13,-13
192180,0,0
192181,-11,-11
192190,10,10
192191,10,10
192200,-11,-11
192201,-13,-13
192210,10,10
192211,10,10
192220,1,1
192221,1,1
192230,-13,-13
192231,1,1
192240,-11,-11
192241,-13,-13
192250,0,0
192251,1,1
192260,0,0
192261,-13,-13
192270,-11,-11
192271,-13,-13
192280,2,2
192281,-13,-13
192290,1,1
192291,-13,-13
192300,1,1
192301,1,1
192310,0,0
192311,10,10
192320,10,10
192321,-11,-11
192330,1,1
192331,1,1
192340,1,1
192341,0,0
192350,10,11
192351,1,1
192360,-11,-11
192361,0,0
192370,1,1
192371,2,11
192380,10,10
192381,10,10
192390,-11,-11
192391,11,11
192400,0,-11
192401,-11,-11
192410,2,2
192411,-11,-11
192420,-13,-13
192421,11,10
192430,1,2
192431,-11,-11
192440,10,11
192441,1,1
192450,0,0
192451,-13,-13
192460,10,11
192461,-11,-11
192470,-11,-11
192471,11,11
192480,-11,-11
192481,-13,-13
192490,-13,-13
192491,-11,-11
192500,10,10
192501,11,11
192510,10,10
192511,1,1
192520,-13,-13
192521,1,1
192530,0,1
192531,-13,-13
192540,11,10
192541,-11,-11
192550,1,10
192551,2,2
192560,1,1
192561,-13,-13
192570,-13,-13
192571,-13,-13
192580,10,11
192581,10,11
192590,0,0
192591,0,0
192600,2,2
192601,-13,-13
192610,1,2
192611,1,2
192620,-11,-11
192621,1,1
192630,10,11
192631,1,1
192640,1,1
192641,-11,1
192650,1,1
192651,10,1
192660,2,1
192661,0,1
192670,-11,-11
192671,1,1
192680,0,0
192681,3,2
192690,-13,-13
192691,0,0
192700,-11,-11
192701,-11,-11
192710,-11,-11
192711,0,0
192720,11,10
192721,0,0
192730,0,0
192731,-11,-11
192740,-13,-13
192741,10,10
192750,0,1
192751,10,10
192760,2,1
192761,-11,-11
192770,-11,-11
192771,10,10
192780,-11,-11
192781,1,1
192790,-11,-11
192791,1,1
192800,-13,-13
192801,1,1
192810,1,1
192811,11,11
192820,-11,-11
192821,1,1
192830,1,1
192831,-11,-11
192840,10,11
192841,1,1
192850,-11,-11
192851,-13,-13
192860,-11,-11
192861,1,1
192870,10,11
192871,1,1
192880,2,1
192881,1,1
192890,1,1
192891,1,1
192900,-11,-11
192901,0,0
192910,-13,-13
192911,-13,-13
192920,-13,-13
192921,2,1
192930,0,0
192931,-13,-13
192940,1,1
192941,2,2
192950,1,1
192951,1,1
192960,1,11
192961,10,10
192970,1,1
192971,11,11
192980,1,1
192981,11,11
192990,-13,-13
192991,2,1
193000,1,1
193001,-11,-11
193010,0,0
193011,0,0
193020,-13,-13
193021,-13,-13
193030,10,10
193031,0,0
193040,-13,-13
193041,2,2
193050,2,1
193051,-11,-11
193060,11,11
193061,10,11
193070,1,1
193071,-11,-11
193080,-13,-13
193081,-11,-11
193090,1,1
193091,-11,-11
193100,-1,10
193101,1,1
193110,10,10
193111,11,11
193120,0,0
193121,11,11
193130,1,1
193131,-13,-13
193140,-13,-13
193141,2,2
193150,-13,-13
193151,2,11
193160,0,0
193161,1,1
193170,10,10
193171,-13,-13
193180,2,1
193181,-11,-222
193190,-11,-11
193191,1,1
193200,1,1
193201,-11,-11
193210,0,10
193211,-11,-333
193220,-13,-13
193221,2,11
193230,-11,-11
193231,11,11
193240,10,10
193241,11,2
193250,1,1
193251,1,1
193260,1,-333
193261,0,-11
193270,10,10
193271,-13,-13
193280,2,1
193281,1,1
193290,0,10
193291,-13,-13
193300,2,11
193301,1,2
193310,-13,-13
193311,-11,-11
193320,-11,-11
193321,2,1
193330,2,1
193331,11,11
193340,0,10
193341,11,11
193350,1,1
193351,-11,-11
193360,1,1
193361,0,0
193370,-13,-13
193371,-11,-11
193380,1,1
193381,-13,-13
193390,0,0
193391,2,1
193400,-11,-11
193401,1,1
193410,10,10
193411,-11,-11
193420,1,1
193421,1,1
193430,-11,-11
193431,2,2
193440,0,0
193441,10,10
193450,1,1
193451,1,1
193460,2,1
193461,10,-222
193470,0,0
193471,1,11
193480,-13,-13
193481,0,11
193490,-11,-11
193491,10,10
193500,3,2
193501,-13,-13
193510,-13,-13
193511,1,1
193520,-11,-11
193521,-11,-11
193530,-11,-11
193531,-11,-11
193540,1,1
193541,2,2
193550,11,10
193551,3,1
193560,-13,-13
193561,10,10
193570,2,1
193571,1,1
193580,0,0
193581,-13,-13
193590,-11,-11
193591,2,1
193600,11,11
193601,-11,-11
193610,0,1
193611,2,2
193620,0,0
193621,-13,-13
193630,-11,-11
193631,11,10
193640,1,1
193641,1,1
193650,2,11
193651,2,1
193660,10,11
193661,0,0
193670,-13,1
193671,0,0
193680,0,0
193681,2,2
193690,-11,-11
193691,1,1
193700,-11,-11
193701,-11,-11
193710,1,1
193711,1,2
193720,-13,-13
193721,10,11
193730,0,0
193731,2,2
193740,10,10
193741,-13,-13
193750,2,2
193751,10,10
193760,-11,-11
193761,1,1
193770,-11,-11
193771,2,2
193780,-13,-13
193781,1,1
193790,1,1
193791,2,2
193800,10,10
193801,-13,-13
193810,-11,-11
193811,1,1
193820,1,1
193821,-13,-13
193830,-11,-11
193831,10,10
193840,1,1
193841,-11,-11
193850,1,1
193851,0,0
193860,0,0
193861,11,11
193870,10,10
193871,-13,-13
193880,2,11
193881,11,11
193890,3,11
193891,1,2
193900,-11,-11
193901,-13,-13
193910,0,1
193911,10,10
193920,-11,-11
193921,-11,-11
193930,2,1
193931,1,11
193940,-13,-13
193941,2,2
193950,1,11
193951,-11,-11
193960,0,0
193961,2,1
193970,10,10
193971,-13,-13
193980,1,-11
193981,10,10
193990,1,0
193991,1,11
194000,-13,-13
194001,2,2
194010,-11,-11
194011,1,1
194020,-11,-11
194021,10,10
194030,0,0
194031,1,2
194040,-13,-13
194041,-13,0
194050,0,0
194051,-13,-13
194060,-13,-13
194061,10,10
194070,11,11
194071,10,10
194080,2,1
194081,-11,-11
194090,2,1
194091,-11,-11
194100,-13,-13
194101,-11,1
194110,2,11
194111,-13,-13
194120,-13,-13
194121,10,10
194130,10,10
194131,10,11
194140,1,11
194141,1,1
194150,2,1
194151,11,11
194160,-11,-11
194161,-13,-222
194170,2,2
194171,-13,-13
194180,-11,-11
194181,1,1
194190,1,1
194191,11,11
194200,1,1
194201,1,2
194210,-13,-13
194211,0,0
194220,-11,-11
194221,-13,-13
194230,2,2
194231,2,2
194240,-11,-11
194241,-13,-13
194250,1,1
194251,1,11
194260,0,0
194261,10,11
194270,0,1
194271,11,11
194280,1,2
194281,1,1
194290,10,10
194291,1,1
194300,0,1
194301,1,1
194310,10,10
194311,1,1
194320,0,0
194321,1,1
194330,-13,-13
194331,1,1
194340,1,1
194341,11,11
194350,1,1
194351,-11,-11
194360,-13,-13
194361,-11,-11
194370,-13,-13
194371,10,10
194380,0,0
194381,-11,-11
194390,0,0
194391,1,11
194400,-13,1
194401,1,1
194410,-11,-11
194411,0,0
194420,-11,-333
194421,10,10
194430,1,1
194431,-13,-13
194440,1,1
194441,0,0
194450,1,-11
194451,0,11
194460,0,0
194461,1,1
194470,-11,-11
194471,10,10
194480,0,0
194481,0,1
194490,11,1
194491,1,1
194500,2,0
194501,-11,-333
194510,2,2
194511,1,1
194520,-11,1
194521,-11,-11
194530,2,2
194531,-11,-11
194540,10,10
194541,1,1
194550,0,-13
194551,-13,-13
194560,10,10
194561,-13,-13
194570,3,2
194571,-11,-11
194580,-11,-11
194581,2,2
194590,1,1
194591,-11,-11
194600,-11,-11
194601,1,1
194610,-11,-11
194611,10,11
194620,-13,-13
194621,0,1
194630,-11,-11
194631,10,10
194640,0,1
194641,10,11
194650,-13,-13
194651,-11,-11
194660,0,0
194661,1,1
194670,-13,1
194671,-11,-11
194680,-13,-13
194681,0,0
194690,10,10
194691,1,1
194700,-11,0
194701,10,10
194710,-11,-11
194711,0,0
194720,10,10
194721,-13,-13
194730,-13,-13
194731,1,1
194740,-13,-13
194741,2,2
194750,0,10
194751,0,10
194760,2,1
194761,2,1
194770,1,1
194771,-13,-13
194780,10,10
194781,10,10
194790,3,11
194791,-11,-11
194800,2,2
194801,1,1
194810,1,1
194811,-11,-11
194820,-11,1
194821,2,2
194830,1,0
194831,10,10
194840,-11,1
194841,1,1
194850,1,1
194851,2,2
194860,-11,-11
194861,2,2
194870,0,0
194871,1,1
194880,-13,-13
194881,1,1
194890,1,1
194891,-11,-11
194900,1,1
194901,-13,-13
194910,11,11
194911,-13,-13
194920,1,1
194921,1,2
194930,10,10
194931,1,1
194940,2,2
194941,1,1
194950,-13,-13
194951,-11,-11
194960,-13,-13
194961,10,10
194970,12,10
194971,1,-11
194980,-11,-11
194981,-11,1
194990,-13,-13
194991,11,11
195000,-11,-11
195001,10,10
195010,10,11
195011,1,1
195020,-13,-13
195021,-11,-13
195030,-13,-13
195031,2,1
195040,0,1
195041,-11,-11
195050,-13,-13
195051,-11,-11
195060,2,11
195061,10,10
195070,-13,-13
195071,10,10
195080,-11,-11
195081,-11,-11
195090,1,1
195091,11,11
195100,-11,-11
195101,-13,-13
195110,2,1
195111,-11,-333
195120,2,1
195121,2,1
195130,11,10
195131,1,1
195140,10,10
195141,1,1
195150,10,10
195151,0,11
195160,2,11
195161,2,2
195170,2,2
195171,10,11
195180,1,1
195181,10,10
195190,-13,-13
195191,-11,-11
195200,-11,-11
195201,10,10
195210,1,1
195211,-11,-11
195220,-13,-13
195221,-13,-13
195230,0,-333
195231,1,1
195240,-13,-13
195241,10,10
195250,1,1
195251,-11,-11
195260,1,2
195261,0,2
195270,-11,-11
195271,1,1
195280,1,1
195281,2,2
195290,1,1
195291,-11,1
195300,10,10
195301,1,1
195310,-13,-13
195311,1,1
195320,0,0
195321,-13,-13
195330,-11,-11
195331,1,1
195340,1,1
195341,3,2
195350,1,1
195351,10,10
195360,11,11
195361,-11,-11
195370,11,11
195371,1,1
195380,-11,-11
195381,-13,-13
195390,1,1
195391,0,0
195400,-13,-13
195401,-11,-11
195410,0,0
195411,3,2
195420,-11,-11
195421,1,1
195430,2,1
195431,-11,1
195440,-13,-13
195441,-13,-13
195450,-13,-13
195451,10,10
195460,1,1
195461,1,1
195470,10,11
195471,-11,1
195480,11,11
195481,10,11
195490,-11,-11
195491,-13,-333
195500,10,10
195501,2,11
195510,-11,-11
195511,1,1
195520,1,1
195521,0,10
195530,1,1
195531,-11,-11
195540,-11,-11
195541,-11,-11
195550,-13,-13
195551,11,10
195560,10,10
195561,0,1
195570,-11,-11
195571,0,-13
195580,10,10
195581,11,11
195590,-11,-11
195591,10,11
195600,1,1
195601,-13,-13
195610,0,1
195611,2,2
195620,1,1
195621,2,1
195630,1,1
195631,1,1
195640,2,2
195641,0,0
195650,1,0
195651,1,1
195660,-11,-11
195661,12,11
195670,-11,-11
195671,0,0
195680,-11,-11
195681,-11,-11
195690,2,1
195691,-13,-13
195700,1,1
195701,1,1
195710,2,2
195711,1,1
195720,0,0
195721,-11,-11
195730,1,1
195731,3,2
195740,3,2
195741,-13,-13
195750,-11,-11
195751,-13,-13
195760,11,11
195761,-13,-13
195770,0,0
195771,1,11
195780,-13,-13
195781,1,1
195790,-13,-13
195791,1,1
195800,2,11
195801,-13,-13
195810,-13,-11
195811,-13,-13
195820,1,11
195821,-11,-11
195830,0,0
195831,11,10
195840,1,1
195841,1,11
195850,1,1
195851,-13,-13
195860,10,11
195861,1,1
195870,-13,-13
195871,-11,-11
195880,1,1
195881,-13,-13
195890,-13,-13
195891,11,11
195900,1,1
195901,1,1
195910,1,1
195911,10,10
195920,-13,-13
195921,1,1
195930,-13,-13
195931,-13,-13
195940,12,11
195941,10,10
195950,3,11
195951,-11,-11
195960,-11,-11
195961,-13,-13
195970,10,10
195971,1,1
195980,1,1
195981,-13,-13
195990,2,2
195991,1,1
196000,2,2
196001,-11,-11
196010,10,10
196011,1,1
196020,-13,-13
196021,-13,-13
196030,2,2
196031,1,1
196040,1,1
196041,1,1
196050,10,10
196051,10,10
196060,11,11
196061,-11,-333
196070,-13,-13
196071,-13,-13
196080,1,1
196081,10,10
196090,1,11
196091,11,11
196100,1,1
196101,11,11
196110,11,11
196111,-11,-11
196120,0,0
196121,-13,-13
196130,1,1
196131,0,11
196140,0,0
196141,-13,-13
196150,0,0
196151,10,10
196160,2,2
196161,-11,-11
196170,1,1
196171,10,11
196180,0,0
196181,-11,-11
196190,-11,-11
196191,1,1
196200,-11,-11
196201,2,2
196210,2,2
196211,0,0
196220,2,1
196221,1,1
196230,-11,-11
196231,1,1
196240,0,0
196241,0,0
196250,-11,-11
196251,11,10
196260,-11,1
196261,0,0
196270,-13,-13
196271,1,1
196280,-11,-11
196281,1,0
196290,1,1
196291,-13,-13
196300,-13,-13
196301,-11,1
196310,-11,-11
196311,-13,-13
196320,1,1
196321,1,1
196330,-11,-11
196331,0,0
196340,-11,-13
196341,-13,-13
196350,1,10
196351,-11,10
196360,-13,-13
196361,-11,-11
196370,1,1
196371,10,10
196380,-11,-11
196381,0,0
196390,1,1
196391,-11,-11
196400,-11,1
196401,1,1
196410,-11,-11
196411,1,2
196420,2,1
196421,10,10
196430,1,1
196431,-13,-13
196440,-13,-13
196441,-11,-11
196450,1,11
196451,-13,-13
196460,1,1
196461,11,11
196470,1,-11
196471,-13,-333
196480,1,1
196481,10,11
196490,-13,-13
196491,0,0
196500,0,0
196501,10,10
196510,1,1
196511,0,1
196520,2,2
196521,-11,-11
196530,1,1
196531,-13,-13
196540,1,1
196541,-11,-11
196550,1,1
196551,-11,-11
196560,2,1
196561,1,1
196570,-11,-11
196571,-11,1
196580,1,1
196581,0,0
196590,0,0
196591,-13,-13
196600,1,1
196601,-13,-13
196610,1,1
196611,-11,-11
196620,-11,-11
196621,2,2
196630,-11,-11
196631,1,1
196640,1,1
196641,1,1
196650,11,10
196651,-13,-13
196660,1,1
196661,1,11
196670,2,1
196671,1,1
196680,-11,-11
196681,1,2
196690,1,1
196691,2,1
196700,11,10
196701,2,2
196710,10,11
196711,2,2
196720,10,10
196721,-11,-11
196730,-11,-11
196731,-13,1
196740,-13,-13
196741,-13,-333
196750,10,10
196751,-13,-13
196760,-13,-13
196761,1,1
196770,-11,-11
196771,-13,-13
196780,1,1
196781,10,10
196790,10,11
196791,1,1
196800,1,1
196801,2,1
196810,-13,-13
196811,10,10
196820,-13,-13
196821,1,2
196830,-11,-11
196831,0,0
196840,-11,-11
196841,-13,-13
196850,1,10
196851,-11,-11
196860,1,1
196861,-11,-11
196870,1,1
196871,-11,-11
196880,0,0
196881,-13,-13
196890,-11,-11
196891,1,1
196900,0,0
196901,11,10
196910,1,1
196911,1,1
196920,-13,-13
196921,2,1
196930,0,0
196931,-11,-11
196940,-13,-13
196941,0,0
196950,-13,-13
196951,-11,-11
196960,1,1
196961,1,1
196970,10,10
196971,-13,-13
196980,-13,-13
196981,1,1
196990,-13,-13
196991,1,1
197000,-11,-11
197001,2,2
197010,0,0
197011,1,1
197020,10,10
197021,-13,0
197030,1,1
197031,1,1
197040,1,1
197041,1,1
197050,1,1
197051,-11,-333
197060,1,1
197061,1,1
197070,2,2
197071,-11,1
197080,-11,-11
197081,-13,-13
197090,-11,-11
197091,0,0
197100,1,1
197101,-13,-13
197110,2,-11
197111,2,2
197120,10,11
197121,10,10
197130,-11,-11
197131,10,10
197140,10,10
197141,1,1
197150,-11,-11
197151,10,10
197160,1,1
197161,1,1
197170,2,1
197171,0,1
197180,0,-13
197181,1,1
197190,2,1
197191,0,0
197200,0,0
197201,-13,-13
197210,-11,-11
197211,0,0
197220,-11,-11
197221,1,10
197230,1,1
197231,2,2
197240,1,1
197241,-11,-11
197250,1,1
197251,12,11
197260,10,10
197261,-13,-13
197270,1,1
197271,0,0
197280,0,0
197281,1,1
197290,-13,-13
197291,0,0
197300,1,1
197301,1,1
197310,10,10
197311,1,1
197320,0,0
197321,1,1
197330,-13,-13
197331,10,10
197340,10,10
197341,1,1
197350,11,11
197351,-13,-13
197360,11,11
197361,-11,-13
197370,0,-11
197371,10,11
197380,-11,-11
197381,-11,-11
197390,-11,-11
197391,2,1
197400,0,0
197401,-11,-11
197410,-11,-11
197411,1,11
197420,10,11
197421,10,10
197430,-11,-11
197431,-13,-13
197440,-13,-13
197441,0,11
197450,-13,-13
197451,1,1
197460,2,2
197461,-13,-333
197470,10,10
197471,-13,-13
197480,1,2
197481,-13,-13
197490,10,10
197491,1,1
197500,-11,-11
197501,2,1
197510,-11,1
197511,1,1
197520,1,1
197521,11,11
197530,1,1
197531,11,11
197540,10,11
197541,-11,-11
197550,2,2
197551,1,1
197560,-13,-13
197561,-11,-11
197570,1,1
197571,-11,-11
197580,-13,-13
197581,2,2
197590,0,1
197591,0,1
197600,1,10
197601,0,-13
197610,-11,-11
197611,-13,-13
197620,0,0
197621,-13,-13
197630,-13,-13
197631,0,0
197640,-11,-11
197641,10,10
197650,-11,-11
197651,1,1
197660,1,1
197661,11,10
197670,10,10
197671,10,10
197680,1,1
197681,10,1
197690,-13,-13
197691,-13,-13
197700,-13,-13
197701,-11,-11
197710,2,1
197711,1,1
197720,10,10
197721,-11,1
197730,0,0
197731,-11,-333
197740,-11,-11
197741,2,2
197750,3,11
197751,2,1
197760,0,1
197761,-13,-13
197770,0,0
197771,1,1
197780,-11,-11
197781,10,11
197790,2,11
197791,1,1
197800,-11,1
197801,-11,-11
197810,-11,-11
197811,1,1
197820,10,10
197821,10,10
197830,2,1
197831,1,1
197840,-13,-13
197841,1,1
197850,10,10
197851,10,11
197860,-13,-13
197861,-11,-11
197870,0,0
197871,0,0
197880,12,11
197881,1,1
197890,-13,-13
197891,-13,-13
197900,2,2
197901,-13,-13
197910,-11,-11
197911,1,0
197920,-13,-333
197921,1,0
197930,1,1
197931,1,1
197940,-11,-11
197941,-13,-13
197950,0,10
197951,-13,-13
197960,11,10
197961,10,10
197970,1,1
197971,0,1
197980,-11,-11
197981,0,10
197990,-13,-13
197991,-11,-11
198000,1,1
198001,-13,-13
198010,-11,-11
198011,1,1
198020,-13,-13
198021,2,2
198030,-11,-11
198031,1,1
198040,1,1
198041,1,1
198050,-11,-11
198051,2,1
198060,0,0
198061,10,10
198070,-11,-11
198071,0,0
198080,10,10
198081,2,1
198090,10,10
198091,-11,-11
198100,-13,-11
198101,11,2
198110,1,1
198111,2,2
198120,1,11
198121,1,1
198130,0,0
198131,-11,-11
198140,-13,-13
198141,1,2
198150,0,0
198151,3,2
198160,0,10
198161,-13,10
198170,-11,-11
198171,2,2
198180,10,10
198181,-13,-13
198190,-11,-11
198191,10,10
198200,1,1
198201,-11,-11
198210,1,1
198211,-11,-333
198220,-13,-13
198221,0,0
198230,0,-13
198231,1,1
198240,2,1
198241,2,2
198250,-1,11
198251,2,1
198260,-11,-11
198261,1,1
198270,-13,-13
198271,11,11
198280,1,1
198281,1,1
198290,0,0
198291,1,1
198300,-13,-13
198301,11,10
198310,2,1
198311,10,11
198320,0,0
198321,-13,-333
198330,0,0
198331,-11,-11
198340,1,1
198341,1,2
198350,12,11
198351,11,1
198360,1,1
198361,-11,-11
198370,-11,-11
198371,-13,-13
198380,-11,-11
198381,1,1
198390,2,2
198391,11,10
198400,2,1
198401,-13,-13
198410,-13,-13
198411,2,2
198420,-13,-13
198421,1,1
198430,-11,-11
198431,-11,-11
198440,-11,-11
198441,0,1
198450,-11,-11
198451,1,1
198460,1,1
198461,1,2
198470,11,11
198471,1,2
198480,-11,-11
198481,1,1
198490,1,1
198491,1,1
198500,2,2
198501,-13,-13
198510,-13,-13
198511,0,0
198520,11,11
198521,-11,-11
198530,0,0
198531,-13,-13
198540,11,10
198541,0,0
198550,11,11
198551,0,0
198560,1,1
198561,10,10
198570,1,1
198571,1,1
198580,11,11
198581,1,0
198590,2,1
198591,-11,-11
198600,0,0
198601,10,10
198610,2,2
198611,1,1
198620,1,0
198621,1,1
198630,3,11
198631,11,10
198640,0,0
198641,-11,-11
198650,10,10
198651,-13,-13
198660,10,10
198661,1,1
198670,1,1
198671,1,1
198680,2,2
198681,1,1
198690,-13,1
198691,1,1
198700,0,-333
198701,0,0
198710,0,0
198711,-13,-13
198720,1,1
198721,-13,-13
198730,1,1
198731,1,1
198740,0,0
198741,1,1
198750,1,1
198751,2,1
198760,-11,0
198761,1,1
198770,11,11
198771,1,1
198780,0,0
198781,-11,-11
198790,-13,-13
198791,2,2
198800,1,1
198801,0,0
198810,1,1
198811,3,2
198820,0,0
198821,-13,-11
198830,1,1
198831,1,1
198840,10,10
198841,1,1
198850,0,-13
198851,-11,-11
198860,-11,-11
198861,1,1
198870,-13,-13
198871,1,1
198880,0,0
198881,11,11
198890,0,1
198891,-11,-11
198900,1,1
198901,-13,-13
198910,0,0
198911,10,10
198920,1,1
198921,0,0
198930,1,1
198931,10,10
198940,2,2
198941,10,10
198950,1,1
198951,-11,-11
198960,-11,-11
198961,11,11
198970,0,0
198971,3,2
198980,-13,-13
198981,1,1
198990,1,1
198991,-13,-13
199000,-13,-13
199001,-13,-13
199010,-11,1
199011,1,1
199020,2,1
199021,2,1
199030,-11,-11
199031,-13,1
199040,-13,0
199041,2,1
199050,10,10
199051,-11,-13
199060,2,2
199061,-11,-11
199070,-13,-13
199071,11,10
199080,-11,-11
199081,-13,-13
199090,-13,-13
199091,1,1
199100,-11,0
199101,10,10
199110,2,1
199111,0,0
199120,1,1
199121,1,1
199130,-11,-333
199131,-11,-11
199140,10,10
199141,1,1
199150,10,10
199151,2,1
199160,-11,-11
199161,2,1
199170,-13,-13
199171,1,2
199180,2,2
199181,1,1
199190,11,10
199191,0,0
199200,2,11
199201,-13,-13
199210,2,2
199211,0,0
199220,2,-11
199221,0,1
199230,-11,-11
199231,0,0
199240,2,1
199241,2,2
199250,11,10
199251,1,1
199260,11,11
199261,-11,-11
199270,11,10
199271,11,10
199280,-13,-13
199281,1,1
199290,1,1
199291,2,1
199300,10,10
199301,1,1
199310,10,10
199311,1,11
199320,1,1
199321,0,0
199330,2,1
199331,-11,-11
199340,2,1
199341,11,10
199350,-11,-11
199351,10,10
199360,0,0
199361,-11,-11
199370,0,1
199371,10,10
199380,10,10
199381,2,2
199390,0,0
199391,2,1
199400,-13,-13
199401,10,1
199410,2,2
199411,0,0
199420,1,1
199421,1,11
199430,1,1
199431,-13,-13
199440,1,1
199441,1,1
199450,-13,-13
199451,1,1
199460,-11,-11
199461,-11,-11
199470,10,11
199471,1,1
199480,11,10
199481,1,1
199490,-13,-13
199491,1,1
199500,1,0
199501,1,1
199510,1,1
199511,0,0
199520,-13,1
199521,3,2
199530,1,1
199531,1,1
199540,2,10
199541,1,1
199550,1,1
199551,2,1
199560,10,10
199561,2,2
199570,-13,-13
199571,-11,-11
199580,1,1
199581,1,1
199590,0,0
199591,-11,-11
199600,2,1
199601,-13,-13
199610,10,1
199611,-13,-11
199620,10,10
199621,-13,-13
199630,1,1
199631,0,0
199640,-13,-13
199641,-11,-11
199650,-11,-11
199651,10,10
199660,1,11
199661,1,1
199670,-13,-13
199671,1,1
199680,-11,-11
199681,0,0
199690,-11,-11
199691,2,1
199700,-11,-11
199701,10,10
199710,10,11
199711,1,1
199720,-11,-11
199721,-11,-11
199730,-11,-11
199731,-13,-13
199740,10,10
199741,0,0
199750,2,2
199751,2,2
199760,0,0
199761,2,1
199770,-11,-11
199771,-13,-13
199780,-11,-11
199781,0,0
199790,0,0
199791,0,10
199800,11,11
199801,0,0
199810,10,10
199811,1,1
199820,1,10
199821,10,10
199830,2,2
199831,0,-13
199840,10,10
199841,-11,-11
199850,2,1
199851,1,1
199860,0,0
199861,0,0
199870,1,1
199871,11,10
199880,1,1
199881,-11,-11
199890,-13,-13
199891,2,2
199900,-13,-13
199901,-11,-11
199910,1,1
199911,2,2
199920,11,10
199921,2,2
199930,1,1
199931,-11,-11
199940,12,11
199941,-11,-11
199950,0,0
199951,11,11
199960,1,1
199961,10,10
199970,-13,-13
199971,0,0
199980,1,1
199981,1,1
199990,1,1
199991,-11,-11
200000,1,1
200001,-11,-11
200010,0,0
200011,0,0
200020,0,0
200021,10,10
200030,2,1
200031,0,0
200040,10,11
200041,-11,-11
200050,10,10
200051,1,1
200060,-13,-13
200061,-13,-13
200070,-11,-11
200071,10,10
200080,2,2
200081,2,2
200090,0,10
200091,1,1
200100,1,1
200101,-13,-13
200110,-13,-13
200111,0,1
200120,-11,-11
200121,0,0
200130,0,0
200131,1,1
200140,-11,-11
200141,-13,-13
200150,1,-333
200151,-13,-13
200160,-13,-13
200161,10,10
200170,-13,-13
200171,2,2
200180,10,10
200181,-13,-13
200190,11,11
200191,-13,-333
200200,-13,-13
200201,2,1
200210,10,11
200211,-13,-13
200220,2,1
200221,2,2
200230,-11,-11
200231,-11,0
200240,-11,-11
200241,-11,-11
200250,0,0
200251,10,10
200260,1,1
200261,-11,-11
200270,1,1
200271,2,2
200280,-11,-11
200281,0,11
200290,1,1
200291,10,11
200300,11,11
200301,10,10
200310,1,2
200311,2,2
200320,-13,-13
200321,-13,-13
200330,-13,-13
200331,-13,-13
200340,0,0
200341,-11,-11
200350,10,1
200351,1,1
200360,-11,-11
200361,1,1
200370,-11,-11
200371,-13,-13
200380,1,1
200381,2,2
200390,11,11
200391,-13,-13
200400,0,0
200401,-11,-11
200410,0,0
200411,1,1
200420,2,1
200421,11,10
200430,-13,-13
200431,-13,-13
200440,10,10
200441,0,0
200450,-11,-11
200451,1,1
200460,1,1
200461,0,0
200470,1,1
200471,2,2
200480,-13,-13
200481,2,1
200490,-11,-11
200491,-11,-11
200500,0,0
200501,-13,-13
200510,-13,-13
200511,-11,-11
200520,2,2
200521,2,1
200530,11,11
200531,1,1
200540,1,1
200541,1,10
200550,1,0
200551,1,1
200560,11,1
200561,-11,-333
200570,2,1
200571,0,0
200580,11,11
200581,-13,-13
200590,1,2
200591,10,10
200600,1,1
200601,-11,-11
200610,1,1
200611,1,11
200620,1,1
200621,-11,-11
200630,-13,-13
200631,1,1
200640,-11,-11
200641,1,1
200650,-13,-13
200651,1,1
200660,1,1
200661,0,0
200670,2,1
200671,3,2
200680,3,11
200681,-13,-13
200690,-11,-11
200691,1,1
200700,-11,-11
200701,-11,-11
200710,-13,-13
200711,1,1
200720,0,1
200721,2,2
200730,10,10
200731,10,10
200740,2,11
200741,-11,1
200750,1,1
200751,10,10
200760,-11,-11
200761,-11,-11
200770,10,10
200771,-13,-13
200780,0,0
200781,-11,-11
200790,-13,-13
200791,0,0
200800,11,11
200801,10,10
200810,-11,-11
200811,1,1
200820,-13,-333
200821,0,10
200830,10,10
200831,11,11
200840,10,10
200841,1,2
200850,-13,-13
200851,1,1
200860,-13,-13
200861,0,1
200870,1,1
200871,2,2
200880,-11,-11
200881,-11,-11
200890,-13,-13
200891,2,2
200900,3,1
200901,1,1
200910,1,2
200911,-13,-13
200920,1,1
200921,-11,-11
200930,2,1
200931,1,1
200940,1,1
200941,-13,-13
200950,1,10
200951,1,1
200960,-13,-13
200961,2,1
200970,10,10
200971,-11,-11
200980,2,2
200981,1,2
200990,1,1
200991,2,2
201000,0,0
201001,-13,-13
201010,10,10
201011,1,1
201020,0,1
201021,1,1
201030,0,0
201031,-13,-13
201040,2,1
201041,0,11
201050,1,11
201051,2,1
201060,-13,-13
201061,1,2
201070,10,11
201071,0,1
201080,1,1
201081,-13,-13
201090,1,-11
201091,0,10
201100,0,0
201101,2,1
201110,-11,-11
201111,-13,0
201120,1,1
201121,-11,-11
201130,-13,-13
201131,-11,-11
201140,1,1
201141,1,1
201150,-13,-13
201151,2,2
201160,-13,-13
201161,1,1
201170,-11,-13
201171,10,10
201180,2,2
201181,-13,-13
201190,10,10
201191,1,1
201200,-13,-13
201201,-11,-11
201210,10,10
201211,-13,-13
201220,2,2
201221,1,11
201230,-13,-13
201231,-11,-11
201240,0,0
201241,1,1
201250,-13,-13
201251,1,1
201260,11,11
201261,1,2
201270,-13,-13
201271,0,0
201280,-13,-13
201281,-11,-11
201290,1,1
201291,1,1
201300,-11,-11
201301,-11,-11
201310,-11,1
201311,1,1
201320,3,2
201321,1,1
201330,2,11
201331,-13,-13
201340,1,1
201341,1,1
201350,1,1
201351,-13,-13
201360,1,1
201361,-11,-11
201370,0,1
201371,-13,-13
201380,1,0
201381,-11,-11
201390,0,0
201391,-11,-11
201400,-11,-11
201401,1,1
201410,1,1
201411,-11,-11
201420,1,0
201421,-11,-11
201430,1,1
201431,2,1
201440,-13,-13
201441,-13,-13
201450,3,1
201451,1,1
201460,2,11
201461,1,1
201470,-11,-11
201471,-11,-11
201480,11,11
201481,11,11
201490,-11,-11
201491,2,1
201500,1,1
201501,-11,-11
201510,1,1
201511,-13,-13
201520,-11,-11
201521,1,1
201530,-11,1
201531,11,10
201540,11,10
201541,0,0
201550,-13,1
201551,1,-333
201560,1,1
201561,2,2
201570,-13,-13
201571,1,1
201580,0,-13
201581,-13,-13
201590,-11,-11
201591,0,11
201600,1,2
201601,4,2
201610,1,1
201611,-11,-11
201620,-11,-11
201621,0,0
201630,1,1
201631,1,1
201640,-13,-13
201641,11,10
201650,11,11
201651,-11,-11
201660,11,11
201661,2,2
201670,-13,-13
201671,11,10
201680,-11,-11
201681,10,10
201690,1,1
201691,-13,-13
201700,-11,-11
201701,0,0
201710,2,1
201711,10,10
201720,10,11
201721,1,1
201730,10,10
201731,-13,-13
201740,10,10
201741,2,1
201750,1,1
201751,-11,-11
201760,1,1
201761,-13,-13
201770,1,1
201771,10,10
201780,-11,-11
201781,1,1
201790,-11,-11
201791,-13,-13
201800,-13,-13
201801,1,1
201810,10,10
201811,-13,-13
201820,1,1
201821,2,2
201830,0,-13
201831,10,10
201840,0,0
201841,-13,-13
201850,1,-333
201851,-11,-11
201860,11,11
201861,1,1
201870,2,2
201871,10,10
201880,10,10
201881,0,0
201890,-13,-13
201891,2,2
201900,-11,-11
201901,-13,-13
201910,1,1
201911,-13,-13
201920,0,0
201921,-13,-13
201930,10,11
201931,1,1
201940,1,1
201941,0,-333
201950,-13,-11
201951,10,10
201960,-11,-11
201961,1,2
201970,-13,-13
201971,-13,-13
201980,2,2
201981,2,1
201990,11,11
201991,2,2
202000,1,1
202001,0,0
202010,-13,-13
202011,2,11
202020,-13,-13
202021,1,1
202030,-13,-11
202031,0,0
202040,-13,-13
202041,-11,-11
202050,-11,-11
202051,-13,-13
202060,2,2
202061,-13,-13
202070,0,0
202071,1,1
202080,-11,-11
202081,-13,-13
202090,10,10
202091,-13,-13
202100,1,1
202101,0,-11
202110,0,0
202111,11,11
202120,10,11
202121,0,0
202130,10,10
202131,1,1
202140,1,11
202141,-13,-13
202150,2,2
202151,-13,-13
202160,2,1
202161,10,10
202170,2,1
202171,-11,1
202180,0,1
202181,10,10
202190,0,0
202191,2,2
202200,-13,-13
202201,-13,-13
202210,-13,-13
202211,-11,-11
202220,1,1
202221,0,0
202230,-11,-11
202231,1,1
202240,1,1
202241,0,1
202250,10,10
202251,0,1
202260,2,2
202261,1,1
202270,-13,-13
202271,1,0
202280,2,2
202281,2,2
202290,-11,-13
202291,-11,-11
202300,-13,-13
202301,1,1
202310,11,10
202311,1,2
202320,-11,-11
202321,-13,-13
202330,-13,-13
202331,-11,1
202340,2,2
202341,11,11
202350,2,1
202351,0,0
202360,2,1
202361,11,2
202370,10,10
202371,11,11
202380,-13,-13
202381,1,10
202390,10,10
202391,1,1
202400,1,1
202401,-13,-13
202410,-13,-13
202411,10,10
202420,-13,-13
202421,-13,-13
202430,1,1
202431,1,11
202440,0,0
202441,-11,1
202450,-11,-11
202451,2,1
202460,1,1
202461,0,0
202470,0,0
202471,10,10
202480,-11,-11
202481,1,1
202490,0,1
202491,1,1
202500,0,0
202501,-13,-13
202510,1,10
202511,-11,-11
202520,-13,-13
202521,-11,1
202530,1,1
202531,0,0
202540,10,10
202541,0,0
202550,10,11
202551,3,2
202560,1,1
202561,0,0
202570,-11,-11
202571,-11,-11
202580,1,1
202581,10,10
202590,-11,-11
202591,-11,-11
202600,1,1
202601,1,1
202610,-11,-11
202611,1,1
202620,0,0
202621,3,11
202630,-11,-11
202631,1,1
202640,1,10
202641,-11,-11
202650,-13,-13
202651,2,1
202660,-11,-11
202661,-11,-11
202670,1,11
202671,-11,-11
202680,2,1
202681,12,11
202690,-11,1
202691,1,1
202700,1,1
202701,-13,-13
202710,-11,-11
202711,1,10
202720,-13,-13
202721,-13,-13
202730,-13,-13
202731,11,10
202740,0,0
202741,1,1
202750,1,1
202751,-13,-13
202760,-11,-11
202761,-13,-13
202770,-11,-11
202771,1,1
202780,-13,-13
202781,2,2
202790,-13,-13
202791,11,10
202800,1,1
202801,2,1
202810,2,11
202811,2,2
202820,0,0
202821,-11,-11
202830,-13,-13
202831,-13,-13
202840,1,1
202841,0,0
202850,1,1
202851,2,2
202860,1,1
202861,-13,-13
202870,-11,-11
202871,1,1
202880,0,0
202881,2,1
202890,-11,-11
202891,-13,-13
202900,1,1
202901,-11,-11
202910,10,10
202911,-11,-11
202920,1,1
202921,11,11
202930,10,10
202931,-13,-13
202940,1,1
202941,-13,-13
202950,2,11
202951,1,1
202960,0,0
202961,0,0
202970,1,1
202971,1,1
202980,2,2
202981,-13,-13
202990,1,1
202991,10,10
203000,11,11
203001,1,1
203010,2,2
203011,-11,-11
203020,-11,-11
203021,-11,-11
203030,-11,-13
203031,0,10
203040,11,10
203041,12,11
203050,-11,-11
203051,2,11
203060,1,1
203061,-11,-11
203070,10,10
203071,-11,-11
203080,0,0
203081,12,11
203090,-11,-11
203091,10,11
203100,-11,-11
203101,2,2
203110,-11,-11
203111,0,1
203120,0,0
203121,1,2
203130,0,0
203131,1,1
203140,-13,-13
203141,-13,-13
203150,1,1
203151,-11,-11
203160,0,0
203161,-13,-13
203170,-13,-13
203171,10,10
203180,-11,-11
203181,-11,-11
203190,1,2
203191,1,1
203200,1,1
203201,11,11
203210,2,1
203211,2,2
203220,-13,-13
203221,-11,-11
203230,1,10
203231,-11,-11
203240,1,2
203241,0,0
203250,2,1
203251,1,-11
203260,2,1
203261,1,1
203270,-13,-222
203271,-11,1
203280,0,0
203281,1,1
203290,0,0
203291,10,2
203300,1,1
203301,10,10
203310,0,0
203311,1,10
203320,-13,-13
203321,-13,-13
203330,-11,-11
203331,1,1
203340,-13,-11
203341,1,-333
203350,1,1
203351,11,11
203360,-13,-13
203361,1,1
203370,1,1
203371,1,1
203380,3,1
203381,1,1
203390,3,11
203391,0,0
203400,1,1
203401,1,1
203410,-13,-13
203411,-11,-11
203420,1,1
203421,-11,-11
203430,0,-333
203431,-11,1
203440,1,1
203441,0,0
203450,1,11
203451,-13,-13
203460,-13,-13
203461,11,11
203470,2,2
203471,0,0
203480,0,0
203481,2,1
203490,2,2
203491,-11,-11
203500,1,2
203501,10,10
203510,10,11
203511,1,1
203520,10,10
203521,0,0
203530,-13,-13
203531,1,1
203540,-11,-11
203541,0,0
203550,-11,-11
203551,0,0
203560,-11,-11
203561,-13,-13
203570,0,0
203571,1,1
203580,0,0
203581,10,10
203590,2,2
203591,-11,-11
203600,0,0
203601,2,2
203610,1,1
203611,0,10
203620,-13,-13
203621,1,1
203630,2,2
203631,-11,-11
203640,-13,-13
203641,-13,-13
203650,-11,-11
203651,0,0
203660,-11,-11
203661,-11,-11
203670,1,1
203671,-1,10
203680,-13,-13
203681,0,1
203690,0,0
203691,-13,1
203700,1,2
203701,1,1
203710,-11,-11
203711,-11,-11
203720,1,1
203721,0,0
203730,0,0
203731,10,10
203740,1,1
203741,2,2
203750,0,1
203751,1,1
203760,-13,-13
203761,1,1
203770,11,11
203771,-13,-11
203780,-13,0
203781,2,1
203790,-11,-11
203791,0,0
203800,0,0
203801,-11,-11
203810,-13,-13
203811,1,1
203820,12,11
203821,-11,-11
203830,-13,-13
203831,-13,-13
203840,-11,-11
203841,1,1
203850,1,1
203851,1,1
203860,10,10
203861,-11,-11
203870,-11,-11
203871,1,11
203880,3,11
203881,1,1
203890,0,0
203891,0,0
203900,0,10
203901,-13,-13
203910,-11,-11
203911,-11,0
203920,-13,-13
203921,-13,-13
203930,-11,-11
203931,10,10
203940,1,1
203941,-13,-13
203950,-11,-11
203951,1,1
203960,-11,-11
203961,10,10
203970,-11,-11
203971,-13,-13
203980,-11,-333
203981,0,0
203990,0,0
203991,1,1
204000,-13,-13
204001,-13,-13
204010,0,0
204011,11,11
204020,2,1
204021,1,1
204030,1,1
204031,11,11
204040,-13,-13
204041,-11,-11
204050,-13,-13
204051,10,10
204060,-11,-11
204061,3,1
204070,0,1
204071,10,11
204080,10,11
204081,1,1
204090,0,0
204091,0,0
204100,1,1
204101,1,1
204110,0,1
204111,1,1
204120,0,0
204121,-13,-13
204130,-11,-11
204131,1,1
204140,1,1
204141,0,0
204150,0,11
204151,2,2
204160,2,2
204161,2,2
204170,0,0
204171,2,2
204180,-11,-11
204181,-13,-13
204190,-11,-11
204191,0,0
204200,1,1
204201,-13,-13
204210,-11,1
204211,10,10
204220,-11,-11
204221,1,1
204230,1,10
204231,-13,-13
204240,-11,-11
204241,-11,-11
204250,1,1
204251,-11,-11
204260,-11,-11
204261,-13,-13
204270,11,11
204271,11,11
204280,1,1
204281,-13,-13
204290,-11,-11
204291,-13,-13
204300,1,1
204301,1,1
204310,1,11
204311,-11,-11
204320,-11,-11
204321,10,10
204330,12,11
204331,-11,-11
204340,-11,-11
204341,0,0
204350,1,1
204351,-11,-11
204360,0,0
204361,-13,-13
204370,-13,-13
204371,0,11
204380,0,0
204381,12,11
204390,-13,-13
204391,-13,-13
204400,-13,-13
204401,0,0
204410,2,10
204411,10,10
204420,-13,-13
204421,10,10
204430,1,1
204431,10,11
204440,1,1
204441,-11,-11
204450,10,10
204451,2,1
204460,2,2
204461,1,2
204470,-13,-13
204471,2,1
204480,-11,-11
204481,11,11
204490,10,10
204491,1,1
204500,0,0
204501,2,1
204510,0,0
204511,0,1
204520,1,1
204521,0,0
204530,1,11
204531,-13,-13
204540,1,1
204541,2,1
204550,-11,-11
204551,2,2
204560,1,1
204561,-13,-13
204570,2,2
204571,1,11
204580,-11,1
204581,10,10
204590,1,1
204591,1,2
204600,10,-11
204601,0,1
204610,1,1
204611,-11,-11
204620,1,1
204621,-13,-13
204630,2,2
204631,-11,-11
204640,-11,-11
204641,-11,-11
204650,-13,-13
204651,-13,-13
204660,11,10
204661,10,10
204670,2,1
204671,-13,-13
204680,1,1
204681,0,1
204690,-11,-11
204691,-11,-11
204700,1,1
204701,1,1
204710,1,1
204711,2,1
204720,-11,-11
204721,0,0
204730,-11,-11
204731,-11,-11
204740,11,11
204741,-13,-13
204750,0,0
204751,1,1
204760,-11,1
204761,1,1
204770,1,1
204771,0,0
204780,-13,-13
204781,2,1
204790,-13,-13
204791,1,1
204800,-13,-13
204801,11,11
204810,11,10
204811,-13,-13
204820,0,0
204821,0,-11
204830,-13,-13
204831,1,1
204840,-11,-11
204841,0,0
204850,0,0
204851,0,0
204860,-11,1
204861,1,1
204870,2,1
204871,1,1
204880,-13,1
204881,10,10
204890,-11,-11
204891,1,1
204900,1,11
204901,-13,-13
204910,1,1
204911,0,0
204920,1,2
204921,1,1
204930,10,1
204931,3,2
204940,-13,-13
204941,10,10
204950,0,1
204951,-11,-11
204960,-11,-11
204961,1,1
204970,-13,-13
204971,-11,-11
204980,1,2
204981,-11,-11
204990,10,10
204991,-11,-11
205000,-13,-13
205001,2,2
205010,0,10
205011,-13,-13
205020,1,-11
205021,2,1
205030,-13,-13
205031,-11,-11
205040,1,1
205041,1,1
205050,11,-333
205051,1,-222
205060,0,0
205061,1,1
205070,2,2
205071,-11,-11
205080,-13,-13
205081,-13,-13
205090,2,1
205091,1,1
205100,-13,-13
205101,-11,1
205110,1,1
205111,-13,-13
205120,1,1
205121,1,1
205130,11,11
205131,-11,-11
205140,0,0
205141,-11,-11
205150,1,2
205151,11,11
205160,1,10
205161,-11,-11
205170,0,0
205171,1,1
205180,10,10
205181,-11,-11
205190,11,10
205191,3,2
205200,-11,-11
205201,-11,-11
205210,1,1
205211,1,1
205220,-13,-13
205221,-13,-13
205230,-11,-11
205231,1,1
205240,0,0
205241,-13,-13
205250,-11,-11
205251,0,0
205260,2,1
205261,-13,-13
205270,-13,-13
205271,-11,-11
205280,-13,-13
205281,1,1
205290,-11,-11
205291,-11,-11
205300,2,1
205301,1,1
205310,11,10
205311,1,1
205320,10,1
205321,1,1
205330,-13,-13
205331,11,10
205340,1,11
205341,-13,-13
205350,-13,-13
205351,1,1
205360,1,1
205361,2,1
205370,-13,-13
205371,-13,-13
205380,2,2
205381,0,0
205390,-13,-13
205391,1,1
205400,-13,-13
205401,1,1
205410,1,11
205411,-13,-13
205420,-11,1
205421,-13,-13
205430,-13,-13
205431,-13,-13
205440,10,10
205441,10,10
205450,1,1
205451,11,11
205460,1,1
205461,1,1
205470,11,11
205471,0,1
205480,3,2
205481,1,1
205490,-13,-13
205491,-13,-13
205500,-13,-13
205501,0,1
205510,1,11
205511,10,10
205520,-11,-11
205521,1,1
205530,-11,-11
205531,1,1
205540,10,10
205541,-11,-11
205550,1,1
205551,-13,-13
205560,1,1
205561,1,1
205570,-13,-13
205571,-11,-11
205580,-13,-13
205581,1,1
205590,1,1
205591,-13,-13
205600,1,1
205601,0,-13
205610,-11,-11
205611,-13,-13
205620,-13,-13
205621,0,0
205630,-11,-11
205631,-11,-11
205640,1,1
205641,1,1
205650,-11,-11
205651,-13,-13
205660,10,11
205661,0,0
205670,0,0
205671,10,10
205680,-11,-11
205681,1,1
205690,2,2
205691,0,0
205700,1,1
205701,-13,-13
205710,-11,-11
205711,1,1
205720,10,10
205721,0,0
205730,1,1
205731,10,10
205740,1,1
205741,2,1
205750,1,1
205751,-11,1
205760,1,1
205761,1,1
205770,0,10
205771,1,11
205780,0,-11
205781,0,1
205790,1,2
205791,2,11
205800,1,1
205801,1,10
205810,10,10
205811,2,1
205820,-11,-11
205821,-13,-13
205830,0,1
205831,2,2
205840,0,0
205841,1,1
205850,-13,-13
205851,1,1
205860,1,1
205861,1,1
205870,2,2
205871,1,1
205880,11,11
205881,-11,-11
205890,-13,-13
205891,1,1
205900,1,1
205901,-13,-13
205910,1,1
205911,10,10
205920,10,10
205921,10,10
205930,-11,-11
205931,11,11
205940,1,10
205941,10,10
205950,-11,-11
205951,3,2
205960,-11,1
205961,1,1
205970,-13,-13
205971,1,1
205980,-11,-11
205981,1,1
205990,1,10
205991,1,1
206000,2,2
206001,11,10
206010,1,11
206011,1,1
206020,11,10
206021,-11,-13
206030,-13,-13
206031,1,1
206040,10,10
206041,11,10
206050,1,1
206051,-11,-11
206060,-13,-13
206061,11,11
206070,1,1
206071,10,10
206080,10,10
206081,-11,-11
206090,0,0
206091,1,1
206100,10,10
206101,-13,-13
206110,0,0
206111,0,0
206120,10,10
206121,1,1
206130,-13,-13
206131,-13,-13
206140,-13,-13
206141,-11,-11
206150,-13,-13
206151,2,2
206160,1,1
206161,-13,-13
206170,10,10
206171,-11,-11
206180,-13,-13
206181,1,1
206190,2,2
206191,-11,-11
206200,-11,-333
206201,-11,-11
206210,-13,-13
206211,0,0
206220,0,0
206221,-13,-13
206230,-11,-11
206231,-11,-11
206240,10,10
206241,0,0
206250,-11,-11
206251,1,1
206260,1,1
206261,2,2
206270,1,1
206271,0,1
206280,10,10
206281,-13,-13
206290,10,1
206291,11,10
206300,1,1
206301,-11,-11
206310,10,11
206311,10,10
206320,11,11
206321,10,10
206330,1,1
206331,-13,-13
206340,-11,-222
206341,0,1
206350,1,-333
206351,0,-13
206360,2,1
206361,2,2
206370,2,1
206371,3,2
206380,10,10
206381,-13,-13
206390,-13,-13
206391,10,10
206400,-13,-13
206401,1,-333
206410,10,10
206411,11,11
206420,0,0
206421,-13,-13
206430,-13,-13
206431,1,1
206440,-11,-11
206441,10,10
206450,-13,-13
206451,-11,-11
206460,1,1
206461,1,1
206470,2,11
206471,0,0
206480,1,1
206481,-13,-13
206490,-13,-13
206491,0,11
206500,-11,-11
206501,-11,-11
206510,1,2
206511,10,11
206520,1,1
206521,-11,-11
206530,0,0
206531,1,1
206540,-11,-11
206541,10,10
206550,-13,-13
206551,10,10
206560,-13,-13
206561,0,0
206570,1,1
206571,1,1
206580,1,10
206581,-11,-11
206590,1,1
206591,1,1
206600,-13,-13
206601,-11,-11
206610,-11,-11
206611,10,11
206620,2,2
206621,1,1
206630,2,11
206631,-11,-11
206640,-11,-11
206641,0,0
206650,1,1
206651,1,1
206660,-13,-11
206661,0,0
206670,1,-13
206671,-13,-13
206680,-13,-13
206681,1,1
206690,10,10
206691,-11,-11
206700,-11,-11
206701,-11,-11
206710,1,1
206711,11,11
206720,-11,-11
206721,0,10
206730,-11,-11
206731,1,1
206740,1,1
206741,1,1
206750,1,1
206751,-13,-13
206760,0,0
206761,1,1
206770,11,11
206771,11,11
206780,-13,-13
206781,1,1
206790,2,-333
206791,11,11
206800,2,1
206801,1,1
206810,10,10
206811,1,1
206820,1,1
206821,11,11
206830,2,2
206831,-13,-13
206840,-11,-11
206841,-11,-11
206850,1,1
206851,2,2
206860,-13,-13
206861,1,1
206870,11,10
206871,0,-11
206880,0,0
206881,0,0
206890,1,1
206891,1,1
206900,1,1
206901,0,0
206910,-11,-11
206911,1,1
206920,1,1
206921,-11,-11
206930,0,0
206931,0,0
206940,10,10
206941,-13,-13
206950,1,1
206951,-13,-13
206960,-13,-13
206961,1,1
206970,2,2
206971,1,1
206980,2,2
206981,1,1
206990,1,1
206991,10,10
207000,1,0
207001,10,10
207010,-11,-11
207011,10,10
207020,1,1
207021,-11,-11
207030,1,1
207031,-13,-13
207040,-13,-13
207041,1,1
207050,-11,-11
207051,1,1
207060,1,1
207061,1,1
207070,-11,-11
207071,10,10
207080,-11,-11
207081,11,10
207090,11,11
207091,0,0
207100,1,1
207101,-11,-11
207110,0,0
207111,10,10
207120,1,1
207121,10,10
207130,-13,-13
207131,2,2
207140,-11,-11
207141,-11,-11
207150,2,1
207151,0,0
207160,10,10
207161,-13,-13
207170,10,10
207171,-11,-11
207180,0,0
207181,-13,-13
207190,10,10
207191,-11,-11
207200,0,-11
207201,10,11
207210,10,11
207211,1,1
207220,10,10
207221,1,10
207230,-13,1
207231,0,-333
207240,2,11
207241,2,11
207250,1,1
207251,2,1
207260,10,10
207261,2,1
207270,1,11
207271,1,0
207280,1,1
207281,-13,-13
207290,2,2
207291,0,0
207300,0,10
207301,-11,1
207310,2,1
207311,2,2
207320,-13,-11
207321,-11,0
207330,10,10
207331,-13,-13
207340,-11,-11
207341,1,1
207350,-13,-13
207351,2,2
207360,1,1
207361,10,10
207370,-13,-13
207371,-13,-13
207380,3,2
207381,-11,-11
207390,10,11
207391,2,2
207400,-11,-11
207401,0,1
207410,0,0
207411,1,1
207420,1,1
207421,-11,-11
207430,1,1
207431,-11,-11
207440,0,0
207441,-13,-13
207450,0,1
207451,11,11
207460,-13,-13
207461,10,1
207470,2,1
207471,1,1
207480,1,1
207481,-13,-333
207490,2,2
207491,-13,-13
207500,11,11
207501,1,1
207510,1,11
207511,1,1
207520,0,1
207521,-11,-11
207530,1,2
207531,-13,-13
207540,10,10
207541,10,10
207550,1,1
207551,1,1
207560,11,11
207561,-13,-13
207570,10,10
207571,-13,-13
207580,-13,-13
207581,-11,-11
207590,1,1
207591,-11,-11
207600,0,0
207601,0,0
207610,1,1
207611,0,-13
207620,-11,1
207621,1,1
207630,0,0
207631,-11,-11
207640,2,11
207641,2,2
207650,2,1
207651,1,1
207660,-13,-13
207661,1,1
207670,1,1
207671,-11,-11
207680,-13,-13
207681,11,10
207690,-11,-11
207691,1,1
207700,1,1
207701,0,0
207710,-13,-13
207711,1,1
207720,1,2
207721,-11,-11
207730,2,1
207731,1,1
207740,1,1
207741,1,1
207750,2,1
207751,1,1
207760,1,1
207761,11,10
207770,1,-222
207771,-11,-11
207780,2,2
207781,-13,-13
207790,10,10
207791,10,10
207800,-13,-13
207801,11,11
207810,-13,-13
207811,-11,-11
207820,2,11
207821,-13,-13
207830,2,1
207831,-11,-11
207840,0,0
207841,0,0
207850,0,0
207851,11,10
207860,1,1
207861,-13,-13
207870,1,11
207871,10,11
207880,-13,-13
207881,-11,-11
207890,2,2
207891,11,11
207900,1,0
207901,-11,-11
207910,10,11
207911,1,10
207920,-11,-11
207921,-13,-13
207930,-13,-13
207931,10,10
207940,-13,-13
207941,0,1
207950,10,10
207951,-13,-222
207960,1,0
207961,1,1
207970,10,10
207971,2,1
207980,-11,-11
207981,3,2
207990,-13,-13
207991,1,0
208000,12,10
208001,-11,-11
208010,3,11
208011,0,-11
208020,-11,-11
208021,-11,-11
208030,11,11
208031,10,10
208040,1,2
208041,1,1
208050,-11,-11
208051,1,1
208060,10,10
208061,3,2
208070,1,1
208071,2,1
208080,0,0
208081,2,1
208090,1,1
208091,-11,-11
208100,-13,-13
208101,1,1
208110,11,11
208111,0,0
208120,0,0
208121,-13,-13
208130,1,1
208131,-13,-13
208140,2,1
208141,-11,-11
208150,-13,-13
208151,11,11
208160,1,1
208161,-11,-11
208170,1,1
208171,1,1
208180,11,11
208181,1,1
208190,0,0
208191,1,2
208200,10,10
208201,-13,-13
208210,1,1
208211,0,0
208220,-13,1
208221,0,0
208230,0,0
208231,10,10
208240,11,11
208241,-11,-11
208250,1,1
208251,0,1
208260,10,10
208261,-13,-13
208270,-11,-11
208271,-13,-13
208280,1,11
208281,1,2
208290,1,1
208291,-13,-13
208300,-13,-13
208301,-11,-11
208310,-13,-13
208311,2,2
208320,1,1
208321,0,0
208330,1,1
208331,4,2
208340,0,0
208341,10,10
208350,10,11
208351,-13,-13
208360,-11,-11
208361,-11,-11
208370,1,1
208371,2,2
208380,11,11
208381,-11,-11
208390,3,2
208391,0,0
208400,0,0
208401,-11,-11
208410,0,0
208411,-11,-11
208420,-13,-13
208421,3,11
208430,11,11
208431,10,10
208440,0,0
208441,0,1
208450,1,1
208451,-11,-11
208460,1,1
208461,-13,-13
208470,-13,-13
208471,12,11
208480,-11,-11
208481,10,10
208490,-11,-11
208491,1,1
208500,-13,-13
208501,1,1
208510,2,2
208511,10,10
208520,-13,-13
208521,2,2
208530,11,11
208531,-11,-11
208540,2,1
208541,1,1
208550,1,1
208551,-13,-333
208560,1,1
208561,1,1
208570,0,0
208571,0,10
208580,-11,-333
208581,0,0
208590,1,2
208591,0,0
208600,0,0
208601,-13,-13
208610,10,10
208611,-13,-13
208620,10,11
208621,-13,-13
208630,10,11
208631,12,11
208640,3,11
208641,1,1
208650,2,1
208651,-13,-13
208660,10,11
208661,-11,-333
208670,1,0
208671,2,1
208680,10,10
208681,10,10
208690,1,1
208691,0,2
208700,2,2
208701,10,10
208710,2,11
208711,0,0
208720,11,11
208721,0,0
208730,0,10
208731,2,2
208740,0,0
208741,1,1
208750,10,10
208751,2,1
208760,11,11
208761,2,1
208770,1,1
208771,-11,-11
208780,1,11
208781,11,11
208790,1,1
208791,-11,0
208800,1,1
208801,11,10
208810,1,1
208811,3,2
208820,2,1
208821,1,1
208830,11,11
208831,-11,-11
208840,-11,1
208841,0,1
208850,1,1
208851,10,11
208860,-11,-11
208861,1,1
208870,1,1
208871,-13,-13
208880,0,0
208881,1,1
208890,-11,-11
208891,10,10
208900,10,11
208901,-11,-11
208910,1,1
208911,0,0
208920,0,0
208921,10,10
208930,0,0
208931,1,1
208940,-11,-11
208941,0,0
208950,1,1
208951,10,11
208960,-13,-13
208961,4,2
208970,2,2
208971,1,1
208980,-13,-13
208981,-13,-13
208990,0,10
208991,1,1
209000,-11,-11
209001,-13,-13
209010,-11,-11
209011,0,-13
209020,1,1
209021,-13,-13
209030,1,1
209031,2,1
209040,10,1
209041,1,1
209050,-13,-13
209051,11,10
209060,-11,-333
209061,1,1
209070,10,2
209071,10,10
209080,1,1
209081,-13,-13
209090,-13,-13
209091,1,1
209100,1,-11
209101,-11,-11
209110,1,1
209111,1,1
209120,0,0
209121,0,0
209130,11,11
209131,-11,-11
209140,-11,-11
209141,10,10
209150,-13,-13
209151,0,0
209160,-13,-13
209161,1,1
209170,2,2
209171,3,2
209180,-13,-13
209181,-11,-11
209190,2,2
209191,-11,-11
209200,11,11
209201,-11,-11
209210,0,0
209211,-11,-11
209220,-13,-13
209221,-13,-13
209230,2,11
209231,-11,-11
209240,10,10
209241,-11,-11
209250,2,1
209251,-13,-333
209260,10,10
209261,0,0
209270,-13,-13
209271,0,-11
209280,1,1
209281,-11,-11
209290,1,1
209291,2,2
209300,0,0
209301,2,2
209310,1,1
209311,-11,-11
209320,1,1
209321,-11,-11
209330,-13,-13
209331,-11,-11
209340,11,10
209341,-11,-11
209350,0,0
209351,1,0
209360,2,11
209361,11,11
209370,-11,-11
209371,0,0
209380,1,1
209381,1,1
209390,2,2
209391,-13,-333
209400,10,11
209401,-13,-13
209410,3,11
209411,2,1
209420,10,10
209421,1,1
209430,-11,-11
209431,1,1
209440,-13,-13
209441,1,1
209450,-11,-11
209451,-11,-11
209460,1,1
209461,1,1
209470,1,1
209471,-11,-11
209480,-11,-11
209481,2,1
209490,-11,-11
209491,-13,-13
209500,0,1
209501,-13,-13
209510,-13,-13
209511,10,10
209520,1,1
209521,1,1
209530,1,1
209531,-11,1
209540,2,1
209541,11,11
209550,2,1
209551,2,-11
209560,1,1
209561,0,0
209570,-13,-13
209571,-13,1
209580,1,1
209581,1,2
209590,11,11
209591,-13,-13
209600,1,1
209601,1,1
209610,-11,-11
209611,-13,-13
209620,-13,-13
209621,1,1
209630,10,10
209631,1,1
209640,-13,-13
209641,-13,-13
209650,10,10
209651,1,1
209660,1,1
209661,-11,-11
209670,1,1
209671,0,1
209680,-13,-13
209681,1,1
209690,-11,-11
209691,1,1
209700,2,2
209701,10,10
209710,2,1
209711,-11,-11
209720,0,1
209721,-13,-13
209730,-13,-13
209731,0,0
209740,1,1
209741,1,1
209750,10,11
209751,1,2
209760,2,2
209761,2,2
209770,1,1
209771,0,1
209780,-13,-13
209781,11,11
209790,-13,0
209791,1,1
209800,-11,-11
209801,0,0
209810,11,11
209811,1,1
209820,-11,-11
209821,-11,-11
209830,-11,1
209831,10,10
209840,0,1
209841,2,10
209850,2,11
209851,0,0
209860,10,10
209861,2,1
209870,-11,1
209871,-11,-11
209880,0,1
209881,-11,-11
209890,11,10
209891,1,1
209900,-11,-11
209901,-13,-13
209910,1,1
209911,-13,-13
209920,1,1
209921,1,1
209930,-13,-13
209931,1,1
209940,-13,-13
209941,2,11
209950,10,10
209951,1,1
209960,-13,-13
209961,-11,-11
209970,-11,1
209971,-13,-13
209980,-13,-13
209981,1,1
209990,2,2
209991,-13,-13
210000,0,0
210001,0,0
210010,2,11
210011,0,0
210020,1,0
210021,2,1
210030,-11,-11
210031,1,1
210040,-11,1
210041,1,1
210050,1,1
210051,-13,-13
210060,2,1
210061,1,1
210070,1,1
210071,1,1
210080,2,11
210081,1,1
210090,-13,-13
210091,0,0
210100,2,1
210101,-13,-13
210110,10,10
210111,1,1
210120,0,0
210121,-13,-13
210130,1,1
210131,1,1
210140,1,1
210141,-11,-11
210150,2,1
210151,2,1
210160,0,1
210161,2,2
210170,-11,-11
210171,1,1
210180,1,0
210181,-11,-11
210190,1,1
210191,1,1
210200,11,11
210201,1,1
210210,1,1
210211,-11,-11
210220,10,10
210221,-11,-11
210230,10,-222
210231,1,1
210240,-11,-11
210241,-13,-13
210250,0,0
210251,1,1
210260,2,2
210261,1,1
210270,1,2
210271,11,11
210280,-11,1
210281,-11,-11
210290,10,10
210291,-11,-11
210300,0,0
210301,-13,-13
210310,-13,-13
210311,10,10
210320,11,11
210321,11,10
210330,1,1
210331,-13,-13
210340,2,11
210341,0,0
210350,11,11
210351,2,2
210360,11,11
210361,-11,-11
210370,1,1
210371,-11,-11
210380,11,11
210381,1,1
210390,2,2
210391,0,0
210400,-13,-13
210401,0,0
210410,1,1
210411,1,2
210420,0,0
210421,11,11
210430,10,11
210431,10,10
210440,2,2
210441,-13,-13
210450,0,0
210451,1,1
210460,-13,-13
210461,-11,-11
210470,0,0
210471,0,0
210480,-11,-11
210481,10,10
210490,-11,-11
210491,11,10
210500,2,1
210501,10,10
210510,-11,-11
210511,-11,-11
210520,-13,-13
210521,2,2
210530,-13,-13
210531,1,1
210540,1,2
210541,-11,-333
210550,0,0
210551,10,11
210560,2,2
210561,1,1
210570,1,1
210571,3,1
210580,-11,-11
210581,-11,-11
210590,1,1
210591,0,10
210600,1,-222
210601,2,2
210610,1,1
210611,0,1
210620,1,1
210621,0,0
210630,2,2
210631,-11,-11
210640,-13,0
210641,-13,-13
210650,-13,-13
210651,1,1
210660,2,1
210661,-11,1
210670,2,2
210671,-11,-11
210680,-13,-13
210681,11,11
210690,1,1
210691,-11,1
210700,10,10
210701,0,0
210710,2,1
210711,-11,-11
210720,0,0
210721,-11,-11
210730,10,10
210731,-13,-13
210740,0,0
210741,1,1
210750,1,1
210751,-13,-13
210760,11,11
210761,1,1
210770,1,1
210771,-13,-13
210780,-11,-11
210781,0,11
210790,10,10
210791,1,1
210800,-13,-13
210801,-13,-13
210810,-11,-11
210811,-13,-13
210820,2,2
210821,1,1
210830,10,10
210831,-11,-11
210840,0,10
210841,0,1
210850,1,10
210851,-11,-11
210860,-11,-11
210861,-11,-11
210870,0,0
210871,1,1
210880,0,10
210881,1,1
210890,-11,-11
210891,-11,-11
210900,-11,-11
210901,-11,-11
210910,1,1
210911,-13,-13
210920,1,1
210921,0,0
210930,2,1
210931,-11,-11
210940,1,1
210941,-13,-13
210950,2,2
210951,-11,-11
210960,-13,-13
210961,-11,-11
210970,3,2
210971,-11,-11
210980,10,1
210981,-13,-13
210990,10,11
210991,1,1
211000,-11,-11
211001,-13,-13
211010,0,0
211011,12,11
211020,12,11
211021,1,1
211030,-11,-11
211031,0,1
211040,1,1
211041,1,1
211050,-11,-11
211051,-11,-11
211060,1,1
211061,-11,-11
211070,1,1
211071,1,1
211080,1,1
211081,1,-11
211090,-13,-13
211091,-13,-13
211100,1,1
211101,-13,-333
211110,-11,-11
211111,1,10
211120,10,10
211121,1,1
211130,-13,-13
211131,2,1
211140,10,10
211141,11,11
211150,-13,-13
211151,1,2
211160,0,0
211161,-13,-13
211170,-11,-11
211171,11,11
211180,12,11
211181,0,0
211190,0,0
211191,-11,-11
211200,1,2
211201,-11,-11
211210,-13,-13
211211,-11,-11
211220,-13,-13
211221,1,1
211230,-11,-11
211231,-13,-13
211240,0,0
211241,2,2
211250,1,1
211251,10,10
211260,-11,-11
211261,-13,-13
211270,-11,-11
211271,1,1
211280,-11,-11
211281,2,1
211290,-13,-13
211291,-13,-13
211300,-11,-11
211301,-11,-11
211310,0,0
211311,11,10
211320,10,10
211321,10,10
211330,1,1
211331,-13,-13
211340,1,1
211341,1,1
211350,10,11
211351,-11,-11
211360,1,1
211361,0,10
211370,10,10
211371,0,0
211380,11,11
211381,0,0
211390,10,11
211391,2,2
211400,0,0
211401,1,1
211410,2,2
211411,0,-333
211420,0,11
211421,-11,-11
211430,1,2
211431,2,1
211440,-13,-13
211441,11,10
211450,2,2
211451,2,1
211460,0,0
211461,1,1
211470,1,11
211471,0,0
211480,-13,-13
211481,10,10
211490,10,10
211491,-11,-11
211500,-13,1
211501,1,1
211510,0,2
211511,1,1
211520,1,1
211521,2,2
211530,11,11
211531,-13,-13
211540,10,10
211541,-11,-11
211550,1,1
211551,-13,-13
211560,0,0
211561,1,1
211570,-11,-11
211571,1,1
211580,-13,-13
211581,-13,-13
211590,-13,-11
211591,-11,-333
211600,10,10
211601,1,1
211610,2,2
211611,0,0
211620,1,1
211621,1,1
211630,0,0
211631,-11,1
211640,1,1
211641,2,2
211650,-11,-11
211651,1,1
211660,-13,-13
211661,2,2
211670,1,1
211671,10,10
211680,-11,-11
211681,1,1
211690,2,2
211691,1,1
211700,-11,1
211701,10,10
211710,10,10
211711,1,2
211720,2,2
211721,0,0
211730,10,10
211731,-13,-13
211740,11,10
211741,2,1
211750,-11,-11
211751,-11,-11
211760,2,2
211761,2,11
211770,10,10
211771,1,1
211780,11,10
211781,10,10
211790,10,10
211791,-11,-11
211800,0,10
211801,10,10
211810,-13,-13
211811,-11,-11
211820,0,0
211821,11,11
211830,1,1
211831,-11,-11
211840,0,0
211841,1,1
211850,-11,-11
211851,0,-13
211860,1,2
211861,0,0
211870,10,10
211871,-11,-13
211880,1,2
211881,-11,-11
211890,10,10
211891,-13,-13
211900,1,1
211901,1,1
211910,-13,-13
211911,2,1
211920,0,0
211921,1,1
211930,-11,-11
211931,-13,-13
211940,1,11
211941,1,1
211950,-11,-11
211951,-13,-13
211960,11,10
211961,1,1
211970,0,0
211971,1,1
211980,1,10
211981,1,10
211990,-11,-11
211991,10,10
212000,-13,-13
212001,11,11
212010,-11,-11
212011,-13,-13
212020,-13,-13
212021,1,1
212030,-13,-13
212031,-11,-11
212040,-11,0
212041,10,10
212050,10,10
212051,2,2
212060,2,11
212061,0,0
212070,-13,-13
212071,11,2
212080,1,11
212081,1,1
212090,-13,-13
212091,-13,-13
212100,1,1
212101,0,0
212110,1,1
212111,10,10
212120,-13,-13
212121,-11,-11
212130,1,1
212131,-13,-13
212140,-11,-11
212141,10,11
212150,-13,-13
212151,-13,-13
212160,0,0
212161,-13,-13
212170,2,2
212171,-13,-13
212180,-13,-13
212181,1,1
212190,1,1
212191,10,10
212200,-11,1
212201,-13,-13
212210,10,10
212211,0,1
212220,-11,-11
212221,1,1
212230,-13,-13
212231,0,0
212240,-11,-11
212241,1,1
212250,10,11
212251,10,10
212260,-13,-13
212261,1,11
212270,-13,-13
212271,-11,-11
212280,2,1
212281,2,2
212290,0,1
212291,1,1
212300,1,1
212301,1,1
212310,1,1
212311,-11,-11
212320,10,10
212321,0,0
212330,11,11
212331,1,1
212340,1,1
212341,0,0
212350,1,1
212351,-11,-11
212360,1,1
212361,1,0
212370,1,1
212371,-11,-11
212380,1,1
212381,-13,-13
212390,-11,-11
212391,1,1
212400,11,10
212401,-13,-13
212410,-11,-11
212411,10,10
212420,2,2
212421,1,1
212430,-13,-13
212431,-11,-11
212440,-11,-11
212441,10,10
212450,0,10
212451,1,1
212460,1,2
212461,-11,-11
212470,1,1
212471,-13,-13
212480,2,1
212481,-11,-11
212490,1,10
212491,2,2
212500,1,1
212501,11,11
212510,10,10
212511,1,1
212520,-11,-11
212521,1,1
212530,1,1
212531,11,10
212540,-13,-13
212541,2,1
212550,0,1
212551,1,1
212560,1,1
212561,2,2
212570,-11,-11
212571,-13,-13
212580,1,1
212581,-11,-11
212590,-11,-11
212591,2,2
212600,1,1
212601,0,0
212610,1,1
212611,-11,-11
212620,11,11
212621,0,0
212630,-11,-11
212631,1,1
212640,-11,-11
212641,11,11
212650,2,11
212651,-11,-11
212660,1,1
212661,-13,-13
212670,-13,-13
212671,1,1
212680,-11,-11
212681,-13,-13
212690,1,11
212691,1,-11
212700,1,1
212701,1,1
212710,-13,-13
212711,0,0
212720,-11,-11
212721,1,1
212730,-13,-13
212731,0,0
212740,3,2
212741,1,2
212750,0,0
212751,-13,-13
212760,-13,0
212761,-11,1
212770,1,1
212771,0,0
212780,1,1
212781,0,0
212790,-11,-11
212791,1,1
212800,-13,-222
212801,0,-222
212810,1,1
212811,2,2
212820,-11,-11
212821,-11,-11
212830,10,10
212831,10,11
212840,-13,-13
212841,-13,-13
212850,1,1
212851,0,0
212860,2,1
212861,0,1
212870,-13,-13
212871,1,10
212880,-11,-11
212881,11,10
212890,10,10
212891,1,0
212900,2,1
212901,-11,-13
212910,1,-11
212911,2,-333
212920,0,0
212921,10,10
212930,0,0
212931,1,1
212940,1,1
212941,-13,-13
212950,1,1
212951,-13,-13
212960,-13,-13
212961,2,2
212970,-13,1
212971,-11,-11
212980,-13,-13
212981,10,10
212990,-11,-11
212991,10,10
213000,10,10
213001,1,1
213010,-13,-13
213011,-13,-13
213020,2,2
213021,-11,-11
213030,1,1
213031,0,11
213040,2,2
213041,0,1
213050,-11,-11
213051,1,1
213060,11,11
213061,1,1
213070,1,1
213071,1,1
213080,10,11
213081,10,10
213090,-13,-13
213091,1,1
213100,0,0
213101,0,0
213110,-13,-13
213111,1,1
213120,-13,-13
213121,1,1
213130,-11,-11
213131,1,11
213140,0,0
213141,0,0
213150,0,0
213151,-13,-13
213160,10,10
213161,10,10
213170,1,1
213171,0,0
213180,1,1
213181,-13,-11
213190,1,1
213191,0,0
213200,11,11
213201,1,-11
213210,2,2
213211,1,1
213220,1,1
213221,1,1
213230,2,11
213231,1,1
213240,-11,-11
213241,11,10
213250,1,1
213251,2,1
213260,10,10
213261,1,1
213270,0,0
213271,0,0
213280,1,1
213281,1,1
213290,1,1
213291,-11,-11
213300,1,11
213301,-13,-13
213310,-13,-13
213311,1,1
213320,1,1
213321,-11,-11
213330,-13,-13
213331,1,1
213340,10,11
213341,0,1
213350,0,0
213351,1,1
213360,1,1
213361,2,2
213370,1,1
213371,10,10
213380,-11,-11
213381,2,2
213390,-11,-11
213391,11,11
213400,-13,-13
213401,-11,-11
213410,10,10
213411,-11,-11
213420,-11,-333
213421,1,1
213430,-11,-11
213431,0,0
213440,10,11
213441,1,1
213450,11,10
213451,10,10
213460,-13,-13
213461,-13,-13
213470,11,11
213471,11,11
213480,10,10
213481,0,0
213490,-13,-13
213491,1,1
213500,0,0
213501,0,2
213510,0,0
213511,1,1
213520,1,1
213521,1,1
213530,-13,-13
213531,-13,-13
213540,1,2
213541,-13,-13
213550,1,1
213551,1,1
213560,0,0
213561,-11,-11
213570,11,11
213571,-11,-11
213580,2,1
213581,-13,-13
213590,-13,-13
213591,2,2
213600,1,1
213601,-13,-13
213610,10,10
213611,1,1
213620,11,11
213621,-11,-11
213630,11,11
213631,11,10
213640,0,1
213641,-11,-13
213650,-11,-11
213651,1,1
213660,0,0
213661,0,0
213670,2,2
213671,-11,-11
213680,1,1
213681,-11,-11
213690,1,1
213691,1,2
213700,1,1
213701,-11,-11
213710,2,1
213711,-11,-11
213720,-13,-13
213721,-11,-11
213730,11,11
213731,11,11
213740,-11,-11
213741,11,11
213750,-11,-11
213751,3,2
213760,-11,-11
213761,-13,-13
213770,0,0
213771,1,1
213780,0,0
213781,-11,-11
213790,1,1
213791,2,11
213800,-11,1
213801,1,1
213810,1,1
213811,1,1
213820,10,10
213821,1,1
213830,2,1
213831,11,10
213840,-13,-13
213841,1,11
213850,11,11
213851,2,2
213860,-11,-11
213861,2,1
213870,1,1
213871,0,0
213880,0,-11
213881,-11,-13
213890,0,0
213891,1,1
213900,10,10
213901,-13,-13
213910,2,2
213911,12,11
213920,10,11
213921,-11,-11
213930,-11,-11
213931,0,0
213940,4,2
213941,-13,-13
213950,-13,-13
213951,2,11
213960,0,0
213961,1,1
213970,-11,1
213971,1,1
213980,0,0
213981,-13,-13
213990,1,1
213991,1,1
214000,-13,-13
214001,1,1
214010,2,1
214011,10,10
214020,10,10
214021,-13,-13
214030,12,11
214031,1,1
214040,1,10
214041,-11,-11
214050,0,0
214051,1,1
214060,2,2
214061,2,2
214070,1,1
214071,1,1
214080,-13,-13
214081,10,10
214090,-11,-11
214091,-13,-13
214100,11,11
214101,0,0
214110,11,10
214111,1,1
214120,-13,-13
214121,-13,-13
214130,-13,-13
214131,0,0
214140,1,1
214141,-11,-11
214150,-13,-13
214151,10,11
214160,1,1
214161,10,10
214170,0,11
214171,0,2
214180,0,0
214181,-13,-13
214190,1,1
214191,1,1
214200,1,1
214201,3,2
214210,10,10
214211,1,1
214220,-11,-11
214221,1,1
214230,-13,-13
214231,-11,-11
214240,-13,-13
214241,1,1
214250,2,1
214251,2,2
214260,1,1
214261,-13,-13
214270,1,1
214271,-13,-13
214280,0,0
214281,-11,-11
214290,0,1
214291,10,10
214300,-13,-13
214301,-13,-13
214310,-13,-13
214311,1,1
214320,-13,-13
214321,1,1
214330,1,1
214331,0,0
214340,0,0
214341,-13,-13
214350,-11,-11
214351,1,1
214360,0,0
214361,3,11
214370,1,1
214371,1,1
214380,1,1
214381,2,2
214390,0,0
214391,0,0
214400,1,1
214401,1,1
214410,0,0
214411,-11,-11
214420,0,0
214421,-11,-11
214430,11,11
214431,0,0
214440,1,1
214441,1,1
214450,10,10
214451,-11,-11
214460,0,0
214461,-13,-13
214470,0,0
214471,1,1
214480,1,1
214481,10,10
214490,1,1
214491,-11,-11
214500,1,1
214501,-13,-13
214510,2,1
214511,-13,-13
214520,-11,-11
214521,-13,-13
214530,-11,-11
214531,1,1
214540,-13,-13
214541,1,1
214550,1,1
214551,1,1
214560,-11,-11
214561,-11,-11
214570,-13,-13
214571,-11,-11
214580,10,10
214581,0,0
214590,0,0
214591,11,11
214600,1,1
214601,0,0
214610,2,2
214611,0,0
214620,-11,-11
214621,-13,-13
214630,1,1
214631,1,1
214640,1,1
214641,-13,-13
214650,-11,1
214651,-11,1
214660,1,-11
214661,-11,-11
214670,2,2
214671,-13,-333
214680,0,0
214681,2,11
214690,2,2
214691,-11,-11
214700,-11,-11
214701,2,2
214710,11,10
214711,0,0
214720,-13,-13
214721,1,2
214730,1,1
214731,-13,-13
214740,-11,-11
214741,1,1
214750,-11,-11
214751,1,1
214760,1,11
214761,10,10
214770,2,-11
214771,0,1
214780,1,1
214781,10,10
214790,1,1
214791,-11,-11
214800,0,0
214801,1,1
214810,11,10
214811,1,1
214820,2,2
214821,10,10
214830,1,1
214831,1,1
214840,10,10
214841,-11,-11
214850,10,10
214851,11,10
214860,1,1
214861,1,1
214870,10,10
214871,-13,-13
214880,0,1
214881,-13,-13
214890,1,1
214891,-13,-13
214900,-13,-13
214901,-13,-13
214910,2,2
214911,10,10
214920,-11,-11
214921,-11,-11
214930,-11,-11
214931,-11,-11
214940,-13,-13
214941,-11,-11
214950,1,1
214951,0,-13
214960,11,11
214961,-11,-11
214970,11,11
214971,-13,-13
214980,1,1
214981,11,10
214990,1,1
214991,-11,-11
215000,1,1
215001,2,0
215010,-13,-13
215011,10,10
215020,2,2
215021,-13,-13
215030,2,1
215031,1,1
215040,10,10
215041,1,1
215050,10,11
215051,-11,-11
215060,-13,-13
215061,-11,-11
215070,-13,-13
215071,11,11
215080,0,-11
215081,1,1
215090,1,1
215091,1,1
215100,-13,-13
215101,-11,-13
215110,-11,-11
215111,10,11
215120,2,1
215121,-13,-13
215130,10,10
215131,10,10
215140,1,1
215141,-13,-13
215150,1,1
215151,1,1
215160,0,0
215161,1,1
215170,-11,-11
215171,-11,-11
215180,-11,-11
215181,-11,-11
215190,-13,-11
215191,1,1
215200,-13,-13
215201,2,1
215210,10,10
215211,0,0
215220,1,1
215221,-13,-13
215230,10,10
215231,0,1
215240,1,10
215241,0,0
215250,-13,-13
215251,0,1
215260,-13,-13
215261,-13,-13
215270,10,11
215271,-13,-13
215280,1,1
215281,10,10
215290,10,10
215291,-13,-13
215300,10,10
215301,1,1
215310,1,1
215311,1,1
215320,1,1
215321,1,1
215330,-11,-11
215331,-11,-11
215340,-11,1
215341,1,1
215350,1,1
215351,11,11
215360,0,10
215361,0,0
215370,-13,-13
215371,11,11
215380,1,1
215381,1,1
215390,0,1
215391,10,10
215400,-13,-13
215401,1,1
215410,1,1
215411,-13,-13
215420,0,0
215421,-11,-11
215430,1,1
215431,2,1
215440,1,1
215441,1,1
215450,-11,-11
215451,1,1
215460,0,0
215461,-13,-13
215470,1,1
215471,10,10
215480,-13,-13
215481,-13,-13
215490,1,1
215491,2,2
215500,-13,-13
215501,-13,-13
215510,-13,-13
215511,-13,-13
215520,1,1
215521,0,0
215530,-11,-11
215531,1,1
215540,1,0
215541,10,10
215550,1,1
215551,2,2
215560,10,10
215561,1,2
215570,1,1
215571,1,1
215580,3,2
215581,1,1
215590,-13,-13
215591,-13,-13
215600,2,1
215601,1,1
215610,11,10
215611,-11,-11
215620,-13,-13
215621,1,2
215630,0,1
215631,1,1
215640,2,-222
215641,-13,-333
215650,0,1
215651,1,1
215660,2,1
215661,-11,-11
215670,1,1
215671,1,1
215680,1,1
215681,1,1
215690,-13,-333
215691,0,0
215700,-11,-11
215701,-11,-11
215710,-13,-11
215711,1,1
215720,-13,-13
215721,1,1
215730,-13,-13
215731,1,1
215740,1,1
215741,0,0
215750,1,1
215751,-11,-11
215760,1,1
215761,0,10
215770,0,0
215771,10,10
215780,-11,1
215781,1,1
215790,11,10
215791,10,10
215800,-11,-11
215801,0,0
215810,10,10
215811,-11,-11
215820,1,1
215821,1,2
215830,-11,-11
215831,11,10
215840,1,1
215841,2,2
215850,2,2
215851,-13,-13
215860,-11,-11
215861,1,1
215870,0,0
215871,0,1
215880,1,1
215881,-13,-13
215890,1,1
215891,-13,-13
215900,-13,-13
215901,-13,-13
215910,0,0
215911,-13,-13
215920,-11,-11
215921,-13,-13
215930,1,1
215931,-13,-13
215940,-11,-11
215941,-11,-11
215950,0,1
215951,-13,-11
215960,-13,-13
215961,1,1
215970,-11,-11
215971,-11,-11
215980,1,1
215981,-13,-13
215990,-11,-11
215991,1,11
216000,1,1
216001,2,2
216010,-11,1
216011,1,1
216020,11,11
216021,0,0
216030,2,11
216031,1,1
216040,-13,-13
216041,2,2
216050,2,1
216051,1,11
216060,1,1
216061,0,0
216070,2,2
216071,-11,-11
216080,10,10
216081,0,-11
216090,0,0
216091,-11,-13
216100,-13,-13
216101,1,1
216110,-11,-11
216111,2,1
216120,11,10
216121,1,2
216130,-13,-13
216131,-11,-11
216140,1,1
216141,-11,-11
216150,1,1
216151,1,1
216160,-13,-13
216161,10,10
216170,-13,0
216171,0,0
216180,10,10
216181,-11,-11
216190,1,0
216191,1,1
216200,-11,-11
216201,10,11
216210,1,1
216211,1,1
216220,-11,-11
216221,1,10
216230,0,0
216231,0,0
216240,-11,-11
216241,1,1
216250,11,11
216251,2,1
216260,-13,-13
216261,2,1
216270,2,2
216271,2,2
216280,-13,-13
216281,-11,-11
216290,1,1
216291,-13,-13
216300,1,1
216301,1,11
216310,11,11
216311,11,10
216320,-11,-11
216321,2,1
216330,-13,-13
216331,1,1
216340,-11,-11
216341,2,1
216350,1,1
216351,1,1
216360,1,1
216361,1,1
216370,1,1
216371,0,0
216380,-11,-11
216381,0,0
216390,-13,-13
216391,1,1
216400,-11,-11
216401,-13,-13
216410,-13,-13
216411,-13,-13
216420,-11,-11
216421,-13,-13
216430,1,1
216431,1,1
216440,2,2
216441,1,1
216450,-13,-333
216451,1,1
216460,10,10
216461,2,2
216470,-11,-11
216471,10,10
216480,11,1
216481,2,11
216490,-11,-11
216491,0,10
216500,0,0
216501,0,0
216510,-13,-13
216511,-11,-11
216520,-13,-13
216521,2,1
216530,-11,-11
216531,-11,-11
216540,-11,-11
216541,-11,-11
216550,11,11
216551,0,-11
216560,10,10
216561,2,11
216570,1,1
216571,-13,-13
216580,0,0
216581,1,1
216590,-13,-13
216591,-11,-11
216600,-11,-11
216601,-11,-11
216610,2,11
216611,2,2
216620,0,0
216621,1,1
216630,0,0
216631,1,1
216640,1,1
216641,-11,-11
216650,0,1
216651,1,1
216660,-11,-11
216661,1,0
216670,-13,-13
216671,1,1
216680,-13,-13
216681,-13,-13
216690,1,1
216691,3,1
216700,1,1
216701,0,0
216710,-11,-11
216711,-11,-11
216720,2,1
216721,1,1
216730,-11,-11
216731,1,1
216740,1,1
216741,-11,-11
216750,2,1
216751,1,1
216760,0,10
216761,2,1
216770,11,10
216771,0,1
216780,-11,-11
216781,4,2
216790,0,0
216791,-11,-11
216800,1,1
216801,0,0
216810,1,1
216811,-13,-13
216820,1,1
216821,-13,-13
216830,2,2
216831,12,11
216840,1,11
216841,1,1
216850,-11,-11
216851,1,1
216860,11,11
216861,11,10
216870,0,0
216871,-11,-11
216880,1,1
216881,1,1
216890,1,1
216891,1,1
216900,1,2
216901,2,1
216910,10,10
216911,1,1
216920,10,11
216921,0,1
216930,0,0
216931,-13,-13
216940,10,10
216941,12,11
216950,2,2
216951,0,1
216960,0,0
216961,1,1
216970,10,10
216971,0,0
216980,-11,-11
216981,1,11
216990,-13,-13
216991,10,10
217000,-11,-11
217001,1,1
217010,1,1
217011,10,10
217020,1,1
217021,1,1
217030,2,1
217031,-13,-13
217040,-11,-11
217041,-11,-11
217050,-13,-13
217051,11,11
217060,0,0
217061,1,-333
217070,-13,-13
217071,-13,-13
217080,1,1
217081,1,1
217090,-13,-13
217091,2,2
217100,-13,-13
217101,1,0
217110,-13,-13
217111,-13,-13
217120,1,1
217121,11,11
217130,10,10
217131,11,11
217140,1,1
217141,-13,-333
217150,0,0
217151,1,11
217160,1,1
217161,1,1
217170,-11,-11
217171,2,2
217180,1,1
217181,1,1
217190,1,1
217191,1,1
217200,1,2
217201,-13,-13
217210,-13,-13
217211,-13,-13
217220,-13,-13
217221,10,10
217230,10,10
217231,-13,-13
217240,0,-13
217241,12,11
217250,-11,-11
217251,0,10
217260,-13,-13
217261,2,1
217270,0,0
217271,0,0
217280,-13,-13
217281,-11,-11
217290,11,10
217291,0,0
217300,11,10
217301,10,10
217310,1,1
217311,11,10
217320,2,2
217321,-13,-13
217330,-11,-11
217331,-11,-11
217340,2,11
217341,0,0
217350,2,1
217351,-13,-13
217360,11,11
217361,1,1
217370,-11,0
217371,2,2
217380,-13,-13
217381,0,0
217390,1,1
217391,-13,-13
217400,0,-11
217401,-11,-13
217410,-11,-11
217411,1,1
217420,10,10
217421,11,10
217430,0,0
217431,-13,-13
217440,1,1
217441,-13,-13
217450,-11,-11
217451,10,10
217460,1,1
217461,0,0
217470,3,1
217471,10,10
217480,2,2
217481,-11,-11
217490,0,-13
217491,0,0
217500,0,-13
217501,1,2
217510,10,10
217511,2,2
217520,1,1
217521,0,0
217530,1,11
217531,0,1
217540,1,1
217541,1,1
217550,10,10
217551,2,2
217560,10,10
217561,-11,-11
217570,10,11
217571,1,1
217580,2,11
217581,0,0
217590,3,1
217591,-11,-11
217600,-11,-11
217601,-13,-13
217610,-13,-13
217611,0,0
217620,-11,-11
217621,-13,-13
217630,1,1
217631,11,11
217640,1,1
217641,0,0
217650,1,1
217651,1,1
217660,-13,-13
217661,0,1
217670,10,10
217671,1,1
217680,0,0
217681,3,11
217690,-11,-11
217691,-11,-11
217700,-11,-11
217701,2,1
217710,2,2
217711,10,10
217720,1,1
217721,10,10
217730,11,11
217731,-11,-11
217740,0,0
217741,1,1
217750,-13,-13
217751,1,1
217760,1,1
217761,-13,-13
217770,-13,-13
217771,1,10
217780,1,1
217781,-13,-13
217790,-11,-11
217791,-13,-13
217800,1,1
217801,1,2
217810,0,0
217811,-11,-11
217820,1,1
217821,1,1
217830,-13,-13
217831,1,1
217840,2,2
217841,-11,-13
217850,-11,-11
217851,-13,-13
217860,-11,-11
217861,0,0
217870,1,1
217871,10,10
217880,1,1
217881,-13,-13
217890,-13,-13
217891,-13,-13
217900,0,0
217901,1,1
217910,-13,-13
217911,-11,-11
217920,1,1
217921,1,1
217930,-13,-13
217931,10,11
217940,1,1
217941,-13,-13
217950,1,1
217951,-11,-11
217960,1,-11
217961,1,1
217970,1,-333
217971,-11,1
217980,1,1
217981,10,11
217990,-13,-13
217991,-13,-13
218000,-11,-11
218001,1,1
218010,1,1
218011,10,10
218020,0,0
218021,1,1
218030,0,0
218031,1,1
218040,1,1
218041,3,1
218050,-13,-13
218051,1,1
218060,0,0
218061,-13,-13
218070,-13,-13
218071,1,0
218080,1,1
218081,0,10
218090,-13,0
218091,-11,-11
218100,0,1
218101,1,1
218110,10,10
218111,2,2
218120,0,0
218121,2,1
218130,10,10
218131,-11,-11
218140,-13,-13
218141,2,-11
218150,0,1
218151,-13,-13
218160,-13,-13
218161,10,11
218170,-13,-13
218171,0,0
218180,10,10
218181,0,1
218190,10,10
218191,-11,-11
218200,10,10
218201,10,10
218210,-13,-13
218211,1,1
218220,1,1
218221,11,11
218230,0,0
218231,-13,-13
218240,1,1
218241,1,1
218250,1,1
218251,10,10
218260,2,2
218261,-13,-13
218270,2,1
218271,-11,-11
218280,11,11
218281,1,2
218290,-11,-11
218291,11,11
218300,1,1
218301,-13,-13
218310,1,1
218311,1,1
218320,-11,-11
218321,1,1
218330,-13,-13
218331,1,0
218340,-11,-11
218341,-11,-11
218350,2,2
218351,-11,-11
218360,1,1
218361,-11,-11
218370,10,11
218371,1,-222
218380,-11,-11
218381,10,10
218390,10,10
218391,2,2
218400,1,0
218401,-13,-13
218410,10,10
218411,-11,-11
218420,-13,-13
218421,-13,-13
218430,0,0
218431,11,11
218440,0,0
218441,-11,-11
218450,11,10
218451,-13,-13
218460,-11,-11
218461,0,0
218470,1,1
218471,-11,-11
218480,-13,-13
218481,11,11
218490,1,2
218491,-13,-13
218500,1,1
218501,10,10
218510,10,11
218511,1,11
218520,1,1
218521,-13,-13
218530,-11,-11
218531,1,1
218540,-11,-11
218541,0,0
218550,1,1
218551,1,1
218560,0,-13
218561,1,1
218570,1,10
218571,-11,-11
218580,-11,-11
218581,-13,-333
218590,0,0
218591,0,0
218600,-13,-13
218601,10,11
218610,-13,-13
218611,1,1
218620,1,1
218621,1,1
218630,-11,-11
218631,0,0
218640,0,-13
218641,-13,-13
218650,1,1
218651,10,10
218660,-13,-13
218661,1,1
218670,10,1
218671,-13,-13
218680,0,0
218681,-11,-11
218690,-13,-13
218691,10,10
218700,-11,-11
218701,-11,-11
218710,-11,-11
218711,-11,-11
218720,2,1
218721,1,1
218730,0,0
218731,1,1
218740,1,1
218741,-13,-13
218750,0,0
218751,-13,-13
218760,1,2
218761,1,1
218770,10,11
218771,0,0
218780,1,1
218781,11,11
218790,-13,-13
218791,2,2
218800,2,2
218801,1,1
218810,11,10
218811,-11,-11
218820,-13,-13
218821,10,10
218830,-11,1
218831,2,2
218840,0,0
218841,-13,-13
218850,0,-13
218851,10,11
218860,-13,-13
218861,12,11
218870,1,1
218871,0,0
218880,10,11
218881,10,10
218890,1,1
218891,10,10
218900,2,2
218901,1,1
218910,1,1
218911,1,1
218920,1,1
218921,0,0
218930,1,1
218931,-13,-13
218940,-13,-13
218941,-11,-11
218950,1,1
218951,1,2
218960,-11,-11
218961,0,0
218970,2,11
218971,-13,-13
218980,1,1
218981,2,1
218990,-11,-13
218991,10,10
219000,1,2
219001,0,0
219010,1,1
219011,10,10
219020,-11,-11
219021,-11,-11
219030,-11,-13
219031,1,1
219040,1,1
219041,-13,1
219050,2,1
219051,1,2
219060,2,1
219061,10,1
219070,0,0
219071,2,1
219080,-11,-13
219081,-11,-11
219090,-13,-13
219091,1,1
219100,1,1
219101,1,1
219110,-11,-11
219111,1,1
219120,0,0
219121,1,1
219130,0,0
219131,-13,-13
219140,-11,-11
219141,0,0
219150,-11,-11
219151,-13,-13
219160,-11,-11
219161,-13,-13
219170,-11,-11
219171,0,0
219180,0,0
219181,-13,-13
219190,1,1
219191,3,2
219200,-13,-13
219201,0,1
219210,-11,-11
219211,1,1
219220,0,1
219221,11,11
219230,-11,-11
219231,11,10
219240,-11,1
219241,1,1
219250,1,1
219251,11,10
219260,2,1
219261,1,1
219270,1,1
219271,10,10
219280,10,10
219281,1,1
219290,-11,-11
219291,1,1
219300,4,2
219301,-13,-13
219310,1,1
219311,-11,-11
219320,2,1
219321,-13,-13
219330,1,1
219331,1,2
219340,11,10
219341,10,10
219350,2,2
219351,-13,-13
219360,-13,-13
219361,1,1
219370,-13,-13
219371,-11,-11
219380,10,11
219381,1,1
219390,1,1
219391,1,1
219400,-13,-13
219401,-13,-333
219410,10,10
219411,1,1
219420,0,1
219421,0,2
219430,-11,1
219431,2,1
219440,11,10
219441,1,1
219450,1,1
219451,-13,-13
219460,1,1
219461,-11,-11
219470,-11,2
219471,10,10
219480,11,11
219481,-11,-11
219490,1,1
219491,-11,-11
219500,3,2
219501,-11,-11
219510,2,2
219511,10,10
219520,0,0
219521,1,1
219530,-13,-13
219531,10,10
219540,0,1
219541,-13,-13
219550,11,11
219551,2,1
219560,1,2
219561,1,1
219570,-13,-13
219571,2,2
219580,-11,-11
219581,1,2
219590,-13,-13
219591,1,1
219600,1,1
219601,1,1
219610,10,10
219611,1,1
219620,-13,-13
219621,0,0
219630,10,10
219631,2,10
219640,-13,-13
219641,1,2
219650,-13,-13
219651,1,1
219660,-11,1
219661,-11,-11
219670,10,11
219671,1,1
219680,-11,-11
219681,10,10
219690,1,1
219691,10,10
219700,0,1
219701,1,1
219710,1,1
219711,0,0
219720,-11,-11
219721,11,11
219730,-13,-13
219731,-13,-13
219740,-11,-11
219741,2,2
219750,2,1
219751,-11,-11
219760,2,2
219761,0,0
219770,1,1
219771,-13,-13
219780,-11,-11
219781,-13,-13
219790,2,1
219791,1,1
219800,0,0
219801,0,0
219810,-13,-13
219811,10,10
219820,10,10
219821,1,1
219830,1,1
219831,1,1
219840,-11,-11
219841,-11,-11
219850,2,11
219851,-11,-11
219860,1,1
219861,1,10
219870,0,0
219871,-11,1
219880,0,11
219881,1,1
219890,0,0
219891,-11,-333
219900,-11,-333
219901,0,0
219910,1,1
219911,0,0
219920,-13,-13
219921,11,11
219930,0,0
219931,-13,-13
219940,-11,-11
219941,-11,1
219950,-13,-13
219951,11,10
219960,0,0
219961,-11,1
219970,1,1
219971,1,1
219980,3,11
219981,1,1
219990,0,0
219991,0,1
220000,-11,-11
220001,-13,-13
220010,1,1
220011,-13,-13
220020,0,10
220021,10,10
220030,0,-11
220031,1,-11
220040,10,10
220041,-11,-11
220050,-11,-11
220051,0,1
220060,-11,-11
220061,2,11
220070,1,2
220071,1,1
220080,1,1
220081,-13,-333
220090,1,1
220091,1,1
220100,1,1
220101,0,0
220110,2,2
220111,-11,-333
220120,0,0
220121,0,0
220130,-11,-11
220131,1,1
220140,10,10
220141,-11,-11
220150,1,11
220151,1,1
220160,-13,-13
220161,1,1
220170,2,2
220171,-11,-11
220180,-11,-11
220181,2,2
220190,2,2
220191,-13,-13
220200,1,1
220201,-13,-13
220210,-11,-11
220211,10,10
220220,1,1
220221,-13,11
220230,-13,-13
220231,1,1
220240,11,10
220241,-11,-11
220250,0,1
220251,-13,-13
220260,10,11
220261,1,1
220270,2,2
220271,0,0
220280,1,1
220281,-11,-333
220290,-13,-13
220291,-13,-13
220300,-11,-11
220301,1,1
220310,0,0
220311,1,1
220320,-13,-333
220321,-11,-11
220330,0,0
220331,-11,-11
220340,2,1
220341,-13,-13
220350,1,1
220351,0,1
220360,10,11
220361,0,0
220370,1,1
220371,10,10
220380,-13,-13
220381,2,1
220390,-11,-11
220391,1,1
220400,10,11
220401,-11,-11
220410,10,10
220411,-11,-11
220420,2,11
220421,2,11
220430,1,1
220431,-13,-13
220440,1,1
220441,10,11
220450,2,2
220451,1,11
220460,1,1
220461,1,1
220470,1,1
220471,-11,1
220480,1,1
220481,-13,-13
220490,10,10
220491,10,10
220500,0,0
220501,1,-222
220510,-13,-13
220511,1,1
220520,-13,-13
220521,0,1
220530,-13,-13
220531,0,0
220540,11,10
220541,1,1
220550,10,10
220551,-13,-13
220560,2,1
220561,1,1
220570,11,11
220571,-13,-13
220580,0,1
220581,-13,-333
220590,-13,-13
220591,1,1
220600,2,2
220601,-11,1
220610,10,10
220611,1,1
220620,0,0
220621,10,1
220630,-13,-13
220631,-13,-13
220640,-11,-11
220641,-13,-13
220650,-13,-13
220651,1,1
220660,0,0
220661,-13,-13
220670,2,2
220671,1,1
220680,-13,0
220681,3,2
220690,1,1
220691,0,0
220700,11,11
220701,-13,-13
220710,1,1
220711,-13,-13
220720,-11,-11
220721,1,1
220730,2,1
220731,10,10
220740,2,2
220741,10,10
220750,10,-222
220751,10,11
220760,-11,-11
220761,2,2
220770,0,0
220771,0,0
220780,1,1
220781,2,1
220790,10,10
220791,-11,-11
220800,10,1
220801,0,-13
220810,1,1
220811,10,10
220820,0,2
220821,10,10
220830,-13,-13
220831,0,0
220840,-11,-11
220841,10,11
220850,1,1
220851,1,1
220860,-13,-13
220861,12,11
220870,3,11
220871,0,0
220880,2,11
220881,-11,-11
220890,1,1
220891,-11,-11
220900,1,1
220901,1,1
220910,1,1
220911,10,11
220920,2,1
220921,1,1
220930,1,-11
220931,-11,-11
220940,-13,-13
220941,-11,-11
220950,1,1
220951,1,1
220960,1,1
220961,-13,-13
220970,10,10
220971,-13,-13
220980,-13,-13
220981,-13,-13
220990,-13,-13
220991,1,1
221000,10,10
221001,2,2
221010,1,1
221011,-13,-13
221020,1,1
221021,-11,-11
221030,3,2
221031,2,1
221040,1,2
221041,11,10
221050,1,1
221051,1,1
221060,1,1
221061,0,0
221070,-11,-11
221071,1,1
221080,-11,-11
221081,10,10
221090,-13,-11
221091,1,1
221100,1,2
221101,-13,-13
221110,-13,-13
221111,-13,-13
221120,1,10
221121,1,1
221130,1,1
221131,10,11
221140,-13,-13
221141,-11,-11
221150,0,0
221151,1,1
221160,10,10
221161,1,1
221170,1,1
221171,1,1
221180,-13,-13
221181,1,1
221190,10,10
221191,-13,-13
221200,1,1
221201,10,11
221210,-11,-11
221211,-13,-13
221220,1,1
221221,-11,-11
221230,10,10
221231,11,11
221240,2,2
221241,-11,-11
221250,2,1
221251,1,1
221260,10,10
221261,0,1
221270,10,11
221271,2,1
221280,1,1
221281,2,2
221290,1,0
221291,1,1
221300,1,1
221301,0,1
221310,-11,-11
221311,2,2
221320,0,0
221321,11,11
221330,10,10
221331,0,0
221340,-13,-13
221341,0,0
221350,1,1
221351,-13,-13
221360,10,10
221361,1,1
221370,-11,-11
221371,-11,-11
221380,10,10
221381,2,2
221390,1,1
221391,0,0
221400,1,1
221401,10,10
221410,-13,-13
221411,0,0
221420,-13,-13
221421,-11,-11
221430,0,1
221431,1,1
221440,-11,-11
221441,1,1
221450,10,10
221451,-13,-13
221460,-13,-333
221461,1,1
221470,0,-333
221471,-11,-11
221480,-13,-13
221481,1,1
221490,1,1
221491,0,1
221500,-11,-11
221501,1,1
221510,-13,-13
221511,0,1
221520,-11,-11
221521,-11,-11
221530,0,0
221531,10,2
221540,-13,-13
221541,-11,-11
221550,1,1
221551,0,0
221560,10,11
221561,1,1
221570,1,1
221571,-11,-11
221580,0,0
221581,10,10
221590,1,1
221591,-13,1
221600,1,1
221601,10,10
221610,-11,-11
221611,1,1
221620,0,0
221621,1,1
221630,-11,-11
221631,2,2
221640,2,2
221641,-11,-11
221650,1,1
221651,1,1
221660,-13,-13
221661,0,0
221670,2,1
221671,1,1
221680,11,11
221681,-11,-11
221690,0,0
221691,1,1
221700,-11,-11
221701,10,10
221710,1,1
221711,-11,-11
221720,0,0
221721,0,0
221730,10,10
221731,1,1
221740,1,0
221741,2,2
221750,-11,-11
221751,-11,-11
221760,-13,-13
221761,-11,-11
221770,2,2
221771,-11,-11
221780,2,2
221781,10,10
221790,-11,-11
221791,1,1
221800,-11,-11
221801,-11,-11
221810,1,1
221811,-13,-13
221820,2,2
221821,1,1
221830,1,1
221831,0,0
221840,2,1
221841,-11,-11
221850,-11,-11
221851,0,0
221860,1,1
221861,-13,0
221870,1,1
221871,-13,-13
221880,2,1
221881,1,1
221890,0,0
221891,-13,-13
221900,2,2
221901,1,1
221910,0,10
221911,1,1
221920,0,0
221921,-13,-13
221930,-13,-13
221931,-11,-11
221940,-11,-11
221941,-11,-11
221950,1,1
221951,-11,-11
221960,0,0
221961,0,1
221970,1,1
221971,0,0
221980,-11,-11
221981,-13,-13
221990,1,1
221991,1,2
222000,2,2
222001,10,10
222010,-13,-13
222011,11,11
222020,-11,-11
222021,-11,-333
222030,-11,-11
222031,0,0
222040,2,11
222041,-11,-11
222050,1,1
222051,1,1
222060,-13,-13
222061,-11,-11
222070,1,1
222071,-11,-11
222080,1,1
222081,1,1
222090,0,1
222091,-13,-13
222100,1,1
222101,1,0
222110,-11,-11
222111,10,11
222120,1,1
222121,1,1
222130,10,10
222131,0,0
222140,0,0
222141,1,1
222150,-13,-13
222151,0,0
222160,-11,-333
222161,10,10
222170,-13,-13
222171,2,2
222180,1,1
222181,10,10
222190,0,2
222191,-11,-11
222200,-11,-11
222201,-13,-13
222210,-13,-13
222211,1,1
222220,1,1
222221,-11,-11
222230,0,0
222231,-11,1
222240,2,2
222241,1,1
222250,-11,-11
222251,-11,-11
222260,10,10
222261,2,2
222270,1,1
222271,10,10
222280,-11,-11
222281,0,0
222290,1,-11
222291,10,10
222300,2,11
222301,-13,-13
222310,1,1
222311,1,1
222320,0,0
222321,0,1
222330,1,0
222331,10,0
222340,-13,-13
222341,-11,-11
222350,-13,1
222351,10,10
222360,-11,-11
222361,10,11
222370,10,10
222371,1,1
222380,1,1
222381,-13,-13
222390,10,10
222391,2,1
222400,0,0
222401,-13,-13
222410,-11,-11
222411,2,1
222420,-11,1
222421,-13,-333
222430,1,1
222431,2,1
222440,-11,-11
222441,-13,-13
222450,-13,-13
222451,1,1
222460,10,10
222461,-11,-11
222470,-11,-11
222471,-13,-13
222480,1,2
222481,-11,1
222490,1,10
222491,10,1
222500,10,10
222501,-11,-11
222510,3,2
222511,-13,-333
222520,0,0
222521,-11,-11
222530,0,10
222531,-13,-13
222540,-11,-11
222541,0,1
222550,-11,-11
222551,1,-11
222560,2,11
222561,1,1
222570,-13,-13
222571,-11,-11
222580,-11,-11
222581,1,1
222590,0,0
222591,1,10
222600,10,10
222601,0,0
222610,1,1
222611,-13,-13
222620,1,1
222621,1,1
222630,1,1
222631,11,11
222640,-13,-13
222641,-11,-11
222650,-11,-11
222651,0,11
222660,10,10
222661,-13,-13
222670,1,11
222671,1,1
222680,-11,-11
222681,0,1
222690,10,10
222691,2,11
222700,10,10
222701,1,1
222710,1,1
222711,10,10
222720,1,1
222721,1,1
222730,1,1
222731,1,1
222740,-11,-11
222741,-13,-13
222750,2,1
222751,0,0
222760,-11,-11
222761,-11,-11
222770,-13,-13
222771,-11,-11
222780,0,0
222781,0,0
222790,-13,-13
222791,1,1
222800,1,11
222801,1,1
222810,1,11
222811,1,0
222820,10,10
222821,1,1
222830,0,0
222831,2,2
222840,1,1
222841,1,1
222850,1,1
222851,-13,-13
222860,0,1
222861,-11,-11
222870,1,1
222871,-11,-11
222880,1,1
222881,2,1
222890,-13,-13
222891,0,0
222900,-11,-11
222901,1,1
222910,2,-333
222911,2,1
222920,1,1
222921,-11,-11
222930,0,0
222931,-13,-13
222940,-13,-13
222941,-11,-11
222950,-13,-13
222951,-11,-11
222960,2,1
222961,1,2
222970,-13,-13
222971,10,10
222980,11,11
222981,1,1
222990,-13,-13
222991,-11,-11
223000,1,1
223001,-11,-11
223010,1,1
223011,0,0
223020,1,1
223021,1,1
223030,-13,-13
223031,-13,-333
223040,-13,-13
223041,10,10
223050,1,2
223051,1,-11
223060,1,1
223061,-13,-13
223070,0,-11
223071,10,10
223080,10,10
223081,2,1
223090,1,1
223091,-13,-13
223100,1,11
223101,-13,-13
223110,-13,-11
223111,-13,0
223120,0,0
223121,1,1
223130,-13,-13
223131,-13,-13
223140,0,0
223141,12,11
223150,2,1
223151,-11,-11
223160,-13,-13
223161,1,1
223170,-13,-13
223171,10,10
223180,-13,-11
223181,1,-333
223190,-11,-11
223191,11,11
223200,-11,-11
223201,1,1
223210,0,10
223211,1,1
223220,12,11
223221,10,10
223230,1,1
223231,11,11
223240,0,0
223241,2,1
223250,-13,-333
223251,-11,-11
223260,1,1
223261,-11,-11
223270,1,11
223271,3,-333
223280,11,11
223281,1,1
223290,-13,-13
223291,1,1
223300,-11,-11
223301,10,10
223310,2,1
223311,1,1
223320,11,11
223321,10,10
223330,-11,-11
223331,10,10
223340,1,11
223341,2,-11
223350,-11,-11
223351,-11,-11
223360,-11,-11
223361,-11,-11
223370,-11,1
223371,-11,-11
223380,-11,-11
223381,10,10
223390,1,1
223391,10,10
223400,0,0
223401,-13,-13
223410,-11,-11
223411,-11,-11
223420,0,1
223421,0,0
223430,-13,-13
223431,1,1
223440,-13,-13
223441,10,10
223450,0,11
223451,-13,-13
223460,0,-333
223461,10,10
223470,1,1
223471,2,2
223480,1,1
223481,1,1
223490,-11,-11
223491,10,10
223500,1,11
223501,-11,1
223510,-11,-11
223511,1,1
223520,-11,-11
223521,2,2
223530,10,10
223531,1,1
223540,-13,-13
223541,0,0
223550,1,1
223551,0,0
223560,-13,-13
223561,0,0
223570,0,0
223571,-13,-13
223580,-13,-13
223581,-13,-13
223590,1,1
223591,-13,-13
223600,2,1
223601,1,1
223610,-11,-11
223611,-13,-13
223620,1,1
223621,0,10
223630,-13,-13
223631,1,1
223640,1,1
223641,0,1
223650,-13,-13
223651,-11,-333
223660,2,2
223661,2,2
223670,-13,-13
223671,-11,-11
223680,0,0
223681,0,0
223690,1,1
223691,1,10
223700,1,1
223701,2,2
223710,-11,-333
223711,2,1
223720,1,1
223721,-13,-13
223730,1,1
223731,10,10
223740,10,10
223741,1,1
223750,1,1
223751,1,1
223760,-11,-11
223761,1,1
223770,-11,-11
223771,10,10
223780,0,0
223781,0,-11
223790,1,1
223791,1,0
223800,1,10
223801,-13,-13
223810,1,1
223811,-11,-11
223820,0,1
223821,1,1
223830,0,0
223831,1,1
223840,11,11
223841,-13,-13
223850,2,1
223851,10,10
223860,11,11
223861,10,11
223870,1,1
223871,2,-333
223880,-11,-11
223881,10,10
223890,10,10
223891,0,0
223900,-13,-13
223901,1,1
223910,-11,-11
223911,11,11
223920,11,10
223921,2,1
223930,-11,-11
223931,-13,-13
223940,-11,-11
223941,0,0
223950,2,1
223951,-11,-11
223960,1,1
223961,-13,-13
223970,1,1
223971,1,1
223980,1,11
223981,10,10
223990,10,10
223991,-11,-11
224000,-11,-13
224001,1,1
224010,-11,-11
224011,-13,-13
224020,0,0
224021,10,10
224030,1,1
224031,-13,-13
224040,-13,-13
224041,-11,-11
224050,-13,-13
224051,1,1
224060,0,-13
224061,1,1
224070,-13,-13
224071,-11,-11
224080,10,10
224081,0,1
224090,1,1
224091,-11,-11
224100,0,0
224101,10,11
224110,10,10
224111,-11,-11
224120,-11,-11
224121,10,10
224130,11,11
224131,1,1
224140,-13,-13
224141,0,0
224150,1,1
224151,0,0
224160,2,1
224161,10,10
224170,-13,-13
224171,1,0
224180,2,1
224181,-11,-11
224190,11,10
224191,10,10
224200,0,0
224201,1,1
224210,-13,-13
224211,1,1
224220,1,1
224221,11,11
224230,0,0
224231,1,1
224240,0,0
224241,-11,-11
224250,-11,-11
224251,0,1
224260,10,10
224261,1,1
224270,-13,-13
224271,0,0
224280,10,1
224281,3,11
224290,1,1
224291,1,1
224300,-13,-13
224301,0,0
224310,-11,-11
224311,1,1
224320,-11,-11
224321,1,1
224330,-13,-13
224331,2,1
224340,1,1
224341,-11,-11
224350,-13,-13
224351,10,10
224360,-13,-13
224361,10,10
224370,-11,-11
224371,-13,-13
224380,-13,-13
224381,-13,1
224390,0,0
224391,10,11
224400,2,1
224401,-13,-13
224410,0,0
224411,-11,-11
224420,10,10
224421,2,2
224430,1,1
224431,10,10
224440,-13,-13
224441,-11,-11
224450,10,10
224451,-11,-11
224460,-11,-11
224461,1,1
224470,-11,-11
224471,-11,-11
224480,-11,-11
224481,2,2
224490,0,1
224491,2,2
224500,2,2
224501,10,2
224510,-13,-13
224511,1,1
224520,1,1
224521,1,1
224530,2,1
224531,1,11
224540,0,0
224541,0,10
224550,1,2
224551,-11,-11
224560,1,1
224561,11,11
224570,11,11
224571,0,0
224580,1,1
224581,1,1
224590,-11,-11
224591,10,10
224600,3,2
224601,0,0
224610,1,1
224611,1,1
224620,-11,-11
224621,-11,-11
224630,2,2
224631,1,1
224640,11,10
224641,1,1
224650,-11,-11
224651,-13,-333
224660,1,2
224661,1,1
224670,10,10
224671,10,10
224680,10,10
224681,10,10
224690,-11,-11
224691,0,0
224700,-11,1
224701,-11,-11
224710,1,1
224711,0,11
224720,1,1
224721,-13,-13
224730,1,2
224731,12,11
224740,1,1
224741,1,1
224750,1,1
224751,10,11
224760,1,1
224761,11,10
224770,-11,-11
224771,-11,-11
224780,2,2
224781,1,1
224790,1,1
224791,10,10
224800,-11,-11
224801,10,10
224810,0,0
224811,0,0
224820,1,1
224821,-13,-13
224830,-13,-13
224831,11,11
224840,11,10
224841,10,10
224850,0,0
224851,-11,-11
224860,1,1
224861,1,1
224870,2,1
224871,1,1
224880,0,-333
224881,2,11
224890,-13,-13
224891,-13,-13
224900,10,10
224901,1,1
224910,10,10
224911,0,0
224920,1,10
224921,11,11
224930,12,11
224931,0,0
224940,2,11
224941,0,0
224950,1,1
224951,1,1
224960,1,1
224961,-11,-11
224970,1,2
224971,-11,-11
224980,1,1
224981,1,2
224990,1,2
224991,1,1
225000,1,1
225001,-13,-13
225010,0,0
225011,2,1
225020,2,2
225021,11,1
225030,-11,-11
225031,10,11
225040,-13,-13
225041,3,11
225050,-13,-13
225051,0,0
225060,-11,-11
225061,-11,-11
225070,1,1
225071,1,2
225080,0,0
225081,1,1
225090,0,0
225091,-11,1
225100,0,0
225101,-13,-13
225110,1,1
225111,-11,-11
225120,-13,-13
225121,1,1
225130,2,2
225131,1,2
225140,1,1
225141,-11,-11
225150,0,0
225151,1,1
225160,-11,-11
225161,1,1
225170,10,10
225171,1,11
225180,-11,-11
225181,-11,-11
225190,0,0
225191,10,10
225200,1,1
225201,-11,-11
225210,2,1
225211,-13,-13
225220,10,10
225221,1,1
225230,1,1
225231,-13,-13
225240,2,0
225241,2,2
225250,-11,1
225251,1,1
225260,3,2
225261,-11,-11
225270,2,11
225271,0,0
225280,1,1
225281,-13,-13
225290,10,10
225291,2,1
225300,1,1
225301,-13,-13
225310,0,0
225311,-11,-11
225320,-11,-11
225321,1,1
225330,-11,-11
225331,1,1
225340,2,1
225341,1,1
225350,1,1
225351,1,1
225360,1,1
225361,10,10
225370,2,2
225371,0,0
225380,0,0
225381,1,1
225390,-13,-13
225391,1,1
225400,1,1
225401,-13,-13
225410,-11,-11
225411,-13,-13
225420,1,1
225421,2,1
225430,-13,-13
225431,1,1
225440,1,1
225441,0,0
225450,10,-222
225451,-13,-13
225460,10,10
225461,10,10
225470,10,10
225471,-13,-13
225480,-13,1
225481,1,1
225490,1,1
225491,3,2
225500,2,1
225501,-13,-13
225510,0,0
225511,-13,-13
225520,-11,-11
225521,1,1
225530,10,10
225531,1,2
225540,10,10
225541,1,1
225550,-11,-11
225551,-11,-11
225560,0,0
225561,1,1
225570,-13,-13
225571,-13,-13
225580,10,10
225581,2,2
225590,2,1
225591,-13,1
225600,0,10
225601,1,1
225610,10,10
225611,11,10
225620,10,10
225621,11,11
225630,11,11
225631,-11,-11
225640,-11,-11
225641,-11,-11
225650,10,11
225651,11,11
225660,-11,-11
225661,-11,-11
225670,-13,-13
225671,-13,-13
225680,1,1
225681,1,1
225690,0,1
225691,0,0
225700,1,1
225701,10,11
225710,-11,-11
225711,1,11
225720,-11,-11
225721,-13,-13
225730,-11,-11
225731,-11,-11
225740,1,-11
225741,10,11
225750,-11,1
225751,-13,-13
225760,1,1
225761,1,1
225770,1,1
225771,1,-333
225780,0,0
225781,0,0
225790,1,0
225791,-13,-13
225800,0,0
225801,-13,-13
225810,-13,-13
225811,2,1
225820,-13,-13
225821,1,2
225830,0,0
225831,1,1
225840,-11,-11
225841,0,0
225850,11,10
225851,-11,-11
225860,0,0
225861,1,1
225870,-11,-11
225871,10,11
225880,-11,-11
225881,0,10
225890,2,2
225891,2,2
225900,-11,-11
225901,-11,-11
225910,10,10
225911,-13,-13
225920,1,1
225921,1,1
225930,11,11
225931,1,1
225940,1,1
225941,-11,-11
225950,1,1
225951,2,2
225960,0,10
225961,1,-222
225970,12,11
225971,1,1
225980,2,2
225981,-13,-13
225990,0,11
225991,11,10
226000,1,1
226001,0,0
226010,1,1
226011,-13,-13
226020,0,0
226021,-11,-11
226030,1,1
226031,1,1
226040,2,11
226041,-13,-13
226050,2,2
226051,1,1
226060,-11,-11
226061,1,0
226070,1,-11
226071,10,10
226080,2,2
226081,1,1
226090,1,11
226091,-13,-13
226100,1,1
226101,10,10
226110,0,0
226111,-13,-13
226120,1,0
226121,1,1
226130,-13,1
226131,0,1
226140,1,1
226141,-11,-11
226150,1,1
226151,-11,-11
226160,2,2
226161,-11,-11
226170,-13,-13
226171,1,1
226180,1,1
226181,-11,1
226190,-13,-11
226191,11,10
226200,-11,-11
226201,-11,-11
226210,0,1
226211,2,2
226220,11,10
226221,0,-11
226230,-13,-13
226231,-11,-11
226240,-13,-13
226241,-11,-11
226250,1,1
226251,11,11
226260,0,-13
226261,1,1
226270,0,0
226271,1,1
226280,1,1
226281,2,1
226290,-11,-11
226291,-13,-13
226300,1,1
226301,10,11
226310,0,0
226311,0,1
226320,1,1
226321,-11,1
226330,1,1
226331,1,1
226340,1,1
226341,-13,-13
226350,-11,-11
226351,-11,-11
226360,-11,-11
226361,0,1
226370,10,10
226371,1,1
226380,-11,-11
226381,-13,-13
226390,-11,-11
226391,-11,-11
226400,-13,0
226401,0,0
226410,1,1
226411,1,1
226420,-11,-11
226421,1,1
226430,-13,-13
226431,-13,-13
226440,1,1
226441,10,1
226450,-11,-11
226451,2,2
226460,1,1
226461,1,1
226470,11,11
226471,-11,-11
226480,1,1
226481,-11,-11
226490,11,10
226491,-13,-13
226500,-11,-11
226501,-13,-222
226510,11,11
226511,2,2
226520,11,11
226521,0,0
226530,11,0
226531,-11,-11
226540,-13,-13
226541,0,-11
226550,0,0
226551,1,2
226560,-13,-13
226561,-11,-11
226570,1,1
226571,1,1
226580,1,1
226581,11,11
226590,1,1
226591,-11,-11
226600,-11,-11
226601,-13,-13
226610,-13,-13
226611,1,1
226620,1,1
226621,11,11
226630,1,1
226631,11,10
226640,-13,-13
226641,2,2
226650,1,2
226651,-13,-13
226660,1,1
226661,-11,-11
226670,10,10
226671,11,11
226680,1,1
226681,-13,-13
226690,1,11
226691,1,11
226700,-11,-11
226701,-11,-11
226710,-11,0
226711,10,1
226720,-11,-11
226721,1,1
226730,1,1
226731,0,0
226740,-13,-13
226741,1,1
226750,-11,-11
226751,10,10
226760,11,11
226761,1,11
226770,10,10
226771,1,1
226780,10,10
226781,0,0
226790,-11,-11
226791,10,11
226800,-13,-13
226801,1,1
226810,2,11
226811,2,2
226820,-13,-13
226821,1,11
226830,1,1
226831,1,1
226840,-11,-11
226841,-13,-13
226850,10,10
226851,1,1
226860,1,1
226861,11,1
226870,10,10
226871,2,1
226880,2,1
226881,-11,-11
226890,-11,-13
226891,2,1
226900,1,1
226901,1,1
226910,1,1
226911,11,11
226920,1,1
226921,-13,-13
226930,-11,-11
226931,1,1
226940,-13,-13
226941,-13,-13
226950,1,1
226951,1,1
226960,11,10
226961,1,1
226970,-13,-13
226971,-13,-13
226980,-13,-13
226981,-11,-11
226990,1,1
226991,1,-333
227000,2,1
227001,-11,-11
227010,3,1
227011,0,0
227020,11,11
227021,-13,-13
227030,2,1
227031,1,1
227040,0,0
227041,0,0
227050,1,1
227051,-13,-13
227060,1,1
227061,10,10
227070,10,10
227071,-13,-13
227080,10,10
227081,-13,1
227090,11,10
227091,-13,-13
227100,11,10
227101,2,1
227110,-11,-13
227111,1,2
227120,1,1
227121,-13,-13
227130,-13,-13
227131,1,1
227140,-11,-11
227141,1,1
227150,2,2
227151,2,2
227160,1,1
227161,2,1
227170,10,10
227171,2,1
227180,-11,-11
227181,0,0
227190,2,11
227191,1,0
227200,1,1
227201,11,10
227210,1,10
227211,2,1
227220,2,2
227221,1,1
227230,1,1
227231,-11,-11
227240,2,11
227241,-13,-13
227250,0,1
227251,-1,10
227260,2,2
227261,-13,-13
227270,0,0
227271,1,-11
227280,1,1
227281,1,0
227290,-13,-13
227291,1,1
227300,-13,-11
227301,2,11
227310,1,11
227311,1,1
227320,10,10
227321,0,0
227330,1,1
227331,0,0
227340,11,11
227341,1,1
227350,1,1
227351,1,2
227360,1,0
227361,-13,-13
227370,1,1
227371,11,11
227380,-11,-11
227381,1,1
227390,1,1
227391,10,10
227400,-13,-13
227401,1,1
227410,0,-222
227411,10,-11
227420,0,0
227421,0,0
227430,1,0
227431,11,11
227440,0,11
227441,11,10
227450,0,0
227451,-13,-13
227460,1,10
227461,10,10
227470,11,10
227471,0,0
227480,1,1
227481,-11,0
227490,-13,-13
227491,0,10
227500,-11,-11
227501,0,0
227510,11,11
227511,-11,-11
227520,1,0
227521,10,10
227530,-11,-11
227531,11,10
227540,0,0
227541,10,10
227550,-11,-11
227551,2,1
227560,1,1
227561,0,0
227570,11,10
227571,1,1
227580,10,10
227581,1,1
227590,1,1
227591,2,2
227600,1,1
227601,-13,-13
227610,10,11
227611,0,0
227620,0,0
227621,0,-13
227630,-13,-13
227631,1,1
227640,-11,-11
227641,-13,1
227650,1,1
227651,2,1
227660,0,0
227661,-13,-13
227670,-13,-13
227671,1,1
227680,2,2
227681,2,2
227690,1,1
227691,10,10
227700,1,1
227701,-13,-13
227710,10,10
227711,-11,-11
227720,0,0
227721,-13,-13
227730,2,1
227731,0,0
227740,10,10
227741,10,11
227750,-13,-13
227751,2,2
227760,10,11
227761,0,0
227770,1,1
227771,-11,-11
227780,-13,-13
227781,-11,-11
227790,1,1
227791,10,11
227800,2,2
227801,11,10
227810,-13,-13
227811,-11,-11
227820,1,1
227821,-11,-11
227830,1,1
227831,11,10
227840,-11,-11
227841,1,1
227850,-11,-11
227851,-11,-11
227860,1,1
227861,11,11
227870,-11,-11
227871,-13,-13
227880,1,1
227881,2,2
227890,-11,-11
227891,1,1
227900,1,2
227901,11,11
227910,0,1
227911,10,10
227920,1,1
227921,10,10
227930,1,1
227931,0,0
227940,-13,-13
227941,-11,1
227950,0,0
227951,-11,-11
227960,1,-11
227961,1,1
227970,0,0
227971,0,0
227980,-13,-13
227981,0,0
227990,1,1
227991,1,1
228000,1,1
228001,10,11
228010,10,10
228011,10,10
228020,-11,1
228021,10,11
228030,1,1
228031,2,1
228040,2,2
228041,1,1
228050,10,10
228051,2,1
228060,-11,-11
228061,10,11
228070,1,1
228071,10,10
228080,1,1
228081,1,2
228090,-11,-11
228091,1,-11
228100,-11,-11
228101,-11,-11
228110,-11,-11
228111,1,11
228120,0,0
228121,2,1
228130,1,1
228131,0,0
228140,-11,-11
228141,1,1
228150,-11,-11
228151,-13,-13
228160,-11,-11
228161,-11,-13
228170,-11,-11
228171,-13,-13
228180,10,10
228181,0,0
228190,-13,-13
228191,0,1
228200,-11,-11
228201,-13,-13
228210,-13,-13
228211,2,2
228220,-13,-13
228221,1,10
228230,-13,-13
228231,1,1
228240,10,10
228241,2,2
228250,2,1
228251,0,0
228260,-13,-13
228261,1,1
228270,0,1
228271,1,1
228280,1,1
228281,12,11
228290,1,1
228291,1,1
228300,2,2
228301,11,10
228310,-13,-13
228311,0,0
228320,1,1
228321,-11,-11
228330,1,1
228331,-13,-13
228340,-11,-11
228341,-11,-11
228350,0,0
228351,-13,1
228360,-13,-13
228361,0,0
228370,-11,-11
228371,0,-11
228380,1,1
228381,-13,-13
228390,1,-11
228391,1,1
228400,2,1
228401,0,0
228410,1,1
228411,-13,-13
228420,1,1
228421,-13,-13
228430,-13,-13
228431,-13,-13
228440,1,1
228441,-13,-13
228450,-11,-11
228451,1,0
228460,11,11
228461,1,0
228470,10,10
228471,1,1
228480,-11,-11
228481,0,1
228490,-13,-13
228491,11,10
228500,10,10
228501,-13,-13
228510,1,1
228511,-11,-333
228520,10,11
228521,10,10
228530,-13,-13
228531,-13,-13
228540,-11,-11
228541,-11,-11
228550,-13,-13
228551,1,2
228560,1,1
228561,1,1
228570,1,1
228571,-13,-11
228580,-13,-13
228581,-11,-11
228590,10,10
228591,0,0
228600,11,11
228601,2,2
228610,2,1
228611,-13,-13
228620,2,2
228621,10,10
228630,-13,-13
228631,-13,-13
228640,10,11
228641,2,1
228650,1,10
228651,1,1
228660,1,1
228661,1,1
228670,1,1
228671,0,1
228680,-13,-13
228681,0,0
228690,10,11
228691,-11,-11
228700,-13,-13
228701,-13,-13
228710,12,11
228711,-13,-13
228720,1,-333
228721,1,1
228730,10,10
228731,-11,-11
228740,0,1
228741,1,1
228750,1,1
228751,2,1
228760,-11,-11
228761,-11,-11
228770,-11,1
228771,1,1
228780,-13,-13
228781,0,2
228790,11,10
228791,1,1
228800,2,11
228801,10,10
228810,1,1
228811,-13,-13
228820,1,1
228821,-13,-13
228830,1,1
228831,-13,-13
228840,0,0
228841,1,1
228850,1,1
228851,-11,-13
228860,-11,-11
228861,11,10
228870,-11,-11
228871,-13,-13
228880,2,1
228881,-11,-11
228890,-13,-13
228891,1,1
228900,1,11
228901,1,1
228910,-11,-11
228911,10,10
228920,2,1
228921,-13,-13
228930,10,10
228931,-11,-11
228940,-11,-11
228941,2,1
228950,10,10
228951,-13,-13
228960,1,1
228961,2,1
228970,0,0
228971,0,0
228980,-11,-11
228981,-13,-13
228990,10,10
228991,1,1
229000,0,0
229001,-11,-11
229010,1,1
229011,-13,-13
229020,1,1
229021,0,1
229030,-13,-13
229031,0,0
229040,-11,-333
229041,-13,-13
229050,2,1
229051,0,1
229060,-13,-13
229061,10,10
229070,1,1
229071,-11,-11
229080,-13,-13
229081,-11,-11
229090,11,10
229091,1,1
229100,1,1
229101,-11,-333
229110,-11,-11
229111,11,11
229120,2,2
229121,2,1
229130,10,10
229131,-13,-13
229140,0,0
229141,-11,-11
229150,-11,-11
229151,-11,-11
229160,-11,-11
229161,11,11
229170,0,0
229171,11,11
229180,10,10
229181,1,1
229190,10,10
229191,0,0
229200,-11,-11
229201,10,11
229210,-11,-11
229211,2,1
229220,1,1
229221,-11,-11
229230,0,0
229231,2,2
229240,2,2
229241,-11,-11
229250,-13,-13
229251,1,2
229260,11,11
229261,1,11
229270,-13,-13
229271,10,10
229280,3,2
229281,0,0
229290,0,10
229291,2,2
229300,-13,-13
229301,10,10
229310,-13,-13
229311,11,10
229320,1,1
229321,-11,-11
229330,1,1
229331,2,1
229340,0,0
229341,0,0
229350,10,11
229351,0,-13
229360,-11,-11
229361,1,1
229370,-11,-11
229371,1,11
229380,1,1
229381,1,1
229390,1,1
229391,1,10
229400,0,0
229401,-11,-11
229410,1,2
229411,-11,-11
229420,1,10
229421,1,1
229430,-11,-11
229431,2,2
229440,-13,-13
229441,1,1
229450,1,1
229451,1,11
229460,10,10
229461,1,1
229470,-13,-13
229471,0,0
229480,-11,-11
229481,-13,-13
229490,10,10
229491,1,1
229500,1,1
229501,10,11
229510,-13,-13
229511,10,10
229520,0,0
229521,-13,-11
229530,-13,-13
229531,-11,-11
229540,11,10
229541,-13,-13
229550,10,1
229551,10,10
229560,-13,-333
229561,3,-11
229570,0,-13
229571,-13,-13
229580,10,10
229581,-11,-11
229590,1,1
229591,11,10
229600,-13,-13
229601,-13,-13
229610,0,0
229611,1,11
229620,0,0
229621,1,1
229630,-13,-13
229631,2,2
229640,12,11
229641,1,1
229650,10,10
229651,-11,-11
229660,2,11
229661,1,1
229670,0,0
229671,10,10
229680,1,1
229681,1,1
229690,3,2
229691,11,11
229700,1,1
229701,-13,-13
229710,1,1
229711,0,0
229720,-13,-13
229721,1,2
229730,11,10
229731,-11,-11
229740,0,0
229741,0,0
229750,-11,-11
229751,-11,-11
229760,1,1
229761,-13,-13
229770,-11,-11
229771,1,1
229780,10,10
229781,0,0
229790,1,1
229791,3,2
229800,-13,-13
229801,2,2
229810,2,1
229811,-11,-11
229820,2,11
229821,10,10
229830,1,0
229831,-13,-11
229840,1,1
229841,-11,-11
229850,1,1
229851,1,1
229860,2,11
229861,1,1
229870,10,10
229871,-13,-13
229880,-11,-11
229881,1,1
229890,2,1
229891,-11,-11
229900,1,1
229901,1,1
229910,-13,0
229911,0,0
229920,-11,-11
229921,-13,-13
229930,1,1
229931,1,1
229940,1,2
229941,-13,-13
229950,1,1
229951,-11,-11
229960,1,1
229961,11,10
229970,0,0
229971,1,1
229980,11,11
229981,1,1
229990,-13,-13
229991,1,1
230000,1,1
230001,-11,-11
230010,12,11
230011,10,10
230020,-13,-13
230021,-11,-11
230030,0,1
230031,11,11
230040,-13,-13
230041,0,0
230050,10,10
230051,1,1
230060,1,10
230061,11,11
230070,1,1
230071,-13,-13
230080,10,10
230081,1,1
230090,-11,-11
230091,11,10
230100,1,1
230101,2,1
230110,0,0
230111,-13,-13
230120,1,1
230121,-11,1
230130,-11,-11
230131,2,2
230140,11,11
230141,1,1
230150,1,1
230151,3,2
230160,1,1
230161,0,0
230170,10,10
230171,-13,-13
230180,1,1
230181,-13,-13
230190,-13,-13
230191,-13,1
230200,-11,-11
230201,10,10
230210,1,0
230211,10,10
230220,-13,-333
230221,11,11
230230,10,10
230231,-11,-11
230240,-11,1
230241,1,1
230250,11,11
230251,2,1
230260,-13,0
230261,1,1
230270,1,1
230271,-13,-13
230280,-11,-11
230281,1,1
230290,11,11
230291,1,1
230300,11,11
230301,1,1
230310,11,11
230311,-13,0
230320,-11,-11
230321,1,1
230330,1,1
230331,-13,-13
230340,2,2
230341,11,11
230350,4,2
230351,1,1
230360,-11,-11
230361,0,0
230370,1,1
230371,-13,-13
230380,3,2
230381,1,1
230390,3,2
230391,1,1
230400,1,1
230401,1,1
230410,0,10
230411,1,1
230420,-11,-11
230421,-11,-11
230430,1,11
230431,1,1
230440,-13,-13
230441,-11,1
230450,0,1
230451,11,11
230460,-13,-13
230461,-13,-13
230470,-13,-13
230471,-13,-13
230480,0,0
230481,-11,-11
230490,0,0
230491,-13,-13
230500,10,10
230501,0,-11
230510,11,11
230511,1,1
230520,0,0
230521,12,11
230530,1,1
230531,1,1
230540,-13,-13
230541,0,0
230550,-11,-11
230551,-13,-13
230560,1,1
230561,10,10
230570,-11,-11
230571,-11,-11
230580,-13,-13
230581,1,1
230590,-13,-13
230591,1,1
230600,-13,-13
230601,10,10
230610,3,11
230611,1,1
230620,1,1
230621,1,1
230630,0,0
230631,10,10
230640,-13,-13
230641,11,11
230650,-11,-11
230651,1,1
230660,1,1
230661,1,11
230670,1,1
230671,0,11
230680,-11,-11
230681,12,11
230690,0,0
230691,-13,-13
230700,0,0
230701,10,10
230710,-13,-13
230711,-11,-11
230720,1,1
230721,-11,-11
230730,-13,-13
230731,0,0
230740,1,1
230741,-13,-13
230750,2,2
230751,0,1
230760,-13,-13
230761,1,2
230770,10,10
230771,-11,-11
230780,-13,-13
230781,11,10
230790,-11,-11
230791,1,1
230800,-13,-13
230801,0,-333
230810,11,11
230811,-11,-11
230820,0,1
230821,10,11
230830,-11,-11
230831,-13,-13
230840,2,1
230841,-13,-13
230850,-11,-11
230851,-13,-13
230860,-13,-13
230861,1,1
230870,1,1
230871,0,0
230880,-11,-11
230881,-13,-13
230890,-11,-11
230891,1,1
230900,3,2
230901,-11,1
230910,1,1
230911,-11,-11
230920,-13,-13
230921,10,10
230930,1,1
230931,-11,-11
230940,10,10
230941,-13,-13
230950,1,2
230951,2,2
230960,11,11
230961,2,1
230970,0,10
230971,1,2
230980,-11,-11
230981,10,10
230990,-11,-11
230991,-11,-333
231000,2,2
231001,11,11
231010,1,1
231011,-11,-11
231020,12,11
231021,-11,-11
231030,1,1
231031,-11,-11
231040,-11,-11
231041,1,1
231050,1,1
231051,2,2
231060,11,10
231061,2,2
231070,-13,-13
231071,1,1
231080,-11,-11
231081,10,10
231090,-11,-11
231091,2,2
231100,10,10
231101,1,1
231110,11,11
231111,11,11
231120,2,1
231121,-11,-11
231130,10,10
231131,0,0
231140,10,10
231141,-13,-13
231150,-11,-11
231151,2,2
231160,-13,-13
231161,-13,-13
231170,-13,-13
231171,1,2
231180,-11,-11
231181,1,1
231190,1,1
231191,-13,-13
231200,1,1
231201,1,1
231210,1,1
231211,0,0
231220,1,1
231221,10,10
231230,0,2
231231,1,1
231240,0,0
231241,0,0
231250,-11,-11
231251,11,11
231260,0,0
231261,-13,-13
231270,2,1
231271,-11,-11
231280,0,0
231281,-13,-13
231290,-13,-13
231291,-13,-13
231300,1,2
231301,11,11
231310,1,1
231311,1,1
231320,1,1
231321,0,11
231330,-13,-13
231331,1,1
231340,0,0
231341,-13,-13
231350,-11,-11
231351,0,0
231360,-11,-11
231361,-11,-11
231370,10,10
231371,-13,-13
231380,-11,-11
231381,2,1
231390,-11,-11
231391,2,2
231400,-13,-13
231401,1,1
231410,1,1
231411,-11,-11
231420,0,0
231421,0,0
231430,-11,-11
231431,-11,-11
231440,-11,-11
231441,1,2
231450,-13,-13
231451,1,1
231460,2,1
231461,1,1
231470,11,11
231471,1,1
231480,-13,-13
231481,-13,-13
231490,-11,-11
231491,1,1
231500,-11,-11
231501,-13,-13
231510,3,11
231511,2,2
231520,0,0
231521,-11,-11
231530,1,1
231531,1,1
231540,2,1
231541,-13,-13
231550,1,1
231551,1,1
231560,1,1
231561,-13,-13
231570,1,1
231571,2,2
231580,2,2
231581,1,1
231590,3,11
231591,1,1
231600,2,2
231601,2,2
231610,3,2
231611,2,1
231620,10,1
231621,10,10
231630,-11,-11
231631,1,1
231640,-13,-13
231641,-11,-11
231650,1,0
231651,11,10
231660,2,1
231661,10,10
231670,11,11
231671,-13,-13
231680,1,10
231681,2,11
231690,-13,-13
231691,0,0
231700,1,1
231701,2,2
231710,10,11
231711,10,10
231720,1,1
231721,1,1
231730,11,10
231731,1,1
231740,-11,-11
231741,-11,-11
231750,0,1
231751,1,1
231760,-13,-13
231761,11,11
231770,1,1
231771,-13,-13
231780,1,1
231781,1,1
231790,-13,-13
231791,10,10
231800,-13,-13
231801,1,1
231810,11,10
231811,0,0
231820,1,1
231821,1,1
231830,11,11
231831,-13,-13
231840,-11,-11
231841,-11,-11
231850,0,0
231851,11,11
231860,10,10
231861,-11,-11
231870,12,11
231871,2,11
231880,11,11
231881,1,1
231890,2,2
231891,-11,-11
231900,3,2
231901,2,2
231910,-13,-13
231911,-11,-11
231920,-11,-11
231921,1,1
231930,-11,-11
231931,-11,-11
231940,-13,-13
231941,1,1
231950,11,11
231951,1,1
231960,10,10
231961,1,1
231970,2,11
231971,-1,10
231980,2,2
231981,10,10
231990,1,0
231991,-11,-11
232000,2,1
232001,10,10
232010,-11,-11
232011,-13,-13
232020,0,0
232021,1,1
232030,-11,-333
232031,10,10
232040,1,1
232041,-13,-13
232050,-13,-13
232051,1,1
232060,11,11
232061,-13,-13
232070,1,1
232071,10,10
232080,-11,-11
232081,10,10
232090,1,1
232091,1,1
232100,-11,-11
232101,1,1
232110,-11,-11
232111,1,2
232120,-13,-11
232121,-11,-11
232130,-13,-13
232131,11,10
232140,11,10
232141,1,-11
232150,0,2
232151,-13,-13
232160,1,1
232161,3,2
232170,10,10
232171,-11,-11
232180,-13,-333
232181,0,0
232190,-11,-11
232191,-13,-13
232200,1,2
232201,0,0
232210,-13,1
232211,11,10
232220,-11,-11
232221,-13,-13
232230,1,1
232231,0,0
232240,10,10
232241,11,11
232250,-13,-13
232251,-11,-11
232260,1,1
232261,0,0
232270,0,0
232271,1,1
232280,1,1
232281,-13,-13
232290,0,0
232291,11,10
232300,1,1
232301,10,10
232310,1,11
232311,-13,-13
232320,10,10
232321,-13,-13
232330,1,1
232331,-13,-13
232340,1,2
232341,11,11
232350,0,0
232351,-11,-11
232360,10,11
232361,-11,-11
232370,0,1
232371,-13,-13
232380,1,1
232381,1,1
232390,-13,-13
232391,-11,-11
232400,3,11
232401,-13,-13
232410,1,1
232411,0,2
232420,1,1
232421,1,1
232430,-11,1
232431,-11,-11
232440,1,1
232441,-11,-11
232450,-13,1
232451,0,0
232460,2,2
232461,1,1
232470,0,1
232471,0,-11
232480,-13,-13
232481,-11,1
232490,-11,-11
232491,-11,-11
232500,0,1
232501,1,1
232510,-13,-13
232511,3,2
232520,1,1
232521,10,10
232530,2,2
232531,1,1
232540,-11,-11
232541,0,0
232550,0,11
232551,1,1
232560,-13,-13
232561,1,1
232570,1,1
232571,10,10
232580,-13,-13
232581,1,1
232590,-13,-13
232591,-13,-13
232600,-11,-11
232601,-11,1
232610,-11,-11
232611,-11,-11
232620,-13,-13
232621,2,2
232630,-11,-11
232631,0,0
232640,1,1
232641,2,11
232650,-11,-11
232651,1,1
232660,1,1
232661,0,0
232670,-13,-13
232671,0,1
232680,1,1
232681,-11,-11
232690,2,11
232691,-13,-13
232700,-11,-11
232701,2,1
232710,-13,-13
232711,-13,-13
232720,1,1
232721,11,11
232730,-11,-11
232731,-13,-13
232740,1,1
232741,1,1
232750,-11,-11
232751,10,10
232760,10,10
232761,1,1
232770,0,11
232771,1,1
232780,-13,-13
232781,1,1
232790,-13,-13
232791,-11,-11
232800,1,2
232801,-11,-11
232810,1,1
232811,10,10
232820,1,1
232821,-11,-11
232830,1,1
232831,-13,-13
232840,-11,-11
232841,1,1
232850,11,11
232851,2,2
232860,10,10
232861,0,0
232870,-13,-333
232871,-13,-13
232880,-11,-11
232881,11,11
232890,-13,-13
232891,1,1
232900,1,1
232901,-13,-13
232910,-11,-11
232911,-11,-11
232920,10,1
232921,0,1
232930,11,10
232931,10,11
232940,-13,-13
232941,-13,-13
232950,-13,-13
232951,-13,-13
232960,0,0
232961,-11,-11
232970,1,1
232971,10,10
232980,-13,-13
232981,2,1
232990,1,-333
232991,-11,1
233000,1,1
233001,2,2
233010,1,1
233011,1,1
233020,-13,-13
233021,-11,-11
233030,2,1
233031,0,0
233040,-11,-11
233041,1,1
233050,11,10
233051,-11,-11
233060,2,2
233061,-13,-13
233070,0,-11
233071,-13,-13
233080,-13,-13
233081,1,1
233090,-13,-13
233091,-11,-11
233100,1,1
233101,-13,-13
233110,10,10
233111,10,0
233120,-11,-11
233121,-13,-13
233130,-11,1
233131,1,1
233140,1,1
233141,-11,-11
233150,-13,-13
233151,11,11
233160,-11,-11
233161,-11,-11
233170,1,1
233171,10,10
233180,1,1
233181,-13,-13
233190,-13,-13
233191,-13,-13
233200,1,1
233201,-11,-11
233210,-11,-11
233211,10,10
233220,10,10
233221,0,10
233230,0,0
233231,-13,-13
233240,1,10
233241,1,1
233250,-11,-11
233251,10,1
233260,1,1
233261,2,2
233270,1,1
233271,1,1
233280,10,10
233281,0,1
233290,-11,-11
233291,1,2
233300,-13,-13
233301,-13,-13
233310,-13,-13
233311,2,2
233320,-11,-11
233321,-11,-11
233330,1,1
233331,-13,-333
233340,1,1
233341,-11,-11
233350,2,2
233351,1,1
233360,2,2
233361,1,1
233370,1,1
233371,-13,-13
233380,-11,-11
233381,1,2
233390,0,0
233391,1,1
233400,-11,-11
233401,1,1
233410,1,1
233411,11,11
233420,-11,-11
233421,-11,-333
233430,-13,-13
233431,-13,-13
233440,1,1
233441,10,10
233450,3,2
233451,10,10
233460,-13,-13
233461,-13,-13
233470,-13,-13
233471,-11,-11
233480,1,1
233481,11,11
233490,1,1
233491,-13,-13
233500,10,10
233501,-11,-11
233510,-11,-11
233511,-13,1
233520,1,1
233521,1,11
233530,-11,-11
233531,11,10
233540,1,1
233541,3,2
233550,1,1
233551,10,10
233560,1,1
233561,0,0
233570,1,10
233571,2,2
233580,2,1
233581,0,-11
233590,0,0
233591,0,2
233600,1,10
233601,1,10
233610,-13,-13
233611,-13,-13
233620,10,10
233621,-11,-11
233630,1,1
233631,2,1
233640,-11,-11
233641,-13,-13
233650,0,1
233651,2,1
233660,1,11
233661,0,0
233670,2,2
233671,1,1
233680,11,11
233681,10,10
233690,-11,-11
233691,-11,-11
233700,-13,-13
233701,1,1
233710,0,-11
233711,-11,-11
233720,11,11
233721,1,1
233730,-13,-13
233731,0,0
233740,1,1
233741,-11,-11
233750,2,11
233751,-13,-13
233760,-13,-11
233761,10,10
233770,1,1
233771,0,-11
233780,0,0
233781,10,11
233790,11,11
233791,-11,-11
233800,-11,-11
233801,-13,-13
233810,2,11
233811,0,0
233820,1,1
233821,10,10
233830,-13,-13
233831,1,1
233840,1,1
233841,11,11
233850,-11,-11
233851,1,1
233860,1,1
233861,2,1
233870,-11,-333
233871,11,1
233880,-11,0
233881,2,-222
233890,10,10
233891,11,11
233900,10,11
233901,0,0
233910,1,1
233911,-11,1
233920,10,10
233921,0,0
233930,10,10
233931,0,0
233940,-11,-11
233941,-13,-13
233950,1,1
233951,-13,-13
233960,2,1
233961,0,0
233970,-13,-13
233971,-13,-13
233980,10,1
233981,1,-333
233990,1,11
233991,-11,-333
234000,-11,-333
234001,-13,-13
234010,1,2
234011,0,0
234020,10,10
234021,0,0
234030,11,11
234031,0,0
234040,1,-333
234041,-11,1
234050,-11,-11
234051,2,11
234060,0,0
234061,1,11
234070,-13,-13
234071,-13,-13
234080,0,0
234081,1,1
234090,-13,-13
234091,-13,-13
234100,1,1
234101,-13,-13
234110,2,2
234111,-13,-13
234120,-11,-11
234121,0,0
234130,-11,-11
234131,1,1
234140,10,10
234141,-13,-13
234150,-13,-13
234151,-11,-11
234160,-13,-13
234161,0,0
234170,2,2
234171,0,0
234180,2,2
234181,-13,-13
234190,-13,-13
234191,-11,-11
234200,0,0
234201,1,2
234210,-11,-11
234211,10,10
234220,10,10
234221,10,10
234230,0,0
234231,1,10
234240,0,-13
234241,1,1
234250,-13,-13
234251,10,11
234260,1,0
234261,1,1
234270,2,1
234271,11,11
234280,-13,-13
234281,-13,-13
234290,-11,0
234291,10,10
234300,1,11
234301,-11,-11
234310,1,1
234311,10,10
234320,-13,-13
234321,1,1
234330,1,2
234331,1,1
234340,-13,-13
234341,1,1
234350,-11,-11
234351,1,1
234360,-13,0
234361,0,0
234370,1,1
234371,11,11
234380,2,-11
234381,1,1
234390,0,0
234391,-13,-13
234400,1,11
234401,10,11
234410,0,1
234411,1,1
234420,11,11
234421,1,1
234430,0,2
234431,1,1
234440,-11,-11
234441,1,0
234450,-13,-13
234451,2,2
234460,10,10
234461,0,1
234470,-11,-11
234471,-11,-11
234480,-11,-11
234481,-13,-13
234490,-11,-11
234491,-13,-13
234500,0,0
234501,1,1
234510,-11,-11
234511,-13,-13
234520,-11,-11
234521,1,1
234530,10,10
234531,1,1
234540,0,10
234541,1,1
234550,1,10
234551,2,2
234560,-13,-13
234561,11,11
234570,2,2
234571,1,1
234580,0,0
234581,-13,-13
234590,-11,-11
234591,-13,-13
234600,-13,-13
234601,-13,-13
234610,2,1
234611,1,1
234620,-13,-13
234621,-11,-11
234630,1,1
234631,0,0
234640,1,1
234641,10,10
234650,-13,-13
234651,0,0
234660,-13,1
234661,-11,-11
234670,-13,-13
234671,1,1
234680,0,0
234681,-11,-11
234690,0,0
234691,-11,-11
234700,2,2
234701,-11,-11
234710,10,10
234711,0,0
234720,1,1
234721,-11,-11
234730,1,1
234731,1,1
234740,0,0
234741,10,10
234750,-13,-13
234751,-13,-13
234760,1,1
234761,-13,-13
234770,2,1
234771,10,10
234780,2,1
234781,1,1
234790,-13,-13
234791,-11,-11
234800,-13,-13
234801,-13,-13
234810,-11,-11
234811,0,1
234820,2,2
234821,-13,-13
234830,0,0
234831,0,0
234840,1,11
234841,1,1
234850,2,1
234851,1,1
234860,0,0
234861,10,10
234870,2,1
234871,10,10
234880,10,10
234881,1,1
234890,1,1
234891,10,10
234900,10,10
234901,-11,-11
234910,0,0
234911,1,1
234920,1,1
234921,-11,-13
234930,1,1
234931,-11,-11
234940,1,1
234941,1,1
234950,1,1
234951,-11,-11
234960,-11,-11
234961,11,11
234970,-11,-11
234971,-11,-11
234980,10,11
234981,11,11
234990,1,1
234991,-11,-11
235000,0,1
235001,-11,-11
235010,-13,-13
235011,-13,-13
235020,1,1
235021,0,0
235030,-11,1
235031,2,1
235040,2,1
235041,0,0
235050,0,0
235051,-11,-11
235060,-11,-11
235061,1,1
235070,-11,-11
235071,11,11
235080,-13,-13
235081,0,1
235090,0,0
235091,11,11
235100,1,1
235101,-13,-13
235110,-11,-11
235111,1,1
235120,10,10
235121,0,-11
235130,1,1
235131,-13,1
235140,-11,-11
235141,-11,-11
235150,1,1
235151,-11,-11
235160,-13,-11
235161,-13,-13
235170,1,1
235171,1,0
235180,0,0
235181,-11,-11
235190,11,11
235191,-11,1
235200,11,10
235201,-13,-13
235210,4,11
235211,0,-13
235220,1,1
235221,-13,-333
235230,2,1
235231,-13,-13
235240,-11,-11
235241,-11,-222
235250,1,1
235251,3,2
235260,-11,-11
235261,10,10
235270,-11,-11
235271,-13,-13
235280,-11,0
235281,-13,-13
235290,0,0
235291,2,2
235300,2,11
235301,-11,-11
235310,-13,-13
235311,10,11
235320,1,1
235321,1,1
235330,11,11
235331,-11,-11
235340,2,2
235341,-11,-11
235350,-13,-13
235351,1,1
235360,-13,-13
235361,10,10
235370,1,1
235371,3,1
235380,0,10
235381,1,2
235390,1,1
235391,1,1
235400,10,11
235401,-13,-13
235410,1,1
235411,0,0
235420,-13,-13
235421,1,-11
235430,-13,-13
235431,0,0
235440,-13,-13
235441,-11,-11
235450,0,0
235451,1,1
235460,10,10
235461,1,0
235470,1,1
235471,1,2
235480,0,0
235481,-13,0
235490,0,0
235491,-13,-13
235500,10,10
235501,2,11
235510,10,10
235511,1,1
235520,-13,1
235521,10,10
235530,1,1
235531,1,1
235540,1,1
235541,-11,-11
235550,-13,-13
235551,-13,0
235560,10,10
235561,10,10
235570,1,1
235571,0,0
235580,-13,-13
235581,-11,-11
235590,-13,-13
235591,-13,-13
235600,-11,-11
235601,1,1
235610,1,1
235611,10,10
235620,-13,-13
235621,1,1
235630,1,1
235631,-11,-11
235640,0,0
235641,2,1
235650,0,0
235651,1,1
235660,1,1
235661,11,10
235670,1,1
235671,10,10
235680,2,2
235681,10,10
235690,-11,-11
235691,2,2
235700,0,0
235701,-13,-13
235710,2,1
235711,1,0
235720,-13,-13
235721,11,11
235730,1,1
235731,-13,-13
235740,1,1
235741,-11,-11
235750,-13,-13
235751,11,11
235760,1,1
235761,0,1
235770,2,2
235771,-11,1
235780,11,10
235781,0,0
235790,12,11
235791,-11,-11
235800,-11,-11
235801,1,1
235810,-11,-11
235811,-13,-13
235820,1,1
235821,1,1
235830,2,1
235831,1,1
235840,1,11
235841,0,1
235850,10,-11
235851,-13,10
235860,-13,-13
235861,-11,1
235870,-13,-13
235871,-13,-13
235880,2,1
235881,-11,-11
235890,-13,-13
235891,10,10
235900,2,2
235901,11,11
235910,2,2
235911,-13,-13
235920,2,11
235921,-13,-13
235930,1,1
235931,-13,-13
235940,1,1
235941,2,2
235950,1,1
235951,1,1
235960,1,1
235961,-13,-13
235970,-11,-11
235971,10,10
235980,1,1
235981,1,1
235990,0,0
235991,1,1
236000,-11,-11
236001,0,0
236010,-11,-11
236011,1,1
236020,-13,-13
236021,1,1
236030,-11,-11
236031,1,1
236040,1,1
236041,1,1
236050,2,1
236051,-13,-13
236060,11,11
236061,2,2
236070,0,0
236071,2,2
236080,-13,-13
236081,-13,-13
236090,-11,0
236091,1,1
236100,11,11
236101,0,0
236110,1,1
236111,10,10
236120,1,1
236121,2,1
236130,0,0
236131,1,11
236140,-11,-11
236141,10,10
236150,0,0
236151,2,2
236160,0,0
236161,2,2
236170,-13,-13
236171,1,11
236180,1,1
236181,-11,-11
236190,-11,-11
236191,0,2
236200,0,0
236201,-13,-13
236210,-11,-11
236211,0,0
236220,-13,-13
236221,1,1
236230,-13,-13
236231,10,10
236240,1,1
236241,0,0
236250,-13,-13
236251,0,0
236260,10,10
236261,0,-333
236270,2,11
236271,1,1
236280,0,0
236281,1,1
236290,2,1
236291,-11,-11
236300,10,10
236301,0,0
236310,10,10
236311,-11,-11
236320,-13,-13
236321,-11,-11
236330,1,1
236331,10,10
236340,1,1
236341,-11,-11
236350,11,11
236351,-13,-13
236360,-11,-11
236361,1,1
236370,-13,10
236371,1,1
236380,1,1
236381,1,2
236390,-1,10
236391,1,1
236400,1,1
236401,-11,-11
236410,-11,-11
236411,1,1
236420,-11,-11
236421,1,11
236430,-13,-333
236431,-13,-13
236440,2,2
236441,1,1
236450,1,1
236451,2,2
236460,1,1
236461,-13,-13
236470,-13,-13
236471,-13,-13
236480,-13,-333
236481,10,10
236490,-11,0
236491,0,0
236500,10,11
236501,-11,-11
236510,11,11
236511,1,2
236520,0,0
236521,-11,-11
236530,-13,-13
236531,1,1
236540,2,1
236541,1,1
236550,2,1
236551,10,10
236560,-13,-13
236561,0,10
236570,1,1
236571,0,0
236580,-13,-13
236581,-11,-11
236590,2,2
236591,-11,-11
236600,-13,-13
236601,1,1
236610,-11,-11
236611,-11,-11
236620,1,11
236621,-11,-11
236630,-13,-13
236631,10,10
236640,10,11
236641,0,0
236650,1,1
236651,-13,-13
236660,1,1
236661,2,2
236670,-11,-11
236671,1,1
236680,1,11
236681,-13,-13
236690,2,1
236691,2,2
236700,0,0
236701,1,1
236710,11,11
236711,1,0
236720,2,1
236721,-13,-13
236730,0,0
236731,1,1
236740,-13,-13
236741,10,11
236750,-13,-13
236751,-11,-11
236760,10,10
236761,-13,-13
236770,1,1
236771,0,0
236780,-13,-13
236781,1,1
236790,1,1
236791,-11,-11
236800,-13,0
236801,-13,-13
236810,1,1
236811,1,1
236820,-11,1
236821,-13,-13
236830,11,11
236831,10,10
236840,10,11
236841,1,1
236850,2,2
236851,11,1
236860,10,10
236861,-11,-11
236870,0,0
236871,11,2
236880,0,0
236881,-13,-333
236890,1,1
236891,1,1
236900,10,11
236901,10,10
236910,1,1
236911,1,1
236920,11,10
236921,-13,-13
236930,2,2
236931,-13,-13
236940,-13,-13
236941,3,1
236950,-11,-11
236951,-11,-11
236960,1,1
236961,2,2
236970,1,1
236971,-11,-11
236980,0,0
236981,-13,-13
236990,1,1
236991,1,1
237000,2,11
237001,1,0
237010,1,1
237011,2,11
237020,-11,-11
237021,-13,-13
237030,-13,-13
237031,2,1
237040,2,2
237041,-11,-11
237050,-11,-11
237051,0,0
237060,-13,-13
237061,-13,-13
237070,-13,-13
237071,-13,-13
237080,2,2
237081,-13,-13
237090,1,1
237091,1,1
237100,0,0
237101,-13,-13
237110,0,0
237111,1,1
237120,1,1
237121,1,1
237130,0,0
237131,1,1
237140,2,2
237141,1,1
237150,2,2
237151,-13,-13
237160,-11,1
237161,-11,1
237170,10,11
237171,10,10
237180,-11,-11
237181,1,1
237190,2,1
237191,2,2
237200,12,11
237201,-13,-13
237210,10,10
237211,1,2
237220,1,1
237221,-13,-13
237230,11,11
237231,-11,-11
237240,-11,-11
237241,-13,-13
237250,1,-11
237251,-11,1
237260,1,-11
237261,-11,-11
237270,0,0
237271,-13,-13
237280,3,2
237281,-11,-11
237290,-13,-13
237291,2,2
237300,-13,-13
237301,-11,-11
237310,10,11
237311,2,1
237320,-13,-13
237321,1,1
237330,11,11
237331,2,2
237340,-1,10
237341,-13,-13
237350,-11,-11
237351,3,2
237360,1,-11
237361,1,1
237370,1,1
237371,1,1
237380,11,10
237381,2,10
237390,-13,-13
237391,11,11
237400,-11,-11
237401,11,11
237410,10,10
237411,1,1
237420,1,1
237421,2,1
237430,1,1
237431,-11,-11
237440,-13,-13
237441,1,1
237450,0,0
237451,-11,-11
237460,0,0
237461,0,1
237470,1,2
237471,11,11
237480,10,11
237481,1,1
237490,1,1
237491,-13,-13
237500,-13,-13
237501,2,1
237510,1,1
237511,-13,-13
237520,1,1
237521,2,2
237530,1,1
237531,-11,-11
237540,2,2
237541,1,1
237550,-13,-13
237551,1,1
237560,3,2
237561,-11,-11
237570,10,11
237571,1,1
237580,11,10
237581,0,0
237590,1,1
237591,1,1
237600,0,-13
237601,1,1
237610,1,1
237611,10,10
237620,-13,-13
237621,-11,-11
237630,10,10
237631,0,0
237640,11,10
237641,1,1
237650,1,0
237651,0,0
237660,2,1
237661,-13,-13
237670,-13,-13
237671,1,1
237680,0,1
237681,3,2
237690,3,11
237691,2,2
237700,2,-333
237701,1,2
237710,-11,-11
237711,2,2
237720,-13,-11
237721,1,1
237730,-11,-11
237731,0,0
237740,0,0
237741,2,1
237750,-13,-11
237751,-13,-333
237760,1,10
237761,1,1
237770,-11,-11
237771,-11,1
237780,0,0
237781,1,11
237790,2,11
237791,1,2
237800,1,1
237801,1,1
237810,10,10
237811,-11,-11
237820,10,0
237821,1,1
237830,1,1
237831,2,1
237840,0,11
237841,12,11
237850,1,1
237851,1,1
237860,10,10
237861,1,1
237870,2,1
237871,12,11
237880,0,-11
237881,0,0
237890,1,1
237891,-13,-13
237900,2,1
237901,1,1
237910,-11,-11
237911,-13,-13
237920,0,-11
237921,-13,-13
237930,1,1
237931,0,0
237940,-13,-13
237941,-11,-11
237950,-13,-13
237951,11,10
237960,1,1
237961,-11,-11
237970,2,2
237971,1,0
237980,0,1
237981,0,2
237990,0,0
237991,-13,-13
238000,2,1
238001,1,1
238010,11,11
238011,-13,-13
238020,10,11
238021,1,-333
238030,3,11
238031,-13,-13
238040,-13,-13
238041,1,1
238050,-11,-11
238051,-13,-13
238060,1,1
238061,10,11
238070,-11,-11
238071,-11,-11
238080,-1,10
238081,10,10
238090,-13,-13
238091,-13,-13
238100,2,1
238101,1,1
238110,-13,-13
238111,1,1
238120,10,10
238121,-11,-11
238130,0,0
238131,-13,-333
238140,1,11
238141,0,1
238150,-13,-13
238151,0,0
238160,0,10
238161,2,2
238170,3,1
238171,0,-13
238180,3,11
238181,1,1
238190,-11,-11
238191,-13,-13
238200,-13,-13
238201,0,0
238210,-11,-11
238211,-13,-13
238220,2,2
238221,1,1
238230,10,10
238231,1,2
238240,2,2
238241,-13,-13
238250,1,2
238251,-11,-11
238260,11,10
238261,-11,-11
238270,1,11
238271,0,11
238280,1,1
238281,11,10
238290,11,10
238291,-11,-11
238300,-13,-13
238301,1,1
238310,-13,-13
238311,1,1
238320,1,1
238321,0,0
238330,-11,-11
238331,1,1
238340,-11,-11
238341,1,1
238350,1,1
238351,-11,-11
238360,1,1
238361,-13,-13
238370,-11,-11
238371,-11,-11
238380,1,1
238381,-11,-333
238390,1,1
238391,2,1
238400,-11,-11
238401,-13,-13
238410,0,0
238411,-11,-11
238420,-13,-333
238421,1,1
238430,11,11
238431,0,1
238440,-11,-11
238441,1,0
238450,2,1
238451,0,1
238460,1,11
238461,-11,-11
238470,0,0
238471,-11,-11
238480,-11,-11
238481,0,0
238490,10,10
238491,1,1
238500,0,11
238501,1,1
238510,0,0
238511,0,0
238520,-13,-13
238521,-11,-333
238530,0,0
238531,-11,-11
238540,-11,-11
238541,10,11
238550,-11,-11
238551,1,1
238560,2,2
238561,-13,-13
238570,1,1
238571,-11,-11
238580,-13,-13
238581,-13,-13
238590,11,10
238591,1,1
238600,0,0
238601,10,10
238610,-13,-13
238611,-11,-11
238620,1,1
238621,1,1
238630,10,10
238631,1,1
238640,10,10
238641,2,11
238650,10,10
238651,-11,-11
238660,1,1
238661,-13,-13
238670,2,2
238671,10,10
238680,2,2
238681,-13,-333
238690,-13,-13
238691,-11,-11
238700,1,1
238701,2,1
238710,-13,0
238711,2,1
238720,11,1
238721,1,1
238730,-13,-13
238731,-11,-11
238740,-13,0
238741,1,1
238750,1,1
238751,2,2
238760,0,0
238761,1,1
238770,1,0
238771,-13,-13
238780,1,1
238781,1,1
238790,-13,-13
238791,-13,-13
238800,1,1
238801,-11,-11
238810,11,11
238811,12,11
238820,0,0
238821,1,1
238830,-11,-11
238831,2,1
238840,2,2
238841,1,1
238850,10,10
238851,0,0
238860,-13,-13
238861,0,0
238870,1,0
238871,-13,1
238880,1,1
238881,2,2
238890,0,0
238891,-11,-11
238900,2,2
238901,10,10
238910,1,1
238911,-13,-13
238920,2,2
238921,11,10
238930,2,2
238931,11,10
238940,-13,1
238941,1,1
238950,-13,-13
238951,1,1
238960,1,-333
238961,0,2
238970,0,0
238971,0,0
238980,1,1
238981,10,10
238990,2,2
238991,-13,-13
239000,11,11
239001,0,0
239010,-13,-13
239011,10,10
239020,0,0
239021,0,0
239030,-11,-11
239031,-11,-11
239040,1,1
239041,-13,-13
239050,1,1
239051,10,10
239060,-13,-333
239061,1,1
239070,2,11
239071,1,1
239080,-11,-11
239081,1,1
239090,1,1
239091,1,1
239100,11,10
239101,0,1
239110,1,1
239111,-13,-13
239120,2,2
239121,11,10
239130,0,0
239131,1,1
239140,-13,-13
239141,1,1
239150,1,1
239151,-13,-13
239160,-11,-11
239161,1,1
239170,-11,-11
239171,-11,-11
239180,1,1
239181,-13,-333
239190,1,1
239191,1,0
239200,1,11
239201,10,11
239210,2,1
239211,1,1
239220,3,1
239221,0,1
239230,-11,-11
239231,2,2
239240,0,0
239241,12,11
239250,11,11
239251,2,2
239260,1,1
239261,10,10
239270,1,2
239271,-11,-11
239280,2,2
239281,10,10
239290,-13,-13
239291,1,1
239300,1,1
239301,-11,-11
239310,1,1
239311,1,2
239320,-11,-11
239321,1,1
239330,10,10
239331,10,11
239340,1,1
239341,10,10
239350,-11,-11
239351,11,11
239360,2,1
239361,-13,-13
239370,0,0
239371,11,11
239380,0,0
239381,10,10
239390,10,11
239391,2,2
239400,1,1
239401,1,1
239410,0,0
239411,1,1
239420,0,1
239421,-11,-11
239430,-11,-11
239431,-13,-13
239440,-13,1
239441,11,11
239450,0,0
239451,2,2
239460,0,0
239461,11,11
239470,1,1
239471,-13,-13
239480,0,0
239481,-11,-11
239490,1,1
239491,2,1
239500,-13,-13
239501,0,0
239510,0,0
239511,2,2
239520,-13,-13
239521,-13,-13
239530,0,0
239531,-11,-11
239540,10,10
239541,0,0
239550,11,11
239551,1,1
239560,10,10
239561,1,1
239570,-13,-13
239571,-13,-13
239580,1,1
239581,-13,-13
239590,-11,1
239591,-13,-13
239600,1,1
239601,-11,-11
239610,11,11
239611,-11,-11
239620,-11,-11
239621,-13,-13
239630,11,10
239631,1,11
239640,0,0
239641,2,1
239650,-13,-13
239651,-13,-13
239660,1,1
239661,1,1
239670,2,11
239671,-13,-13
239680,10,10
239681,1,1
239690,-11,-11
239691,1,11
239700,-11,1
239701,1,1
239710,-11,-11
239711,-11,-11
239720,1,1
239721,11,11
239730,0,0
239731,3,2
239740,1,1
239741,10,10
239750,-13,-13
239751,1,1
239760,-11,-11
239761,1,1
239770,2,2
239771,1,1
239780,0,0
239781,-13,-13
239790,0,1
239791,1,1
239800,-11,-11
239801,-13,-13
239810,11,10
239811,1,1
239820,1,1
239821,-13,-13
239830,-11,-11
239831,10,10
239840,0,0
239841,0,-11
239850,-11,-11
239851,1,1
239860,-13,-13
239861,11,11
239870,1,1
239871,-11,-11
239880,0,0
239881,-11,-11
239890,11,10
239891,-11,-11
239900,-11,-11
239901,-11,-11
239910,1,11
239911,3,2
239920,10,10
239921,-11,-11
239930,10,10
239931,0,0
239940,10,11
239941,2,2
239950,1,11
239951,1,1
239960,-11,-11
239961,11,11
239970,11,10
239971,2,2
239980,3,2
239981,-11,-11
239990,-13,-13
239991,1,1
240000,2,2
240001,-11,-11
240010,-13,-13
240011,0,0
240020,2,11
240021,10,10
240030,10,10
240031,1,1
240040,-11,-11
240041,10,10
240050,-13,-13
240051,-13,-11
240060,1,1
240061,10,10
240070,3,2
240071,11,11
240080,-13,-13
240081,1,1
240090,-11,-11
240091,1,2
240100,0,0
240101,10,10
240110,1,1
240111,11,10
240120,2,2
240121,-13,-13
240130,0,0
240131,-13,-13
240140,0,0
240141,1,1
240150,-11,1
240151,1,1
240160,10,10
240161,0,0
240170,1,1
240171,1,0
240180,1,2
240181,0,10
240190,-11,-11
240191,-13,-13
240200,2,2
240201,0,0
240210,1,2
240211,10,10
240220,0,0
240221,1,1
240230,0,0
240231,2,11
240240,-13,-13
240241,10,10
240250,0,10
240251,-11,-11
240260,-13,1
240261,-11,-11
240270,-11,-11
240271,-11,-11
240280,0,0
240281,11,11
240290,1,1
240291,2,2
240300,-13,-13
240301,1,1
240310,-13,-13
240311,2,1
240320,-11,-11
240321,1,1
240330,2,1
240331,1,1
240340,0,0
240341,2,2
240350,1,1
240351,0,0
240360,11,10
240361,-11,-11
240370,0,0
240371,0,1
240380,-13,-13
240381,1,1
240390,-11,-13
240391,0,1
240400,1,1
240401,1,1
240410,10,1
240411,2,1
240420,1,1
240421,1,1
240430,-13,-13
240431,1,1
240440,1,1
240441,0,-13
240450,3,11
240451,1,1
240460,-13,-13
240461,1,1
240470,1,1
240471,1,1
240480,0,0
240481,0,1
240490,1,1
240491,-11,-11
240500,10,10
240501,10,10
240510,2,2
240511,-11,1
240520,2,11
240521,2,1
240530,11,10
240531,10,10
240540,-13,-13
240541,-11,-11
240550,10,10
240551,-13,-13
240560,-13,-13
240561,2,11
240570,1,1
240571,1,1
240580,1,10
240581,0,0
240590,1,1
240591,11,11
240600,2,1
240601,10,11
240610,10,10
240611,3,2
240620,-11,-11
240621,-11,-11
240630,1,1
240631,1,1
240640,10,-222
240641,2,1
240650,11,11
240651,1,-13
240660,-11,-11
240661,2,2
240670,-13,-13
240671,10,10
240680,-11,-11
240681,11,10
240690,-13,-13
240691,11,11
240700,10,11
240701,2,1
240710,-13,-13
240711,0,0
240720,-11,-11
240721,1,2
240730,-11,-11
240731,11,11
240740,1,1
240741,1,1
240750,1,10
240751,1,1
240760,-11,-11
240761,10,11
240770,1,1
240771,11,11
240780,-11,-11
240781,11,11
240790,-11,1
240791,1,0
240800,-11,-11
240801,10,10
240810,10,10
240811,0,0
240820,-13,-13
240821,-11,-11
240830,1,11
240831,-11,-11
240840,-13,-11
240841,2,1
240850,1,1
240851,-13,-13
240860,-11,-11
240861,1,1
240870,1,1
240871,10,10
240880,-13,-13
240881,-11,-11
240890,1,1
240891,0,0
240900,2,2
240901,-13,-13
240910,-13,-13
240911,-11,-11
240920,-13,-13
240921,10,11
240930,12,11
240931,11,10
240940,1,1
240941,-11,-11
240950,1,1
240951,-11,-11
240960,1,1
240961,-13,-13
240970,-13,-13
240971,0,0
240980,-1,11
240981,-13,-13
240990,-13,-13
240991,1,1
241000,-11,-11
241001,1,1
241010,1,1
241011,0,0
241020,10,11
241021,1,1
241030,2,2
241031,2,2
241040,1,1
241041,-13,-13
241050,0,0
241051,-13,-13
241060,1,1
241061,0,0
241070,-13,-13
241071,-11,-11
241080,0,0
241081,1,1
241090,-11,-11
241091,-13,-13
241100,10,10
241101,1,1
241110,-13,-13
241111,-13,-333
241120,2,2
241121,-11,-11
241130,-11,1
241131,0,0
241140,10,10
241141,-13,0
241150,2,1
241151,2,0
241160,2,1
241161,0,0
241170,0,0
241171,-11,-11
241180,-13,-13
241181,-11,-11
241190,-13,-13
241191,1,1
241200,-13,-13
241201,1,1
241210,0,-13
241211,-11,-11
241220,0,0
241221,-11,-11
241230,0,10
241231,2,2
241240,2,-333
241241,1,1
241250,1,0
241251,-13,-13
241260,1,0
241261,-11,-11
241270,1,1
241271,0,-333
241280,1,1
241281,-11,-11
241290,1,1
241291,-11,-11
241300,0,0
241301,-13,-13
241310,-11,-11
241311,1,1
241320,-11,-11
241321,-11,-11
241330,2,2
241331,-13,-13
241340,1,1
241341,10,10
241350,-13,-13
241351,0,11
241360,-11,-11
241361,-13,-13
241370,-13,-13
241371,2,1
241380,0,0
241381,10,10
241390,-13,-13
241391,11,11
241400,2,11
241401,10,10
241410,-11,-11
241411,-13,-13
241420,1,1
241421,10,10
241430,-13,-13
241431,1,1
241440,1,1
241441,-13,-13
241450,1,1
241451,-13,-13
241460,-13,-13
241461,-11,-11
241470,1,1
241471,-13,-13
241480,1,1
241481,-11,-11
241490,2,1
241491,-11,-333
241500,3,2
241501,11,11
241510,1,1
241511,1,1
241520,1,1
241521,1,1
241530,-11,1
241531,1,-333
241540,0,10
241541,1,1
241550,1,1
241551,1,1
241560,2,1
241561,1,1
241570,10,10
241571,1,2
241580,1,1
241581,1,1
241590,1,1
241591,0,11
241600,2,11
241601,2,2
241610,1,1
241611,-13,-13
241620,-11,-11
241621,2,2
241630,1,1
241631,-13,-13
241640,-13,-13
241641,1,1
241650,10,10
241651,-11,-11
241660,1,1
241661,1,1
241670,1,1
241671,10,10
241680,10,10
241681,-11,1
241690,0,1
241691,1,1
241700,-11,-11
241701,-13,-13
241710,0,0
241711,2,1
241720,1,1
241721,2,2
241730,2,1
241731,11,10
241740,-13,1
241741,2,2
241750,-11,-11
241751,0,1
241760,2,1
241761,-11,-11
241770,1,1
241771,1,1
241780,2,1
241781,1,1
241790,-11,-11
241791,-11,-11
241800,2,2
241801,0,11
241810,-11,-11
241811,-11,-11
241820,-11,-222
241821,11,10
241830,1,1
241831,-11,-11
241840,-11,-11
241841,-11,-11
241850,-13,-13
241851,-11,-11
241860,11,11
241861,1,1
241870,-11,-11
241871,-11,-11
241880,12,2
241881,1,1
241890,-11,-11
241891,-11,-11
241900,-13,-13
241901,0,1
241910,1,1
241911,0,0
241920,1,1
241921,2,2
241930,-11,-11
241931,11,11
241940,-11,-11
241941,1,1
241950,10,10
241951,0,0
241960,10,11
241961,11,11
241970,1,1
241971,1,1
241980,-11,-11
241981,-13,-13
241990,1,1
241991,2,1
242000,2,11
242001,-11,-11
242010,1,1
242011,10,11
242020,0,0
242021,0,0
242030,-13,-13
242031,1,1
242040,-11,-11
242041,2,1
242050,1,1
242051,0,1
242060,1,1
242061,1,1
242070,-11,-11
242071,2,2
242080,0,0
242081,-13,-13
242090,1,1
242091,-11,-11
242100,0,1
242101,-13,-13
242110,2,1
242111,-13,-13
242120,-13,-13
242121,1,1
242130,1,1
242131,0,0
242140,0,0
242141,-13,-13
242150,-13,-13
242151,0,0
242160,1,1
242161,-13,-13
242170,1,1
242171,1,1
242180,-13,-13
242181,2,2
242190,1,1
242191,1,0
242200,1,1
242201,1,1
242210,-11,-11
242211,3,2
242220,1,1
242221,10,10
242230,1,1
242231,11,11
242240,-13,-13
242241,2,2
242250,11,10
242251,11,11
242260,1,1
242261,2,2
242270,-11,-11
242271,-11,-11
242280,0,0
242281,1,1
242290,1,1
242291,1,1
242300,-11,1
242301,1,1
242310,-11,-11
242311,1,1
242320,-13,0
242321,0,0
242330,1,1
242331,1,1
242340,-11,-11
242341,2,2
242350,1,1
242351,0,0
242360,1,1
242361,1,1
242370,1,1
242371,3,2
242380,-11,-11
242381,0,10
242390,-11,-11
242391,10,10
242400,-11,-11
242401,-11,-11
242410,1,1
242411,-11,-11
242420,0,0
242421,11,11
242430,1,1
242431,0,0
242440,-11,-11
242441,-11,-11
242450,-13,-13
242451,10,10
242460,10,10
242461,-13,-11
242470,-11,-11
242471,-11,-11
242480,0,0
242481,1,1
242490,1,1
242491,11,10
242500,1,1
242501,2,2
242510,0,1
242511,0,1
242520,1,1
242521,2,2
242530,2,1
242531,1,1
242540,3,2
242541,1,1
242550,1,1
242551,2,2
242560,10,10
242561,0,0
242570,2,2
242571,-13,-13
242580,1,1
242581,1,1
242590,-11,-13
242591,-13,-13
242600,-11,-11
242601,10,10
242610,1,2
242611,-11,1
242620,2,1
242621,0,1
242630,1,1
242631,-11,-11
242640,11,10
242641,2,2
242650,1,-333
242651,-13,-11
242660,0,0
242661,0,0
242670,10,10
242671,1,1
242680,1,1
242681,1,1
242690,11,11
242691,1,1
242700,-11,-11
242701,10,10
242710,0,0
242711,-11,-11
242720,2,2
242721,-13,-11
242730,1,1
242731,-11,-11
242740,1,1
242741,0,-13
242750,-13,-13
242751,2,2
242760,0,0
242761,-13,-13
242770,2,2
242771,0,0
242780,11,10
242781,10,10
242790,10,10
242791,1,1
242800,-11,-11
242801,-13,-13
242810,-11,-11
242811,-13,-13
242820,1,1
242821,1,1
242830,1,1
242831,1,1
242840,-11,-11
242841,1,1
242850,0,0
242851,-13,-13
242860,10,10
242861,2,2
242870,1,1
242871,2,11
242880,2,1
242881,1,1
242890,1,1
242891,1,1
242900,10,10
242901,0,0
242910,1,1
242911,0,0
242920,-13,-13
242921,1,-11
242930,-13,-13
242931,-11,-11
242940,1,1
242941,0,0
242950,3,2
242951,1,1
242960,-11,-13
242961,1,-11
242970,-13,-13
242971,0,0
242980,10,10
242981,1,2
242990,1,1
242991,-13,-13
243000,0,0
243001,0,0
243010,-13,-13
243011,-11,-11
243020,2,10
243021,2,2
243030,-11,-11
243031,0,0
243040,0,11
243041,1,1
243050,0,0
243051,-11,-11
243060,0,0
243061,-13,-13
243070,10,11
243071,1,1
243080,1,1
243081,1,1
243090,1,1
243091,2,1
243100,-13,-13
243101,1,1
243110,10,10
243111,11,11
243120,-13,-13
243121,0,1
243130,1,1
243131,0,0
243140,1,1
243141,0,0
243150,1,1
243151,-11,-11
243160,1,1
243161,1,2
243170,1,1
243171,-11,-11
243180,-13,-13
243181,0,0
243190,0,1
243191,1,1
243200,-11,-11
243201,-11,-11
243210,-11,1
243211,-11,-11
243220,10,10
243221,-11,-11
243230,-11,-11
243231,-13,-13
243240,1,1
243241,0,-13
243250,1,1
243251,-13,-333
243260,1,1
243261,2,2
243270,11,11
243271,10,10
243280,-11,-11
243281,1,1
243290,-11,-11
243291,2,1
243300,1,10
243301,1,1
243310,2,1
243311,2,2
243320,1,1
243321,11,2
243330,11,11
243331,-11,-11
243340,-13,-13
243341,10,10
243350,-13,-13
243351,10,10
243360,1,1
243361,10,11
243370,-11,-11
243371,-11,-11
243380,1,1
243381,10,10
243390,-11,-11
243391,0,0
243400,10,10
243401,10,10
243410,2,2
243411,10,10
243420,2,2
243421,1,1
243430,11,11
243431,2,2
243440,2,2
243441,10,10
243450,2,11
243451,10,11
243460,1,1
243461,2,1
243470,-11,-11
243471,-11,-11
243480,11,11
243481,-13,-13
243490,-13,-13
243491,10,11
243500,1,1
243501,10,1
243510,-13,-13
243511,0,0
243520,11,11
243521,-13,-13
243530,2,11
243531,2,2
243540,10,10
243541,10,10
243550,1,1
243551,1,1
243560,-13,-13
243561,0,0
243570,2,1
243571,-13,-13
243580,-11,-11
243581,-13,-13
243590,-11,-11
243591,10,10
243600,1,1
243601,1,11
243610,-13,-13
243611,-11,-11
243620,-13,-13
243621,1,1
243630,0,1
243631,-11,-11
243640,-11,-11
243641,-13,1
243650,10,10
243651,1,1
243660,0,1
243661,0,0
243670,11,11
243671,1,1
243680,0,0
243681,-13,-13
243690,-13,-13
243691,0,0
243700,1,1
243701,0,0
243710,10,10
243711,1,1
243720,10,11
243721,2,2
243730,10,10
243731,11,10
243740,-11,-11
243741,-11,-11
243750,10,11
243751,0,0
243760,11,11
243761,-13,-13
243770,0,0
243771,-13,-13
243780,-13,-13
243781,-11,-11
243790,-11,-11
243791,1,1
243800,-11,-11
243801,-13,-13
243810,0,1
243811,0,1
243820,2,2
243821,-13,-13
243830,11,10
243831,4,2
243840,4,11
243841,10,10
243850,0,-11
243851,-11,-11
243860,10,10
243861,11,11
243870,0,0
243871,10,11
243880,2,2
243881,10,10
243890,-11,-11
243891,10,10
243900,2,1
243901,0,1
243910,10,10
243911,-11,-333
243920,-13,-13
243921,-11,-11
243930,1,10
243931,1,1
243940,11,11
243941,-11,-13
243950,1,1
243951,-13,-13
243960,-13,-13
243961,-13,-13
243970,1,1
243971,1,1
243980,-11,-11
243981,1,1
243990,0,11
243991,1,0
244000,0,1
244001,1,1
244010,0,1
244011,0,0
244020,-11,-11
244021,2,2
244030,10,10
244031,-11,-11
244040,-11,-11
244041,-11,-11
244050,-13,-13
244051,2,1
244060,-13,-13
244061,-13,-13
244070,1,1
244071,0,0
244080,0,0
244081,1,1
244090,2,2
244091,3,1
244100,10,10
244101,-11,0
244110,2,11
244111,-13,1
244120,0,2
244121,11,11
244130,-13,-13
244131,-11,-11
244140,10,10
244141,1,1
244150,-11,-11
244151,1,1
244160,10,10
244161,0,0
244170,1,1
244171,2,2
244180,1,1
244181,-11,-11
244190,11,11
244191,2,1
244200,1,1
244201,-11,-11
244210,0,10
244211,10,10
244220,-11,-11
244221,10,10
244230,-13,-13
244231,2,2
244240,10,10
244241,2,2
244250,-11,-11
244251,1,1
244260,-13,-13
244261,1,10
244270,10,10
244271,10,10
244280,1,1
244281,1,1
244290,1,1
244291,-11,-11
244300,-13,-13
244301,1,1
244310,0,-13
244311,1,1
244320,0,1
244321,1,1
244330,0,0
244331,-13,-13
244340,2,1
244341,12,11
244350,0,0
244351,-11,-11
244360,1,1
244361,0,0
244370,10,10
244371,10,11
244380,0,0
244381,1,1
244390,1,1
244391,-11,-11
244400,10,10
244401,-11,-11
244410,2,2
244411,1,1
244420,1,1
244421,-13,-13
244430,0,0
244431,-11,-11
244440,-13,-13
244441,1,1
244450,1,1
244451,1,1
244460,-13,-13
244461,11,11
244470,1,11
244471,10,10
244480,-13,-13
244481,2,1
244490,-11,-11
244491,1,1
244500,-13,-13
244501,1,1
244510,2,2
244511,1,1
244520,10,10
244521,-13,-13
244530,11,-222
244531,-13,-222
244540,1,1
244541,11,11
244550,-13,-13
244551,2,1
244560,-13,-13
244561,1,0
244570,0,0
244571,-11,-11
244580,2,1
244581,-11,-13
244590,-11,-11
244591,11,11
244600,2,1
244601,2,1
244610,-11,-11
244611,1,2
244620,-13,-13
244621,10,10
244630,2,1
244631,-13,-13
244640,1,0
244641,1,11
244650,-13,-13
244651,1,1
244660,1,1
244661,1,1
244670,-13,-13
244671,12,10
244680,1,2
244681,-13,-13
244690,1,1
244691,1,11
244700,1,1
244701,2,1
244710,0,0
244711,-13,1
244720,2,1
244721,-13,-13
244730,1,1
244731,0,1
244740,-13,-13
244741,1,1
244750,0,-333
244751,3,2
244760,1,1
244761,1,1
244770,-11,-11
244771,-11,-11
244780,10,10
244781,1,1
244790,10,11
244791,1,1
244800,-11,-11
244801,10,10
244810,0,0
244811,11,10
244820,-11,-11
244821,-11,-11
244830,10,10
244831,10,10
244840,-13,-13
244841,3,2
244850,10,11
244851,10,10
244860,3,11
244861,-13,-13
244870,-11,-11
244871,0,0
244880,1,1
244881,1,1
244890,-11,-11
244891,-13,-13
244900,0,1
244901,11,11
244910,11,10
244911,-13,-13
244920,-13,-13
244921,-11,-11
244930,1,11
244931,-13,-13
244940,-13,-13
244941,0,1
244950,0,0
244951,0,0
244960,10,11
244961,-13,-13
244970,2,1
244971,1,1
244980,2,2
244981,2,2
244990,1,1
244991,0,2
245000,-11,-11
245001,-11,-11
245010,1,1
245011,1,1
245020,2,2
245021,1,1
245030,3,2
245031,-11,-11
245040,-13,-13
245041,10,11
245050,-11,-11
245051,-13,-13
245060,1,1
245061,1,1
245070,10,10
245071,0,0
245080,-13,-13
245081,-11,-11
245090,2,1
245091,-13,-13
245100,1,1
245101,10,11
245110,1,1
245111,10,10
245120,-11,-11
245121,-11,-11
245130,2,11
245131,-13,-13
245140,-13,-13
245141,10,10
245150,1,1
245151,-11,-11
245160,-11,1
245161,-11,-11
245170,-11,-11
245171,-11,-11
245180,10,10
245181,1,1
245190,2,2
245191,11,10
245200,0,0
245201,1,1
245210,-13,-13
245211,-11,-333
245220,10,10
245221,1,1
245230,2,2
245231,1,2
245240,-11,-333
245241,-11,-11
245250,10,10
245251,-13,-13
245260,-13,-13
245261,0,11
245270,1,1
245271,1,2
245280,-11,-11
245281,-11,-11
245290,-11,-11
245291,1,1
245300,1,1
245301,0,0
245310,-11,-11
245311,1,1
245320,1,1
245321,1,1
245330,-13,-13
245331,0,0
245340,1,1
245341,2,2
245350,-13,-13
245351,-11,-11
245360,0,0
245361,10,10
245370,1,1
245371,1,1
245380,-13,-13
245381,1,2
245390,10,10
245391,1,1
245400,-11,-11
245401,1,11
245410,1,1
245411,1,1
245420,1,1
245421,1,1
245430,10,10
245431,0,0
245440,1,1
245441,1,1
245450,-11,-11
245451,-11,-333
245460,0,0
245461,1,1
245470,11,10
245471,1,1
245480,1,1
245481,0,0
245490,-13,-13
245491,-11,-13
245500,1,1
245501,1,1
245510,0,0
245511,1,1
245520,-11,-11
245521,10,10
245530,10,10
245531,-11,-11
245540,0,0
245541,-11,-11
245550,-13,-11
245551,-11,-11
245560,0,0
245561,-13,-13
245570,10,11
245571,0,0
245580,10,10
245581,1,1
245590,-11,-11
245591,0,1
245600,-11,-11
245601,-11,-11
245610,-11,-11
245611,1,1
245620,1,1
245621,1,1
245630,10,10
245631,1,1
245640,1,1
245641,1,1
245650,10,10
245651,10,11
245660,1,1
245661,1,-222
245670,0,0
245671,12,11
245680,-13,-13
245681,11,11
245690,11,10
245691,-11,-11
245700,11,11
245701,-13,-13
245710,0,0
245711,11,10
245720,-11,-11
245721,10,10
245730,1,1
245731,1,10
245740,10,10
245741,-13,-13
245750,-11,-11
245751,0,0
245760,1,1
245761,10,10
245770,1,1
245771,1,1
245780,-13,-13
245781,-13,-13
245790,1,1
245791,1,1
245800,1,1
245801,-11,-11
245810,-13,-13
245811,0,0
245820,-13,-13
245821,0,0
245830,1,1
245831,-13,-222
245840,-11,1
245841,0,1
245850,0,10
245851,-11,-11
245860,1,1
245861,10,10
245870,10,10
245871,2,2
245880,-13,-13
245881,1,-333
245890,0,0
245891,1,1
245900,10,10
245901,0,0
245910,1,1
245911,10,10
245920,2,1
245921,0,0
245930,0,0
245931,0,0
245940,2,1
245941,-11,-11
245950,1,1
245951,-13,-13
245960,0,-11
245961,1,1
245970,-13,-13
245971,0,0
245980,-11,-11
245981,-11,-11
245990,0,0
245991,-11,-11
246000,1,1
246001,1,1
246010,-11,-11
246011,1,1
246020,-13,-13
246021,2,2
246030,1,1
246031,0,0
246040,1,1
246041,-11,-11
246050,10,10
246051,-13,-13
246060,1,1
246061,1,1
246070,1,1
246071,1,1
246080,0,0
246081,-13,-13
246090,1,11
246091,2,2
246100,0,1
246101,0,0
246110,0,0
246111,10,10
246120,-13,-13
246121,-13,-13
246130,-11,-11
246131,-11,-11
246140,10,10
246141,1,1
246150,11,10
246151,0,0
246160,1,1
246161,1,1
246170,2,1
246171,2,2
246180,-11,-11
246181,2,1
246190,1,1
246191,-11,-11
246200,1,1
246201,-13,-13
246210,-11,-11
246211,2,2
246220,-13,-13
246221,1,1
246230,-11,-11
246231,2,2
246240,2,1
246241,0,0
246250,0,0
246251,0,0
246260,-11,-11
246261,11,11
246270,2,2
246271,-13,0
246280,-11,-11
246281,1,-11
246290,1,2
246291,2,11
246300,1,1
246301,-13,-13
246310,1,1
246311,-13,-13
246320,-13,-13
246321,10,10
246330,0,0
246331,-13,-13
246340,-11,-13
246341,11,10
246350,-11,-11
246351,10,10
246360,-11,-11
246361,11,11
246370,2,2
246371,1,1
246380,10,10
246381,10,10
246390,-11,-11
246391,2,11
246400,-13,-13
246401,1,1
246410,1,1
246411,1,1
246420,1,1
246421,2,2
246430,0,0
246431,1,11
246440,1,1
246441,-13,-13
246450,3,2
246451,1,1
246460,-13,-13
246461,10,10
246470,-11,-11
246471,1,-333
246480,-11,-11
246481,-11,-11
246490,1,2
246491,-11,-11
246500,1,1
246501,2,2
246510,10,11
246511,-13,-13
246520,1,10
246521,11,11
246530,0,0
246531,-13,-13
246540,2,11
246541,2,2
246550,1,1
246551,1,1
246560,1,1
246561,11,2
246570,0,0
246571,2,1
246580,-11,-333
246581,-13,-11
246590,10,10
246591,-13,-13
246600,2,1
246601,2,2
246610,-11,-11
246611,-11,-11
246620,-13,-13
246621,0,-11
246630,-11,-11
246631,-11,-11
246640,1,1
246641,2,2
246650,-11,-11
246651,-11,-11
246660,1,1
246661,1,1
246670,-11,-11
246671,11,10
246680,2,2
246681,2,2
246690,1,1
246691,-13,-13
246700,-11,-11
246701,12,11
246710,-13,-13
246711,-11,-11
246720,-13,-13
246721,1,1
246730,10,10
246731,1,1
246740,1,1
246741,-11,-11
246750,1,11
246751,10,10
246760,1,1
246761,-13,-13
246770,2,2
246771,-13,-13
246780,1,1
246781,-13,-13
246790,1,11
246791,-13,-13
246800,10,11
246801,1,1
246810,-13,-13
246811,-11,-11
246820,-13,-13
246821,10,10
246830,-11,-11
246831,10,10
246840,10,10
246841,-11,-11
246850,1,1
246851,3,2
246860,0,10
246861,-11,0
246870,2,11
246871,0,0
246880,10,10
246881,-13,-13
246890,-11,-11
246891,1,1
246900,1,1
246901,-11,-11
246910,2,1
246911,-13,-13
246920,2,1
246921,-13,-13
246930,11,10
246931,0,10
246940,0,0
246941,-13,-13
246950,0,1
246951,-11,-11
246960,10,10
246961,10,10
246970,10,10
246971,1,1
246980,-11,-11
246981,10,10
246990,-11,-11
246991,-11,-11
247000,-11,-11
247001,-11,-11
247010,0,-13
247011,0,0
247020,1,1
247021,-13,-13
247030,1,1
247031,1,1
247040,-11,-11
247041,-11,-11
247050,2,1
247051,10,10
247060,1,1
247061,1,11
247070,0,10
247071,0,0
247080,-13,-13
247081,0,10
247090,1,1
247091,-13,-13
247100,-11,-11
247101,1,1
247110,-11,-11
247111,-11,1
247120,10,10
247121,-13,-13
247130,1,1
247131,2,1
247140,1,1
247141,0,0
247150,10,10
247151,-11,-11
247160,2,1
247161,-13,-13
247170,0,1
247171,10,10
247180,1,1
247181,2,11
247190,-13,-333
247191,0,11
247200,10,11
247201,1,-333
247210,10,10
247211,10,10
247220,1,2
247221,-11,-11
247230,2,2
247231,-13,-13
247240,-13,-13
247241,-13,-13
247250,1,1
247251,-11,1
247260,10,10
247261,-11,1
247270,1,1
247271,-11,-11
247280,-11,-11
247281,-11,-11
247290,-13,-13
247291,-13,-13
247300,2,1
247301,2,2
247310,0,0
247311,-11,-11
247320,1,1
247321,-13,-13
247330,1,0
247331,1,1
247340,1,1
247341,0,0
247350,-11,-11
247351,1,1
247360,0,0
247361,1,1
247370,10,10
247371,1,1
247380,1,1
247381,0,0
247390,11,11
247391,10,11
247400,0,0
247401,10,10
247410,2,2
247411,-13,-13
247420,-11,-11
247421,-11,-11
247430,-13,-13
247431,0,0
247440,1,2
247441,-13,-13
247450,11,11
247451,1,1
247460,11,10
247461,0,0
247470,10,10
247471,0,0
247480,-11,-11
247481,-13,-13
247490,1,1
247491,-11,-13
247500,10,11
247501,0,11
247510,2,2
247511,2,2
247520,10,11
247521,1,1
247530,-13,-13
247531,-11,-11
247540,-13,-13
247541,0,10
247550,-13,-13
247551,-11,-11
247560,2,1
247561,1,-13
247570,1,1
247571,10,11
247580,1,1
247581,0,0
247590,-11,-11
247591,10,10
247600,1,1
247601,10,11
247610,-13,-13
247611,-11,-11
247620,10,11
247621,-11,-11
247630,1,1
247631,-11,-11
247640,0,0
247641,1,11
247650,10,10
247651,-11,-11
247660,1,1
247661,-11,-11
247670,-13,-13
247671,2,2
247680,-11,-11
247681,-13,-13
247690,-13,-13
247691,0,0
247700,0,0
247701,0,0
247710,1,11
247711,-11,-11
247720,1,1
247721,-13,-13
247730,10,10
247731,0,0
247740,1,1
247741,-13,-13
247750,1,1
247751,-13,-13
247760,-13,-13
247761,0,0
247770,1,1
247771,0,1
247780,-11,-11
247781,1,1
247790,1,1
247791,-11,-11
247800,1,0
247801,2,1
247810,12,11
247811,0,0
247820,1,1
247821,-11,-11
247830,2,1
247831,2,2
247840,-13,-13
247841,-13,-13
247850,2,1
247851,-13,-13
247860,1,1
247861,-13,-13
247870,2,2
247871,1,2
247880,1,1
247881,11,10
247890,10,10
247891,10,10
247900,1,1
247901,1,11
247910,-11,-11
247911,2,2
247920,10,2
247921,0,1
247930,-11,-11
247931,-13,-13
247940,-11,-11
247941,0,0
247950,0,0
247951,-13,-333
247960,2,2
247961,-13,-13
247970,-13,-13
247971,0,0
247980,2,1
247981,10,10
247990,-13,-13
247991,2,2
248000,-13,-13
248001,-11,-11
248010,-13,-13
248011,10,10
248020,-11,-11
248021,2,2
248030,0,0
248031,1,1
248040,1,1
248041,0,0
248050,11,10
248051,1,1
248060,-13,-13
248061,-11,-11
248070,0,0
248071,-11,-11
248080,0,0
248081,2,2
248090,-13,-13
248091,10,10
248100,-11,-13
248101,0,0
248110,1,11
248111,1,1
248120,0,0
248121,2,11
248130,-13,-13
248131,-11,-11
248140,0,0
248141,-13,-13
248150,0,1
248151,2,1
248160,1,10
248161,1,1
248170,1,1
248171,10,11
248180,11,1
248181,-13,-13
248190,1,1
248191,11,1
248200,0,1
248201,0,1
248210,10,10
248211,-13,-13
248220,10,10
248221,1,11
248230,10,10
248231,0,0
248240,2,1
248241,0,-333
248250,-13,-13
248251,-11,-11
248260,-13,-13
248261,1,1
248270,-13,-13
248271,1,1
248280,-11,-11
248281,-13,-13
248290,2,2
248291,1,1
248300,-13,11
248301,-11,-11
248310,2,0
248311,-11,-11
248320,-13,-13
248321,0,11
248330,1,11
248331,-11,-11
248340,11,11
248341,-13,-13
248350,2,2
248351,1,1
248360,1,1
248361,0,0
248370,-13,-13
248371,3,2
248380,-11,-11
248381,-11,-11
248390,-11,-11
248391,-13,-13
248400,1,1
248401,11,11
248410,1,1
248411,-13,-13
248420,0,0
248421,2,11
248430,2,2
248431,11,10
248440,1,1
248441,-13,-13
248450,2,2
248451,1,1
248460,1,2
248461,-11,-11
248470,-11,-11
248471,-11,-11
248480,-13,-13
248481,10,11
248490,1,1
248491,1,1
248500,1,1
248501,1,1
248510,-13,-13
248511,0,-11
248520,1,1
248521,-13,-13
248530,-13,-13
248531,10,10
248540,10,10
248541,-13,-13
248550,1,1
248551,0,0
248560,2,1
248561,-11,-11
248570,-11,-11
248571,1,1
248580,1,1
248581,11,11
248590,-11,-11
248591,-11,-11
248600,10,10
248601,1,1
248610,2,1
248611,10,10
248620,11,11
248621,2,2
248630,11,-13
248631,-13,10
248640,10,10
248641,-13,-13
248650,-11,-11
248651,2,1
248660,0,0
248661,-11,-11
248670,1,1
248671,-11,-333
248680,-11,-222
248681,11,11
248690,1,1
248691,-11,-11
248700,-13,1
248701,0,11
248710,3,11
248711,0,10
248720,1,1
248721,-13,-13
248730,-11,-11
248731,0,0
248740,-13,-13
248741,-13,-13
248750,10,11
248751,1,1
248760,10,10
248761,1,1
248770,1,1
248771,-13,-13
248780,-11,-11
248781,-13,-13
248790,1,1
248791,10,11
248800,0,0
248801,0,0
248810,1,1
248811,11,10
248820,10,10
248821,2,1
248830,1,1
248831,1,1
248840,-11,-11
248841,-13,-13
248850,2,2
248851,10,10
248860,-11,-11
248861,10,10
248870,-11,-11
248871,0,0
248880,-13,-13
248881,1,1
248890,1,1
248891,2,1
248900,-11,-11
248901,11,11
248910,-11,-11
248911,10,10
248920,1,1
248921,11,11
248930,-11,-11
248931,-13,-13
248940,1,1
248941,10,10
248950,10,10
248951,-11,-11
248960,10,10
248961,-11,-11
248970,10,10
248971,-11,-11
248980,11,11
248981,0,1
248990,1,1
248991,2,2
249000,-11,-11
249001,10,10
249010,1,1
249011,1,1
249020,0,0
249021,0,1
249030,2,2
249031,-11,-11
249040,12,11
249041,0,0
249050,2,1
249051,1,2
249060,1,1
249061,1,1
249070,-11,-11
249071,1,1
249080,10,10
249081,10,10
249090,-13,-13
249091,-13,-13
249100,10,10
249101,11,10
249110,2,11
249111,-13,-13
249120,11,11
249121,2,1
249130,0,0
249131,2,2
249140,-11,-11
249141,11,10
249150,-11,-11
249151,11,11
249160,1,1
249161,-13,0
249170,0,0
249171,-13,-13
249180,-11,-11
249181,11,11
249190,1,1
249191,10,10
249200,0,0
249201,1,1
249210,0,0
249211,1,1
249220,2,1
249221,-11,-11
249230,1,1
249231,-13,-13
249240,0,0
249241,1,1
249250,1,1
249251,-13,-13
249260,-11,-11
249261,0,10
249270,2,2
249271,11,11
249280,1,1
249281,1,2
249290,-11,-11
249291,-11,-11
249300,10,11
249301,-13,-13
249310,0,0
249311,1,1
249320,-11,-11
249321,-13,-13
249330,2,1
249331,-13,-13
249340,-13,-13
249341,-13,-13
249350,10,10
249351,0,0
249360,11,10
249361,-11,-11
249370,-11,1
249371,-11,-11
249380,0,0
249381,-11,-11
249390,-11,-13
249391,-13,0
249400,1,1
249401,11,10
249410,10,11
249411,11,11
249420,-13,-13
249421,-13,-13
249430,-11,-11
249431,0,0
249440,-11,-11
249441,1,1
249450,0,0
249451,-13,-13
249460,-13,-13
249461,2,1
249470,-13,-13
249471,10,10
249480,-11,-13
249481,-13,-13
249490,11,11
249491,-11,-11
249500,10,10
249501,-11,-11
249510,-11,-11
249511,1,1
249520,11,11
249521,1,1
249530,2,1
249531,1,1
249540,-13,-13
249541,1,1
249550,2,1
249551,1,1
249560,-13,-13
249561,10,10
249570,-11,-11
249571,11,11
249580,10,11
249581,-11,-11
249590,2,1
249591,0,0
249600,0,1
249601,1,1
249610,0,0
249611,-11,-11
249620,-11,-11
249621,0,0
249630,2,1
249631,1,1
249640,2,1
249641,-11,1
249650,10,10
249651,1,1
249660,1,1
249661,10,10
249670,1,1
249671,10,10
249680,2,2
249681,2,2
249690,-13,-13
249691,1,1
249700,-11,-11
249701,1,1
249710,1,1
249711,1,1
249720,-13,-13
249721,-13,-13
249730,0,-11
249731,1,1
249740,1,11
249741,-11,-13
249750,10,10
249751,-11,-11
249760,2,1
249761,0,0
249770,1,2
249771,2,11
249780,10,10
249781,10,11
249790,2,1
249791,1,-11
249800,1,1
249801,-13,1
249810,1,1
249811,0,0
249820,2,1
249821,11,11
249830,1,1
249831,2,2
249840,10,10
249841,-13,-13
249850,1,1
249851,-13,-13
249860,1,1
249861,1,1
249870,-13,-13
249871,2,2
249880,-11,-11
249881,-11,-11
249890,1,1
249891,10,10
249900,1,1
249901,-13,-13
249910,-11,-11
249911,3,2
249920,10,11
249921,-11,-11
249930,-13,-13
249931,1,1
249940,-11,-11
249941,1,1
249950,10,10
249951,1,1
249960,-13,-13
249961,-13,-13
249970,11,10
249971,-11,1
249980,1,1
249981,1,1
249990,1,1
249991,3,2
250000,-11,-11
250001,2,2
250010,2,2
250011,-13,-13
250020,1,1
250021,-11,-11
250030,1,1
250031,10,10
250040,-13,-13
250041,-11,-11
250050,1,1
250051,2,2
250060,1,1
250061,2,2
250070,-11,-11
250071,2,1
250080,1,2
250081,-11,-11
250090,1,1
250091,0,0
250100,1,1
250101,-13,-13
250110,1,1
250111,1,1
250120,1,1
250121,-11,-11
250130,1,1
250131,-11,-11
250140,1,1
250141,1,1
250150,-11,-11
250151,1,1
250160,11,10
250161,-11,-11
250170,-13,-13
250171,10,10
250180,11,11
250181,-13,-13
250190,2,1
250191,-11,-11
250200,-13,-13
250201,1,1
250210,1,1
250211,-11,-11
250220,1,1
250221,1,1
250230,10,11
250231,-11,1
250240,0,0
250241,-13,-13
250250,1,1
250251,3,2
250260,-11,-11
250261,0,0
250270,10,10
250271,11,10
250280,-11,-11
250281,-11,-11
250290,1,1
250291,1,2
250300,-11,1
250301,-11,-11
250310,-11,-11
250311,1,1
250320,-11,-11
250321,2,2
250330,1,1
250331,-13,-13
250340,2,2
250341,-11,-11
250350,2,2
250351,-13,-13
250360,0,0
250361,1,1
250370,-11,-11
250371,1,1
250380,0,0
250381,-11,-11
250390,0,10
250391,1,1
250400,1,1
250401,1,1
250410,-13,-13
250411,-13,-13
250420,2,1
250421,-11,-222
250430,0,10
250431,-11,-11
250440,10,11
250441,-13,-13
250450,10,10
250451,2,2
250460,10,10
250461,2,2
250470,10,10
250471,-13,-13
250480,1,11
250481,-11,-11
250490,-13,-13
250491,1,1
250500,3,11
250501,11,11
250510,1,1
250511,0,0
250520,-11,-11
250521,2,1
250530,1,11
250531,2,2
250540,-13,-13
250541,1,1
250550,2,1
250551,-13,-13
250560,-11,-11
250561,1,1
250570,0,-13
250571,2,-11
250580,2,2
250581,0,0
250590,10,10
250591,-13,1
250600,12,11
250601,0,0
250610,1,1
250611,3,2
250620,1,-11
250621,10,10
250630,10,10
250631,-13,-13
250640,-11,-11
250641,-11,-11
250650,1,1
250651,1,1
250660,11,11
250661,-13,-13
250670,11,11
250671,0,0
250680,1,1
250681,10,10
250690,10,11
250691,0,0
250700,0,0
250701,2,2
250710,2,1
250711,11,11
250720,10,10
250721,-13,-13
250730,2,1
250731,10,10
250740,11,11
250741,0,1
250750,-11,-11
250751,10,10
250760,1,1
250761,-11,-11
250770,0,0
250771,-13,-13
250780,0,0
250781,0,0
250790,-13,-13
250791,1,1
250800,-13,-13
250801,1,1
250810,-11,-11
250811,11,11
250820,-11,-11
250821,10,10
250830,0,0
250831,-13,-13
250840,1,1
250841,-11,-11
250850,0,0
250851,11,11
250860,-13,-13
250861,-13,-13
250870,0,0
250871,-13,-13
250880,-11,-333
250881,3,2
250890,1,2
250891,-13,-13
250900,1,1
250901,-11,-11
250910,1,10
250911,-13,-13
250920,1,0
250921,10,10
250930,-11,-11
250931,-11,-11
250940,1,1
250941,0,0
250950,2,1
250951,-11,-11
250960,1,1
250961,-11,-11
250970,-11,-11
250971,-13,-13
250980,-13,-333
250981,2,2
250990,2,11
250991,0,0
251000,-11,-11
251001,0,-13
251010,-13,-13
251011,0,0
251020,1,1
251021,10,11
251030,10,10
251031,-11,-11
251040,-13,-13
251041,-13,-13
251050,11,11
251051,-11,-11
251060,1,1
251061,1,1
251070,-11,-11
251071,1,-11
251080,1,1
251081,-13,-13
251090,-13,-13
251091,1,1
251100,1,1
251101,-13,-13
251110,-11,-11
251111,-11,-11
251120,-13,-13
251121,10,10
251130,-13,-13
251131,1,1
251140,-11,-11
251141,-11,-11
251150,11,10
251151,0,0
251160,1,1
251161,11,11
251170,1,1
251171,10,10
251180,10,10
251181,1,1
251190,0,0
251191,-11,-11
251200,0,-13
251201,2,2
251210,1,1
251211,-13,-13
251220,-11,-11
251221,10,10
251230,0,-13
251231,-13,-13
251240,1,1
251241,1,11
251250,1,1
251251,1,1
251260,0,0
251261,10,11
251270,10,10
251271,0,1
251280,-13,-13
251281,-13,-13
251290,10,10
251291,-13,-13
251300,11,11
251301,-13,-13
251310,11,11
251311,-11,1
251320,1,10
251321,2,2
251330,1,1
251331,11,11
251340,1,1
251341,10,11
251350,-13,-13
251351,11,11
251360,0,0
251361,10,10
251370,-11,-11
251371,10,10
251380,-11,-11
251381,0,0
251390,1,1
251391,10,10
251400,-13,-13
251401,0,0
251410,1,1
251411,1,1
251420,1,1
251421,1,1
251430,0,10
251431,-13,0
251440,-13,-13
251441,1,1
251450,1,1
251451,0,0
251460,10,10
251461,1,1
251470,0,0
251471,-13,-13
251480,-11,-11
251481,1,1
251490,1,1
251491,2,11
251500,-13,-13
251501,-11,-11
251510,10,11
251511,11,11
251520,2,2
251521,10,10
251530,-13,-13
251531,1,1
251540,0,0
251541,-13,0
251550,-11,-11
251551,1,1
251560,1,1
251561,-11,-11
251570,2,11
251571,10,10
251580,0,0
251581,2,2
251590,12,11
251591,1,1
251600,-13,-13
251601,1,2
251610,1,1
251611,11,10
251620,0,0
251621,-11,-11
251630,1,1
251631,2,1
251640,-13,-13
251641,1,1
251650,1,1
251651,0,0
251660,1,1
251661,1,1
251670,0,0
251671,0,0
251680,11,11
251681,2,2
251690,-13,-13
251691,-13,-13
251700,0,0
251701,1,11
251710,1,2
251711,2,1
251720,1,1
251721,1,1
251730,-13,-13
251731,2,2
251740,1,1
251741,-11,-11
251750,0,0
251751,1,-333
251760,0,1
251761,0,0
251770,2,1
251771,0,0
251780,1,1
251781,1,2
251790,2,2
251791,1,1
251800,2,2
251801,0,0
251810,10,10
251811,-11,-11
251820,0,0
251821,1,1
251830,1,1
251831,10,10
251840,12,11
251841,0,0
251850,-13,-13
251851,0,0
251860,1,1
251861,1,1
251870,-11,-11
251871,-13,-13
251880,1,1
251881,-11,1
251890,10,10
251891,-13,-13
251900,10,10
251901,-11,-11
251910,-13,-13
251911,-11,-11
251920,11,11
251921,-11,-11
251930,2,11
251931,2,2
251940,2,2
251941,10,11
251950,0,0
251951,11,11
251960,1,1
251961,-13,-13
251970,0,0
251971,-11,-11
251980,-13,-13
251981,1,-11
251990,0,0
251991,1,1
252000,-13,-13
252001,-11,-11
252010,-11,-11
252011,1,1
252020,1,1
252021,1,1
252030,1,1
252031,10,10
252040,0,0
252041,-13,-13
252050,11,10
252051,-13,-13
252060,2,1
252061,0,-13
252070,1,1
252071,0,-13
252080,2,2
252081,10,10
252090,1,1
252091,-13,-13
252100,-11,-11
252101,10,10
252110,10,10
252111,0,0
252120,0,0
252121,-13,-13
252130,0,0
252131,-13,-13
252140,2,1
252141,-11,-11
252150,11,11
252151,1,1
252160,-11,-11
252161,1,1
252170,2,2
252171,1,1
252180,2,1
252181,2,2
252190,-13,-13
252191,0,0
252200,0,0
252201,2,1
252210,2,2
252211,-11,-11
252220,-11,-11
252221,-13,-333
252230,1,1
252231,10,10
252240,1,1
252241,1,1
252250,10,10
252251,2,2
252260,-13,-13
252261,-13,-13
252270,2,1
252271,10,10
252280,1,1
252281,1,1
252290,-13,-13
252291,1,2
252300,-13,0
252301,-13,-13
252310,10,10
252311,1,1
252320,10,10
252321,0,0
252330,1,1
252331,-13,-13
252340,1,2
252341,2,2
252350,11,11
252351,-13,-13
252360,-13,-13
252361,1,1
252370,0,0
252371,-11,-11
252380,2,1
252381,-11,1
252390,-11,-11
252391,2,11
252400,-11,-11
252401,1,2
252410,-11,-11
252411,-11,-11
252420,2,2
252421,1,2
252430,-13,-13
252431,2,1
252440,2,1
252441,1,1
252450,2,1
252451,-11,-11
252460,2,1
252461,-13,-13
252470,-13,-13
252471,-13,-13
252480,1,11
252481,2,11
252490,1,1
252491,-11,-11
252500,1,1
252501,1,1
252510,11,10
252511,-11,-11
252520,10,10
252521,1,1
252530,-13,-13
252531,-11,-11
252540,2,1
252541,-11,-11
252550,-13,-13
252551,-13,-13
252560,-13,-13
252561,-13,-13
252570,10,10
252571,-11,-11
252580,1,1
252581,-13,-13
252590,2,2
252591,-11,-11
252600,1,1
252601,-11,1
252610,10,10
252611,-11,1
252620,2,2
252621,1,1
252630,11,10
252631,1,0
252640,2,1
252641,0,0
252650,-11,-11
252651,1,1
252660,1,2
252661,1,1
252670,-13,-13
252671,0,0
252680,2,1
252681,2,2
252690,-13,-13
252691,10,10
252700,3,2
252701,-11,-11
252710,1,1
252711,2,2
252720,-13,-13
252721,-13,-13
252730,10,11
252731,0,0
252740,-11,-11
252741,2,1
252750,2,1
252751,1,1
252760,0,0
252761,11,11
252770,-11,-11
252771,-11,1
252780,1,1
252781,1,1
252790,11,10
252791,11,11
252800,0,0
252801,-11,-11
252810,-13,-13
252811,11,10
252820,-11,-11
252821,1,1
252830,2,1
252831,10,10
252840,-13,-13
252841,2,2
252850,-11,-13
252851,-13,-13
252860,-11,-11
252861,-13,-13
252870,1,1
252871,-11,-11
252880,-11,-11
252881,-13,-13
252890,-13,-13
252891,1,1
252900,11,10
252901,-13,-13
252910,-11,1
252911,1,1
252920,0,0
252921,1,1
252930,11,11
252931,1,1
252940,1,1
252941,2,11
252950,-13,-13
252951,-11,-11
252960,-13,-13
252961,1,1
252970,2,1
252971,1,1
252980,-13,-13
252981,-13,-13
252990,2,1
252991,-11,-11
253000,-13,-13
253001,-13,-13
253010,1,1
253011,0,0
253020,-13,-13
253021,2,2
253030,2,1
253031,10,10
253040,-13,-13
253041,0,1
253050,0,0
253051,-11,-11
253060,2,1
253061,1,0
253070,2,2
253071,10,10
253080,1,10
253081,0,0
253090,0,10
253091,-13,-13
253100,1,1
253101,11,10
253110,2,2
253111,11,10
253120,11,11
253121,0,0
253130,-11,-11
253131,1,1
253140,10,10
253141,-13,-13
253150,-13,-13
253151,1,1
253160,2,11
253161,-13,-13
253170,1,1
253171,-11,-11
253180,2,2
253181,-11,1
253190,1,1
253191,11,10
253200,1,1
253201,1,1
253210,-13,-13
253211,1,1
253220,-13,-13
253221,2,2
253230,2,2
253231,2,2
253240,1,1
253241,1,1
253250,1,1
253251,1,1
253260,-11,-11
253261,2,1
253270,0,10
253271,-13,-13
253280,11,10
253281,-13,-13
253290,0,0
253291,1,1
253300,1,1
253301,1,1
253310,10,10
253311,-11,-11
253320,-11,-11
253321,1,1
253330,11,11
253331,-13,-13
253340,1,1
253341,-11,-11
253350,2,2
253351,1,1
253360,1,1
253361,11,10
253370,1,-11
253371,-11,-333
253380,-13,-13
253381,2,2
253390,1,1
253391,2,1
253400,-11,-11
253401,2,2
253410,1,1
253411,1,1
253420,0,0
253421,2,2
253430,-13,-11
253431,2,1
253440,10,10
253441,3,2
253450,10,1
253451,10,10
253460,1,1
253461,1,1
253470,2,2
253471,-13,-13
253480,-13,-13
253481,-11,-11
253490,10,10
253491,1,10
253500,-11,-11
253501,1,1
253510,1,1
253511,-11,-11
253520,1,1
253521,1,1
253530,-13,-13
253531,2,2
253540,-11,-11
253541,1,1
253550,0,10
253551,-13,-13
253560,1,1
253561,-11,-11
253570,-13,-13
253571,1,1
253580,2,2
253581,-11,-11
253590,1,1
253591,-11,-11
253600,-11,-11
253601,-13,-13
253610,-13,-13
253611,-13,-13
253620,1,1
253621,1,1
253630,-13,-13
253631,-11,-11
253640,1,1
253641,-11,-11
253650,10,10
253651,0,10
253660,2,11
253661,10,10
253670,0,0
253671,11,11
253680,1,1
253681,0,0
253690,-11,-11
253691,0,0
253700,1,1
253701,-11,-11
253710,-11,-11
253711,-13,-13
253720,-11,-11
253721,10,10
253730,-13,-13
253731,11,11
253740,1,1
253741,-13,-13
253750,-11,-11
253751,2,2
253760,2,2
253761,1,1
253770,10,10
253771,3,11
253780,1,1
253781,-13,-13
253790,10,10
253791,-13,-13
253800,2,2
253801,10,10
253810,11,11
253811,1,1
253820,2,2
253821,1,1
253830,-13,-13
253831,1,1
253840,0,0
253841,1,1
253850,-13,-13
253851,1,1
253860,-13,-13
253861,-13,-13
253870,10,10
253871,2,-333
253880,1,2
253881,-13,-13
253890,2,1
253891,-11,-11
253900,2,2
253901,1,1
253910,11,10
253911,2,-333
253920,2,2
253921,1,1
253930,1,2
253931,-13,-13
253940,2,11
253941,10,10
253950,-11,-11
253951,-13,-13
253960,11,11
253961,2,2
253970,10,10
253971,2,2
253980,3,2
253981,2,2
253990,-13,-11
253991,-13,-13
254000,2,11
254001,1,1
254010,1,1
254011,1,1
254020,10,11
254021,-11,-11
254030,-13,-13
254031,0,0
254040,0,0
254041,2,2
254050,-11,-11
254051,10,10
254060,10,10
254061,-13,-13
254070,1,1
254071,-11,-13
254080,1,1
254081,11,10
254090,-13,-13
254091,1,1
254100,0,0
254101,0,1
254110,0,10
254111,11,11
254120,0,11
254121,-13,-13
254130,0,0
254131,0,0
254140,10,11
254141,-13,0
254150,-13,-13
254151,1,1
254160,1,1
254161,1,1
254170,10,10
254171,-13,-13
254180,-11,-11
254181,-13,-13
254190,1,1
254191,10,10
254200,-13,-13
254201,10,10
254210,-11,-11
254211,1,1
254220,11,11
254221,-13,-13
254230,1,1
254231,2,2
254240,-13,-333
254241,0,10
254250,-11,-11
254251,2,1
254260,1,1
254261,1,1
254270,-11,-11
254271,10,10
254280,-13,-13
254281,1,11
254290,0,0
254291,-11,-11
254300,-11,1
254301,1,1
254310,-11,1
254311,-13,-13
254320,-13,-13
254321,1,1
254330,1,1
254331,1,2
254340,1,-333
254341,-13,-11
254350,-13,-13
254351,1,2
254360,10,10
254361,1,1
254370,0,0
254371,1,1
254380,-13,-13
254381,11,10
254390,10,10
254391,10,10
254400,1,1
254401,2,2
254410,2,2
254411,1,1
254420,2,1
254421,10,10
254430,11,11
254431,1,1
254440,1,1
254441,-13,-13
254450,1,11
254451,0,0
254460,1,1
254461,1,1
254470,1,1
254471,-11,-11
254480,1,1
254481,1,1
254490,10,2
254491,-11,-11
254500,10,10
254501,-11,-11
254510,-11,-11
254511,1,1
254520,0,0
254521,0,0
254530,1,1
254531,1,1
254540,-11,-11
254541,-13,-13
254550,1,1
254551,1,1
254560,1,1
254561,2,11
254570,1,1
254571,-13,-13
254580,1,1
254581,1,1
254590,10,10
254591,11,10
254600,-13,-13
254601,10,11
254610,10,10
254611,10,10
254620,10,10
254621,1,1
254630,2,11
254631,-11,-11
254640,0,0
254641,-13,-13
254650,2,1
254651,1,2
254660,2,2
254661,-13,-13
254670,0,0
254671,0,0
254680,-11,-11
254681,1,1
254690,-13,-13
254691,2,2
254700,1,11
254701,-11,2
254710,0,0
254711,1,1
254720,1,2
254721,1,1
254730,1,1
254731,11,11
254740,-13,-13
254741,1,2
254750,-11,-11
254751,1,2
254760,-11,-11
254761,11,11
254770,10,10
254771,10,10
254780,-13,-13
254781,-11,-11
254790,-13,-13
254791,1,1
254800,1,11
254801,-13,-13
254810,2,11
254811,0,0
254820,11,11
254821,-11,-11
254830,1,1
254831,12,11
254840,0,2
254841,1,-11
254850,1,1
254851,-11,-11
254860,3,2
254861,1,1
254870,-11,1
254871,-13,-13
254880,-13,-13
254881,-13,-13
254890,1,1
254891,10,10
254900,-11,-11
254901,0,0
254910,-11,1
254911,1,2
254920,1,1
254921,-11,-11
254930,-11,-11
254931,2,2
254940,10,10
254941,-13,-13
254950,10,10
254951,-11,-11
254960,1,1
254961,2,1
254970,10,1
254971,-11,-11
254980,10,10
254981,0,0
254990,1,1
254991,3,2
255000,-11,-11
255001,-11,-11
255010,0,11
255011,1,1
255020,-11,-333
255021,2,1
255030,1,1
255031,10,10
255040,1,1
255041,-13,-13
255050,-11,-11
255051,-13,-13
255060,0,0
255061,-11,-11
255070,-11,-11
255071,1,1
255080,-13,1
255081,10,10
255090,1,1
255091,-11,-11
255100,0,0
255101,-11,-11
255110,0,0
255111,2,2
255120,-13,-13
255121,-11,-11
255130,0,0
255131,-11,-11
255140,-13,-13
255141,-11,-11
255150,-11,-11
255151,-13,-13
255160,2,2
255161,11,11
255170,3,2
255171,-11,-11
255180,-13,-13
255181,-11,-11
255190,-13,-13
255191,0,0
255200,-11,-11
255201,-13,-13
255210,0,0
255211,3,2
255220,1,2
255221,1,1
255230,1,1
255231,1,11
255240,0,0
255241,1,0
255250,0,0
255251,2,2
255260,0,0
255261,10,10
255270,1,1
255271,10,10
255280,0,0
255281,0,0
255290,11,11
255291,-11,-333
255300,0,0
255301,0,0
255310,-11,-11
255311,-13,-13
255320,-13,-13
255321,11,11
255330,10,10
255331,10,11
255340,1,1
255341,1,1
255350,-11,-11
255351,-13,-13
255360,2,2
255361,-11,-11
255370,0,1
255371,1,1
255380,2,1
255381,11,11
255390,2,2
255391,-11,-11
255400,10,10
255401,-11,-11
255410,-11,1
255411,1,1
255420,0,0
255421,-11,-11
255430,10,11
255431,2,2
255440,1,2
255441,-11,-11
255450,-11,-11
255451,12,2
255460,1,2
255461,-13,-13
255470,-13,-333
255471,-11,-11
255480,1,1
255481,10,11
255490,1,1
255491,2,2
255500,0,0
255501,11,11
255510,10,10
255511,10,10
255520,10,10
255521,1,1
255530,-11,-11
255531,-11,-11
255540,11,11
255541,0,0
255550,1,1
255551,-11,-11
255560,10,10
255561,1,1
255570,1,1
255571,2,2
255580,-11,1
255581,-11,-333
255590,1,1
255591,1,1
255600,2,1
255601,2,2
255610,1,1
255611,-11,-11
255620,-13,-13
255621,10,10
255630,-11,-11
255631,1,1
255640,11,11
255641,-11,-11
255650,-13,-13
255651,-11,-11
255660,0,0
255661,-13,-13
255670,11,11
255671,1,1
255680,-11,-11
255681,-11,-11
255690,10,11
255691,2,1
255700,-11,1
255701,-13,1
255710,-13,-13
255711,1,10
255720,-13,-13
255721,-11,-11
255730,-11,-11
255731,0,0
255740,0,0
255741,10,10
255750,-13,-13
255751,2,2
255760,11,11
255761,1,1
255770,0,-13
255771,1,0
255780,-13,-13
255781,1,0
255790,1,1
255791,-13,-13
255800,2,1
255801,-13,-13
255810,-11,-11
255811,1,1
255820,1,0
255821,-11,-13
255830,1,1
255831,1,1
255840,10,10
255841,-13,-13
255850,11,11
255851,1,11
255860,-11,-11
255861,2,2
255870,0,0
255871,10,10
255880,1,1
255881,2,2
255890,0,0
255891,1,2
255900,1,1
255901,2,2
255910,-13,-13
255911,10,11
255920,11,11
255921,-13,-13
255930,1,-13
255931,1,1
255940,11,11
255941,-13,-13
255950,0,0
255951,-11,-11
255960,1,1
255961,1,1
255970,1,1
255971,11,11
255980,-13,-13
255981,1,1
255990,-13,-13
255991,1,1
256000,1,1
256001,1,1
256010,1,1
256011,0,-11
256020,-11,-11
256021,-13,-13
256030,1,1
256031,-13,-13
256040,1,1
256041,10,10
256050,-11,-11
256051,2,11
256060,-11,-11
256061,-13,-13
256070,1,1
256071,1,2
256080,-13,-333
256081,-11,-11
256090,1,1
256091,1,1
256100,-11,-11
256101,-11,-11
256110,1,1
256111,0,0
256120,-13,-13
256121,-13,-13
256130,2,1
256131,1,1
256140,-13,-13
256141,0,0
256150,10,10
256151,0,0
256160,1,11
256161,-11,-11
256170,2,11
256171,-11,1
256180,1,1
256181,0,1
256190,-13,-13
256191,1,1
256200,2,2
256201,10,11
256210,1,0
256211,1,1
256220,-11,-11
256221,11,10
256230,2,2
256231,1,1
256240,10,10
256241,1,1
256250,-11,-11
256251,-11,-11
256260,0,0
256261,0,0
256270,-11,-11
256271,-11,-11
256280,10,10
256281,1,1
256290,2,-222
256291,0,10
256300,-13,-13
256301,-13,-13
256310,2,1
256311,1,1
256320,2,2
256321,10,10
256330,2,1
256331,10,10
256340,-13,-13
256341,-13,-13
256350,-11,-11
256351,-13,-13
256360,0,0
256361,-13,-13
256370,1,1
256371,1,1
256380,0,0
256381,1,1
256390,10,10
256391,-11,-11
256400,1,1
256401,11,11
256410,2,2
256411,10,10
256420,-11,-11
256421,10,10
256430,3,2
256431,2,2
256440,-13,-13
256441,-11,-11
256450,-13,-13
256451,-13,-13
256460,-11,-11
256461,0,1
256470,2,1
256471,-13,-13
256480,10,1
256481,-13,-13
256490,10,10
256491,0,10
256500,1,1
256501,2,0
256510,10,10
256511,1,1
256520,1,1
256521,1,1
256530,1,1
256531,0,0
256540,0,0
256541,2,11
256550,11,10
256551,1,1
256560,-11,1
256561,-13,-13
256570,-13,-13
256571,-13,-13
256580,0,-13
256581,1,1
256590,0,0
256591,-11,-11
256600,-13,-13
256601,1,1
256610,2,1
256611,-11,-11
256620,-11,-11
256621,0,0
256630,0,0
256631,0,1
256640,0,0
256641,1,1
256650,3,2
256651,1,0
256660,0,0
256661,1,1
256670,1,1
256671,-11,-11
256680,12,11
256681,1,1
256690,-11,-11
256691,-11,-11
256700,-11,-11
256701,1,11
256710,-11,-11
256711,-11,1
256720,-13,-13
256721,-11,-11
256730,3,2
256731,0,1
256740,-13,-13
256741,10,10
256750,2,2
256751,3,2
256760,2,1
256761,1,1
256770,-13,-13
256771,-13,-13
256780,1,2
256781,-11,1
256790,1,1
256791,-13,-13
256800,-13,-13
256801,0,11
256810,1,1
256811,11,11
256820,-13,-13
256821,0,0
256830,-13,-333
256831,1,1
256840,10,10
256841,1,1
256850,-11,-11
256851,10,10
256860,1,1
256861,-13,-13
256870,0,0
256871,2,2
256880,11,11
256881,1,1
256890,-13,-13
256891,-11,-11
256900,2,2
256901,1,1
256910,11,11
256911,-11,-11
256920,10,10
256921,2,2
256930,-11,-11
256931,1,1
256940,11,10
256941,-11,-11
256950,-13,-13
256951,1,2
256960,-11,-11
256961,1,1
256970,2,1
256971,10,10
256980,-11,-11
256981,-13,-13
256990,-11,-11
256991,0,0
257000,1,1
257001,11,11
257010,0,0
257011,-11,-11
257020,2,2
257021,-13,-13
257030,2,1
257031,1,1
257040,1,1
257041,-11,-11
257050,10,10
257051,2,2
257060,1,1
257061,2,2
257070,11,11
257071,-13,-13
257080,1,1
257081,1,2
257090,0,1
257091,2,2
257100,1,11
257101,0,0
257110,-11,-11
257111,0,0
257120,-13,-13
257121,-11,-13
257130,2,1
257131,2,2
257140,1,1
257141,-13,-13
257150,0,0
257151,11,10
257160,0,1
257161,-11,-11
257170,1,1
257171,1,1
257180,10,10
257181,1,10
257190,1,0
257191,-11,-11
257200,-11,-11
257201,0,0
257210,11,11
257211,10,-222
257220,3,11
257221,10,10
257230,-13,-13
257231,-11,-11
257240,-13,-11
257241,0,0
257250,0,0
257251,10,10
257260,0,0
257261,-11,-11
257270,12,11
257271,-11,-11
257280,1,1
257281,-13,-13
257290,1,1
257291,1,1
257300,0,0
257301,1,2
257310,1,1
257311,1,2
257320,1,1
257321,-11,-11
257330,1,1
257331,-13,-13
257340,2,1
257341,1,1
257350,1,1
257351,0,0
257360,-11,-11
257361,2,1
257370,2,2
257371,0,11
257380,1,1
257381,2,2
257390,-11,-11
257391,-13,-13
257400,10,10
257401,1,1
257410,2,2
257411,0,0
257420,1,1
257421,10,11
257430,1,1
257431,-11,-11
257440,2,1
257441,-11,1
257450,-13,-13
257451,-13,-13
257460,1,1
257461,-13,-13
257470,1,0
257471,1,1
257480,-13,-13
257481,-13,-13
257490,-13,-13
257491,2,2
257500,0,2
257501,10,10
257510,1,1
257511,10,10
257520,-13,-13
257521,-11,1
257530,1,10
257531,-13,-13
257540,10,10
257541,-11,-11
257550,-13,-13
257551,1,1
257560,2,2
257561,1,1
257570,10,10
257571,-11,-11
257580,1,1
257581,1,1
257590,0,0
257591,11,11
257600,1,0
257601,1,1
257610,11,11
257611,10,10
257620,11,11
257621,2,1
257630,11,10
257631,0,0
257640,0,0
257641,-11,-11
257650,-13,-13
257651,11,11
257660,-13,-13
257661,-11,-11
257670,-11,-11
257671,1,2
257680,1,1
257681,1,1
257690,10,10
257691,0,1
257700,1,1
257701,-13,-13
257710,1,1
257711,-11,-11
257720,0,11
257721,1,1
257730,11,1
257731,-11,1
257740,0,0
257741,11,11
257750,-11,-11
257751,12,11
257760,0,0
257761,-11,-11
257770,1,1
257771,0,0
257780,-13,-11
257781,2,1
257790,2,11
257791,1,1
257800,-11,-11
257801,-11,-11
257810,1,2
257811,10,1
257820,-13,-13
257821,1,1
257830,0,0
257831,-13,-13
257840,11,11
257841,0,0
257850,-11,-11
257851,10,10
257860,0,11
257861,1,1
257870,11,10
257871,2,10
257880,-13,-13
257881,1,1
257890,-11,-11
257891,1,1
257900,0,0
257901,10,10
257910,1,2
257911,2,11
257920,1,1
257921,1,1
257930,1,1
257931,1,-333
257940,2,1
257941,0,0
257950,-13,-13
257951,-11,-11
257960,10,10
257961,-11,-11
257970,0,1
257971,-13,-13
257980,2,2
257981,2,11
257990,10,10
257991,10,10
258000,1,1
258001,-13,-13
258010,0,0
258011,-11,-11
258020,1,1
258021,2,2
258030,-13,-13
258031,0,0
258040,-13,-13
258041,10,10
258050,1,1
258051,-11,-11
258060,-13,-13
258061,1,1
258070,-11,-11
258071,-13,-13
258080,3,2
258081,11,11
258090,10,10
258091,1,1
258100,-11,-11
258101,-13,-13
258110,-11,-11
258111,-13,-13
258120,1,1
258121,1,11
258130,1,1
258131,-11,-11
258140,-13,-13
258141,1,1
258150,1,1
258151,10,10
258160,11,11
258161,-13,-13
258170,-11,-11
258171,-11,-11
258180,1,1
258181,0,0
258190,0,0
258191,-11,-11
258200,-11,-11
258201,-13,-13
258210,11,11
258211,1,1
258220,1,1
258221,1,1
258230,10,11
258231,0,0
258240,1,1
258241,10,10
258250,10,10
258251,1,1
258260,-13,-13
258261,1,1
258270,-11,-11
258271,10,10
258280,-11,-11
258281,11,11
258290,-11,-11
258291,1,1
258300,0,0
258301,1,1
258310,11,2
258311,-13,-13
258320,0,0
258321,-11,-11
258330,11,10
258331,1,1
258340,-11,-11
258341,2,2
258350,12,11
258351,1,1
258360,1,1
258361,-13,-333
258370,-13,-13
258371,-13,1
258380,0,0
258381,1,1
258390,2,2
258391,11,11
258400,10,10
258401,2,2
258410,2,11
258411,-13,-13
258420,10,10
258421,1,1
258430,1,1
258431,-11,-11
258440,-13,-13
258441,0,0
258450,0,0
258451,1,1
258460,-13,0
258461,10,10
258470,-11,-11
258471,1,10
258480,1,1
258481,2,2
258490,2,1
258491,1,1
258500,1,2
258501,10,10
258510,1,1
258511,0,0
258520,-11,-11
258521,-13,-333
258530,1,1
258531,10,11
258540,1,1
258541,-13,-13
258550,-13,-13
258551,0,0
258560,2,1
258561,2,2
258570,0,1
258571,0,0
258580,12,11
258581,2,2
258590,-13,-13
258591,-11,1
258600,-11,-11
258601,-13,-333
258610,-11,-11
258611,-11,-11
258620,11,11
258621,0,0
258630,1,11
258631,2,1
258640,-11,-11
258641,0,-11
258650,0,0
258651,-13,-13
258660,10,11
258661,0,0
258670,-11,1
258671,-13,-13
258680,-11,-11
258681,1,1
258690,0,0
258691,10,11
258700,0,1
258701,1,1
258710,0,0
258711,0,0
258720,11,11
258721,0,-13
258730,10,10
258731,10,10
258740,2,1
258741,1,1
258750,-13,-11
258751,-13,-13
258760,0,0
258761,2,2
258770,-13,-13
258771,2,1
258780,-11,-11
258781,0,0
258790,0,1
258791,0,2
258800,-13,-13
258801,0,10
258810,1,2
258811,1,10
258820,-13,-13
258821,1,1
258830,0,0
258831,-11,-11
258840,0,-222
258841,1,10
258850,1,2
258851,-11,-11
258860,-13,-13
258861,1,1
258870,11,11
258871,10,10
258880,10,10
258881,-13,-13
258890,-13,-11
258891,3,2
258900,1,1
258901,-11,-11
258910,-13,-13
258911,1,2
258920,0,0
258921,1,-333
258930,1,1
258931,3,11
258940,1,1
258941,0,0
258950,-13,-11
258951,-11,-11
258960,-13,-333
258961,1,10
258970,2,2
258971,-11,-11
258980,0,0
258981,-11,-11
258990,10,10
258991,0,0
259000,-11,-11
259001,2,1
259010,-13,-13
259011,-13,-13
259020,-11,-11
259021,1,2
259030,1,1
259031,10,10
259040,-13,-13
259041,2,1
259050,11,11
259051,2,2
259060,-13,-13
259061,-13,-13
259070,10,10
259071,-13,1
259080,1,1
259081,0,0
259090,-11,0
259091,0,0
259100,10,10
259101,-11,-11
259110,-13,-13
259111,2,2
259120,-11,-11
259121,2,2
259130,2,1
259131,10,10
259140,10,10
259141,1,1
259150,10,10
259151,-13,-13
259160,1,-11
259161,1,1
259170,1,1
259171,-11,-11
259180,2,11
259181,1,11
259190,10,11
259191,-11,-11
259200,-11,-11
259201,1,1
259210,-11,-11
259211,2,1
259220,11,10
259221,0,0
259230,11,11
259231,2,1
259240,-13,-13
259241,0,0
259250,2,11
259251,-11,1
259260,-11,-11
259261,0,1
259270,-11,-11
259271,-11,1
259280,-13,-13
259281,1,2
259290,0,0
259291,1,2
259300,0,0
259301,1,-333
259310,1,1
259311,10,10
259320,-13,-13
259321,1,1
259330,10,10
259331,-13,-13
259340,1,1
259341,1,1
259350,1,11
259351,0,-333
259360,-13,-13
259361,-13,-13
259370,-13,-13
259371,-13,-13
259380,1,1
259381,2,1
259390,1,1
259391,-13,-333
259400,1,1
259401,1,1
259410,-13,-13
259411,-13,-13
259420,1,-13
259421,-13,-13
259430,1,2
259431,-11,-11
259440,1,1
259441,2,2
259450,0,0
259451,1,1
259460,1,1
259461,-11,-11
259470,-11,-11
259471,1,10
259480,10,10
259481,11,10
259490,1,1
259491,0,0
259500,1,1
259501,0,0
259510,-11,-11
259511,10,11
259520,-11,-11
259521,1,1
259530,-13,-13
259531,-13,-13
259540,1,1
259541,-13,-13
259550,2,11
259551,0,0
259560,11,11
259561,2,1
259570,-11,-11
259571,1,1
259580,1,11
259581,1,11
259590,-13,-13
259591,-11,-11
259600,10,-222
259601,0,0
259610,1,1
259611,1,1
259620,-11,-11
259621,1,1
259630,-11,-11
259631,-13,-13
259640,0,11
259641,10,10
259650,1,1
259651,1,1
259660,10,10
259661,2,2
259670,-13,-13
259671,2,1
259680,-11,-333
259681,2,2
259690,1,1
259691,2,2
259700,-11,-11
259701,1,1
259710,12,11
259711,-11,-11
259720,2,-11
259721,1,2
259730,2,2
259731,1,1
259740,-13,-13
259741,-13,-13
259750,1,2
259751,1,1
259760,1,1
259761,11,11
259770,1,1
259771,0,0
259780,2,1
259781,1,2
259790,0,1
259791,1,1
259800,1,1
259801,10,10
259810,10,11
259811,-13,-13
259820,-11,-11
259821,2,11
259830,0,0
259831,-11,-11
259840,-11,1
259841,1,1
259850,1,1
259851,1,1
259860,2,2
259861,11,10
259870,1,1
259871,10,10
259880,1,1
259881,-13,-13
259890,1,1
259891,-13,-13
259900,0,0
259901,2,2
259910,1,1
259911,-11,-11
259920,10,10
259921,1,1
259930,2,1
259931,2,1
259940,-13,-13
259941,-11,-11
259950,-11,-11
259951,-11,-11
259960,-11,-11
259961,-11,-11
259970,-11,-11
259971,10,10
259980,0,0
259981,1,1
259990,10,10
259991,0,0
260000,-13,-13
260001,1,1
260010,10,10
260011,-11,-11
260020,0,0
260021,10,10
260030,2,1
260031,1,1
260040,10,10
260041,0,-13
260050,-13,-13
260051,0,0
260060,-11,-11
260061,-11,-11
260070,1,1
260071,1,1
260080,10,10
260081,0,0
260090,1,1
260091,11,11
260100,0,0
260101,10,11
260110,-13,-13
260111,10,10
260120,1,1
260121,1,1
260130,-13,-13
260131,0,0
260140,10,10
260141,-13,-13
260150,1,1
260151,1,1
260160,-11,0
260161,10,10
260170,1,1
260171,-13,-11
260180,1,1
260181,10,10
260190,1,1
260191,0,11
260200,2,2
260201,1,1
260210,1,1
260211,-13,-13
260220,-11,-11
260221,1,1
260230,1,1
260231,11,11
260240,1,1
260241,-13,-13
260250,4,2
260251,1,1
260260,-13,-13
260261,1,1
260270,10,10
260271,1,0
260280,-13,-13
260281,0,0
260290,0,1
260291,3,2
260300,1,1
260301,10,10
260310,1,1
260311,2,11
260320,-11,-11
260321,-11,-11
260330,0,1
260331,1,1
260340,10,10
260341,-13,-13
260350,0,0
260351,-13,-13
260360,-13,1
260361,-13,-13
260370,-11,-11
260371,2,2
260380,1,1
260381,1,1
260390,2,1
260391,1,1
260400,3,11
260401,-13,-13
260410,2,2
260411,0,0
260420,-11,-11
260421,-11,-11
260430,1,1
260431,2,1
260440,-13,-13
260441,0,0
260450,0,0
260451,0,0
260460,0,0
260461,0,0
260470,-13,-13
260471,12,11
260480,1,1
260481,0,1
260490,10,10
260491,-13,-13
260500,-11,-11
260501,-11,-11
260510,1,1
260511,1,1
260520,1,1
260521,-13,-13
260530,1,1
260531,2,2
260540,10,10
260541,1,0
260550,3,2
260551,11,11
260560,-13,-13
260561,-13,-13
260570,1,1
260571,10,10
260580,2,2
260581,1,1
260590,10,10
260591,-13,-13
260600,1,1
260601,-11,-11
260610,1,1
260611,11,11
260620,2,1
260621,-13,-13
260630,2,2
260631,-13,-13
260640,1,1
260641,-11,-11
260650,1,1
260651,-11,-11
260660,-13,-13
260661,-13,-13
260670,1,1
260671,-13,-13
260680,-13,-13
260681,-13,-13
260690,-13,-333
260691,2,-333
260700,-11,-11
260701,0,10
260710,2,1
260711,1,1
260720,-13,-13
260721,1,1
260730,10,10
260731,0,0
260740,1,1
260741,2,2
260750,11,10
260751,1,1
260760,-11,-11
260761,-13,-13
260770,1,1
260771,-13,-13
260780,11,10
260781,1,1
260790,1,1
260791,10,10
260800,-13,-13
260801,2,11
260810,-13,-11
260811,2,1
260820,-13,-11
260821,11,11
260830,12,11
260831,1,1
260840,0,1
260841,1,1
260850,1,1
260851,-13,-13
260860,-13,-13
260861,10,10
260870,-13,-13
260871,11,1
260880,11,10
260881,-13,-13
260890,11,10
260891,-11,-11
260900,0,0
260901,-11,-11
260910,1,1
260911,1,1
260920,1,1
260921,1,1
260930,1,1
260931,0,0
260940,1,1
260941,1,2
260950,-13,-13
260951,-11,-11
260960,2,1
260961,11,11
260970,-13,-13
260971,2,1
260980,-13,1
260981,10,10
260990,0,0
260991,0,0
261000,-13,-13
261001,0,0
261010,11,10
261011,0,2
261020,1,1
261021,0,0
261030,1,1
261031,-11,-11
261040,-13,-13
261041,2,2
261050,2,2
261051,10,10
261060,1,1
261061,0,0
261070,0,1
261071,0,1
261080,-13,-13
261081,2,1
261090,-11,-11
261091,1,10
261100,1,1
261101,10,10
261110,-11,-11
261111,-13,-13
261120,-11,-11
261121,-13,-13
261130,1,1
261131,2,2
261140,1,1
261141,2,2
261150,1,1
261151,-13,-13
261160,1,1
261161,-1,11
261170,-11,-11
261171,-11,-11
261180,0,11
261181,-13,-13
261190,1,1
261191,-13,-13
261200,-13,-13
261201,-11,-11
261210,0,0
261211,0,0
261220,1,1
261221,11,11
261230,2,1
261231,11,11
261240,-11,-11
261241,-13,-13
261250,-11,-11
261251,1,1
261260,-13,-13
261261,-13,-13
261270,-13,-13
261271,10,11
261280,2,2
261281,0,0
261290,2,2
261291,0,0
261300,1,1
261301,0,1
261310,-13,-13
261311,-13,-13
261320,2,1
261321,1,1
261330,-13,-13
261331,-13,-13
261340,-11,-11
261341,-11,-11
261350,-13,-13
261351,-13,-13
261360,1,2
261361,-11,1
261370,1,1
261371,0,0
261380,0,1
261381,1,1
261390,-13,-13
261391,-13,-13
261400,-11,-11
261401,1,1
261410,10,10
261411,0,0
261420,-11,-11
261421,1,1
261430,1,1
261431,10,10
261440,-11,-11
261441,-13,-13
261450,-11,-11
261451,1,1
261460,-11,-11
261461,1,1
261470,2,2
261471,1,1
261480,3,2
261481,-11,-13
261490,1,11
261491,1,1
261500,-13,-13
261501,10,10
261510,2,1
261511,1,1
261520,1,1
261521,1,1
261530,-11,-11
261531,-11,-333
261540,0,0
261541,1,11
261550,0,0
261551,0,0
261560,10,10
261561,-11,-11
261570,1,10
261571,0,0
261580,-11,-11
261581,1,1
261590,2,11
261591,1,1
261600,1,1
261601,1,1
261610,10,10
261611,-11,-11
261620,1,11
261621,-13,-13
261630,0,0
261631,-13,-13
261640,-13,-13
261641,0,0
261650,1,1
261651,-13,-13
261660,2,1
261661,11,10
261670,1,1
261671,10,11
261680,1,1
261681,0,0
261690,10,11
261691,-13,-13
261700,0,0
261701,-13,-13
261710,-11,0
261711,-11,-11
261720,0,0
261721,1,1
261730,-13,-333
261731,11,11
261740,-13,-333
261741,10,10
261750,1,2
261751,-11,-11
261760,2,1
261761,1,1
261770,-13,-13
261771,11,11
261780,2,1
261781,0,0
261790,1,1
261791,0,0
261800,1,1
261801,10,10
261810,3,2
261811,10,10
261820,1,1
261821,2,11
261830,-11,1
261831,0,1
261840,2,2
261841,1,1
261850,0,1
261851,0,0
261860,-11,-11
261861,10,11
261870,10,11
261871,2,2
261880,1,10
261881,0,-333
261890,2,1
261891,1,1
261900,2,2
261901,10,10
261910,2,2
261911,1,1
261920,-13,-13
261921,-11,0
261930,-11,-11
261931,-13,-13
261940,1,1
261941,1,1
261950,1,1
261951,10,10
261960,1,1
261961,1,1
261970,-13,-13
261971,-13,-13
261980,2,2
261981,-13,-13
261990,-11,-11
261991,-11,-11
262000,1,1
262001,-13,-13
262010,-13,-13
262011,1,2
262020,3,2
262021,1,1
262030,10,10
262031,1,1
262040,1,1
262041,1,1
262050,-13,-13
262051,0,0
262060,2,1
262061,0,1
262070,-13,-13
262071,10,10
262080,-13,-13
262081,-11,-11
262090,-11,-11
262091,-11,-11
262100,-13,-13
262101,1,1
262110,2,1
262111,2,2
262120,-13,-13
262121,1,1
262130,-11,1
262131,-13,-13
262140,1,10
262141,10,10
262150,0,0
262151,1,1
262160,0,1
262161,-13,-13
262170,-13,-13
262171,1,1
262180,1,1
262181,-13,-13
262190,2,1
262191,-13,-13
262200,-13,-13
262201,1,1
262210,-13,-13
262211,2,1
262220,-13,-13
262221,1,-11
262230,2,2
262231,1,2
262240,0,0
262241,-11,-11
262250,-11,-11
262251,-13,-13
262260,10,10
262261,2,1
262270,2,1
262271,1,1
262280,-11,-11
262281,1,11
262290,0,0
262291,10,11
262300,11,10
262301,1,1
262310,-13,-13
262311,-11,-11
262320,10,10
262321,0,0
262330,-13,-333
262331,1,1
262340,1,1
262341,-13,-13
262350,-13,-13
262351,2,2
262360,10,10
262361,1,1
262370,-13,-13
262371,-11,-11
262380,10,10
262381,1,1
262390,2,2
262391,1,1
262400,2,2
262401,10,10
262410,11,11
262411,10,10
262420,1,1
262421,1,2
262430,-13,-333
262431,10,10
262440,1,1
262441,0,1
262450,10,11
262451,-11,-11
262460,-13,-13
262461,1,2
262470,-11,-11
262471,-11,-11
262480,-13,-13
262481,11,10
262490,2,1
262491,2,2
262500,1,1
262501,-13,-13
262510,1,1
262511,-11,-13
262520,-11,1
262521,-11,-11
262530,-11,-11
262531,10,10
262540,1,1
262541,1,2
262550,0,0
262551,0,0
262560,4,2
262561,-11,-11
262570,-13,-13
262571,1,1
262580,10,10
262581,1,1
262590,1,1
262591,-13,-13
262600,-13,-13
262601,11,1
262610,1,1
262611,1,1
262620,1,1
262621,10,10
262630,1,1
262631,1,1
262640,-11,-11
262641,-13,-13
262650,1,1
262651,-13,-13
262660,-13,-13
262661,11,10
262670,1,1
262671,-13,-13
262680,10,10
262681,2,2
262690,-13,-13
262691,-11,-11
262700,1,1
262701,10,10
262710,2,2
262711,-13,-13
262720,-11,-11
262721,1,1
262730,-11,-11
262731,-11,-11
262740,-11,-11
262741,11,11
262750,0,1
262751,0,1
262760,1,1
262761,-13,-13
262770,-11,-11
262771,2,2
262780,11,10
262781,1,1
262790,1,10
262791,10,10
262800,2,2
262801,1,11
262810,0,0
262811,3,2
262820,0,0
262821,2,1
262830,-11,-11
262831,1,1
262840,0,0
262841,2,2
262850,0,0
262851,10,10
262860,-13,-13
262861,-13,-13
262870,-13,-13
262871,3,1
262880,1,1
262881,-11,-11
262890,1,1
262891,2,2
262900,11,11
262901,1,11
262910,-11,-11
262911,10,11
262920,-11,-11
262921,1,1
262930,0,0
262931,-13,-13
262940,1,1
262941,0,10
262950,2,2
262951,0,0
262960,0,-333
262961,-13,-13
262970,-13,-13
262971,0,0
262980,11,11
262981,1,1
262990,-13,-13
262991,10,10
263000,10,10
263001,1,1
263010,1,1
263011,11,11
263020,1,1
263021,0,0
263030,-13,-13
263031,1,1
263040,10,10
263041,2,1
263050,-13,-13
263051,1,11
263060,1,1
263061,-13,-13
263070,0,1
263071,-13,-13
263080,-11,-11
263081,1,1
263090,0,0
263091,1,1
263100,1,1
263101,11,2
263110,0,0
263111,-13,0
263120,1,1
263121,-11,-11
263130,2,2
263131,-13,-13
263140,10,10
263141,1,1
263150,0,0
263151,10,10
263160,-11,-11
263161,-13,-13
263170,1,2
263171,-13,-13
263180,-11,-333
263181,-11,-11
263190,2,1
263191,0,0
263200,11,10
263201,11,10
263210,-13,-13
263211,10,10
263220,1,1
263221,0,0
263230,1,-333
263231,-13,-333
263240,1,1
263241,10,10
263250,1,11
263251,-13,-13
263260,12,-333
263261,-13,1
263270,1,1
263271,2,2
263280,1,1
263281,-13,1
263290,1,1
263291,-11,-11
263300,-11,-11
263301,1,1
263310,2,2
263311,-13,-13
263320,1,1
263321,1,2
263330,-11,-11
263331,-13,-13
263340,1,1
263341,10,10
263350,11,11
263351,0,0
263360,-11,-11
263361,10,10
263370,1,1
263371,0,2
263380,2,2
263381,2,2
263390,2,1
263391,0,0
263400,1,10
263401,-13,-13
263410,1,1
263411,0,-13
263420,-11,-11
263421,3,1
263430,-11,-11
263431,1,1
263440,0,0
263441,0,0
263450,1,1
263451,0,0
263460,-11,-11
263461,1,1
263470,-13,0
263471,2,2
263480,11,11
263481,10,11
263490,10,10
263491,-11,-11
263500,1,1
263501,-13,-13
263510,2,2
263511,2,2
263520,1,1
263521,10,10
263530,1,1
263531,-11,-11
263540,-13,-13
263541,-11,-13
263550,10,10
263551,1,1
263560,-11,-11
263561,11,10
263570,3,2
263571,-13,-13
263580,1,1
263581,2,2
263590,-11,-11
263591,10,10
263600,1,1
263601,-11,-11
263610,2,2
263611,10,11
263620,0,0
263621,-11,-11
263630,1,1
263631,2,2
263640,11,11
263641,2,1
263650,1,1
263651,10,10
263660,-11,-11
263661,0,0
263670,1,1
263671,-11,-11
263680,-13,-333
263681,10,10
263690,-13,-13
263691,-11,-11
263700,10,10
263701,1,1
263710,-11,-11
263711,-13,-13
263720,1,1
263721,2,2
263730,0,0
263731,10,10
263740,1,11
263741,-11,-11
263750,1,2
263751,0,1
263760,-11,-11
263761,10,10
263770,-11,-11
263771,10,10
263780,-13,-13
263781,-11,1
263790,-11,-11
263791,1,1
263800,1,1
263801,0,0
263810,2,-11
263811,1,1
263820,-13,-13
263821,-13,-13
263830,-13,-13
263831,1,1
263840,-13,-13
263841,-11,-11
263850,-11,-11
263851,1,1
263860,-11,-11
263861,0,0
263870,2,2
263871,-13,-13
263880,10,11
263881,-11,-11
263890,-11,-11
263891,-11,-11
263900,-13,-13
263901,11,11
263910,1,11
263911,-11,-11
263920,0,1
263921,-11,-11
263930,0,1
263931,1,1
263940,-13,-13
263941,-11,-333
263950,1,1
263951,3,1
263960,10,10
263961,0,1
263970,1,1
263971,1,1
263980,0,0
263981,1,1
263990,10,10
263991,10,10
264000,-13,-13
264001,0,0
264010,10,10
264011,-11,-11
264020,2,11
264021,-13,-13
264030,-11,-11
264031,1,1
264040,-11,-11
264041,-11,-11
264050,1,1
264051,2,1
264060,-11,-11
264061,-11,-11
264070,-13,-11
264071,-13,-13
264080,2,2
264081,3,11
264090,-11,-11
264091,1,1
264100,0,-13
264101,-13,-333
264110,-13,-13
264111,-13,-13
264120,2,1
264121,-11,-11
264130,1,1
264131,-13,-13
264140,-11,-11
264141,1,1
264150,-13,-13
264151,-13,-13
264160,0,0
264161,-13,-13
264170,1,1
264171,10,10
264180,-13,10
264181,1,11
264190,10,11
264191,1,1
264200,1,1
264201,1,1
264210,-11,-11
264211,10,10
264220,1,0
264221,-13,-13
264230,1,1
264231,2,2
264240,0,0
264241,-13,-13
264250,1,2
264251,2,1
264260,0,0
264261,1,1
264270,-11,-333
264271,-13,-11
264280,11,11
264281,0,0
264290,-11,-11
264291,-11,-11
264300,-11,-11
264301,1,1
264310,-11,-11
264311,-13,-13
264320,1,1
264321,1,1
264330,-11,-11
264331,0,0
264340,1,1
264341,1,1
264350,-13,-13
264351,2,2
264360,-11,-11
264361,1,1
264370,1,2
264371,-11,-333
264380,10,10
264381,11,10
264390,-13,-13
264391,10,10
264400,1,0
264401,1,1
264410,-13,-13
264411,10,10
264420,0,0
264421,0,0
264430,-13,-13
264431,1,1
264440,10,11
264441,1,1
264450,12,11
264451,10,10
264460,-13,-13
264461,10,10
264470,1,1
264471,-13,-13
264480,1,1
264481,-11,-11
264490,-11,-11
264491,11,10
264500,2,1
264501,1,1
264510,1,2
264511,-13,-13
264520,-11,-11
264521,-11,-11
264530,1,1
264531,-13,-13
264540,-13,-13
264541,-13,-13
264550,-11,-11
264551,2,2
264560,0,0
264561,-11,-11
264570,-11,-11
264571,1,2
264580,10,10
264581,11,10
264590,1,1
264591,1,1
264600,1,2
264601,-13,-13
264610,10,11
264611,1,1
264620,-11,-11
264621,0,1
264630,-13,-13
264631,0,0
264640,-13,-13
264641,1,2
264650,10,10
264651,0,0
264660,0,0
264661,-13,-13
264670,10,10
264671,-13,-13
264680,-13,-13
264681,0,1
264690,1,1
264691,-13,-13
264700,-11,-11
264701,1,1
264710,0,11
264711,10,10
264720,2,2
264721,-11,-11
264730,1,1
264731,1,1
264740,-11,-11
264741,10,11
264750,3,-222
264751,2,2
264760,1,1
264761,10,10
264770,12,1
264771,1,1
264780,-11,-11
264781,3,2
264790,10,10
264791,-11,-11
264800,10,11
264801,1,1
264810,1,1
264811,10,1
264820,0,1
264821,1,1
264830,1,0
264831,2,2
264840,1,10
264841,10,10
264850,3,2
264851,2,1
264860,-11,-11
264861,2,2
264870,2,2
264871,0,1
264880,1,1
264881,0,0
264890,1,1
264891,10,10
264900,-13,-13
264901,2,2
264910,-11,-11
264911,3,2
264920,0,0
264921,-11,-11
264930,1,1
264931,10,10
264940,-13,-13
264941,1,1
264950,0,0
264951,0,0
264960,1,1
264961,-13,-13
264970,1,-333
264971,0,0
264980,-11,-11
264981,-11,-11
264990,-13,-13
264991,10,11
265000,2,2
265001,10,11
265010,2,2
265011,2,2
265020,2,11
265021,1,-11
265030,-11,1
265031,10,10
265040,-11,1
265041,-11,-11
265050,-11,-11
265051,2,10
265060,-11,-11
265061,-11,-11
265070,0,0
265071,2,1
265080,10,10
265081,1,1
265090,0,1
265091,-13,-13
265100,2,-11
265101,-13,-333
265110,-13,-13
265111,1,1
265120,1,1
265121,0,11
265130,-11,-11
265131,-11,-11
265140,-13,-13
265141,1,1
265150,1,1
265151,1,1
265160,-13,-13
265161,-11,-11
265170,1,1
265171,-11,-11
265180,1,1
265181,0,1
265190,-13,-13
265191,1,1
265200,2,11
265201,0,0
265210,3,1
265211,10,11
265220,1,1
265221,2,1
265230,-11,-11
265231,11,11
265240,10,10
265241,0,0
265250,1,1
265251,-11,-11
265260,-13,-13
265261,-11,-11
265270,-11,-11
265271,11,11
265280,2,2
265281,12,11
265290,-11,-11
265291,10,10
265300,0,0
265301,-13,-13
265310,1,11
265311,0,0
265320,11,11
265321,-11,-11
265330,-13,-333
265331,-13,-13
265340,0,0
265341,-11,-11
265350,-13,-13
265351,1,11
265360,1,1
265361,10,10
265370,-11,-11
265371,-13,-13
265380,-13,-13
265381,3,11
265390,1,1
265391,1,1
265400,1,1
265401,10,11
265410,0,0
265411,10,1
265420,2,1
265421,-11,-11
265430,2,1
265431,-11,-11
265440,1,1
265441,10,10
265450,1,1
265451,-13,-13
265460,1,1
265461,1,1
265470,-13,-13
265471,-11,-11
265480,2,1
265481,1,1
265490,2,-333
265491,-11,0
265500,1,1
265501,10,11
265510,0,0
265511,0,10
265520,0,-11
265521,1,1
265530,1,1
265531,-13,-13
265540,-13,-13
265541,2,11
265550,2,1
265551,-11,-11
265560,10,11
265561,10,10
265570,1,1
265571,1,1
265580,0,0
265581,0,0
265590,10,10
265591,2,10
265600,10,10
265601,1,1
265610,1,1
265611,-13,1
265620,-11,-11
265621,10,10
265630,-13,-13
265631,-13,-13
265640,-13,-13
265641,0,1
265650,-11,1
265651,10,10
265660,0,0
265661,1,1
265670,-13,-13
265671,0,0
265680,-11,-11
265681,-13,-13
265690,2,2
265691,-13,-13
265700,11,11
265701,-13,-13
265710,0,10
265711,1,1
265720,0,0
265721,1,11
265730,1,1
265731,-13,-13
265740,11,11
265741,-13,-13
265750,10,10
265751,1,1
265760,0,0
265761,1,2
265770,0,0
265771,-11,1
265780,2,2
265781,-13,-13
265790,-13,-13
265791,1,1
265800,-11,-11
265801,10,10
265810,0,1
265811,0,0
265820,-13,-13
265821,1,1
265830,-11,-11
265831,-13,-13
265840,10,11
265841,10,10
265850,0,0
265851,-11,-11
265860,-13,-13
265861,-13,-13
265870,-13,-13
265871,0,0
265880,-11,1
265881,11,11
265890,10,11
265891,2,2
265900,2,2
265901,-13,-13
265910,10,10
265911,-13,-13
265920,1,1
265921,10,10
265930,1,1
265931,1,1
265940,-13,-13
265941,2,1
265950,-11,-11
265951,-13,-13
265960,1,2
265961,10,10
265970,1,11
265971,-11,-11
265980,-13,-13
265981,-11,-11
265990,0,0
265991,11,10
266000,0,0
266001,2,1
266010,2,2
266011,2,1
266020,1,2
266021,11,11
266030,1,1
266031,2,2
266040,0,0
266041,-13,-13
266050,-13,-13
266051,-13,-13
266060,0,0
266061,-11,-11
266070,-13,-13
266071,0,0
266080,0,0
266081,11,10
266090,1,11
266091,-11,-11
266100,2,2
266101,0,0
266110,10,10
266111,10,10
266120,0,0
266121,-13,-13
266130,1,1
266131,1,1
266140,10,10
266141,1,1
266150,1,11
266151,10,10
266160,-11,-11
266161,-11,-11
266170,1,2
266171,1,1
266180,-13,-13
266181,11,11
266190,1,1
266191,2,1
266200,10,10
266201,10,11
266210,1,1
266211,2,2
266220,2,2
266221,-13,-13
266230,1,1
266231,1,1
266240,1,1
266241,10,10
266250,10,10
266251,2,2
266260,-13,-13
266261,11,11
266270,-11,-11
266271,2,1
266280,4,11
266281,11,11
266290,-11,-11
266291,-13,-13
266300,1,1
266301,1,2
266310,0,-11
266311,1,1
266320,10,10
266321,-11,-11
266330,0,0
266331,-13,-13
266340,-13,-13
266341,2,1
266350,0,1
266351,10,10
266360,-11,-11
266361,0,0
266370,1,1
266371,-13,-333
266380,0,0
266381,3,2
266390,1,1
266391,-11,-11
266400,2,1
266401,1,1
266410,-13,-13
266411,10,10
266420,0,1
266421,10,10
266430,10,10
266431,-11,-11
266440,10,11
266441,-11,-11
266450,0,0
266451,-13,-13
266460,-13,-13
266461,-13,-11
266470,-11,-11
266471,10,10
266480,10,11
266481,0,-11
266490,10,11
266491,2,2
266500,1,10
266501,10,10
266510,2,1
266511,1,1
266520,11,11
266521,11,11
266530,1,1
266531,-11,-11
266540,10,10
266541,12,11
266550,10,10
266551,-13,-13
266560,1,1
266561,-13,-13
266570,-13,-13
266571,3,1
266580,2,2
266581,-13,-13
266590,1,1
266591,0,-13
266600,1,1
266601,-11,-11
266610,-11,-11
266611,0,0
266620,1,1
266621,1,1
266630,-11,-11
266631,-11,-11
266640,-11,-11
266641,-11,0
266650,1,1
266651,1,1
266660,-13,-13
266661,-13,-13
266670,1,1
266671,-11,-11
266680,-13,-13
266681,-11,-11
266690,-13,-13
266691,3,2
266700,1,1
266701,-11,-333
266710,0,0
266711,2,1
266720,1,1
266721,11,11
266730,-11,-11
266731,0,0
266740,-13,-13
266741,0,1
266750,10,10
266751,11,11
266760,11,11
266761,10,10
266770,1,1
266771,0,0
266780,-11,-11
266781,10,10
266790,-13,-13
266791,1,1
266800,1,1
266801,1,1
266810,1,1
266811,1,1
266820,2,1
266821,1,1
266830,-11,-11
266831,11,11
266840,-11,-11
266841,-13,-13
266850,1,1
266851,2,1
266860,1,1
266861,1,1
266870,1,1
266871,1,1
266880,1,1
266881,11,11
266890,-11,0
266891,0,0
266900,1,1
266901,1,2
266910,11,11
266911,-13,-13
266920,1,1
266921,1,-333
266930,0,-11
266931,-11,-11
266940,11,11
266941,-13,-13
266950,-11,-13
266951,1,1
266960,1,2
266961,-11,-11
266970,-13,-13
266971,1,1
266980,-11,-11
266981,-11,-11
266990,1,1
266991,-13,-13
267000,-13,-13
267001,10,10
267010,1,1
267011,-13,1
267020,0,1
267021,10,10
267030,-11,-11
267031,10,10
267040,0,0
267041,1,1
267050,0,0
267051,-11,-11
267060,-13,-13
267061,-13,-13
267070,1,1
267071,2,2
267080,1,10
267081,-11,-13
267090,10,10
267091,1,1
267100,0,0
267101,-11,-11
267110,10,11
267111,2,2
267120,-13,1
267121,1,11
267130,-11,-333
267131,0,0
267140,-13,-13
267141,10,10
267150,-11,-11
267151,12,11
267160,-13,-13
267161,-13,-13
267170,1,2
267171,-13,-13
267180,-11,-11
267181,0,1
267190,2,11
267191,-11,-333
267200,1,1
267201,2,1
267210,1,1
267211,11,11
267220,1,1
267221,1,1
267230,1,1
267231,-11,-333
267240,-13,-13
267241,1,1
267250,-13,-13
267251,-11,-11
267260,11,11
267261,10,11
267270,1,1
267271,2,11
267280,1,1
267281,1,1
267290,0,0
267291,-13,-13
267300,-13,-13
267301,11,11
267310,-13,-13
267311,-11,1
267320,-13,-13
267321,0,1
267330,1,1
267331,0,0
267340,1,-11
267341,-13,1
267350,3,1
267351,10,11
267360,1,1
267361,1,2
267370,-13,-13
267371,1,1
267380,0,0
267381,1,1
267390,-13,-13
267391,0,1
267400,-13,-13
267401,1,1
267410,-11,-11
267411,1,1
267420,0,0
267421,0,0
267430,1,1
267431,1,1
267440,-11,-11
267441,10,10
267450,-11,-11
267451,-13,-13
267460,11,11
267461,0,1
267470,2,1
267471,10,10
267480,0,0
267481,10,10
267490,1,1
267491,3,2
267500,1,1
267501,0,0
267510,-13,-13
267511,0,0
267520,10,10
267521,2,2
267530,-13,-13
267531,1,1
267540,10,10
267541,1,1
267550,1,1
267551,-11,-11
267560,11,11
267561,1,1
267570,0,10
267571,-13,-13
267580,1,1
267581,1,2
267590,1,1
267591,-13,-13
267600,1,2
267601,2,1
267610,2,2
267611,3,1
267620,1,11
267621,3,2
267630,-13,-13
267631,-11,-11
267640,-13,-13
267641,1,1
267650,-11,1
267651,1,0
267660,-13,-13
267661,-11,-11
267670,10,10
267671,10,10
267680,-11,-11
267681,1,1
267690,-13,1
267691,10,10
267700,1,-11
267701,-11,-11
267710,10,10
267711,-11,-11
267720,1,1
267721,2,2
267730,0,0
267731,1,1
267740,1,1
267741,-13,-13
267750,1,1
267751,1,1
267760,10,10
267761,-11,-11
267770,2,2
267771,1,1
267780,-11,-11
267781,-13,-13
267790,10,10
267791,1,1
267800,-13,-13
267801,-11,-11
267810,1,1
267811,-11,-11
267820,-13,-13
267821,1,1
267830,2,1
267831,11,11
267840,1,10
267841,-11,-11
267850,2,1
267851,-11,-11
267860,1,1
267861,1,1
267870,1,1
267871,0,0
267880,-13,-13
267881,2,2
267890,-13,-13
267891,10,10
267900,1,1
267901,1,1
267910,-13,-13
267911,-13,-13
267920,0,-13
267921,2,1
267930,1,1
267931,10,10
267940,-13,-13
267941,10,10
267950,-13,-13
267951,-11,-11
267960,1,1
267961,1,1
267970,2,2
267971,-13,-13
267980,-11,-11
267981,-13,-13
267990,1,1
267991,0,0
268000,-11,-11
268001,-13,-13
268010,-13,-13
268011,11,10
268020,0,1
268021,0,0
268030,1,1
268031,1,1
268040,-13,-13
268041,-13,-13
268050,2,2
268051,0,-13
268060,1,1
268061,0,1
268070,-13,-13
268071,-13,-13
268080,-11,-11
268081,0,0
268090,1,1
268091,1,1
268100,2,2
268101,1,1
268110,1,1
268111,1,-11
268120,0,0
268121,1,1
268130,-13,-13
268131,1,1
268140,-13,-13
268141,1,1
268150,-11,-11
268151,1,1
268160,-11,-11
268161,1,1
268170,-13,-13
268171,1,1
268180,-13,-13
268181,-11,-11
268190,1,1
268191,2,1
268200,-11,-11
268201,1,1
268210,0,0
268211,0,1
268220,0,0
268221,-13,-13
268230,0,0
268231,-11,-11
268240,1,1
268241,-11,-11
268250,-11,-11
268251,2,2
268260,0,1
268261,1,-333
268270,2,2
268271,11,11
268280,1,1
268281,0,0
268290,10,10
268291,2,2
268300,11,11
268301,0,0
268310,-11,-11
268311,0,1
268320,10,10
268321,-11,-11
268330,2,1
268331,2,1
268340,0,0
268341,1,1
268350,1,1
268351,0,-333
268360,-11,-11
268361,-13,-13
268370,0,0
268371,0,0
268380,-13,-13
268381,0,0
268390,0,0
268391,1,1
268400,2,2
268401,-11,-11
268410,-11,-11
268411,-13,-13
268420,-13,-13
268421,1,1
268430,-13,-13
268431,0,2
268440,-11,-11
268441,2,1
268450,-13,-13
268451,11,11
268460,1,1
268461,10,10
268470,-11,-11
268471,1,2
268480,1,1
268481,0,0
268490,-11,-11
268491,1,1
268500,-13,0
268501,-11,-11
268510,0,10
268511,1,11
268520,1,1
268521,2,11
268530,-11,-11
268531,2,2
268540,0,0
268541,0,0
268550,3,2
268551,12,11
268560,1,1
268561,-13,-13
268570,10,11
268571,-13,-13
268580,11,10
268581,1,1
268590,-13,-13
268591,-11,-11
268600,11,11
268601,-11,-11
268610,0,0
268611,-11,-11
268620,1,1
268621,-11,-11
268630,0,-11
268631,1,1
268640,2,1
268641,10,10
268650,-13,-13
268651,2,1
268660,0,0
268661,0,0
268670,10,10
268671,0,0
268680,-11,-11
268681,10,10
268690,1,2
268691,-11,-11
268700,10,10
268701,0,0
268710,-11,-11
268711,1,1
268720,10,10
268721,-11,-11
268730,-11,-11
268731,-11,-11
268740,-13,-13
268741,3,11
268750,-11,-11
268751,0,0
268760,-11,-11
268761,-13,-13
268770,3,2
268771,0,1
268780,2,2
268781,-11,-11
268790,10,10
268791,1,1
268800,-13,-13
268801,1,2
268810,1,1
268811,-13,-13
268820,11,11
268821,1,1
268830,10,10
268831,-11,-11
268840,0,1
268841,-13,-13
268850,0,1
268851,1,1
268860,0,0
268861,1,1
268870,0,0
268871,-13,-13
268880,1,1
268881,0,0
268890,11,11
268891,1,1
268900,-13,-13
268901,-13,-13
268910,1,1
268911,-13,-13
268920,-13,-11
268921,10,10
268930,-11,-11
268931,10,11
268940,11,10
268941,10,10
268950,1,1
268951,1,0
268960,-13,-13
268961,-13,-13
268970,-11,-11
268971,2,1
268980,-13,-13
268981,-13,-13
268990,10,10
268991,0,1
269000,0,10
269001,2,2
269010,-13,-13
269011,-11,-11
269020,10,10
269021,10,10
269030,2,11
269031,0,10
269040,1,-333
269041,1,1
269050,12,11
269051,1,1
269060,0,10
269061,11,11
269070,1,1
269071,-13,-13
269080,-11,-11
269081,1,1
269090,0,10
269091,0,0
269100,10,1
269101,-13,-13
269110,0,0
269111,-11,-333
269120,0,0
269121,1,1
269130,1,1
269131,1,1
269140,1,1
269141,-11,-11
269150,-11,-11
269151,2,2
269160,1,1
269161,11,11
269170,-11,-11
269171,11,10
269180,1,1
269181,1,1
269190,0,0
269191,2,1
269200,10,10
269201,2,1
269210,11,11
269211,1,1
269220,3,11
269221,1,1
269230,10,10
269231,1,1
269240,-11,-11
269241,1,2
269250,-11,-11
269251,-13,-13
269260,-13,-13
269261,1,1
269270,-11,-11
269271,10,10
269280,11,10
269281,-11,-11
269290,1,1
269291,-11,-11
269300,1,11
269301,-13,-13
269310,-11,-11
269311,-11,-11
269320,-13,-333
269321,-13,-13
269330,1,1
269331,-11,1
269340,-11,1
269341,-11,-11
269350,3,2
269351,-11,-11
269360,1,1
269361,2,2
269370,2,2
269371,1,1
269380,2,2
269381,1,1
269390,-11,-11
269391,1,1
269400,1,1
269401,2,2
269410,10,11
269411,4,11
269420,0,0
269421,0,-13
269430,11,11
269431,-11,-11
269440,1,1
269441,1,1
269450,1,1
269451,0,0
269460,-11,-13
269461,2,2
269470,0,0
269471,1,1
269480,-11,-11
269481,-11,-11
269490,1,0
269491,-11,-11
269500,11,10
269501,10,10
269510,-13,-13
269511,-13,-13
269520,1,1
269521,1,1
269530,2,1
269531,1,10
269540,0,0
269541,0,1
269550,1,1
269551,11,2
269560,1,11
269561,1,1
269570,-13,-13
269571,2,2
269580,-13,-13
269581,-13,-13
269590,-13,-13
269591,-11,-11
269600,1,1
269601,1,1
269610,0,10
269611,1,1
269620,-11,-11
269621,-11,-11
269630,2,1
269631,2,2
269640,1,1
269641,1,1
269650,1,1
269651,2,1
269660,0,0
269661,-13,-13
269670,-11,-11
269671,-11,-11
269680,-11,-11
269681,-13,-13
269690,10,10
269691,0,0
269700,1,1
269701,0,0
269710,1,1
269711,-13,-13
269720,1,1
269721,-13,-13
269730,1,1
269731,1,1
269740,-11,-11
269741,-11,-11
269750,1,1
269751,2,2
269760,-11,-11
269761,2,1
269770,-11,-11
269771,10,10
269780,0,0
269781,-13,1
269790,3,2
269791,-11,-11
269800,-13,-13
269801,-11,-11
269810,1,1
269811,1,1
269820,0,11
269821,1,1
269830,-13,-13
269831,10,10
269840,-11,1
269841,11,11
269850,0,0
269851,-11,-11
269860,1,1
269861,0,0
269870,10,11
269871,1,1
269880,0,0
269881,2,2
269890,-11,-13
269891,-13,-13
269900,11,11
269901,-13,-13
269910,0,0
269911,2,1
269920,3,2
269921,2,2
269930,-11,-11
269931,1,1
269940,1,1
269941,-11,-11
269950,-13,-13
269951,-11,-11
269960,1,1
269961,1,1
269970,11,11
269971,0,0
269980,10,10
269981,-13,-13
269990,1,-333
269991,10,10
270000,-13,-13
270001,-13,0
270010,10,10
270011,1,1
270020,10,2
270021,-11,-11
270030,1,1
270031,-11,-11
270040,2,2
270041,1,1
270050,1,1
270051,2,2
270060,-13,-13
270061,-11,-333
270070,1,2
270071,10,10
270080,0,0
270081,-11,-11
270090,-11,-11
270091,1,1
270100,0,0
270101,1,1
270110,1,1
270111,0,1
270120,-11,-11
270121,1,1
270130,1,1
270131,1,1
270140,0,0
270141,10,10
270150,0,1
270151,0,-13
270160,0,0
270161,2,2
270170,2,1
270171,1,1
270180,0,1
270181,-13,-13
270190,-11,-11
270191,2,1
270200,-13,-13
270201,0,0
270210,1,1
270211,-13,-13
270220,2,1
270221,-11,-333
270230,0,0
270231,-13,-13
270240,-13,-13
270241,1,1
270250,-13,-13
270251,0,1
270260,1,0
270261,-11,-11
270270,-11,-11
270271,2,1
270280,0,0
270281,-13,-13
270290,1,1
270291,1,1
270300,2,1
270301,-11,-11
270310,10,11
270311,-11,-11
270320,-13,-13
270321,0,0
270330,-11,-11
270331,0,0
270340,11,11
270341,1,1
270350,2,2
270351,-13,-13
270360,0,0
270361,10,10
270370,2,1
270371,-11,-11
270380,-13,-13
270381,1,1
270390,-11,-11
270391,1,1
270400,-13,-13
270401,-13,-13
270410,1,1
270411,1,1
270420,11,10
270421,1,1
270430,0,0
270431,1,1
270440,-11,1
270441,-13,-13
270450,0,0
270451,-11,-11
270460,10,11
270461,1,1
270470,-11,-11
270471,10,10
270480,10,10
270481,10,0
270490,-11,-11
270491,0,0
270500,1,1
270501,1,1
270510,-13,-13
270511,-11,-11
270520,-11,-11
270521,-11,-11
270530,-11,-11
270531,2,2
270540,-13,-13
270541,10,10
270550,12,11
270551,-11,-11
270560,0,0
270561,2,2
270570,1,10
270571,-11,-11
270580,-11,-11
270581,1,11
270590,1,-11
270591,1,1
270600,0,0
270601,10,10
270610,10,10
270611,-13,-13
270620,-11,-11
270621,-11,1
270630,0,0
270631,2,1
270640,1,1
270641,10,10
270650,0,0
270651,0,0
270660,1,1
270661,-11,-11
270670,0,0
270671,1,1
270680,10,10
270681,1,10
270690,2,1
270691,2,2
270700,10,10
270701,-11,-11
270710,10,10
270711,1,1
270720,10,11
270721,-11,-11
270730,2,2
270731,-11,-11
270740,11,1
270741,-11,-11
270750,2,2
270751,10,10
270760,1,1
270761,-13,-13
270770,0,0
270771,1,1
270780,-11,-11
270781,-13,-13
270790,-11,-11
270791,0,0
270800,-13,-13
270801,-13,-13
270810,-11,-11
270811,3,2
270820,1,1
270821,1,2
270830,1,1
270831,-13,-13
270840,11,10
270841,1,1
270850,-13,-13
270851,10,10
270860,1,1
270861,0,0
270870,0,0
270871,1,1
270880,-11,-11
270881,-13,-13
270890,1,1
270891,-13,-13
270900,0,0
270901,2,2
270910,11,11
270911,-13,-13
270920,1,1
270921,1,2
270930,3,2
270931,1,1
270940,1,1
270941,1,1
270950,-11,-11
270951,0,0
270960,0,0
270961,11,11
270970,1,11
270971,0,1
270980,2,1
270981,0,0
270990,11,11
270991,-13,-13
271000,-13,-13
271001,1,1
271010,-13,-13
271011,-13,-13
271020,1,11
271021,-11,-11
271030,0,0
271031,10,11
271040,1,1
271041,1,10
271050,0,1
271051,10,10
271060,2,2
271061,10,10
271070,-11,-11
271071,-11,-11
271080,1,1
271081,1,2
271090,10,10
271091,1,1
271100,1,1
271101,1,1
271110,-13,-13
271111,1,1
271120,1,1
271121,-13,-13
271130,1,1
271131,10,10
271140,-11,-11
271141,10,10
271150,0,0
271151,2,1
271160,10,10
271161,11,11
271170,-13,-13
271171,-13,-13
271180,1,1
271181,-13,-13
271190,-11,-11
271191,2,2
271200,2,2
271201,1,1
271210,-11,-11
271211,1,1
271220,11,10
271221,10,10
271230,-11,-11
271231,1,1
271240,-11,-11
271241,2,2
271250,1,1
271251,0,0
271260,0,10
271261,-11,1
271270,-13,-13
271271,-13,-13
271280,2,2
271281,-11,-11
271290,-11,-11
271291,-13,-13
271300,-13,-13
271301,-13,-13
271310,-11,1
271311,2,2
271320,-11,-11
271321,-13,-13
271330,2,2
271331,11,10
271340,10,10
271341,1,10
271350,-11,-11
271351,2,1
271360,-11,-11
271361,-13,-13
271370,-13,-13
271371,-13,-13
271380,10,10
271381,11,11
271390,-11,-11
271391,1,1
271400,1,1
271401,0,10
271410,0,0
271411,1,1
271420,-11,-11
271421,10,10
271430,11,11
271431,11,10
271440,-13,-13
271441,2,1
271450,-13,-333
271451,0,11
271460,1,1
271461,10,11
271470,-11,-11
271471,10,10
271480,0,0
271481,2,2
271490,0,0
271491,-11,-11
271500,1,11
271501,1,1
271510,-13,-13
271511,1,0
271520,0,10
271521,11,11
271530,2,2
271531,-13,-13
271540,1,1
271541,0,0
271550,0,1
271551,0,1
271560,0,0
271561,1,1
271570,1,1
271571,10,10
271580,10,10
271581,0,2
271590,0,0
271591,1,-333
271600,1,0
271601,1,1
271610,2,2
271611,1,1
271620,-11,-11
271621,10,10
271630,1,1
271631,10,10
271640,-11,-11
271641,1,0
271650,1,1
271651,-13,-13
271660,11,11
271661,10,10
271670,10,10
271671,-11,-11
271680,-11,-11
271681,1,1
271690,11,10
271691,1,11
271700,1,10
271701,-11,-11
271710,-11,-11
271711,11,10
271720,-13,-13
271721,10,10
271730,1,1
271731,1,1
271740,-11,1
271741,-11,-11
271750,0,0
271751,1,1
271760,1,1
271761,-11,-11
271770,0,0
271771,-11,-11
271780,0,0
271781,-13,-13
271790,-13,-13
271791,-11,-11
271800,-11,-11
271801,1,2
271810,2,1
271811,1,2
271820,11,11
271821,1,1
271830,1,0
271831,-11,-11
271840,-11,2
271841,-11,-11
271850,12,11
271851,1,1
271860,-13,-13
271861,-11,-11
271870,0,1
271871,0,0
271880,-11,-11
271881,0,0
271890,2,1
271891,-11,-11
271900,-11,-11
271901,1,1
271910,10,11
271911,1,1
271920,1,1
271921,-13,-13
271930,-11,-11
271931,0,10
271940,10,10
271941,-11,-11
271950,11,11
271951,2,10
271960,10,10
271961,-13,-13
271970,-13,-13
271971,1,1
271980,-11,-11
271981,0,1
271990,-11,-11
271991,-13,-13
272000,-11,-11
272001,-13,-13
272010,2,2
272011,11,11
272020,0,0
272021,-11,-11
272030,10,11
272031,-11,-11
272040,-11,-11
272041,10,10
272050,0,11
272051,2,1
272060,1,1
272061,1,1
272070,2,1
272071,-13,-13
272080,-11,-11
272081,10,10
272090,-11,-11
272091,1,1
272100,1,1
272101,1,1
272110,1,1
272111,-13,-13
272120,-13,-13
272121,0,0
272130,-11,-11
272131,2,1
272140,-11,-11
272141,-13,-13
272150,10,10
272151,1,10
272160,1,1
272161,2,2
272170,0,0
272171,0,0
272180,1,1
272181,-11,-11
272190,-13,-13
272191,-11,-11
272200,-13,-13
272201,-11,-11
272210,1,1
272211,10,10
272220,-11,-11
272221,1,1
272230,11,11
272231,1,1
272240,-11,-11
272241,1,1
272250,11,10
272251,-11,-11
272260,2,1
272261,-11,-11
272270,0,0
272271,-11,-13
272280,2,2
272281,10,10
272290,2,1
272291,0,0
272300,-13,-13
272301,-11,-11
272310,-11,-11
272311,1,2
272320,-13,-11
272321,2,1
272330,1,1
272331,-13,-13
272340,10,10
272341,1,0
272350,-13,-13
272351,1,1
272360,10,11
272361,1,11
272370,2,2
272371,10,11
272380,1,1
272381,1,1
272390,-13,-13
272391,3,2
272400,0,1
272401,1,1
272410,-11,-11
272411,2,2
272420,1,10
272421,0,0
272430,1,1
272431,1,1
272440,1,1
272441,11,11
272450,0,0
272451,-11,-11
272460,2,2
272461,1,0
272470,-11,-11
272471,1,1
272480,10,10
272481,1,1
272490,1,1
272491,2,1
272500,1,11
272501,-11,-11
272510,1,1
272511,10,10
272520,2,1
272521,-11,-11
272530,2,2
272531,-13,-13
272540,10,10
272541,-13,-13
272550,-13,-13
272551,-11,-11
272560,-11,-11
272561,2,2
272570,1,0
272571,2,2
272580,1,1
272581,-11,-11
272590,-11,1
272591,-13,-13
272600,-11,-11
272601,-11,-11
272610,-13,-13
272611,1,1
272620,1,1
272621,1,1
272630,2,2
272631,1,1
272640,-11,-11
272641,1,1
272650,1,1
272651,-13,-13
272660,1,1
272661,0,0
272670,1,1
272671,1,1
272680,3,1
272681,1,1
272690,1,11
272691,-11,0
272700,-13,-13
272701,10,10
272710,0,0
272711,10,10
272720,-13,-13
272721,1,1
272730,1,1
272731,-11,-11
272740,-13,-13
272741,1,1
272750,-11,0
272751,-13,-13
272760,10,10
272761,-13,-13
272770,-11,-11
272771,10,10
272780,1,1
272781,1,1
272790,0,0
272791,1,1
272800,-11,-11
272801,0,1
272810,1,1
272811,2,2
272820,1,1
272821,0,1
272830,10,10
272831,0,1
272840,-13,-13
272841,-13,-13
272850,2,2
272851,11,11
272860,1,2
272861,1,1
272870,1,1
272871,-11,-11
272880,-13,-13
272881,-13,-13
272890,11,10
272891,0,0
272900,-13,-13
272901,11,10
272910,2,1
272911,0,10
272920,0,0
272921,1,1
272930,-13,-13
272931,1,1
272940,0,1
272941,10,2
272950,-11,-11
272951,10,10
272960,10,10
272961,1,1
272970,-11,-11
272971,-11,-11
272980,1,1
272981,-11,-11
272990,-13,-13
272991,1,1
273000,10,10
273001,2,1
273010,1,11
273011,-13,-13
273020,11,11
273021,-1,10
273030,2,2
273031,0,0
273040,1,1
273041,11,11
273050,-13,-13
273051,-13,-13
273060,2,-11
273061,-13,-13
273070,2,1
273071,1,2
273080,-11,-11
273081,-13,-13
273090,-13,-13
273091,1,1
273100,1,1
273101,1,2
273110,1,1
273111,-13,-13
273120,0,11
273121,-11,-11
273130,-11,-11
273131,0,-11
273140,-13,-13
273141,2,2
273150,-13,-13
273151,1,1
273160,0,0
273161,-13,-13
273170,0,0
273171,2,1
273180,2,1
273181,-13,-13
273190,2,1
273191,-13,-13
273200,1,1
273201,0,0
273210,-13,0
273211,-11,-11
273220,-13,-13
273221,-11,-11
273230,-13,-13
273231,-11,-11
273240,10,11
273241,0,0
273250,-11,-11
273251,1,1
273260,10,11
273261,-11,-11
273270,10,11
273271,2,2
273280,1,1
273281,1,1
273290,1,2
273291,10,10
273300,0,1
273301,-13,-13
273310,0,0
273311,11,11
273320,11,11
273321,-13,-13
273330,0,0
273331,-11,-11
273340,1,1
273341,1,1
273350,1,1
273351,0,0
273360,-13,-13
273361,0,1
273370,10,10
273371,1,1
273380,1,1
273381,-11,-11
273390,10,10
273391,10,10
273400,10,10
273401,0,0
273410,2,2
273411,0,0
273420,0,1
273421,11,11
273430,-11,-11
273431,-11,-11
273440,0,0
273441,-11,-11
273450,0,0
273451,-11,-11
273460,-11,-333
273461,11,1
273470,0,0
273471,1,1
273480,-13,-13
273481,11,11
273490,0,0
273491,1,1
273500,1,1
273501,1,1
273510,1,1
273511,1,1
273520,1,1
273521,0,0
273530,1,10
273531,1,1
273540,-13,-13
273541,3,2
273550,-13,-13
273551,1,1
273560,0,0
273561,2,2
273570,-11,-11
273571,4,11
273580,0,0
273581,1,1
273590,1,1
273591,-13,-13
273600,-13,-13
273601,0,-13
273610,0,0
273611,-13,-13
273620,1,1
273621,-13,-13
273630,10,10
273631,0,0
273640,10,11
273641,2,2
273650,10,10
273651,-11,-11
273660,-11,-11
273661,-13,-13
273670,12,11
273671,10,10
273680,1,0
273681,1,1
273690,1,1
273691,-11,1
273700,2,11
273701,10,10
273710,1,11
273711,-11,-11
273720,-11,-11
273721,1,1
273730,1,2
273731,2,2
273740,-13,0
273741,10,10
273750,0,0
273751,1,1
273760,10,10
273761,10,10
273770,-11,-11
273771,-11,-11
273780,-13,-13
273781,-11,-13
273790,0,0
273791,-11,-11
273800,1,1
273801,1,1
273810,1,1
273811,-11,-11
273820,-11,-11
273821,1,11
273830,1,1
273831,1,10
273840,3,11
273841,2,1
273850,-11,-11
273851,0,11
273860,-13,-13
273861,2,1
273870,0,1
273871,10,10
273880,1,1
273881,-11,-11
273890,1,1
273891,0,0
273900,-13,-13
273901,-13,-13
273910,10,10
273911,-11,-11
273920,10,10
273921,10,10
273930,-13,-13
273931,-11,-11
273940,1,1
273941,10,10
273950,2,1
273951,10,1
273960,1,-11
273961,-11,-11
273970,10,10
273971,-11,-11
273980,2,1
273981,10,10
273990,-13,-13
273991,10,10
274000,-13,-13
274001,10,10
274010,-11,-11
274011,1,1
274020,1,1
274021,-13,-13
274030,-13,-13
274031,2,2
274040,0,0
274041,0,0
274050,1,0
274051,-13,-13
274060,1,2
274061,2,2
274070,10,11
274071,1,1
274080,0,0
274081,11,10
274090,1,1
274091,0,0
274100,-13,-13
274101,-11,-11
274110,10,1
274111,-11,-333
274120,1,1
274121,-11,-11
274130,-13,-13
274131,1,1
274140,-11,-11
274141,2,1
274150,-13,-13
274151,-11,-11
274160,-11,-11
274161,0,1
274170,-11,-11
274171,-13,-13
274180,-11,-11
274181,0,0
274190,-11,-11
274191,1,1
274200,-13,-13
274201,-13,-13
274210,0,0
274211,10,10
274220,-11,-11
274221,1,0
274230,0,1
274231,-11,1
274240,-13,-13
274241,0,1
274250,-13,-13
274251,1,1
274260,-13,-13
274261,-13,-13
274270,10,10
274271,0,0
274280,11,11
274281,1,1
274290,2,1
274291,-11,-11
274300,1,1
274301,1,1
274310,1,1
274311,-1,10
274320,1,1
274321,2,1
274330,-11,-13
274331,-13,-13
274340,2,1
274341,1,10
274350,-13,-13
274351,1,1
274360,0,0
274361,-11,-11
274370,1,1
274371,-11,-11
274380,-11,-11
274381,-13,-13
274390,-11,-11
274391,-11,-11
274400,-11,-11
274401,10,10
274410,1,1
274411,0,0
274420,-11,-11
274421,-11,-11
274430,-11,-11
274431,10,11
274440,1,-333
274441,-11,-11
274450,2,2
274451,1,0
274460,1,1
274461,1,11
274470,0,0
274471,0,0
274480,1,11
274481,1,1
274490,10,10
274491,10,10
274500,-11,-11
274501,1,1
274510,1,1
274511,-11,-11
274520,10,10
274521,1,1
274530,0,-11
274531,1,1
274540,0,0
274541,1,1
274550,1,1
274551,1,1
274560,-11,-11
274561,2,2
274570,-11,-11
274571,-13,-13
274580,1,1
274581,1,1
274590,10,10
274591,0,1
274600,-11,-11
274601,2,1
274610,1,1
274611,0,0
274620,1,1
274621,-13,-13
274630,-11,-11
274631,2,1
274640,-11,-11
274641,1,1
274650,-11,-11
274651,2,2
274660,1,1
274661,1,1
274670,0,0
274671,2,1
274680,0,0
274681,0,0
274690,10,10
274691,-11,-11
274700,-11,-333
274701,1,1
274710,0,1
274711,-13,1
274720,1,1
274721,2,2
274730,-13,-13
274731,-11,1
274740,1,1
274741,-13,-13
274750,-13,-13
274751,1,2
274760,-11,-11
274761,1,1
274770,-13,-13
274771,-11,-11
274780,-13,-13
274781,11,11
274790,1,1
274791,-13,-13
274800,1,1
274801,1,1
274810,1,1
274811,1,1
274820,1,1
274821,-11,-11
274830,-11,-11
274831,2,2
274840,10,10
274841,-11,-11
274850,-11,-11
274851,0,0
274860,-11,1
274861,1,1
274870,-11,-11
274871,-11,-11
274880,-11,-11
274881,-13,-13
274890,10,10
274891,-11,-11
274900,1,0
274901,1,1
274910,10,-222
274911,2,1
274920,-11,-11
274921,1,2
274930,10,10
274931,0,0
274940,10,11
274941,1,1
274950,-13,-13
274951,-13,-11
274960,11,10
274961,-11,-11
274970,-13,-13
274971,2,2
274980,-13,-13
274981,-11,-11
274990,1,1
274991,-13,-333
275000,-11,-11
275001,1,0
275010,1,1
275011,1,1
275020,1,1
275021,1,1
275030,1,1
275031,-11,-11
275040,-11,-11
275041,-13,-13
275050,0,0
275051,1,10
275060,1,1
275061,2,2
275070,-13,-13
275071,0,0
275080,1,1
275081,-11,-11
275090,1,2
275091,1,1
275100,-13,-13
275101,0,0
275110,-11,-11
275111,1,1
275120,-13,-13
275121,1,0
275130,1,1
275131,1,1
275140,0,0
275141,1,1
275150,-13,-13
275151,0,0
275160,-13,-13
275161,-13,-13
275170,1,1
275171,-11,-11
275180,10,11
275181,-13,-13
275190,1,1
275191,1,1
275200,2,2
275201,1,1
275210,-13,-13
275211,11,11
275220,-11,-11
275221,1,1
275230,0,10
275231,1,1
275240,0,0
275241,1,0
275250,-11,-11
275251,-13,-13
275260,11,11
275261,-13,-13
275270,10,10
275271,0,-13
275280,0,0
275281,-11,-11
275290,0,0
275291,-11,-11
275300,-13,-13
275301,2,2
275310,10,10
275311,-13,-13
275320,10,10
275321,-11,-11
275330,0,0
275331,1,1
275340,10,10
275341,0,0
275350,1,1
275351,1,2
275360,-11,-11
275361,-13,-13
275370,1,1
275371,2,1
275380,10,10
275381,0,0
275390,0,0
275391,-13,-13
275400,0,1
275401,-11,-11
275410,0,0
275411,-13,-13
275420,-11,-333
275421,1,1
275430,-1,11
275431,10,10
275440,0,-13
275441,1,1
275450,-11,-11
275451,1,10
275460,1,0
275461,11,10
275470,1,1
275471,2,1
275480,1,1
275481,-11,1
275490,11,11
275491,10,10
275500,11,10
275501,2,2
275510,10,10
275511,-13,-13
275520,1,1
275521,11,11
275530,1,1
275531,0,0
275540,1,-11
275541,2,1
275550,3,2
275551,1,1
275560,2,2
275561,-13,-13
275570,1,1
275571,-11,-11
275580,-11,-11
275581,0,0
275590,1,1
275591,-11,-11
275600,1,1
275601,10,10
275610,-13,-13
275611,0,0
275620,1,1
275621,-13,-13
275630,-11,-11
275631,-11,-13
275640,-13,-13
275641,-13,-13
275650,0,0
275651,0,1
275660,3,11
275661,-11,-11
275670,10,10
275671,10,10
275680,1,1
275681,1,1
275690,2,2
275691,-11,-11
275700,-13,-13
275701,-13,-13
275710,10,10
275711,1,-11
275720,-13,-13
275721,-11,-11
275730,-13,-13
275731,-13,-13
275740,-13,-13
275741,2,2
275750,-11,-11
275751,2,2
275760,11,10
275761,0,0
275770,-11,-11
275771,-11,-11
275780,-11,-333
275781,0,0
275790,0,0
275791,-11,-11
275800,10,10
275801,0,0
275810,2,2
275811,10,11
275820,-13,-13
275821,1,1
275830,2,1
275831,-11,-11
275840,-13,-13
275841,-13,-13
275850,-13,-13
275851,1,0
275860,-13,-13
275861,1,1
275870,0,0
275871,0,0
275880,2,2
275881,0,0
275890,1,1
275891,1,1
275900,-13,-13
275901,10,10
275910,1,1
275911,-13,-13
275920,-11,-11
275921,10,10
275930,-13,-13
275931,-13,-13
275940,1,1
275941,0,0
275950,-11,-11
275951,-11,-11
275960,0,0
275961,0,0
275970,0,0
275971,0,0
275980,10,10
275981,-11,-11
275990,-11,-11
275991,11,11
276000,0,2
276001,-13,-13
276010,0,0
276011,1,2
276020,-13,-13
276021,1,1
276030,2,1
276031,0,0
276040,0,0
276041,-11,-11
276050,-13,-13
276051,1,2
276060,1,1
276061,-11,-11
276070,11,11
276071,0,1
276080,0,0
276081,-13,-13
276090,1,1
276091,0,0
276100,-11,-11
276101,-11,-11
276110,-13,-13
276111,-13,-13
276120,2,1
276121,1,10
276130,-13,-13
276131,3,2
276140,10,10
276141,-11,-11
276150,1,1
276151,-11,-11
276160,2,1
276161,0,0
276170,0,1
276171,-11,-11
276180,1,2
276181,1,1
276190,-13,-13
276191,-13,-11
276200,1,1
276201,0,10
276210,0,10
276211,-11,-11
276220,-11,-11
276221,-11,-11
276230,10,10
276231,-11,-11
276240,1,1
276241,10,11
276250,1,1
276251,-13,-13
276260,-11,-11
276261,10,10
276270,-11,-11
276271,1,1
276280,-13,-13
276281,1,1
276290,-11,-11
276291,0,0
276300,-11,-11
276301,1,1
276310,1,0
276311,1,1
276320,-11,-11
276321,1,1
276330,-13,-13
276331,10,1
276340,1,1
276341,-11,0
276350,1,1
276351,10,10
276360,-11,-11
276361,1,1
276370,-13,-13
276371,0,0
276380,1,1
276381,1,1
276390,0,0
276391,2,2
276400,-13,-13
276401,0,0
276410,-13,-13
276411,10,10
276420,-13,-13
276421,-13,-13
276430,-13,-13
276431,-11,-11
276440,10,10
276441,-13,-13
276450,11,10
276451,1,1
276460,-11,-11
276461,1,1
276470,1,1
276471,1,1
276480,-13,-13
276481,-11,-11
276490,-13,-13
276491,1,1
276500,-13,-13
276501,-11,-11
276510,1,1
276511,0,0
276520,1,1
276521,1,1
276530,-13,-13
276531,10,10
276540,0,0
276541,-11,1
276550,-11,-11
276551,2,2
276560,2,11
276561,0,0
276570,-11,-11
276571,0,0
276580,0,0
276581,1,1
276590,1,10
276591,-13,-13
276600,0,0
276601,-11,-11
276610,-11,-11
276611,1,1
276620,1,1
276621,-13,-13
276630,0,0
276631,-11,-11
276640,-13,-13
276641,1,1
276650,-11,-11
276651,11,11
276660,-13,-13
276661,0,1
276670,0,0
276671,10,10
276680,1,1
276681,-11,-11
276690,-13,-13
276691,0,0
276700,1,1
276701,1,1
276710,10,10
276711,10,10
276720,-11,-11
276721,1,1
276730,2,11
276731,0,0
276740,0,0
276741,-11,-11
276750,1,1
276751,2,2
276760,-13,-13
276761,-11,-11
276770,0,1
276771,1,1
276780,1,1
276781,-11,-11
276790,2,2
276791,-11,-11
276800,0,0
276801,0,1
276810,0,1
276811,3,2
276820,10,1
276821,-11,-11
276830,-11,1
276831,1,1
276840,1,1
276841,-13,-13
276850,1,1
276851,1,1
276860,2,2
276861,-13,-13
276870,1,1
276871,1,1
276880,-13,-13
276881,0,1
276890,11,11
276891,1,1
276900,0,0
276901,-11,-11
276910,10,10
276911,1,1
276920,-13,-13
276921,-13,-13
276930,10,11
276931,2,1
276940,-13,-13
276941,-13,-13
276950,-11,-11
276951,1,1
276960,10,10
276961,-13,-13
276970,1,1
276971,-11,1
276980,-13,-13
276981,1,1
276990,1,1
276991,-11,-11
277000,-13,-13
277001,2,1
277010,11,11
277011,10,11
277020,-13,-13
277021,-13,-13
277030,-13,-13
277031,1,1
277040,-11,-11
277041,-11,-11
277050,-13,-13
277051,-13,-13
277060,-13,-13
277061,-13,-13
277070,-13,-13
277071,10,10
277080,0,0
277081,-11,-11
277090,2,2
277091,0,0
277100,11,11
277101,-11,-11
277110,-13,-13
277111,1,1
277120,2,2
277121,-11,-11
277130,2,2
277131,2,2
277140,11,11
277141,-13,-13
277150,1,1
277151,11,11
277160,10,10
277161,2,11
277170,2,1
277171,1,1
277180,1,1
277181,1,1
277190,10,1
277191,-11,-11
277200,10,11
277201,-13,-13
277210,0,0
277211,1,1
277220,2,2
277221,-11,-11
277230,1,1
277231,2,0
277240,10,10
277241,-13,-13
277250,-13,-13
277251,1,1
277260,-11,-11
277261,1,1
277270,10,11
277271,-11,-11
277280,2,11
277281,2,2
277290,-11,-11
277291,-13,-13
277300,1,1
277301,0,0
277310,10,10
277311,1,1
277320,-13,-13
277321,0,-11
277330,-13,-13
277331,1,1
277340,-11,-11
277341,0,0
277350,-11,-11
277351,-13,-13
277360,0,0
277361,1,1
277370,1,-333
277371,-13,-13
277380,0,0
277381,-13,-13
277390,1,1
277391,1,1
277400,-11,-333
277401,-13,-13
277410,-11,-11
277411,11,10
277420,-11,-11
277421,1,2
277430,0,1
277431,0,0
277440,0,0
277441,-11,-11
277450,-11,-333
277451,10,11
277460,-11,-11
277461,-11,-11
277470,1,1
277471,-13,-13
277480,12,11
277481,11,11
277490,10,10
277491,1,1
277500,1,1
277501,1,1
277510,1,1
277511,1,1
277520,-11,-11
277521,-11,-11
277530,1,1
277531,10,11
277540,2,2
277541,2,2
277550,10,10
277551,10,11
277560,12,11
277561,-13,-13
277570,-11,-11
277571,-11,1
277580,1,1
277581,10,10
277590,-11,-11
277591,0,0
277600,10,1
277601,-13,-13
277610,10,10
277611,-11,-11
277620,2,2
277621,-13,-13
277630,0,0
277631,-11,-11
277640,1,1
277641,1,1
277650,-13,-13
277651,1,-11
277660,1,1
277661,-13,-13
277670,1,1
277671,-11,-11
277680,1,1
277681,1,10
277690,-11,-11
277691,1,1
277700,10,10
277701,10,10
277710,1,1
277711,-11,-11
277720,12,11
277721,1,1
277730,1,1
277731,1,2
277740,2,11
277741,2,2
277750,-13,-13
277751,1,1
277760,-13,-13
277761,2,1
277770,10,10
277771,-13,-13
277780,-11,-11
277781,2,2
277790,1,2
277791,-13,-13
277800,-13,-13
277801,1,1
277810,1,1
277811,2,1
277820,1,1
277821,1,1
277830,1,1
277831,0,0
277840,1,1
277841,1,2
277850,-11,-11
277851,-11,-11
277860,1,1
277861,10,10
277870,-11,-11
277871,-11,-11
277880,2,1
277881,-13,-13
277890,-11,-11
277891,0,0
277900,1,1
277901,-13,-13
277910,0,10
277911,-11,-11
277920,-11,-11
277921,1,1
277930,10,10
277931,10,10
277940,2,1
277941,0,0
277950,1,11
277951,10,10
277960,2,2
277961,10,10
277970,2,11
277971,-13,-13
277980,-13,-13
277981,11,11
277990,0,0
277991,-11,-11
278000,-13,-13
278001,-13,-13
278010,1,1
278011,-13,-13
278020,1,1
278021,-11,-333
278030,0,0
278031,1,1
278040,1,1
278041,-13,-13
278050,1,1
278051,10,10
278060,-13,-13
278061,-11,-11
278070,-11,-11
278071,0,0
278080,-11,-11
278081,2,2
278090,1,1
278091,1,1
278100,1,1
278101,0,0
278110,0,0
278111,1,1
278120,1,1
278121,11,11
278130,1,1
278131,0,0
278140,-11,-11
278141,-11,-11
278150,1,1
278151,1,1
278160,10,11
278161,-13,-13
278170,-11,-11
278171,-11,-11
278180,1,1
278181,10,10
278190,11,1
278191,0,0
278200,-13,-13
278201,10,10
278210,-13,-13
278211,-13,-11
278220,10,10
278221,11,11
278230,-13,-13
278231,10,10
278240,12,11
278241,1,1
278250,2,2
278251,0,0
278260,2,2
278261,-11,-11
278270,1,1
278271,1,1
278280,-11,-11
278281,2,1
278290,-11,-11
278291,11,11
278300,11,11
278301,1,2
278310,0,0
278311,2,2
278320,1,1
278321,2,11
278330,-13,-13
278331,-11,-11
278340,1,1
278341,-13,-13
278350,11,11
278351,-11,-11
278360,2,1
278361,3,11
278370,1,1
278371,1,1
278380,-13,-13
278381,10,10
278390,1,11
278391,1,2
278400,2,1
278401,-13,-11
278410,10,11
278411,10,10
278420,1,10
278421,-13,-13
278430,-11,-11
278431,10,11
278440,1,1
278441,-11,-11
278450,1,1
278451,-11,-11
278460,0,0
278461,-13,-13
278470,-13,-13
278471,10,11
278480,10,10
278481,-11,-11
278490,0,0
278491,2,1
278500,2,1
278501,-11,-13
278510,-11,-11
278511,1,1
278520,-13,-13
278521,2,11
278530,1,1
278531,12,11
278540,1,1
278541,-11,-11
278550,3,2
278551,0,0
278560,-11,-11
278561,0,0
278570,-11,-11
278571,11,2
278580,-13,-13
278581,-13,-13
278590,10,10
278591,2,1
278600,10,10
278601,1,1
278610,1,-11
278611,10,11
278620,0,0
278621,1,1
278630,11,11
278631,10,10
278640,-11,-333
278641,1,1
278650,1,1
278651,-11,-11
278660,0,0
278661,2,1
278670,-13,-13
278671,-11,-11
278680,-13,-13
278681,-11,-11
278690,1,1
278691,-13,-13
278700,-11,-11
278701,0,0
278710,2,2
278711,1,1
278720,11,11
278721,1,-11
278730,2,1
278731,0,0
278740,1,1
278741,-11,-11
278750,-11,-333
278751,-13,-333
278760,-13,-13
278761,11,10
278770,1,1
278771,-13,-13
278780,10,11
278781,1,1
278790,-13,-13
278791,10,10
278800,10,10
278801,-13,-13
278810,10,10
278811,10,10
278820,0,0
278821,1,1
278830,0,0
278831,0,0
278840,-11,-11
278841,1,1
278850,-13,-13
278851,1,1
278860,-11,-11
278861,1,1
278870,-13,0
278871,11,11
278880,1,1
278881,2,2
278890,0,10
278891,-11,-11
278900,10,11
278901,0,0
278910,-13,-13
278911,-11,-11
278920,0,1
278921,-11,1
278930,0,0
278931,0,1
278940,11,10
278941,2,2
278950,11,11
278951,11,10
278960,-13,-13
278961,-11,-11
278970,0,0
278971,-13,-13
278980,1,1
278981,-13,-13
278990,0,1
278991,1,1
279000,-11,-11
279001,1,1
279010,-13,-13
279011,-11,1
279020,1,-222
279021,0,1
279030,1,1
279031,0,0
279040,0,1
279041,-13,-333
279050,1,1
279051,-11,-11
279060,-11,-11
279061,10,1
279070,-13,-13
279071,0,-13
279080,1,1
279081,-11,0
279090,1,1
279091,10,10
279100,-13,-13
279101,3,1
279110,-11,1
279111,11,11
279120,-13,-13
279121,-11,-11
279130,1,1
279131,10,10
279140,1,11
279141,1,1
279150,2,0
279151,0,0
279160,11,10
279161,1,1
279170,2,1
279171,0,0
279180,1,2
279181,-13,-13
279190,0,0
279191,2,11
279200,2,2
279201,0,10
279210,-13,-13
279211,0,0
279220,1,1
279221,-11,-11
279230,2,1
279231,1,1
279240,1,1
279241,0,0
279250,-11,-11
279251,-11,-11
279260,-13,-13
279261,1,1
279270,1,1
279271,4,11
279280,1,1
279281,0,0
279290,10,10
279291,12,10
279300,-13,1
279301,10,10
279310,0,0
279311,1,1
279320,1,1
279321,1,1
279330,0,0
279331,2,1
279340,-13,-13
279341,1,1
279350,1,11
279351,0,10
279360,-11,-11
279361,0,10
279370,1,1
279371,-13,-13
279380,11,11
279381,0,0
279390,3,2
279391,0,0
279400,1,1
279401,11,2
279410,10,11
279411,-13,-13
279420,-11,-11
279421,-13,-13
279430,-13,-13
279431,11,11
279440,-13,-13
279441,-11,-11
279450,0,0
279451,1,1
279460,-13,-13
279461,-13,-13
279470,2,1
279471,2,11
279480,1,1
279481,0,-13
279490,2,2
279491,-13,-13
279500,-11,-11
279501,1,1
279510,11,11
279511,1,1
279520,-13,0
279521,1,-11
279530,11,11
279531,2,2
279540,-11,-11
279541,-13,-13
279550,-11,-333
279551,-11,-11
279560,1,1
279561,0,0
279570,-11,-11
279571,1,1
279580,1,1
279581,0,0
279590,1,1
279591,-11,-11
279600,11,10
279601,-13,-13
279610,1,1
279611,-11,-11
279620,0,10
279621,10,10
279630,1,1
279631,1,1
279640,10,10
279641,10,10
279650,1,1
279651,-11,-11
279660,1,1
279661,2,2
279670,-13,-13
279671,1,1
279680,1,0
279681,-11,-11
279690,-11,-11
279691,1,1
279700,1,2
279701,2,11
279710,10,1
279711,1,1
279720,1,2
279721,-11,-11
279730,-13,-13
279731,0,0
279740,-13,-13
279741,2,11
279750,0,0
279751,-11,-13
279760,-13,-13
279761,0,0
279770,0,0
279771,1,1
279780,0,0
279781,2,1
279790,11,10
279791,-13,-13
279800,10,10
279801,1,1
279810,1,1
279811,-11,-11
279820,1,2
279821,2,2
279830,-11,-11
279831,-13,-13
279840,2,11
279841,-11,-11
279850,-13,-13
279851,0,0
279860,-11,-11
279861,10,10
279870,10,10
279871,-13,-13
279880,1,0
279881,-13,-11
279890,10,10
279891,1,1
279900,-13,-13
279901,2,1
279910,1,1
279911,-11,-11
279920,-11,-11
279921,0,0
279930,10,11
279931,1,1
279940,1,1
279941,11,10
279950,-13,-13
279951,1,1
279960,-11,-11
279961,2,11
279970,1,1
279971,0,0
279980,-13,-13
279981,-13,-13
279990,-13,-13
279991,0,2
280000,1,11
280001,10,10
280010,-13,-13
280011,-13,-13
280020,1,1
280021,-11,-11
280030,-11,-11
280031,10,10
280040,10,10
280041,-13,-13
280050,1,2
280051,2,1
280060,-11,-11
280061,1,1
280070,-11,-11
280071,2,1
280080,1,1
280081,1,11
280090,1,1
280091,1,1
280100,-11,-11
280101,1,1
280110,-11,-11
280111,2,1
280120,0,0
280121,-11,-11
280130,1,1
280131,1,2
280140,11,11
280141,-13,-13
280150,-11,-11
280151,-13,-13
280160,1,1
280161,-13,-13
280170,-13,-13
280171,-11,1
280180,0,0
280181,-13,-13
280190,1,1
280191,0,0
280200,2,1
280201,-11,1
280210,11,10
280211,-11,-11
280220,-13,-13
280221,-13,-11
280230,-11,-11
280231,2,2
280240,1,1
280241,-11,-11
280250,1,1
280251,11,1
280260,2,2
280261,-13,-13
280270,-13,-13
280271,-13,-13
280280,10,11
280281,1,1
280290,1,11
280291,2,2
280300,-11,-11
280301,1,1
280310,-11,-11
280311,11,11
280320,10,10
280321,-11,-11
280330,0,1
280331,0,0
280340,10,10
280341,-11,-11
280350,1,1
280351,-11,-11
280360,10,10
280361,1,1
280370,-13,-13
280371,10,10
280380,1,1
280381,1,1
280390,1,1
280391,3,2
280400,3,11
280401,0,1
280410,-11,-11
280411,2,1
280420,1,1
280421,1,1
280430,1,-11
280431,1,1
280440,-11,-11
280441,-13,-13
280450,10,11
280451,10,10
280460,1,2
280461,0,0
280470,-13,-13
280471,1,1
280480,10,10
280481,-13,-13
280490,1,1
280491,1,1
280500,-11,-333
280501,1,-333
280510,-13,-13
280511,1,1
280520,1,1
280521,-11,-11
280530,1,0
280531,-11,-11
280540,-13,-13
280541,3,2
280550,1,1
280551,2,2
280560,1,1
280561,-11,-11
280570,-11,-11
280571,10,11
280580,-11,-11
280581,0,1
280590,-13,-13
280591,-13,-13
280600,2,11
280601,1,0
280610,10,10
280611,0,0
280620,1,1
280621,-13,-13
280630,1,1
280631,11,11
280640,1,-333
280641,10,11
280650,0,0
280651,1,1
280660,11,11
280661,-13,-13
280670,-13,-13
280671,0,0
280680,1,1
280681,2,1
280690,4,2
280691,-11,-11
280700,1,1
280701,2,2
280710,10,11
280711,0,0
280720,-11,-11
280721,-11,-11
280730,1,1
280731,10,10
280740,1,1
280741,0,0
280750,2,1
280751,-13,-13
280760,2,2
280761,-11,-11
280770,1,1
280771,-13,-11
280780,2,2
280781,-11,-11
280790,-11,-11
280791,11,11
280800,-11,-11
280801,-11,-13
280810,2,2
280811,-13,-13
280820,-13,-13
280821,-11,-11
280830,-13,-13
280831,0,0
280840,-13,-13
280841,0,0
280850,1,1
280851,11,11
280860,10,11
280861,1,1
280870,-11,-11
280871,1,11
280880,1,1
280881,11,11
280890,0,0
280891,-11,-11
280900,-13,-13
280901,-11,-11
280910,0,0
280911,0,0
280920,0,-13
280921,1,1
280930,3,1
280931,-11,-11
280940,1,1
280941,10,11
280950,0,1
280951,10,10
280960,3,1
280961,0,0
280970,1,1
280971,1,1
280980,10,11
280981,1,1
280990,1,1
280991,-13,-333
281000,11,11
281001,0,0
281010,-13,-13
281011,1,1
281020,11,10
281021,-11,-11
281030,1,1
281031,-11,-11
281040,1,2
281041,0,0
281050,1,1
281051,2,1
281060,0,0
281061,-13,-13
281070,2,2
281071,11,10
281080,-11,-11
281081,1,10
281090,1,11
281091,1,1
281100,2,-13
281101,0,1
281110,-13,-13
281111,2,1
281120,1,1
281121,11,11
281130,0,1
281131,1,1
281140,0,1
281141,-13,-13
281150,2,1
281151,10,10
281160,-11,-11
281161,-11,-11
281170,1,1
281171,0,0
281180,-11,-11
281181,1,1
281190,1,1
281191,11,11
281200,-11,-11
281201,-13,-13
281210,12,11
281211,11,10
281220,11,11
281221,-13,-13
281230,1,1
281231,2,1
281240,1,1
281241,1,1
281250,1,1
281251,-11,-11
281260,-13,-13
281261,-13,-13
281270,1,1
281271,-13,-13
281280,1,1
281281,-11,-11
281290,-11,-11
281291,0,0
281300,-11,-11
281301,0,1
281310,11,10
281311,1,1
281320,1,1
281321,0,0
281330,10,10
281331,-13,-13
281340,1,1
281341,0,0
281350,11,10
281351,10,10
281360,-13,-13
281361,1,1
281370,1,1
281371,1,1
281380,2,1
281381,-11,-11
281390,-13,-13
281391,10,10
281400,1,1
281401,-11,-11
281410,-13,-13
281411,0,0
281420,2,1
281421,-11,-11
281430,1,1
281431,-11,-11
281440,-13,-13
281441,1,1
281450,-11,-11
281451,1,1
281460,1,2
281461,-11,-11
281470,-11,-11
281471,-13,-13
281480,-11,-11
281481,-11,-11
281490,1,1
281491,2,2
281500,-13,-13
281501,1,1
281510,0,0
281511,-11,-333
281520,-11,-11
281521,1,1
281530,1,2
281531,10,11
281540,-11,-11
281541,1,-333
281550,-11,-11
281551,-13,-13
281560,2,1
281561,10,10
281570,-13,-13
281571,-11,-11
281580,1,1
281581,10,10
281590,10,11
281591,0,0
281600,-11,-11
281601,2,1
281610,1,1
281611,1,1
281620,2,1
281621,-13,-13
281630,1,1
281631,-11,-11
281640,10,10
281641,0,0
281650,-11,-11
281651,0,0
281660,-13,-13
281661,0,0
281670,10,10
281671,0,-333
281680,1,0
281681,-13,-13
281690,-13,-13
281691,10,10
281700,-11,-11
281701,-11,-11
281710,1,1
281711,-11,-11
281720,1,1
281721,-11,1
281730,2,2
281731,-11,0
281740,2,2
281741,10,2
281750,0,0
281751,-13,-13
281760,-11,-11
281761,2,11
281770,11,10
281771,-11,-11
281780,-13,-13
281781,-13,-13
281790,10,10
281791,1,1
281800,2,2
281801,-13,-13
281810,10,10
281811,-11,-11
281820,10,10
281821,2,2
281830,-13,-13
281831,-11,-11
281840,0,0
281841,-11,-11
281850,-13,-13
281851,1,1
281860,-13,-13
281861,11,11
281870,1,1
281871,-13,-13
281880,2,2
281881,-13,-13
281890,0,0
281891,10,11
281900,1,1
281901,10,11
281910,10,10
281911,-13,-13
281920,-13,-13
281921,1,1
281930,10,10
281931,-11,-11
281940,11,11
281941,-13,-13
281950,1,1
281951,-11,-333
281960,11,10
281961,-11,-11
281970,10,10
281971,1,1
281980,-11,-11
281981,-11,-11
281990,1,1
281991,11,1
282000,1,1
282001,2,2
282010,1,11
282011,-11,-11
282020,2,1
282021,11,11
282030,1,0
282031,2,2
282040,0,10
282041,11,1
282050,2,11
282051,-11,-11
282060,1,1
282061,1,1
282070,-11,-11
282071,-13,1
282080,-11,-11
282081,0,1
282090,-11,1
282091,2,1
282100,-11,-11
282101,1,1
282110,-11,-11
282111,0,0
282120,10,10
282121,0,0
282130,-11,-11
282131,0,0
282140,2,2
282141,-13,-13
282150,-11,-11
282151,-11,1
282160,-13,-13
282161,1,1
282170,1,1
282171,-11,-11
282180,-11,-11
282181,-13,-13
282190,-11,-11
282191,10,10
282200,1,1
282201,-13,-13
282210,2,11
282211,1,1
282220,2,1
282221,0,0
282230,2,2
282231,1,11
282240,-13,-13
282241,-13,-13
282250,3,11
282251,1,1
282260,1,1
282261,10,10
282270,-13,-13
282271,0,0
282280,2,2
282281,0,0
282290,1,1
282291,1,1
282300,-11,-11
282301,-11,0
282310,-11,-11
282311,-13,-13
282320,0,0
282321,1,1
282330,1,1
282331,-11,1
282340,-13,-13
282341,10,11
282350,-11,-11
282351,11,11
282360,2,1
282361,-13,-13
282370,0,1
282371,11,10
282380,-11,-11
282381,2,1
282390,-11,-11
282391,0,-13
282400,0,-11
282401,-11,-11
282410,10,10
282411,10,10
282420,2,1
282421,1,2
282430,2,1
282431,-11,1
282440,-13,-13
282441,1,1
282450,10,11
282451,10,10
282460,1,1
282461,1,1
282470,-11,-11
282471,1,1
282480,2,11
282481,-13,-13
282490,-13,-13
282491,11,10
282500,2,1
282501,0,0
282510,1,1
282511,1,1
282520,2,1
282521,1,1
282530,-11,-11
282531,-13,-13
282540,2,1
282541,0,0
282550,2,2
282551,-11,-11
282560,0,0
282561,0,0
282570,10,10
282571,-11,-11
282580,1,1
282581,-1,10
282590,-13,-13
282591,-11,-11
282600,-13,-13
282601,-11,-11
282610,-13,-13
282611,0,0
282620,-11,-11
282621,1,0
282630,-11,1
282631,1,1
282640,0,0
282641,1,10
282650,1,1
282651,-13,-13
282660,10,10
282661,0,0
282670,-13,-13
282671,-13,-13
282680,0,0
282681,1,1
282690,-11,-11
282691,-13,-13
282700,2,2
282701,-11,-11
282710,0,0
282711,-13,-13
282720,-13,-13
282721,2,2
282730,-11,-11
282731,1,1
282740,0,0
282741,-13,-13
282750,0,1
282751,-11,-11
282760,-11,-11
282761,10,10
282770,11,11
282771,-11,-11
282780,1,1
282781,-13,-13
282790,2,1
282791,1,1
282800,1,1
282801,-13,-13
282810,-11,-11
282811,10,10
282820,1,1
282821,1,1
282830,-11,-11
282831,1,1
282840,-13,-13
282841,0,0
282850,-13,-13
282851,1,1
282860,1,1
282861,1,1
282870,1,1
282871,-13,-13
282880,0,0
282881,1,1
282890,1,1
282891,12,11
282900,1,1
282901,11,10
282910,10,10
282911,10,10
282920,1,1
282921,1,1
282930,2,1
282931,-13,-13
282940,-11,-11
282941,-13,-13
282950,2,2
282951,1,1
282960,1,1
282961,-13,-13
282970,-11,1
282971,-13,-13
282980,2,1
282981,1,-11
282990,0,0
282991,-13,-333
283000,0,10
283001,-13,-13
283010,0,0
283011,0,1
283020,11,11
283021,0,10
283030,0,0
283031,0,0
283040,11,11
283041,-13,-11
283050,-13,-13
283051,-11,-11
283060,2,2
283061,-11,-11
283070,-11,-11
283071,-11,-11
283080,-13,-13
283081,10,10
283090,0,0
283091,0,0
283100,10,10
283101,1,10
283110,-13,-13
283111,-13,-13
283120,1,1
283121,-13,-13
283130,10,10
283131,1,10
283140,2,2
283141,1,1
283150,0,0
283151,10,10
283160,1,-11
283161,0,1
283170,-13,-13
283171,1,1
283180,1,1
283181,1,1
283190,11,10
283191,0,0
283200,-11,-11
283201,-11,-11
283210,11,11
283211,-13,-13
283220,1,1
283221,-11,-11
283230,2,2
283231,1,1
283240,-11,-11
283241,-11,-11
283250,-13,-13
283251,1,1
283260,2,2
283261,-13,-13
283270,10,11
283271,0,-13
283280,0,0
283281,-13,-13
283290,-11,-11
283291,1,1
283300,0,0
283301,1,1
283310,-11,-11
283311,-11,-11
283320,3,2
283321,-11,1
283330,10,11
283331,0,0
283340,1,11
283341,1,1
283350,-11,-11
283351,0,0
283360,1,1
283361,0,0
283370,11,11
283371,0,0
283380,1,1
283381,-13,-13
283390,1,11
283391,1,1
283400,11,11
283401,1,1
283410,0,0
283411,-13,-13
283420,10,10
283421,0,1
283430,0,0
283431,2,2
283440,1,10
283441,0,1
283450,11,10
283451,10,10
283460,1,1
283461,10,11
283470,1,-11
283471,1,1
283480,-11,-11
283481,0,0
283490,-11,1
283491,1,1
283500,1,2
283501,-11,-11
283510,11,11
283511,2,2
283520,1,2
283521,-11,-11
283530,-13,-13
283531,1,1
283540,-13,-13
283541,-13,-13
283550,-11,-333
283551,1,1
283560,-13,-13
283561,-13,-13
283570,1,1
283571,1,-333
283580,0,0
283581,-11,-11
283590,1,1
283591,10,10
283600,1,1
283601,10,10
283610,-13,-13
283611,0,-13
283620,1,1
283621,1,1
283630,1,1
283631,10,10
283640,1,1
283641,1,1
283650,11,11
283651,0,0
283660,0,0
283661,1,1
283670,-13,-13
283671,0,10
283680,1,-13
283681,1,1
283690,10,11
283691,2,2
283700,1,1
283701,2,2
283710,1,1
283711,-13,-13
283720,2,1
283721,1,11
283730,-13,-13
283731,1,1
283740,-11,-11
283741,0,0
283750,10,10
283751,-13,-13
283760,2,2
283761,11,2
283770,-13,-13
283771,-11,-11
283780,1,1
283781,1,1
283790,1,1
283791,1,1
283800,-11,-11
283801,-13,-13
283810,-11,-333
283811,1,-11
283820,2,1
283821,-13,-13
283830,1,1
283831,1,1
283840,2,-11
283841,-11,-333
283850,1,1
283851,0,10
283860,-13,-13
283861,11,11
283870,0,0
283871,-13,-13
283880,2,1
283881,1,11
283890,1,1
283891,-11,-11
283900,2,2
283901,0,0
283910,10,11
283911,1,1
283920,1,1
283921,-11,-11
283930,10,11
283931,0,0
283940,1,1
283941,1,1
283950,1,2
283951,2,1
283960,-13,-13
283961,1,2
283970,1,1
283971,10,11
283980,-11,-11
283981,1,1
283990,-13,-13
283991,-11,-11
284000,-13,-13
284001,-13,-13
284010,1,1
284011,12,11
284020,1,1
284021,11,11
284030,0,0
284031,1,11
284040,2,2
284041,2,1
284050,10,10
284051,1,2
284060,-11,0
284061,2,2
284070,-11,-11
284071,-11,-11
284080,0,1
284081,-11,-11
284090,-11,-11
284091,10,10
284100,1,1
284101,1,1
284110,-11,-11
284111,-13,-13
284120,-11,-11
284121,-11,-11
284130,-13,-13
284131,-11,-11
284140,-13,-13
284141,10,10
284150,1,1
284151,-11,-11
284160,11,11
284161,-11,-11
284170,-11,-11
284171,1,1
284180,2,2
284181,-13,-13
284190,1,1
284191,10,10
284200,2,2
284201,-13,-13
284210,2,1
284211,1,1
284220,11,10
284221,-11,1
284230,-13,-333
284231,-13,-13
284240,10,11
284241,2,2
284250,-13,-13
284251,10,10
284260,-13,-13
284261,-13,-13
284270,-13,-222
284271,-13,-13
284280,1,1
284281,1,1
284290,-13,-13
284291,2,2
284300,1,1
284301,0,0
284310,-11,-11
284311,1,1
284320,-11,-11
284321,1,1
284330,-11,-11
284331,1,1
284340,11,11
284341,0,1
284350,-11,-11
284351,1,1
284360,-11,-11
284361,-11,-11
284370,0,0
284371,0,0
284380,1,10
284381,-11,-11
284390,0,0
284391,-11,-11
284400,-13,-13
284401,-13,-13
284410,2,2
284411,-13,-13
284420,1,1
284421,1,1
284430,10,10
284431,-11,-11
284440,-11,-11
284441,0,0
284450,-11,-11
284451,-13,-13
284460,-13,-13
284461,-11,-11
284470,1,1
284471,3,2
284480,-13,-13
284481,-13,-13
284490,3,2
284491,-13,-13
284500,2,2
284501,3,2
284510,-13,-13
284511,1,1
284520,1,1
284521,-13,1
284530,-13,-11
284531,1,1
284540,-13,-13
284541,-13,-13
284550,10,10
284551,0,0
284560,-11,-13
284561,-13,-13
284570,3,11
284571,-13,-13
284580,-13,-13
284581,0,0
284590,-13,-13
284591,-11,-11
284600,0,0
284601,10,10
284610,-11,-11
284611,0,-11
284620,2,2
284621,0,0
284630,1,1
284631,-11,-11
284640,1,-11
284641,3,1
284650,-13,0
284651,1,1
284660,-11,-11
284661,2,1
284670,11,11
284671,1,1
284680,1,1
284681,1,11
284690,-13,-13
284691,2,1
284700,1,1
284701,1,1
284710,10,10
284711,-11,-11
284720,-13,-13
284721,1,1
284730,0,0
284731,1,1
284740,0,0
284741,1,1
284750,1,1
284751,0,0
284760,0,0
284761,11,11
284770,1,1
284771,10,10
284780,1,1
284781,-13,-13
284790,10,10
284791,1,10
284800,1,1
284801,1,1
284810,-11,-11
284811,-11,-11
284820,11,10
284821,-13,-13
284830,11,11
284831,-13,-13
284840,0,0
284841,2,2
284850,2,2
284851,-11,-11
284860,-13,-13
284861,1,1
284870,1,1
284871,0,10
284880,-13,-13
284881,12,11
284890,-13,-13
284891,-11,-333
284900,0,10
284901,-13,-13
284910,0,0
284911,-11,-11
284920,10,1
284921,1,1
284930,11,11
284931,-13,-13
284940,-11,-11
284941,-11,-11
284950,-11,-11
284951,-11,-11
284960,-11,-11
284961,12,11
284970,-11,-333
284971,1,11
284980,1,1
284981,1,1
284990,0,0
284991,1,1
285000,-13,-13
285001,0,0
285010,11,11
285011,-13,-13
285020,-13,-333
285021,10,11
285030,2,2
285031,-13,-13
285040,10,11
285041,0,0
285050,1,1
285051,2,2
285060,-13,-13
285061,11,11
285070,2,11
285071,-13,-13
285080,-11,-11
285081,2,1
285090,1,1
285091,0,0
285100,-13,-13
285101,11,11
285110,1,1
285111,1,1
285120,1,1
285121,1,1
285130,1,1
285131,2,11
285140,11,11
285141,1,1
285150,2,2
285151,11,11
285160,-11,-11
285161,1,1
285170,1,1
285171,0,10
285180,1,1
285181,2,1
285190,1,1
285191,0,0
285200,2,1
285201,-11,-11
285210,1,10
285211,1,1
285220,10,10
285221,10,10
285230,1,1
285231,2,2
285240,2,1
285241,1,1
285250,10,10
285251,1,1
285260,-13,-13
285261,2,2
285270,2,1
285271,-13,-13
285280,-13,-13
285281,1,1
285290,1,1
285291,-13,-13
285300,10,10
285301,-13,-13
285310,-13,-13
285311,-11,-11
285320,2,1
285321,1,1
285330,2,1
285331,-11,-11
285340,-13,-13
285341,1,1
285350,1,1
285351,1,1
285360,-13,-13
285361,2,11
285370,1,1
285371,2,2
285380,-11,-11
285381,2,2
285390,2,1
285391,2,1
285400,0,0
285401,-13,-11
285410,-13,-13
285411,11,11
285420,1,1
285421,0,0
285430,3,2
285431,1,0
285440,-13,-13
285441,-11,-11
285450,2,2
285451,10,10
285460,-11,-11
285461,2,1
285470,1,1
285471,1,11
285480,-11,-11
285481,-13,-13
285490,0,-333
285491,10,10
285500,0,2
285501,1,1
285510,-13,-13
285511,2,1
285520,1,1
285521,1,1
285530,1,1
285531,1,1
285540,-13,-13
285541,2,2
285550,-11,-11
285551,2,11
285560,0,0
285561,1,1
285570,-11,-11
285571,1,1
285580,-13,-13
285581,1,1
285590,1,1
285591,-11,-11
285600,1,1
285601,10,10
285610,0,1
285611,11,2
285620,10,10
285621,-11,-11
285630,-11,-11
285631,-13,-13
285640,1,1
285641,2,1
285650,-13,-13
285651,1,2
285660,1,1
285661,1,1
285670,-13,-13
285671,-13,-13
285680,10,10
285681,10,10
285690,1,1
285691,0,1
285700,-11,-11
285701,1,1
285710,-11,-11
285711,-13,-13
285720,0,0
285721,-11,-11
285730,1,1
285731,1,1
285740,1,1
285741,10,10
285750,1,1
285751,1,1
285760,1,1
285761,1,1
285770,1,1
285771,1,1
285780,-11,-11
285781,1,1
285790,0,0
285791,10,10
285800,0,0
285801,10,10
285810,-13,-13
285811,-11,-11
285820,-13,-11
285821,10,10
285830,0,-222
285831,1,-11
285840,-13,-13
285841,-13,-13
285850,10,10
285851,0,0
285860,0,1
285861,-11,-11
285870,2,1
285871,10,10
285880,-13,-13
285881,10,10
285890,-13,-13
285891,-11,-11
285900,0,0
285901,10,10
285910,-11,-11
285911,-13,-13
285920,0,0
285921,1,2
285930,1,1
285931,0,0
285940,1,1
285941,3,2
285950,0,0
285951,1,10
285960,0,0
285961,-13,-13
285970,0,1
285971,11,11
285980,2,2
285981,1,0
285990,1,1
285991,0,0
286000,11,11
286001,10,11
286010,1,1
286011,0,0
286020,10,10
286021,0,0
286030,-11,-11
286031,10,10
286040,10,10
286041,-13,-13
286050,0,-11
286051,1,1
286060,1,1
286061,-13,-13
286070,-11,-11
286071,-11,-11
286080,1,1
286081,-11,-11
286090,1,1
286091,-11,-11
286100,1,1
286101,11,11
286110,0,10
286111,1,1
286120,0,1
286121,-11,-11
286130,-11,-13
286131,2,2
286140,1,1
286141,-13,-13
286150,-13,-13
286151,3,2
286160,1,1
286161,10,10
286170,0,0
286171,10,10
286180,-11,-11
286181,-13,-13
286190,-13,-13
286191,-13,-13
286200,-11,-11
286201,0,0
286210,-13,-13
286211,-11,-11
286220,2,2
286221,0,0
286230,0,0
286231,1,1
286240,1,1
286241,2,1
286250,-11,1
286251,1,1
286260,-13,-13
286261,1,1
286270,-13,-13
286271,1,1
286280,10,10
286281,-13,-13
286290,-11,-11
286291,0,0
286300,-11,-11
286301,1,1
286310,-11,-11
286311,-13,1
286320,2,2
286321,-13,-13
286330,11,10
286331,1,1
286340,-11,-11
286341,10,1
286350,2,1
286351,1,1
286360,-11,-11
286361,-11,-11
286370,-11,1
286371,1,1
286380,0,0
286381,10,10
286390,10,-11
286391,0,1
286400,-13,-13
286401,-11,-11
286410,1,1
286411,-11,-11
286420,1,1
286421,1,2
286430,-11,-11
286431,1,10
286440,-11,0
286441,-13,-11
286450,0,0
286451,-13,-13
286460,-11,-11
286461,-11,-11
286470,0,0
286471,10,10
286480,1,1
286481,10,10
286490,-13,-13
286491,1,10
286500,0,1
286501,1,1
286510,1,1
286511,-13,-13
286520,10,10
286521,1,1
286530,1,1
286531,-11,-11
286540,-13,-13
286541,-13,0
286550,-11,-11
286551,-11,-11
286560,1,1
286561,-11,-11
286570,0,0
286571,1,1
286580,10,10
286581,1,1
286590,-11,-11
286591,1,1
286600,-11,-11
286601,2,2
286610,10,10
286611,-11,-11
286620,0,0
286621,0,0
286630,10,10
286631,1,1
286640,-13,-11
286641,2,2
286650,-13,-13
286651,0,0
286660,1,-222
286661,-13,1
286670,-11,-11
286671,-13,-13
286680,2,1
286681,0,0
286690,-11,-11
286691,10,1
286700,-13,-13
286701,2,1
286710,1,1
286711,-11,-11
286720,1,1
286721,1,1
286730,-13,-13
286731,1,1
286740,-11,-11
286741,-13,-333
286750,-11,-11
286751,0,0
286760,1,1
286761,-13,-13
286770,2,2
286771,-13,-13
286780,0,0
286781,1,1
286790,1,1
286791,0,11
286800,0,0
286801,10,1
286810,-13,-13
286811,-11,-11
286820,11,11
286821,0,0
286830,11,11
286831,1,2
286840,-11,-11
286841,-13,-13
286850,-13,-13
286851,-13,-13
286860,-11,-11
286861,0,0
286870,1,1
286871,0,-13
286880,0,0
286881,1,1
286890,-13,-13
286891,-13,-13
286900,-11,-11
286901,-11,-11
286910,-11,-11
286911,11,10
286920,2,1
286921,1,1
286930,10,10
286931,2,2
286940,-13,-13
286941,0,0
286950,0,10
286951,11,11
286960,2,1
286961,11,11
286970,-11,-11
286971,-13,-13
286980,0,0
286981,0,1
286990,11,10
286991,0,0
287000,-13,-13
287001,-11,-11
287010,2,1
287011,-13,-13
287020,11,11
287021,1,1
287030,-13,-13
287031,-11,-11
287040,-11,-11
287041,-13,-13
287050,2,2
287051,-11,-11
287060,1,1
287061,1,1
287070,-11,-11
287071,1,1
287080,-13,-13
287081,1,1
287090,11,1
287091,10,11
287100,-13,-13
287101,2,1
287110,1,2
287111,-11,-11
287120,-11,-11
287121,-11,-11
287130,0,0
287131,1,1
287140,10,10
287141,0,0
287150,10,10
287151,10,11
287160,-11,-11
287161,1,1
287170,-11,-11
287171,11,10
287180,-13,-13
287181,1,1
287190,1,1
287191,1,1
287200,10,10
287201,1,1
287210,0,0
287211,1,1
287220,-13,-13
287221,2,1
287230,2,10
287231,1,2
287240,-13,-13
287241,10,10
287250,1,1
287251,1,1
287260,1,1
287261,1,1
287270,-13,-13
287271,1,1
287280,2,11
287281,1,1
287290,-13,-13
287291,-11,-11
287300,-11,-11
287301,1,1
287310,0,0
287311,11,11
287320,-11,-11
287321,1,1
287330,-13,-13
287331,-11,-11
287340,1,1
287341,1,1
287350,-13,-13
287351,-11,-11
287360,1,1
287361,0,0
287370,1,1
287371,-11,-11
287380,-13,-13
287381,10,11
287390,-11,-11
287391,12,11
287400,0,1
287401,-11,-11
287410,1,2
287411,1,1
287420,2,2
287421,0,0
287430,0,-11
287431,11,11
287440,1,1
287441,1,1
287450,2,2
287451,10,11
287460,-11,1
287461,10,-11
287470,0,1
287471,-11,-11
287480,-13,-13
287481,1,1
287490,-11,-11
287491,1,1
287500,-13,-13
287501,10,10
287510,1,2
287511,-13,-13
287520,0,0
287521,10,10
287530,1,1
287531,1,1
287540,1,11
287541,11,10
287550,-13,-13
287551,10,10
287560,1,1
287561,-11,-11
287570,-11,1
287571,-13,-13
287580,1,1
287581,10,10
287590,10,11
287591,1,1
287600,10,10
287601,2,2
287610,10,10
287611,2,1
287620,10,10
287621,-11,-11
287630,-11,-11
287631,1,1
287640,1,1
287641,11,1
287650,3,2
287651,1,1
287660,0,1
287661,-11,-11
287670,1,1
287671,-13,-13
287680,1,1
287681,-13,-13
287690,-11,-11
287691,2,11
287700,1,1
287701,-11,-11
287710,10,10
287711,3,11
287720,10,10
287721,0,11
287730,-11,1
287731,0,-11
287740,-13,-13
287741,-13,-13
287750,-11,-11
287751,1,1
287760,-11,-11
287761,1,1
287770,-11,-11
287771,1,1
287780,2,1
287781,-13,-13
287790,-11,-11
287791,0,0
287800,-13,-13
287801,2,2
287810,1,11
287811,-11,-11
287820,-11,-11
287821,-11,-11
287830,2,1
287831,1,1
287840,0,0
287841,1,1
287850,-11,-11
287851,-11,-333
287860,1,1
287861,1,1
287870,10,10
287871,10,10
287880,1,1
287881,1,1
287890,-11,-11
287891,-13,-13
287900,1,2
287901,1,1
287910,-13,-13
287911,1,1
287920,2,2
287921,0,10
287930,0,0
287931,0,1
287940,0,0
287941,1,1
287950,11,11
287951,-13,-13
287960,-11,-11
287961,-13,-13
287970,0,0
287971,0,0
287980,-11,-11
287981,2,1
287990,-13,-13
287991,-13,-13
288000,0,1
288001,1,1
288010,-13,-13
288011,2,2
288020,1,1
288021,1,10
288030,12,11
288031,-11,-11
288040,-13,0
288041,-13,-11
288050,1,2
288051,2,2
288060,1,11
288061,0,0
288070,-13,-333
288071,-13,-13
288080,0,0
288081,2,2
288090,-11,-11
288091,1,1
288100,-11,-11
288101,10,10
288110,1,1
288111,-11,-11
288120,1,1
288121,0,0
288130,-13,-13
288131,1,1
288140,2,1
288141,-11,1
288150,-11,-11
288151,-11,-11
288160,0,0
288161,-13,-13
288170,1,1
288171,-11,-11
288180,-13,-13
288181,-13,-13
288190,2,1
288191,1,1
288200,-13,-13
288201,10,10
288210,10,1
288211,10,11
288220,0,0
288221,2,1
288230,2,2
288231,-11,-13
288240,-13,-13
288241,1,1
288250,2,1
288251,0,0
288260,-11,-11
288261,-13,-13
288270,1,1
288271,-13,-13
288280,1,11
288281,-13,-13
288290,3,1
288291,-13,-13
288300,-13,-13
288301,1,1
288310,1,0
288311,-11,-11
288320,1,1
288321,-13,-13
288330,0,0
288331,1,2
288340,-11,-11
288341,0,0
288350,-13,-13
288351,0,0
288360,1,1
288361,11,11
288370,-11,-11
288371,-13,-13
288380,-13,-13
288381,1,1
288390,-11,1
288391,1,1
288400,1,1
288401,10,10
288410,-11,-11
288411,1,1
288420,10,10
288421,0,0
288430,-11,-11
288431,-13,-13
288440,-13,-13
288441,-13,-13
288450,10,10
288451,-13,-13
288460,0,0
288461,2,1
288470,-11,-11
288471,0,0
288480,0,1
288481,-13,1
288490,-13,-13
288491,-13,-13
288500,1,1
288501,1,1
288510,1,1
288511,2,2
288520,1,1
288521,-13,-13
288530,-13,-13
288531,10,10
288540,11,11
288541,1,-11
288550,1,1
288551,10,10
288560,1,1
288561,1,1
288570,-11,-11
288571,11,11
288580,1,1
288581,2,2
288590,-13,0
288591,-11,-11
288600,-13,-13
288601,-13,-13
288610,1,1
288611,12,11
288620,10,10
288621,1,1
288630,-11,-11
288631,-11,-11
288640,2,2
288641,0,0
288650,-13,-13
288651,-13,-13
288660,-11,-11
288661,10,10
288670,12,11
288671,0,0
288680,-13,-13
288681,1,1
288690,1,1
288691,1,1
288700,0,0
288701,2,1
288710,2,11
288711,10,11
288720,11,11
288721,1,1
288730,-13,-13
288731,-11,-11
288740,-13,1
288741,-13,-13
288750,-11,-11
288751,-11,-11
288760,10,1
288761,10,10
288770,-11,-11
288771,2,1
288780,0,0
288781,-11,-11
288790,1,1
288791,2,1
288800,10,10
288801,1,1
288810,-13,-13
288811,11,11
288820,-13,-13
288821,3,2
288830,-13,-13
288831,-11,-333
288840,11,11
288841,1,1
288850,0,0
288851,2,2
288860,2,2
288861,12,11
288870,-13,-13
288871,-11,-11
288880,-13,-13
288881,-13,-13
288890,-13,-13
288891,10,10
288900,1,1
288901,-11,-11
288910,10,10
288911,1,11
288920,1,1
288921,1,1
288930,-11,-11
288931,10,10
288940,2,2
288941,-11,-11
288950,-11,-11
288951,1,0
288960,3,2
288961,-13,-13
288970,10,10
288971,3,2
288980,-11,1
288981,2,1
288990,1,1
288991,10,10
289000,-13,-13
289001,2,2
289010,1,1
289011,-11,1
289020,1,1
289021,-13,-13
289030,-13,-13
289031,2,2
289040,0,0
289041,-11,-11
289050,1,0
289051,0,-11
289060,1,1
289061,1,10
289070,-13,-13
289071,11,11
289080,2,11
289081,-13,-13
289090,-13,-13
289091,-11,-11
289100,2,1
289101,-11,-333
289110,2,1
289111,12,11
289120,1,1
289121,1,1
289130,1,1
289131,1,1
289140,1,10
289141,0,0
289150,-11,-333
289151,10,10
289160,0,0
289161,10,11
289170,2,2
289171,1,0
289180,1,10
289181,0,11
289190,-13,-13
289191,10,10
289200,0,-333
289201,11,11
289210,-13,-333
289211,10,10
289220,11,10
289221,10,10
289230,0,0
289231,1,1
289240,-13,-13
289241,-13,-13
289250,1,1
289251,2,1
289260,1,1
289261,0,0
289270,2,2
289271,1,1
289280,-13,-13
289281,0,0
289290,2,1
289291,-13,-13
289300,-11,-11
289301,-13,-13
289310,-11,-11
289311,-13,-13
289320,10,10
289321,3,11
289330,10,10
289331,-11,-11
289340,1,1
289341,0,10
289350,-13,-13
289351,-11,-11
289360,2,1
289361,2,1
289370,0,0
289371,0,0
289380,-13,-13
289381,1,1
289390,1,10
289391,-13,-13
289400,0,0
289401,-11,-11
289410,-11,-11
289411,2,2
289420,2,11
289421,1,1
289430,0,0
289431,-11,-11
289440,3,2
289441,0,0
289450,-11,-11
289451,-11,-11
289460,10,10
289461,-13,0
289470,0,0
289471,2,1
289480,-13,-13
289481,-13,0
289490,-1,11
289491,10,10
289500,-11,-11
289501,-11,-11
289510,-11,-11
289511,-11,-11
289520,10,10
289521,11,10
289530,1,1
289531,1,1
289540,1,1
289541,11,11
289550,1,1
289551,2,1
289560,2,1
289561,1,1
289570,0,0
289571,10,10
289580,0,0
289581,10,10
289590,-11,-11
289591,1,1
289600,0,-13
289601,-11,-11
289610,-13,-13
289611,0,0
289620,0,0
289621,-13,-13
289630,2,1
289631,1,1
289640,1,1
289641,1,1
289650,0,1
289651,1,11
289660,10,10
289661,1,1
289670,-11,-11
289671,-11,-11
289680,0,0
289681,-13,-13
289690,-11,-11
289691,10,10
289700,1,1
289701,1,1
289710,-13,-13
289711,0,0
289720,1,-11
289721,-13,-13
289730,10,10
289731,-13,-13
289740,1,1
289741,-11,-11
289750,-13,-11
289751,-11,-11
289760,-13,-13
289761,0,0
289770,1,1
289771,11,10
289780,11,11
289781,1,1
289790,-13,-13
289791,2,1
289800,1,2
289801,2,2
289810,10,10
289811,0,1
289820,-11,-11
289821,11,11
289830,-13,-13
289831,-13,0
289840,0,0
289841,2,2
289850,-13,-13
289851,-13,-13
289860,-13,-13
289861,-13,-13
289870,2,1
289871,2,2
289880,2,2
289881,-13,-13
289890,-11,1
289891,10,10
289900,0,0
289901,-11,-11
289910,-11,-11
289911,-11,-11
289920,2,11
289921,-11,-11
289930,11,11
289931,-11,-11
289940,-13,-13
289941,10,10
289950,1,1
289951,1,1
289960,1,1
289961,10,10
289970,12,11
289971,1,1
289980,-13,-13
289981,1,0
289990,1,1
289991,2,1
290000,1,1
290001,-13,-13
290010,-11,-11
290011,0,0
290020,1,1
290021,1,1
290030,1,1
290031,-11,1
290040,1,1
290041,0,0
290050,-13,-13
290051,-11,-11
290060,-13,-13
290061,-11,-11
290070,10,10
290071,2,1
290080,10,10
290081,0,0
290090,1,1
290091,10,11
290100,0,0
290101,0,0
290110,10,1
290111,-11,-11
290120,2,1
290121,-11,-11
290130,-13,-13
290131,-13,-13
290140,-13,-13
290141,-13,-13
290150,-13,-13
290151,-13,-13
290160,11,11
290161,0,0
290170,-13,-11
290171,2,2
290180,1,1
290181,1,10
290190,2,1
290191,1,1
290200,1,1
290201,1,1
290210,11,11
290211,-13,-13
290220,0,0
290221,1,0
290230,-11,-11
290231,-11,-11
290240,11,11
290241,-11,-11
290250,1,1
290251,0,-11
290260,0,0
290261,11,11
290270,1,11
290271,-11,-11
290280,-11,-11
290281,1,1
290290,1,1
290291,-13,-13
290300,2,1
290301,0,1
290310,10,10
290311,1,1
290320,1,2
290321,2,1
290330,1,1
290331,0,10
290340,0,0
290341,1,1
290350,-11,-333
290351,3,2
290360,1,1
290361,1,1
290370,1,1
290371,-11,-11
290380,0,1
290381,-13,-13
290390,1,1
290391,1,1
290400,-11,-11
290401,1,2
290410,-13,-13
290411,0,-11
290420,1,11
290421,10,10
290430,1,1
290431,1,2
290440,1,2
290441,-13,-13
290450,-11,-11
290451,2,1
290460,10,10
290461,-13,-13
290470,1,1
290471,3,11
290480,2,1
290481,-11,-11
290490,1,1
290491,0,0
290500,11,11
290501,-13,-13
290510,1,1
290511,2,10
290520,-13,-11
290521,-13,-13
290530,-11,-11
290531,2,2
290540,10,11
290541,-11,-11
290550,-13,-13
290551,1,11
290560,1,1
290561,1,1
290570,-13,-13
290571,-11,-11
290580,-13,0
290581,0,1
290590,2,1
290591,10,10
290600,1,1
290601,1,1
290610,-13,-13
290611,3,2
290620,2,2
290621,1,1
290630,1,1
290631,-13,-13
290640,-13,-13
290641,1,11
290650,1,1
290651,-13,-13
290660,1,1
290661,-13,-13
290670,1,1
290671,1,1
290680,11,11
290681,2,2
290690,0,0
290691,2,1
290700,11,10
290701,0,0
290710,2,-333
290711,10,1
290720,-13,-13
290721,-11,-11
290730,10,11
290731,0,0
290740,-13,-13
290741,1,1
290750,10,10
290751,-11,-11
290760,1,1
290761,10,10
290770,-11,-13
290771,0,0
290780,11,11
290781,1,1
290790,1,1
290791,2,1
290800,-13,-13
290801,1,1
290810,1,1
290811,1,1
290820,-11,-11
290821,1,1
290830,0,0
290831,-11,1
290840,0,0
290841,-13,-13
290850,1,1
290851,2,1
290860,0,-13
290861,-11,-11
290870,-11,-11
290871,2,2
290880,2,11
290881,10,10
290890,10,11
290891,0,0
290900,-13,-13
290901,2,1
290910,-13,-13
290911,2,2
290920,0,0
290921,-11,-11
290930,-13,-13
290931,-13,-333
290940,1,1
290941,0,1
290950,2,11
290951,0,0
290960,2,1
290961,2,1
290970,10,10
290971,2,2
290980,2,2
290981,1,1
290990,1,10
290991,4,2
291000,11,10
291001,1,1
291010,2,11
291011,1,1
291020,-11,-11
291021,11,11
291030,1,1
291031,1,1
291040,2,1
291041,-11,-11
291050,1,0
291051,1,1
291060,10,10
291061,1,1
291070,-13,-13
291071,-13,-13
291080,10,10
291081,10,10
291090,-13,-13
291091,2,1
291100,1,-11
291101,-13,-13
291110,2,2
291111,0,1
291120,-13,-13
291121,-13,1
291130,-11,-11
291131,1,1
291140,1,1
291141,0,0
291150,1,1
291151,1,1
291160,-11,-11
291161,0,1
291170,-13,-13
291171,-13,-13
291180,2,2
291181,1,1
291190,2,1
291191,11,1
291200,-13,-13
291201,1,1
291210,1,1
291211,0,0
291220,-13,-13
291221,-13,-13
291230,-11,-11
291231,11,11
291240,-11,-11
291241,2,1
291250,1,1
291251,-11,1
291260,-13,-13
291261,1,1
291270,10,10
291271,-11,-11
291280,0,0
291281,1,1
291290,1,1
291291,2,2
291300,0,0
291301,-13,-13
291310,1,1
291311,-11,-11
291320,-11,1
291321,-13,-13
291330,1,1
291331,10,10
291340,2,1
291341,-11,1
291350,-11,-11
291351,-13,-13
291360,1,1
291361,1,1
291370,-13,-13
291371,-11,-11
291380,10,11
291381,-11,-11
291390,-11,-11
291391,11,11
291400,-11,-11
291401,10,10
291410,0,2
291411,1,1
291420,1,1
291421,2,1
291430,-13,-13
291431,-13,-13
291440,0,0
291441,1,1
291450,10,10
291451,-13,-333
291460,1,1
291461,3,2
291470,-11,-11
291471,10,10
291480,1,2
291481,0,0
291490,-11,-13
291491,-13,-13
291500,11,10
291501,-13,-13
291510,0,0
291511,-11,-11
291520,0,0
291521,0,0
291530,3,2
291531,1,1
291540,1,1
291541,3,11
291550,-11,-11
291551,10,10
291560,1,1
291561,-13,-13
291570,0,-13
291571,-11,-11
291580,3,11
291581,10,10
291590,2,11
291591,2,2
291600,1,1
291601,0,1
291610,1,1
291611,0,10
291620,10,10
291621,-13,-13
291630,-11,-11
291631,10,11
291640,11,-11
291641,1,-11
291650,-11,-11
291651,2,1
291660,-11,1
291661,0,0
291670,2,11
291671,1,11
291680,-11,-11
291681,10,10
291690,-11,-11
291691,0,0
291700,0,0
291701,-13,-13
291710,1,1
291711,10,11
291720,0,0
291721,-11,-11
291730,1,1
291731,1,1
291740,-13,-13
291741,2,2
291750,-13,-13
291751,10,10
291760,0,0
291761,0,0
291770,0,0
291771,0,-13
291780,-11,-11
291781,1,1
291790,1,1
291791,0,0
291800,10,10
291801,10,10
291810,0,0
291811,-13,-13
291820,0,0
291821,10,11
291830,-11,-11
291831,12,11
291840,-13,-13
291841,-11,-11
291850,-11,-11
291851,10,10
291860,-13,-13
291861,12,11
291870,-13,-13
291871,-13,-13
291880,2,2
291881,1,1
291890,2,11
291891,1,1
291900,-11,-11
291901,-13,-13
291910,10,10
291911,-11,-11
291920,-11,-11
291921,-11,-11
291930,-13,10
291931,1,-333
291940,10,10
291941,-13,-13
291950,1,1
291951,1,1
291960,1,1
291961,10,10
291970,-11,-11
291971,1,1
291980,1,1
291981,-11,-13
291990,1,2
291991,1,1
292000,1,1
292001,2,1
292010,1,1
292011,1,1
292020,-13,-13
292021,-11,-11
292030,1,1
292031,-13,-13
292040,2,2
292041,0,0
292050,10,10
292051,-13,-13
292060,1,1
292061,10,10
292070,-11,-11
292071,-13,-13
292080,10,10
292081,10,10
292090,0,0
292091,1,1
292100,1,1
292101,10,1
292110,11,10
292111,-13,-13
292120,1,1
292121,-11,-11
292130,1,1
292131,-11,-11
292140,11,11
292141,11,11
292150,0,1
292151,1,1
292160,1,1
292161,1,1
292170,2,1
292171,10,10
292180,10,10
292181,11,11
292190,10,10
292191,2,2
292200,10,11
292201,1,1
292210,-11,-11
292211,1,1
292220,2,2
292221,-13,-13
292230,-13,-13
292231,-11,-11
292240,-13,-13
292241,1,-11
292250,0,0
292251,1,1
292260,2,2
292261,-13,-13
292270,11,11
292271,2,2
292280,0,0
292281,10,10
292290,-11,-11
292291,-11,-11
292300,-13,-13
292301,10,11
292310,1,1
292311,3,2
292320,-13,-13
292321,1,1
292330,11,11
292331,2,1
292340,2,1
292341,10,10
292350,10,10
292351,10,10
292360,2,11
292361,-13,-13
292370,0,-13
292371,-13,1
292380,2,1
292381,1,1
292390,-11,-11
292391,-13,-13
292400,0,0
292401,1,1
292410,-13,-13
292411,0,0
292420,-13,-13
292421,-13,-13
292430,1,0
292431,10,10
292440,-13,-13
292441,-13,-13
292450,-13,-13
292451,1,1
292460,-13,-13
292461,0,1
292470,0,0
292471,-11,-11
292480,-11,-11
292481,-13,-13
292490,0,0
292491,4,2
292500,1,1
292501,-11,1
292510,-11,-222
292511,10,10
292520,-11,-11
292521,-13,-13
292530,1,1
292531,1,1
292540,-11,-11
292541,1,1
292550,0,0
292551,-11,-11
292560,-13,-13
292561,11,10
292570,11,10
292571,2,1
292580,10,10
292581,1,1
292590,-11,-11
292591,2,1
292600,-13,-13
292601,10,10
292610,2,1
292611,-11,-11
292620,11,10
292621,1,1
292630,0,1
292631,-11,-11
292640,1,1
292641,-11,-11
292650,0,0
292651,1,1
292660,2,11
292661,-13,-13
292670,1,1
292671,-11,-11
292680,10,10
292681,11,1
292690,1,1
292691,10,10
292700,1,1
292701,1,10
292710,1,1
292711,1,1
292720,1,1
292721,1,1
292730,1,1
292731,1,1
292740,-11,-11
292741,10,10
292750,1,1
292751,1,1
292760,2,1
292761,-11,-11
292770,-13,-13
292771,1,2
292780,-11,-11
292781,0,0
292790,2,2
292791,-11,-11
292800,11,10
292801,2,2
292810,-13,-13
292811,-13,-13
292820,1,1
292821,0,0
292830,1,-333
292831,1,11
292840,-11,-11
292841,-11,1
292850,10,10
292851,10,10
292860,-11,-11
292861,11,11
292870,-13,-13
292871,-11,-11
292880,-13,-13
292881,-13,-13
292890,1,1
292891,-11,-11
292900,-11,-11
292901,-11,-11
292910,0,0
292911,10,10
292920,0,1
292921,11,2
292930,0,0
292931,1,1
292940,-11,-11
292941,0,0
292950,10,10
292951,10,10
292960,-11,-11
292961,0,0
292970,1,11
292971,1,1
292980,1,1
292981,1,1
292990,1,1
292991,0,1
293000,-13,-13
293001,0,10
293010,1,1
293011,-11,-11
293020,0,0
293021,11,1
293030,0,0
293031,-11,-11
293040,-13,-13
293041,1,1
293050,1,1
293051,-13,-13
293060,-11,-11
293061,1,1
293070,2,11
293071,10,10
293080,11,10
293081,1,1
293090,1,1
293091,1,1
293100,0,-13
293101,-13,-13
293110,-11,-11
293111,-11,-11
293120,0,11
293121,-11,-13
293130,-11,-11
293131,0,0
293140,-11,-11
293141,-11,-11
293150,-11,-11
293151,0,10
293160,1,1
293161,10,10
293170,1,2
293171,-11,-11
293180,0,0
293181,10,10
293190,2,2
293191,1,1
293200,-11,-11
293201,-13,-13
293210,-13,-13
293211,-11,-11
293220,10,11
293221,0,10
293230,2,1
293231,11,11
293240,0,0
293241,-11,-11
293250,1,1
293251,-11,-11
293260,1,1
293261,-11,-333
293270,-13,-13
293271,-13,-13
293280,1,-11
293281,-11,-11
293290,2,1
293291,-13,-13
293300,-13,-13
293301,1,2
293310,3,2
293311,11,10
293320,-11,-11
293321,-13,-13
293330,-11,-333
293331,-11,-333
293340,-11,-11
293341,10,10
293350,2,2
293351,-11,-11
293360,11,11
293361,11,11
293370,2,1
293371,1,1
293380,-13,1
293381,-13,-13
293390,1,1
293391,11,11
293400,1,1
293401,-11,-11
293410,-11,-11
293411,10,10
293420,-11,-11
293421,0,0
293430,-11,-11
293431,11,11
293440,0,0
293441,-11,-11
293450,-13,-13
293451,-13,1
293460,-11,-11
293461,0,0
293470,-13,-13
293471,0,1
293480,-11,-11
293481,1,1
293490,1,1
293491,0,0
293500,-11,-11
293501,10,11
293510,-11,-11
293511,0,0
293520,10,10
293521,2,2
293530,-11,-11
293531,1,1
293540,1,1
293541,-11,-11
293550,1,1
293551,2,1
293560,-11,-11
293561,-11,1
293570,-11,-11
293571,0,0
293580,1,1
293581,1,2
293590,1,1
293591,2,1
293600,-13,-11
293601,10,10
293610,1,1
293611,-13,-13
293620,-11,-11
293621,-11,-13
293630,1,1
293631,10,10
293640,-13,-13
293641,1,1
293650,-11,-11
293651,11,11
293660,-13,-13
293661,1,1
293670,1,1
293671,1,1
293680,0,0
293681,-11,-11
293690,10,10
293691,10,2
293700,0,0
293701,-11,-11
293710,2,1
293711,10,10
293720,11,11
293721,-13,-13
293730,1,1
293731,1,1
293740,-13,-13
293741,0,0
293750,1,11
293751,2,2
293760,1,11
293761,-13,-13
293770,1,1
293771,11,11
293780,-11,-11
293781,-11,1
293790,0,0
293791,1,1
293800,2,1
293801,2,1
293810,10,10
293811,1,1
293820,2,2
293821,0,11
293830,2,1
293831,1,1
293840,-13,-13
293841,-11,1
293850,1,1
293851,1,1
293860,-11,-11
293861,1,1
293870,1,11
293871,-13,-13
293880,10,10
293881,2,2
293890,0,0
293891,10,11
293900,10,10
293901,2,11
293910,1,1
293911,2,-333
293920,10,11
293921,-11,-11
293930,1,1
293931,1,1
293940,1,-13
293941,1,11
293950,10,10
293951,0,0
293960,2,1
293961,0,0
293970,2,2
293971,-13,-13
293980,0,0
293981,1,-11
293990,-13,-13
293991,-11,-11
294000,-11,-11
294001,0,-13
294010,1,1
294011,1,-333
294020,0,10
294021,-11,-11
294030,-1,10
294031,0,0
294040,1,1
294041,-13,-13
294050,10,11
294051,-13,-13
294060,1,1
294061,1,1
294070,11,11
294071,-13,-13
294080,1,1
294081,0,0
294090,-11,-11
294091,10,11
294100,1,2
294101,11,11
294110,-11,-11
294111,-11,-222
294120,0,0
294121,10,10
294130,1,2
294131,2,1
294140,2,2
294141,-11,-11
294150,-11,-333
294151,1,1
294160,1,1
294161,1,1
294170,1,1
294171,10,11
294180,-13,-13
294181,1,1
294190,0,1
294191,1,1
294200,1,1
294201,11,11
294210,2,10
294211,2,2
294220,-13,-13
294221,1,1
294230,-13,-13
294231,0,0
294240,0,10
294241,-13,-13
294250,2,2
294251,2,2
294260,0,1
294261,1,1
294270,10,10
294271,-13,-13
294280,1,1
294281,1,1
294290,-11,-11
294291,11,11
294300,11,11
294301,-11,-11
294310,1,1
294311,-11,-11
294320,-11,-11
294321,0,0
294330,-1,11
294331,11,11
294340,-13,-13
294341,0,0
294350,-11,-11
294351,0,1
294360,1,1
294361,-11,-11
294370,1,1
294371,1,1
294380,-13,-13
294381,1,1
294390,-11,-11
294391,10,10
294400,-13,-13
294401,10,10
294410,11,11
294411,3,11
294420,2,1
294421,1,1
294430,2,1
294431,2,1
294440,-13,-13
294441,0,0
294450,-13,-13
294451,-13,-13
294460,2,1
294461,11,11
294470,11,10
294471,12,10
294480,1,10
294481,-11,-11
294490,-11,-11
294491,1,1
294500,10,10
294501,-11,-11
294510,-13,-13
294511,-11,1
294520,10,11
294521,-13,-13
294530,1,1
294531,1,1
294540,1,1
294541,-13,-13
294550,1,1
294551,1,1
294560,0,0
294561,2,2
294570,1,1
294571,0,0
294580,-11,-11
294581,2,-222
294590,1,2
294591,-13,-13
294600,-13,-13
294601,3,1
294610,-13,-13
294611,0,10
294620,0,0
294621,2,2
294630,0,10
294631,-13,-13
294640,2,11
294641,1,-11
294650,-13,-13
294651,12,10
294660,-11,-11
294661,2,2
294670,1,1
294671,10,10
294680,1,1
294681,10,11
294690,10,11
294691,-13,-11
294700,-11,-11
294701,1,1
294710,1,1
294711,-11,-11
294720,0,0
294721,0,0
294730,-13,-13
294731,0,0
294740,1,0
294741,11,10
294750,10,10
294751,10,11
294760,0,0
294761,-11,-11
294770,0,0
294771,0,11
294780,-13,-13
294781,0,0
294790,1,1
294791,-11,-11
294800,1,1
294801,1,1
294810,-13,-13
294811,0,0
294820,1,10
294821,1,11
294830,0,0
294831,1,1
294840,1,-333
294841,0,1
294850,0,0
294851,0,0
294860,1,1
294861,10,11
294870,0,0
294871,0,0
294880,-13,-13
294881,-11,-11
294890,0,0
294891,-13,-13
294900,-11,-11
294901,1,2
294910,-13,-13
294911,2,2
294920,-13,-13
294921,1,1
294930,1,1
294931,-13,-13
294940,10,10
294941,-11,-11
294950,0,0
294951,-11,-11
294960,-11,-11
294961,-11,-11
294970,1,1
294971,0,0
294980,1,1
294981,1,1
294990,11,11
294991,-11,-11
295000,10,10
295001,1,1
295010,10,10
295011,1,1
295020,11,10
295021,11,10
295030,-11,-11
295031,11,10
295040,1,1
295041,2,1
295050,-11,-11
295051,1,1
295060,1,1
295061,-11,-11
295070,1,1
295071,10,10
295080,1,1
295081,1,1
295090,0,0
295091,0,0
295100,0,0
295101,0,0
295110,-11,-13
295111,-11,-11
295120,10,10
295121,11,10
295130,2,1
295131,11,10
295140,-11,-11
295141,1,11
295150,-11,-11
295151,0,0
295160,-13,-13
295161,0,0
295170,0,0
295171,10,10
295180,1,-333
295181,0,-333
295190,1,1
295191,2,1
295200,1,1
295201,-11,-11
295210,11,10
295211,-11,-333
295220,0,1
295221,-13,-13
295230,1,1
295231,1,1
295240,-11,-11
295241,0,0
295250,0,11
295251,2,11
295260,-11,-11
295261,1,1
295270,-13,-13
295271,1,1
295280,-11,-11
295281,1,1
295290,1,10
295291,-11,-11
295300,-13,-13
295301,-13,-13
295310,1,0
295311,2,1
295320,1,0
295321,10,11
295330,-13,-13
295331,-13,-13
295340,-11,-11
295341,-13,-13
295350,0,0
295351,-11,-11
295360,11,11
295361,-11,-11
295370,11,11
295371,-13,-13
295380,-11,0
295381,0,0
295390,-13,-13
295391,10,10
295400,10,11
295401,-11,-333
295410,-13,-13
295411,-13,-13
295420,1,1
295421,2,1
295430,-11,-11
295431,0,0
295440,-13,-13
295441,-13,-13
295450,0,0
295451,-13,-13
295460,12,11
295461,11,11
295470,10,10
295471,1,1
295480,10,10
295481,0,0
295490,1,10
295491,1,1
295500,2,1
295501,-11,-11
295510,10,10
295511,1,1
295520,2,1
295521,-11,-11
295530,2,2
295531,10,10
295540,-11,-11
295541,-11,-11
295550,-13,-13
295551,1,1
295560,-13,-13
295561,-13,-13
295570,-13,-13
295571,-11,-11
295580,10,10
295581,-13,-13
295590,-13,-13
295591,-13,-13
295600,1,11
295601,1,10
295610,-13,-13
295611,0,0
295620,-13,-13
295621,-11,-11
295630,-13,-13
295631,10,10
295640,-13,-13
295641,-13,-13
295650,0,0
295651,3,2
295660,2,1
295661,-13,-13
295670,-13,-13
295671,1,1
295680,1,1
295681,-11,-11
295690,11,11
295691,10,10
295700,0,0
295701,0,0
295710,0,0
295711,10,10
295720,-11,-11
295721,3,1
295730,11,11
295731,1,1
295740,1,1
295741,-11,-11
295750,1,1
295751,-11,-11
295760,-11,-11
295761,11,11
295770,-13,-13
295771,1,-333
295780,1,1
295781,-13,-13
295790,-11,-11
295791,1,1
295800,10,10
295801,-13,-13
295810,1,1
295811,11,10
295820,2,2
295821,1,2
295830,1,1
295831,11,11
295840,-13,-13
295841,-11,-11
295850,1,1
295851,-13,-13
295860,-11,-333
295861,2,1
295870,1,2
295871,1,1
295880,10,10
295881,-11,-11
295890,-13,-13
295891,0,0
295900,1,1
295901,-11,-11
295910,-13,-13
295911,2,11
295920,-11,-11
295921,10,10
295930,1,11
295931,-11,-11
295940,-13,-13
295941,0,0
295950,2,2
295951,-11,-11
295960,-11,-11
295961,0,0
295970,-11,-11
295971,-13,-13
295980,2,2
295981,0,-333
295990,2,2
295991,0,0
296000,0,1
296001,0,0
296010,-13,-13
296011,0,0
296020,2,2
296021,-13,-13
296030,1,1
296031,1,1
296040,0,0
296041,-13,-13
296050,-11,-11
296051,0,0
296060,12,11
296061,10,10
296070,1,0
296071,1,1
296080,-11,-11
296081,-11,-11
296090,1,1
296091,2,2
296100,1,1
296101,0,0
296110,10,10
296111,-11,-11
296120,2,1
296121,-13,-13
296130,1,0
296131,0,0
296140,1,1
296141,-13,-13
296150,-11,-11
296151,11,11
296160,-13,-13
296161,-13,-13
296170,1,2
296171,-13,0
296180,10,11
296181,1,1
296190,1,1
296191,10,10
296200,1,1
296201,-13,-11
296210,-13,-13
296211,-13,-13
296220,-11,-11
296221,1,1
296230,-11,-11
296231,2,2
296240,-13,-13
296241,0,0
296250,-11,-11
296251,0,0
296260,0,1
296261,-11,-11
296270,10,10
296271,10,10
296280,-11,-11
296281,-13,-13
296290,-11,-11
296291,0,10
296300,2,2
296301,10,10
296310,1,2
296311,-11,-11
296320,2,2
296321,0,0
296330,-13,-13
296331,1,1
296340,-13,-13
296341,1,1
296350,1,1
296351,1,1
296360,1,-11
296361,0,1
296370,-13,-13
296371,1,1
296380,10,10
296381,1,1
296390,-11,-11
296391,-11,-11
296400,0,0
296401,-13,-13
296410,-13,-13
296411,10,10
296420,2,11
296421,1,1
296430,-13,-13
296431,-13,-13
296440,10,10
296441,1,1
296450,-11,-11
296451,10,10
296460,1,1
296461,10,10
296470,1,1
296471,0,10
296480,10,10
296481,-11,-11
296490,1,1
296491,0,0
296500,-11,1
296501,-11,-11
296510,-13,-13
296511,-11,-11
296520,1,1
296521,11,11
296530,2,2
296531,-13,-13
296540,-13,-13
296541,-13,-13
296550,2,11
296551,2,2
296560,1,1
296561,0,-13
296570,1,11
296571,10,10
296580,1,1
296581,0,11
296590,11,10
296591,-11,-11
296600,10,11
296601,-13,-13
296610,1,0
296611,10,10
296620,-11,-11
296621,0,0
296630,-11,-11
296631,-11,-11
296640,-11,-11
296641,-11,-11
296650,10,10
296651,-13,-13
296660,-13,-13
296661,-11,1
296670,1,1
296671,-13,-13
296680,0,0
296681,1,1
296690,2,11
296691,1,1
296700,10,10
296701,0,11
296710,10,10
296711,1,1
296720,2,11
296721,0,0
296730,2,1
296731,1,-13
296740,1,2
296741,-11,-11
296750,10,11
296751,1,0
296760,2,1
296761,-13,-13
296770,3,1
296771,11,11
296780,-13,-13
296781,0,0
296790,1,1
296791,-13,-13
296800,1,1
296801,0,10
296810,-13,-13
296811,2,-333
296820,-11,-11
296821,10,10
296830,-11,-11
296831,-11,-11
296840,-13,-13
296841,0,-222
296850,10,11
296851,2,11
296860,2,1
296861,-13,-13
296870,1,2
296871,-11,-11
296880,-11,-11
296881,10,10
296890,2,2
296891,-11,-11
296900,1,1
296901,2,11
296910,1,-333
296911,1,1
296920,-11,-11
296921,10,10
296930,-13,-13
296931,10,10
296940,-11,-333
296941,-13,-11
296950,2,1
296951,1,1
296960,2,2
296961,0,0
296970,11,10
296971,10,10
296980,2,1
296981,2,1
296990,10,10
296991,2,2
297000,-11,-11
297001,0,0
297010,2,1
297011,0,0
297020,-11,1
297021,1,1
297030,-11,-11
297031,0,1
297040,1,1
297041,10,10
297050,10,10
297051,-11,-11
297060,2,1
297061,12,11
297070,-11,1
297071,10,11
297080,0,-333
297081,1,-11
297090,-11,-11
297091,1,1
297100,1,1
297101,1,1
297110,1,1
297111,-13,-13
297120,-13,-13
297121,-13,-13
297130,11,11
297131,1,1
297140,-11,-11
297141,-13,-13
297150,3,2
297151,-11,-11
297160,-11,-11
297161,0,0
297170,1,1
297171,-13,-13
297180,2,1
297181,-13,-13
297190,-13,-13
297191,-13,-13
297200,1,1
297201,2,2
297210,-11,-11
297211,11,11
297220,-11,-11
297221,1,1
297230,0,0
297231,1,1
297240,0,0
297241,11,11
297250,11,2
297251,-11,0
297260,0,1
297261,1,1
297270,-11,-11
297271,-13,-333
297280,-11,-11
297281,2,2
297290,-13,-13
297291,-13,-13
297300,10,10
297301,-11,-11
297310,11,11
297311,10,10
297320,-13,-13
297321,-11,1
297330,-11,-11
297331,-13,-13
297340,-13,-13
297341,-11,-11
297350,-11,-11
297351,10,10
297360,1,1
297361,-13,-13
297370,1,1
297371,-11,-11
297380,2,2
297381,10,10
297390,2,1
297391,-11,-11
297400,11,11
297401,0,0
297410,0,11
297411,-13,-13
297420,1,-11
297421,-11,-13
297430,0,0
297431,10,10
297440,1,1
297441,-13,-13
297450,1,1
297451,-13,-13
297460,-13,-13
297461,1,1
297470,-13,-13
297471,-11,-333
297480,1,1
297481,1,1
297490,2,11
297491,2,2
297500,10,10
297501,-13,-13
297510,1,1
297511,1,1
297520,1,1
297521,1,1
297530,-13,-13
297531,-11,-11
297540,-13,-11
297541,0,1
297550,1,1
297551,11,11
297560,0,0
297561,1,1
297570,10,11
297571,11,10
297580,0,0
297581,-13,-13
297590,1,2
297591,-13,-13
297600,-11,-11
297601,1,1
297610,1,10
297611,10,11
297620,0,-11
297621,-13,-13
297630,-11,-11
297631,-13,-13
297640,0,0
297641,-11,-11
297650,1,1
297651,0,0
297660,1,1
297661,-13,-13
297670,2,2
297671,-11,-333
297680,2,1
297681,1,0
297690,-11,-11
297691,10,11
297700,0,0
297701,-11,-11
297710,1,1
297711,1,1
297720,1,1
297721,-11,-11
297730,1,-11
297731,-11,1
297740,1,1
297741,-11,-11
297750,-11,-11
297751,2,1
297760,1,1
297761,1,1
297770,0,0
297771,-11,-11
297780,3,2
297781,-11,-11
297790,-11,-11
297791,1,1
297800,-11,-11
297801,0,0
297810,-13,-13
297811,-13,-13
297820,10,10
297821,-13,-13
297830,-11,-11
297831,3,2
297840,-13,-13
297841,10,10
297850,-11,-11
297851,1,1
297860,1,1
297861,-13,-333
297870,-13,-13
297871,0,0
297880,-11,-11
297881,0,0
297890,0,0
297891,1,1
297900,10,10
297901,2,1
297910,1,1
297911,11,10
297920,-13,-13
297921,0,0
297930,2,1
297931,-13,-13
297940,1,1
297941,2,2
297950,1,1
297951,-11,-11
297960,10,10
297961,-13,-13
297970,1,1
297971,11,11
297980,-13,-13
297981,2,1
297990,1,1
297991,-11,-11
298000,-11,-11
298001,1,1
298010,1,1
298011,3,1
298020,0,-11
298021,1,1
298030,10,10
298031,11,10
298040,1,1
298041,-11,-222
298050,1,1
298051,12,11
298060,-11,-11
298061,1,1
298070,-13,-13
298071,1,1
298080,0,0
298081,0,10
298090,1,1
298091,10,10
298100,12,11
298101,1,1
298110,2,2
298111,1,1
298120,1,1
298121,10,10
298130,10,10
298131,0,0
298140,1,1
298141,-11,1
298150,11,10
298151,1,1
298160,-13,-13
298161,-11,-11
298170,1,1
298171,-11,-11
298180,0,10
298181,1,1
298190,-13,-13
298191,1,1
298200,-13,-13
298201,1,1
298210,-11,-11
298211,1,1
298220,1,11
298221,1,1
298230,1,1
298231,1,1
298240,10,10
298241,1,1
298250,2,2
298251,2,2
298260,-11,-11
298261,1,1
298270,-11,-11
298271,10,2
298280,1,1
298281,-13,-13
298290,2,11
298291,2,2
298300,11,10
298301,1,1
298310,1,1
298311,1,1
298320,10,11
298321,1,1
298330,2,1
298331,-11,-11
298340,-13,-13
298341,-11,-11
298350,1,1
298351,-11,-11
298360,1,0
298361,-13,-333
298370,1,1
298371,10,10
298380,3,2
298381,0,0
298390,1,1
298391,0,1
298400,-13,0
298401,10,10
298410,10,10
298411,-13,-13
298420,-11,-11
298421,1,1
298430,2,1
298431,1,1
298440,0,0
298441,3,2
298450,10,1
298451,-13,-333
298460,2,2
298461,2,2
298470,1,2
298471,-13,-13
298480,-11,-11
298481,2,2
298490,-11,-11
298491,0,0
298500,2,2
298501,2,2
298510,3,2
298511,2,2
298520,1,1
298521,-13,-13
298530,-13,-13
298531,-11,-11
298540,2,1
298541,1,11
298550,-13,-13
298551,-11,-11
298560,1,1
298561,1,1
298570,2,2
298571,0,0
298580,-13,-13
298581,-13,-13
298590,2,2
298591,0,0
298600,10,11
298601,1,1
298610,1,1
298611,2,1
298620,11,11
298621,1,1
298630,0,0
298631,-13,-13
298640,0,0
298641,2,11
298650,-13,-13
298651,2,2
298660,1,0
298661,1,1
298670,-11,-11
298671,11,0
298680,1,1
298681,1,1
298690,11,11
298691,0,0
298700,10,10
298701,1,1
298710,-11,-11
298711,1,1
298720,10,10
298721,-11,-333
298730,10,10
298731,1,1
298740,10,11
298741,-11,-11
298750,2,11
298751,11,11
298760,1,1
298761,-13,-13
298770,-11,-333
298771,0,0
298780,1,1
298781,1,1
298790,0,10
298791,-11,-11
298800,-13,-13
298801,1,1
298810,2,2
298811,10,10
298820,-11,-11
298821,-11,-11
298830,-13,-13
298831,0,0
298840,-11,-11
298841,-11,-11
298850,-13,-13
298851,-11,-11
298860,1,11
298861,-13,-11
298870,0,0
298871,1,1
298880,-13,-13
298881,-13,-13
298890,-11,-222
298891,-13,-13
298900,-11,-11
298901,1,1
298910,0,0
298911,10,11
298920,0,0
298921,-11,-11
298930,10,10
298931,-13,-13
298940,-13,-13
298941,-11,-13
298950,11,11
298951,10,11
298960,-13,-13
298961,-13,1
298970,1,1
298971,0,0
298980,2,2
298981,2,2
298990,2,2
298991,-11,-11
299000,10,10
299001,1,1
299010,2,2
299011,-11,-11
299020,2,2
299021,10,10
299030,1,1
299031,-13,-13
299040,-11,-11
299041,11,11
299050,10,10
299051,-13,-13
299060,1,1
299061,0,1
299070,-13,-13
299071,0,0
299080,1,1
299081,1,1
299090,3,2
299091,-13,-13
299100,-13,-13
299101,10,11
299110,1,0
299111,-13,1
299120,2,2
299121,1,1
299130,3,2
299131,1,1
299140,10,10
299141,2,1
299150,-11,-11
299151,2,2
299160,1,1
299161,-13,-13
299170,10,10
299171,1,1
299180,-11,0
299181,12,11
299190,0,-13
299191,2,1
299200,10,10
299201,1,2
299210,0,0
299211,2,1
299220,2,1
299221,11,10
299230,-13,-13
299231,-11,-11
299240,0,0
299241,0,0
299250,10,10
299251,-11,-11
299260,-13,-13
299261,1,1
299270,1,1
299271,-13,-13
299280,0,0
299281,-11,-11
299290,1,1
299291,1,2
299300,10,11
299301,2,1
299310,-11,-11
299311,1,1
299320,1,1
299321,-13,-13
299330,1,1
299331,1,1
299340,-13,1
299341,1,1
299350,1,1
299351,-13,-13
299360,11,11
299361,1,1
299370,0,0
299371,2,2
299380,-11,-11
299381,1,1
299390,-13,-13
299391,-11,-11
299400,-11,-333
299401,11,11
299410,11,11
299411,-11,-11
299420,0,1
299421,-11,-11
299430,10,10
299431,-11,-11
299440,10,10
299441,1,1
299450,0,1
299451,1,0
299460,1,1
299461,0,0
299470,1,1
299471,0,0
299480,1,-11
299481,2,11
299490,10,11
299491,10,11
299500,-11,-11
299501,-13,-13
299510,-13,-13
299511,1,1
299520,2,2
299521,-11,-11
299530,-13,-13
299531,2,2
299540,1,1
299541,-11,-11
299550,2,1
299551,10,10
299560,-11,-11
299561,1,1
299570,-11,-11
299571,1,1
299580,0,0
299581,1,11
299590,-13,-333
299591,-13,2
299600,11,11
299601,0,0
299610,11,11
299611,2,2
299620,1,1
299621,1,1
299630,-13,-13
299631,1,1
299640,-13,-13
299641,2,2
299650,1,1
299651,1,1
299660,2,2
299661,0,11
299670,-13,-13
299671,0,0
299680,-13,-13
299681,-13,1
299690,-13,-13
299691,10,10
299700,-13,-13
299701,-11,-11
299710,1,1
299711,1,1
299720,1,1
299721,1,1
299730,2,2
299731,10,10
299740,0,0
299741,-13,-13
299750,-13,-13
299751,-11,-11
299760,-13,-13
299761,-11,-11
299770,-13,-13
299771,11,11
299780,1,1
299781,1,1
299790,10,11
299791,0,0
299800,0,0
299801,-13,-13
299810,2,1
299811,-13,-13
299820,0,-13
299821,2,1
299830,1,1
299831,1,1
299840,-11,-11
299841,-13,-13
299850,1,1
299851,-13,-13
299860,1,11
299861,1,1
299870,0,0
299871,0,0
299880,-13,-13
299881,11,10
299890,1,11
299891,2,1
299900,0,0
299901,10,11
299910,1,1
299911,-13,-13
299920,11,11
299921,10,10
299930,-13,0
299931,-13,-13
299940,1,1
299941,-11,-11
299950,2,2
299951,3,2
299960,1,1
299961,-11,-11
299970,1,1
299971,-11,-11
299980,1,1
299981,10,10
299990,-13,-13
299991,2,2
